Cadence Genus(TM) Synthesis Solution.
Copyright 2024 Cadence Design Systems, Inc. All rights reserved worldwide.
Cadence and the Cadence logo are registered trademarks and Genus is a trademark
of Cadence Design Systems, Inc. in the United States and other countries.

[22:12:33.222057] Configured Lic search path (22.01-s003): 5280@172.28.10.187

Version: 22.17-s071_1, built Wed Sep 11 22:37:05 PDT 2024
Options: -files tcl/genus.tcl 
Date:    Wed Apr 08 22:12:33 2026
Host:    vlsiktmt (x86_64 w/Linux 3.10.0-1160.119.1.el7.x86_64) (1core*2cpus*3physical cpus*Intel(R) Xeon(R) Gold 5218 CPU @ 2.30GHz 22528KB) (32780644KB)
PID:     14932
OS:      CentOS Linux release 7.9.2009 (Core)

Checking out license: Genus_Synthesis
[22:12:34.009283] Periodic Lic check successful
[22:12:34.009307] Feature usage summary:
[22:12:34.009307] Genus_Synthesis



***********************************************************************************************************
***********************************************************************************************************



Finished executable startup (1 second elapsed).

Loading tool scripts...
Finished loading tool scripts (15 seconds elapsed).

#@ Processing -files option
@genus 1> source tcl/genus.tcl
#@ Begin verbose source ./tcl/genus.tcl
@file(genus.tcl) 1: set ASAP7_DIR "../../Asap7/asap7"
@file(genus.tcl) 2: set LIB_PATH "${ASAP7_DIR}/asap7sc7p5t_28/LIB/CCS"
@file(genus.tcl) 3: set LEF_PATH "${ASAP7_DIR}/asap7sc7p5t_28/LEF/scaled"
@file(genus.tcl) 4: set TOP Multiplier32
@file(genus.tcl) 5: set SYNFILE "Multiplier32.v"
@file(genus.tcl) 7: if {![file exists ./outputs]} { file mkdir outputs }
@file(genus.tcl) 8: if {![file exists ./reports]} { file mkdir reports }
@file(genus.tcl) 10: set_db / .init_lib_search_path ${LIB_PATH}
  Setting attribute of root '/': 'init_lib_search_path' = ../../Asap7/asap7/asap7sc7p5t_28/LIB/CCS
@file(genus.tcl) 11: set_db / .script_search_path {./tcl}
  Setting attribute of root '/': 'script_search_path' = ./tcl
@file(genus.tcl) 12: set_db / .init_hdl_search_path {./rtl}
  Setting attribute of root '/': 'init_hdl_search_path' = ./rtl
@file(genus.tcl) 14: set_db / .hdl_unconnected_value 0
  Setting attribute of root '/': 'hdl_unconnected_value' = 0
@file(genus.tcl) 16: set MY_LIB [glob ${LIB_PATH}/*_TT_ccs_*.lib]
@file(genus.tcl) 17: set_db library $MY_LIB

  Message Summary for Library all 20 libraries:
  *********************************************
  An unsupported construct was detected in this library. [LBR-40]: 40
  *********************************************
 
Info    : Created nominal operating condition. [LBR-412]
        : Operating condition '_nominal_' was created for the PVT values (1.000000, 0.700000, 25.000000) in library 'asap7sc7p5t_SIMPLE_SRAM_TT_ccs_211120.lib'.
        : The nominal operating condition is represented, either by the nominal PVT values specified in the library source (via nom_process,nom_voltage and nom_temperature respectively), or by the default PVT values (1.0,1.0,1.0).
Info    : Created nominal operating condition. [LBR-412]
        : Operating condition '_nominal_' was created for the PVT values (1.000000, 0.700000, 25.000000) in library 'asap7sc7p5t_SIMPLE_SLVT_TT_ccs_211120.lib'.
Info    : Created nominal operating condition. [LBR-412]
        : Operating condition '_nominal_' was created for the PVT values (1.000000, 0.700000, 25.000000) in library 'asap7sc7p5t_SIMPLE_RVT_TT_ccs_211120.lib'.
Info    : Created nominal operating condition. [LBR-412]
        : Operating condition '_nominal_' was created for the PVT values (1.000000, 0.700000, 25.000000) in library 'asap7sc7p5t_SIMPLE_LVT_TT_ccs_211120.lib'.
Info    : Created nominal operating condition. [LBR-412]
        : Operating condition '_nominal_' was created for the PVT values (1.000000, 0.700000, 25.000000) in library 'asap7sc7p5t_SEQ_SRAM_TT_ccs_220123.lib'.
Info    : Created nominal operating condition. [LBR-412]
        : Operating condition '_nominal_' was created for the PVT values (1.000000, 0.700000, 25.000000) in library 'asap7sc7p5t_SEQ_SLVT_TT_ccs_220123.lib'.
Info    : Created nominal operating condition. [LBR-412]
        : Operating condition '_nominal_' was created for the PVT values (1.000000, 0.700000, 25.000000) in library 'asap7sc7p5t_SEQ_RVT_TT_ccs_220123.lib'.
Info    : Created nominal operating condition. [LBR-412]
        : Operating condition '_nominal_' was created for the PVT values (1.000000, 0.700000, 25.000000) in library 'asap7sc7p5t_SEQ_LVT_TT_ccs_220123.lib'.
Info    : Created nominal operating condition. [LBR-412]
        : Operating condition '_nominal_' was created for the PVT values (1.000000, 0.700000, 25.000000) in library 'asap7sc7p5t_OA_SRAM_TT_ccs_211120.lib'.
Info    : Created nominal operating condition. [LBR-412]
        : Operating condition '_nominal_' was created for the PVT values (1.000000, 0.700000, 25.000000) in library 'asap7sc7p5t_OA_SLVT_TT_ccs_211120.lib'.
Info    : Created nominal operating condition. [LBR-412]
        : Operating condition '_nominal_' was created for the PVT values (1.000000, 0.700000, 25.000000) in library 'asap7sc7p5t_OA_RVT_TT_ccs_211120.lib'.
Info    : Created nominal operating condition. [LBR-412]
        : Operating condition '_nominal_' was created for the PVT values (1.000000, 0.700000, 25.000000) in library 'asap7sc7p5t_OA_LVT_TT_ccs_211120.lib'.
Info    : Created nominal operating condition. [LBR-412]
        : Operating condition '_nominal_' was created for the PVT values (1.000000, 0.700000, 25.000000) in library 'asap7sc7p5t_INVBUF_SRAM_TT_ccs_220122.lib'.
Info    : Created nominal operating condition. [LBR-412]
        : Operating condition '_nominal_' was created for the PVT values (1.000000, 0.700000, 25.000000) in library 'asap7sc7p5t_INVBUF_SLVT_TT_ccs_220122.lib'.
Info    : Created nominal operating condition. [LBR-412]
        : Operating condition '_nominal_' was created for the PVT values (1.000000, 0.700000, 25.000000) in library 'asap7sc7p5t_INVBUF_RVT_TT_ccs_220122.lib'.
Info    : Created nominal operating condition. [LBR-412]
        : Operating condition '_nominal_' was created for the PVT values (1.000000, 0.700000, 25.000000) in library 'asap7sc7p5t_INVBUF_LVT_TT_ccs_220122.lib'.
Info    : Created nominal operating condition. [LBR-412]
        : Operating condition '_nominal_' was created for the PVT values (1.000000, 0.700000, 25.000000) in library 'asap7sc7p5t_AO_SRAM_TT_ccs_211120.lib'.
Info    : Created nominal operating condition. [LBR-412]
        : Operating condition '_nominal_' was created for the PVT values (1.000000, 0.700000, 25.000000) in library 'asap7sc7p5t_AO_LVT_TT_ccs_211120.lib'.
Info    : Created nominal operating condition. [LBR-412]
        : Operating condition '_nominal_' was created for the PVT values (1.000000, 0.700000, 25.000000) in library 'asap7sc7p5t_AO_SLVT_TT_ccs_211120.lib'.
Info    : Created nominal operating condition. [LBR-412]
        : Operating condition '_nominal_' was created for the PVT values (1.000000, 0.700000, 25.000000) in library 'asap7sc7p5t_AO_RVT_TT_ccs_211120.lib'.
  Setting attribute of root '/': 'library' = ../../Asap7/asap7/asap7sc7p5t_28/LIB/CCS/asap7sc7p5t_SIMPLE_SRAM_TT_ccs_211120.lib ../../Asap7/asap7/asap7sc7p5t_28/LIB/CCS/asap7sc7p5t_SIMPLE_SLVT_TT_ccs_211120.lib ../../Asap7/asap7/asap7sc7p5t_28/LIB/CCS/asap7sc7p5t_SIMPLE_RVT_TT_ccs_211120.lib ../../Asap7/asap7/asap7sc7p5t_28/LIB/CCS/asap7sc7p5t_SIMPLE_LVT_TT_ccs_211120.lib ../../Asap7/asap7/asap7sc7p5t_28/LIB/CCS/asap7sc7p5t_SEQ_SRAM_TT_ccs_220123.lib ../../Asap7/asap7/asap7sc7p5t_28/LIB/CCS/asap7sc7p5t_SEQ_SLVT_TT_ccs_220123.lib ../../Asap7/asap7/asap7sc7p5t_28/LIB/CCS/asap7sc7p5t_SEQ_RVT_TT_ccs_220123.lib ../../Asap7/asap7/asap7sc7p5t_28/LIB/CCS/asap7sc7p5t_SEQ_LVT_TT_ccs_220123.lib ../../Asap7/asap7/asap7sc7p5t_28/LIB/CCS/asap7sc7p5t_OA_SRAM_TT_ccs_211120.lib ../../Asap7/asap7/asap7sc7p5t_28/LIB/CCS/asap7sc7p5t_OA_SLVT_TT_ccs_211120.lib ../../Asap7/asap7/asap7sc7p5t_28/LIB/CCS/asap7sc7p5t_OA_RVT_TT_ccs_211120.lib ../../Asap7/asap7/asap7sc7p5t_28/LIB/CCS/asap7sc7p5t_OA_LVT_TT_ccs_211120.lib ../../Asap7/asap7/asap7sc7p5t_28/LIB/CCS/asap7sc7p5t_INVBUF_SRAM_TT_ccs_220122.lib ../../Asap7/asap7/asap7sc7p5t_28/LIB/CCS/asap7sc7p5t_INVBUF_SLVT_TT_ccs_220122.lib ../../Asap7/asap7/asap7sc7p5t_28/LIB/CCS/asap7sc7p5t_INVBUF_RVT_TT_ccs_220122.lib ../../Asap7/asap7/asap7sc7p5t_28/LIB/CCS/asap7sc7p5t_INVBUF_LVT_TT_ccs_220122.lib ../../Asap7/asap7/asap7sc7p5t_28/LIB/CCS/asap7sc7p5t_AO_SRAM_TT_ccs_211120.lib ../../Asap7/asap7/asap7sc7p5t_28/LIB/CCS/asap7sc7p5t_AO_LVT_TT_ccs_211120.lib ../../Asap7/asap7/asap7sc7p5t_28/LIB/CCS/asap7sc7p5t_AO_SLVT_TT_ccs_211120.lib ../../Asap7/asap7/asap7sc7p5t_28/LIB/CCS/asap7sc7p5t_AO_RVT_TT_ccs_211120.lib
@file(genus.tcl) 18: create_library_set -name libset -timing $MY_LIB
@file(genus.tcl) 20: create_rc_corner -name rccorner -pre_route_res 1 -post_route_res 1 \
-pre_route_cap 1 -post_route_cap 1 -post_route_cross_cap 1 \
-pre_route_clock_res 0 -pre_route_clock_cap 0 -temperature 25
@file(genus.tcl) 24: create_opcond -name opcond -process 1.0 -voltage 0.7 -temperature 25
@file(genus.tcl) 25: create_timing_condition -name timecond -library_sets libset -opcond opcond
@file(genus.tcl) 26: create_delay_corner -name corner -timing_condition timecond -rc_corner rccorner
@file(genus.tcl) 27: create_constraint_mode -name mode_normal -sdc_files ./tcl/constraint.sdc
@file(genus.tcl) 28: create_analysis_view -name tt -constraint_mode mode_normal -delay_corner corner
@file(genus.tcl) 29: set_analysis_view -setup {tt} -hold {tt}
@file(genus.tcl) 31: set_db / .hdl_track_filename_row_col true
Info   : Enabled hdl_track_filename_row_col attribute.
       : Setting this attribute to 'true' can have an impact on the run time. Use this attribute only when filename, line number, and column information are needed in reports.
  Setting attribute of root '/': 'hdl_track_filename_row_col' = true
@file(genus.tcl) 32: set_db / .lp_insert_clock_gating false
  Setting attribute of root '/': 'lp_insert_clock_gating' = false
@file(genus.tcl) 37: read_hdl ${SYNFILE}
@file(genus.tcl) 38: elaborate ${TOP}
  Libraries have 668 usable logic and 92 usable sequential lib-cells.
Info    : Elaborating Design. [ELAB-1]
        : Elaborating top-level block 'Multiplier32' from file './rtl/Multiplier32.v'.
Info    : Done Elaborating Design. [ELAB-3]
        : Done elaborating 'Multiplier32'.
Checking for analog nets...
Check completed for analog nets.
Checking for source RTL...
Check completed for source RTL.
Running Unified Mux Engine Tricks...
Completed Unified Mux Engine Tricks

Stage: post_elab
-------------------------------------------------------
| Trick             | Accepts | Rejects | Runtime (s) | 
-------------------------------------------------------
| ume_constant_bmux |       0 |       0 |        0.00 | 
| ume_merge         |       0 |       0 |        0.00 | 
| ume_ssm           |       0 |       0 |        0.00 | 
| ume_cse           |       1 |       0 |        0.02 | 
| ume_shrink        |       0 |       0 |        0.00 | 
| ume_sweep         |       0 |       0 |        0.00 | 
| ume_constant_bmux |       0 |       0 |        0.00 | 
| ume_merge         |       0 |       0 |        0.00 | 
| ume_ssm           |       0 |       0 |        0.00 | 
| ume_cse           |       0 |       0 |        0.01 | 
| ume_shrink        |       0 |       0 |        0.00 | 
| ume_sweep         |       0 |       0 |        0.00 | 
-------------------------------------------------------
Starting optimize datapath shifters [v1.0] (stage: post_elab, startdef: Multiplier32, recur: true)
Completed optimize datapath shifters (accepts: 0, rejects: 0, runtime: 0.001s)
Starting clip mux common data inputs [v1.0] (stage: post_elab, startdef: Multiplier32, recur: true)
Completed clip mux common data inputs (accepts: 0, rejects: 0, runtime: 0.000s)
Starting clip the non-user hierarchies [v2.0] (stage: post_elab, startdef: Multiplier32, recur: true)
Completed clip the non-user hierarchies (accepts: 0, rejects: 0, runtime: 0.000s)
Starting basic netlist cleanup [v1.0] (stage: post_elab, startdef: Multiplier32, recur: true)
Completed basic netlist cleanup (accepts: 0, rejects: 0, runtime: 0.000s)

Stage: post_elab
--------------------------------------------------------------------
| Transform                      | Accepts | Rejects | Runtime (s) | 
--------------------------------------------------------------------
| hlo_optimize_datapath_shifters |       0 |       0 |        0.00 | 
| hlo_clip_mux_input             |       0 |       0 |        0.00 | 
| hlo_clip                       |       0 |       0 |        0.00 | 
| hlo_cleanup                    |       0 |       0 |        0.00 | 
--------------------------------------------------------------------
UM:   flow.cputime  flow.realtime  timing.setup.tns  timing.setup.wns  snapshot
UM:*                                                                   elaborate
@file(genus.tcl) 39: uniquify ${TOP}
Info    : The given (sub)design is already uniquified. [TUI-296]
        : design:Multiplier32.
        : Try running the 'edit_netlist uniquify' command on the parent hierarchy of this (sub)design, if there exists any.
@file(genus.tcl) 41: check_design -unresolved


 	 Check Design Report (c)
	 ------------------- 

  Unresolved References & Empty Modules
  ------------------------------------- 
No unresolved references in design 'Multiplier32'

No empty modules in design 'Multiplier32'

  Done Checking the design.
@file(genus.tcl) 42: report_metric -format html -file reports/sequencer.html
@file(genus.tcl) 44: init_design
Started checking and loading power intent for design Multiplier32...
====================================================================
No power intent for design 'Multiplier32'.
Completed checking and loading power intent for design Multiplier32 (runtime:0.00s memory_usage:0.00M peak_memory:0.00M).
=========================================================================================================================
#
# Reading SDC ./tcl/constraint.sdc for view:tt (constraint_mode:mode_normal)
#
Statistics for commands executed by read_sdc:
 "all_clocks"               - successful      5 , failed      0 (runtime  0.00)
 "all_inputs"               - successful      8 , failed      0 (runtime  0.00)
 "all_outputs"              - successful      6 , failed      0 (runtime  0.00)
 "create_clock"             - successful      1 , failed      0 (runtime  0.01)
 "get_ports"                - successful      7 , failed      0 (runtime  0.01)
 "remove_from_collection"   - successful      8 , failed      0 (runtime  0.00)
 "set_clock_latency"        - successful      2 , failed      0 (runtime  0.00)
 "set_clock_transition"     - successful      2 , failed      0 (runtime  0.00)
 "set_clock_uncertainty"    - successful      1 , failed      0 (runtime  0.00)
 "set_input_delay"          - successful      4 , failed      0 (runtime  0.01)
 "set_input_transition"     - successful      2 , failed      0 (runtime  0.02)
 "set_load"                 - successful      2 , failed      0 (runtime  0.01)
 "set_max_fanout"           - successful      1 , failed      0 (runtime  0.01)
 "set_output_delay"         - successful      4 , failed      0 (runtime  0.00)
read_sdc completed in 00:00:01 (hh:mm:ss)
  Setting attribute of root '/': 'read_qrc_tech_file_rc_corner' = true
@file(genus.tcl) 49: if {[llength [all::all_seqs]] > 0} { 
  define_cost_group -name I2C -design ${TOP}
  define_cost_group -name C2O -design ${TOP}
  define_cost_group -name C2C -design ${TOP}
  
  path_group -from [all::all_seqs] -to [all::all_seqs] -group C2C -name C2C -view tt
  path_group -from [all::all_seqs] -to [all_outputs] -group C2O -name C2O -view tt
  path_group -from [all_inputs]  -to [all::all_seqs] -group I2C -name I2C -view tt 
}
@file(genus.tcl) 58: define_cost_group -name I2O -design ${TOP}
@file(genus.tcl) 59: path_group -from [all_inputs]  -to [all_outputs] -group I2O -name I2O -view tt
@file(genus.tcl) 60: foreach cg [vfind / -cost_group *] {
  report_timing -cost_group [list $cg] >> reports/synthesis_pretim.rpt }
Warning : Timing problems have been detected in this design. [TIM-11]
        : The design is 'Multiplier32'.
        : Use 'check_timing_intent' or 'report timing -lint' to report more information.
Warning : Timing problems have been detected in this design. [TIM-11]
        : The design is 'Multiplier32'.
Warning : Timing problems have been detected in this design. [TIM-11]
        : The design is 'Multiplier32'.
Warning : Timing problems have been detected in this design. [TIM-11]
        : The design is 'Multiplier32'.
Warning : Timing problems have been detected in this design. [TIM-11]
        : The design is 'Multiplier32'.
Warning : Timing problems have been detected in this design. [TIM-11]
        : The design is 'Multiplier32'.
@file(genus.tcl) 67: set_db / .syn_generic_effort high
  Setting attribute of root '/': 'syn_generic_effort' = high
@file(genus.tcl) 68: syn_generic

Stage: pre_early_cg
-----------------------------------------------
| Transform | Accepts | Rejects | Runtime (s) | 
-----------------------------------------------
-----------------------------------------------
Mapping ChipWare ICG instances in Multiplier32
Found 0 unmapped ChipWare ICG instances
Mapped 0 of 0 ChipWare ICG instances
##Generic Timing Info for library domain: _default_ typical gate delay: 16.7 ps std_slew: 4.8 ps std_load: 1.0 fF
Starting mux data reorder optimization [v1.0] (stage: pre_to_gen_setup, startdef: Multiplier32, recur: true)
Completed mux data reorder optimization (accepts: 0, rejects: 0, runtime: 0.000s)

Stage: pre_to_gen_setup
-----------------------------------------------------
| Transform       | Accepts | Rejects | Runtime (s) | 
-----------------------------------------------------
| hlo_mux_reorder |       0 |       0 |        0.00 | 
-----------------------------------------------------
Running DP early constant propagation (netlist Multiplier32)...
...done running DP early constant propagation (0 seconds CPU time, netlist Multiplier32).
Info    : Synthesizing. [SYNTH-1]
        : Synthesizing 'Multiplier32' to generic gates using 'high' effort.
Running Synthesis Turbo Flow Version 2.
PBS_Generic-Start - Elapsed_Time 0, CPU_Time 0.0
stamp 'PBS_Generic-Start' being created for table 'pbs_debug'

  Total Time (Wall) |  Stage Time (Wall)  |   % (Wall)   |    Date - Time     |  Memory   | Stage
--------------------+---------------------+--------------+--------------------+-----------+----------------------
 00:01:08(00:00:47) |  00:00:00(00:00:00) |   0.0(  0.0) |   22:13:30 (Apr08) |  680.5 MB | PBS_Generic-Start
--------------------+---------------------+--------------+--------------------+-----------+----------------------
Number of threads: 8 * 1   (id: pbs_debug, time_info v1.57)
Info: (*N*) indicates data that was populated from previously saved time_info database
Info: CPU time includes time of parent + longest thread
Info    : Partition Based Synthesis execution skipped. [PHYS-752]
        : Design size is less than the partition size '100000' for distributed generic optimization to kick in.
Starting mux data reorder optimization [v1.0] (stage: pre_to_gen_setup, startdef: Multiplier32, recur: true)
Completed mux data reorder optimization (accepts: 0, rejects: 0, runtime: 0.001s)

Stage: pre_to_gen_setup
-----------------------------------------------------
| Transform       | Accepts | Rejects | Runtime (s) | 
-----------------------------------------------------
| hlo_mux_reorder |       0 |       0 |        0.00 | 
-----------------------------------------------------
Starting mux data reorder optimization [v1.0] (stage: post_to_gen_setup, startdef: Multiplier32, recur: true)
Completed mux data reorder optimization (accepts: 0, rejects: 0, runtime: 0.000s)

Stage: post_to_gen_setup
-----------------------------------------------------
| Transform       | Accepts | Rejects | Runtime (s) | 
-----------------------------------------------------
| hlo_mux_reorder |       0 |       0 |        0.00 | 
-----------------------------------------------------
Running Unified Mux Engine Tricks...
Completed Unified Mux Engine Tricks

Stage: pre_hlo_rtlopt
-----------------------------------------------
| Trick     | Accepts | Rejects | Runtime (s) | 
-----------------------------------------------
| ume_ssm   |       0 |       0 |        0.00 | 
| ume_sweep |       0 |       0 |        0.00 | 
| ume_share |       0 |       0 |        0.00 | 
-----------------------------------------------
Begin SDR optimization 
  FRC fixing completed.
  Setting attribute of root '/': 'hier_sandbox_support_folded' = 1
#Special hiers formed inside Multiplier32 = 0
  Setting attribute of root '/': 'hier_sandbox_support_folded' = 0
No special hier is found 
End SDR optimization 
Starting recase case-box optimization [v1.0] (stage: pre_rtlopt, startdef: Multiplier32, recur: true)
Completed recase case-box optimization (accepts: 0, rejects: 0, runtime: 0.008s)
Starting infer macro optimization [v1.0] (stage: pre_rtlopt, startdef: Multiplier32, recur: true)
Completed infer macro optimization (accepts: 0, rejects: 0, runtime: 0.005s)
Starting decode mux sandwich optimization [v2.0] (stage: pre_rtlopt, startdef: Multiplier32, recur: true)
Completed decode mux sandwich optimization (accepts: 0, rejects: 0, runtime: 0.000s)
Starting decode mux optimization [v1.0] (stage: pre_rtlopt, startdef: Multiplier32, recur: true)
Completed decode mux optimization (accepts: 0, rejects: 0, runtime: 0.000s)
Starting chop wide muxes [v1.0] (stage: pre_rtlopt, startdef: Multiplier32, recur: true)
Completed chop wide muxes (accepts: 0, rejects: 0, runtime: 0.001s)
Starting common data mux cascade opt [v1.0] (stage: pre_rtlopt, startdef: Multiplier32, recur: true)
Completed common data mux cascade opt (accepts: 0, rejects: 0, runtime: 0.000s)
Starting mux input consolidation [v1.0] (stage: pre_rtlopt, startdef: Multiplier32, recur: true)
Completed mux input consolidation (accepts: 0, rejects: 0, runtime: 0.000s)
Starting constant-data mux optimization [v1.0] (stage: pre_rtlopt, startdef: Multiplier32, recur: true)
Completed constant-data mux optimization (accepts: 0, rejects: 0, runtime: 0.000s)
Starting chain-to-tree inequality transform [v2.0] (stage: pre_rtlopt, startdef: Multiplier32, recur: true)
Completed chain-to-tree inequality transform (accepts: 0, rejects: 0, runtime: 0.006s)
Starting reconvergence optimization [v1.0] (stage: pre_rtlopt, startdef: Multiplier32, recur: true)
Completed reconvergence optimization (accepts: 0, rejects: 0, runtime: 0.000s)
Starting logic restructure optimization [v1.0] (stage: pre_rtlopt, startdef: Multiplier32, recur: true)
Completed logic restructure optimization (accepts: 0, rejects: 0, runtime: 0.000s)
Starting identity transform [v3.0] (stage: pre_rtlopt, startdef: Multiplier32, recur: true)
Completed identity transform (accepts: 0, rejects: 0, runtime: 0.001s)
Starting reduce operator chain [v1.0] (stage: pre_rtlopt, startdef: Multiplier32, recur: true)
Completed reduce operator chain (accepts: 0, rejects: 0, runtime: 0.000s)
Starting common data mux cascade opt [v1.0] (stage: pre_rtlopt, startdef: Multiplier32, recur: true)
Completed common data mux cascade opt (accepts: 0, rejects: 0, runtime: 0.000s)
Starting mux input consolidation [v1.0] (stage: pre_rtlopt, startdef: Multiplier32, recur: true)
Completed mux input consolidation (accepts: 0, rejects: 0, runtime: 0.000s)
Starting optimize datapath elements [v1.0] (stage: pre_rtlopt, startdef: Multiplier32, recur: true)
Completed optimize datapath elements (accepts: 0, rejects: 0, runtime: 0.000s)
Starting datapath recasting [v1.0] (stage: pre_rtlopt, startdef: Multiplier32, recur: true)
Completed datapath recasting (accepts: 0, rejects: 0, runtime: 0.000s)
Starting word-level redundancy removal [v1.0] (stage: pre_rtlopt, startdef: Multiplier32, recur: true)
Completed word-level redundancy removal (accepts: 0, rejects: 0, runtime: 0.014s)
Starting clip mux common data inputs [v1.0] (stage: pre_rtlopt, startdef: Multiplier32, recur: true)
Completed clip mux common data inputs (accepts: 0, rejects: 0, runtime: 0.000s)
Starting clip the non-user hierarchies [v2.0] (stage: pre_rtlopt, startdef: Multiplier32, recur: true)
Completed clip the non-user hierarchies (accepts: 0, rejects: 0, runtime: 0.000s)
Starting basic netlist cleanup [v1.0] (stage: pre_rtlopt, startdef: Multiplier32, recur: true)
Completed basic netlist cleanup (accepts: 0, rejects: 0, runtime: 0.000s)

Stage: pre_rtlopt
-----------------------------------------------------------------
| Transform                   | Accepts | Rejects | Runtime (s) | 
-----------------------------------------------------------------
| hlo_recase_casebox          |       0 |       0 |        0.01 | 
| hlo_infer_macro             |       0 |       0 |        0.00 | 
| hlo_decode_mux_sandwich     |       0 |       0 |        0.00 | 
| hlo_mux_decode              |       0 |       0 |        0.00 | 
| hlo_chop_mux                |       0 |       0 |        0.00 | 
| hlo_mux_cascade_opt         |       0 |       0 |        0.00 | 
| hlo_mux_consolidation       |       0 |       0 |        0.00 | 
| hlo_constant_mux_opt        |       0 |       0 |        0.00 | 
| hlo_inequality_transform    |       0 |       0 |        0.01 | 
| hlo_reconv_opt              |       0 |       0 |        0.00 | 
| hlo_restructure             |       0 |       0 |        0.00 | 
| hlo_identity_transform      |       0 |       0 |        0.00 | 
| hlo_reduce_operator_chain   |       0 |       0 |        0.00 | 
| hlo_mux_cascade_opt         |       0 |       0 |        0.00 | 
| hlo_mux_consolidation       |       0 |       0 |        0.00 | 
| hlo_optimize_datapath       |       0 |       0 |        0.00 | 
| hlo_datapath_recast         |       0 |       0 |        0.00 | 
| hlo_redundancy_removal_word |       0 |       0 |        0.01 | 
| hlo_clip_mux_input          |       0 |       0 |        0.00 | 
| hlo_clip                    |       0 |       0 |        0.00 | 
| hlo_cleanup                 |       0 |       0 |        0.00 | 
-----------------------------------------------------------------
Running Unified Mux Engine Tricks...
Completed Unified Mux Engine Tricks

Stage: post_hlo_rtlopt
-------------------------------------------------
| Trick       | Accepts | Rejects | Runtime (s) | 
-------------------------------------------------
| ume_runtime |       0 |       0 |        0.00 | 
-------------------------------------------------
Number of big hc bmuxes before = 0
  FRC fixing completed.
Info    : Pre-processed datapath logic. [DPOPT-6]
        : No pre-processing optimizations applied to datapath logic in 'Multiplier32'.
Info    : Optimizing datapath logic. [DPOPT-1]
        : Optimizing datapath logic in 'Multiplier32'.
Info    : Implementing datapath configurations. [DPOPT-3]
        : Implementing datapath configurations for 'CDN_DP_region_0_0'
CSAGen Prep Share:0 Re-Write:0 Speculation: 0
MaxCSA: Successfully built Maximal CSA Expression Expr0
CDN_DP_region_0_0 level = 0 loads = 0 drivers = 0
CDN_DP_region_0_0_c0 in Multiplier32: area: 525402000 ,dp = 1 mux = 0 sg = slow         worst_clk_period: -1.0000 
    wns: 4573  norm_wns:  -1.0000 
    fail_endp: -1 
    tns:  238605  tns_per_endp:  -1.0000   norm_tns_per_endp:  -1.0000 
    tns_sense_max:  -1.0000  tns_sense_avg:  -1.0000   tns_sense_num: -1
 skipped
CDN_DP_region_0_0_c1 in Multiplier32: area: 525402000 ,dp = 1 mux = 0 sg = fast         worst_clk_period: -1.0000 
    wns: 4573  norm_wns:  -1.0000 
    fail_endp: -1 
    tns:  238605  tns_per_endp:  -1.0000   norm_tns_per_endp:  -1.0000 
    tns_sense_max:  -1.0000  tns_sense_avg:  -1.0000   tns_sense_num: -1
 is current best
CDN_DP_region_0_0_c2 in Multiplier32: area: 525402000 ,dp = 1 mux = 0 sg = very_slow    worst_clk_period: -1.0000 
    wns: 4573  norm_wns:  -1.0000 
    fail_endp: -1 
    tns:  238605  tns_per_endp:  -1.0000   norm_tns_per_endp:  -1.0000 
    tns_sense_max:  -1.0000  tns_sense_avg:  -1.0000   tns_sense_num: -1
 is current best
CDN_DP_region_0_0_c3 in Multiplier32: area: 525402000 ,dp = 1 mux = 0 sg = very_fast    worst_clk_period: -1.0000 
    wns: 4573  norm_wns:  -1.0000 
    fail_endp: -1 
    tns:  238605  tns_per_endp:  -1.0000   norm_tns_per_endp:  -1.0000 
    tns_sense_max:  -1.0000  tns_sense_avg:  -1.0000   tns_sense_num: -1
 is current best
CDN_DP_region_0_0_c4 in Multiplier32: area: 525402000 ,dp = 1 mux = 0 sg = very_fast    worst_clk_period: -1.0000 
    wns: 4573  norm_wns:  -1.0000 
    fail_endp: -1 
    tns:  238605  tns_per_endp:  -1.0000   norm_tns_per_endp:  -1.0000 
    tns_sense_max:  -1.0000  tns_sense_avg:  -1.0000   tns_sense_num: -1
 is current best
CDN_DP_region_0_0_c5 in Multiplier32: area: 525402000 ,dp = 1 mux = 0 sg = very_fast    worst_clk_period: -1.0000 
    wns: 4573  norm_wns:  -1.0000 
    fail_endp: -1 
    tns:  238605  tns_per_endp:  -1.0000   norm_tns_per_endp:  -1.0000 
    tns_sense_max:  -1.0000  tns_sense_avg:  -1.0000   tns_sense_num: -1
 is current best
CDN_DP_region_0_0_c6 in Multiplier32: area: 525402000 ,dp = 1 mux = 0 sg = very_fast    worst_clk_period: -1.0000 
    wns: 4573  norm_wns:  -1.0000 
    fail_endp: -1 
    tns:  238605  tns_per_endp:  -1.0000   norm_tns_per_endp:  -1.0000 
    tns_sense_max:  -1.0000  tns_sense_avg:  -1.0000   tns_sense_num: -1
 is current best
CDN_DP_region_0_0_c7 in Multiplier32: area: 525402000 ,dp = 1 mux = 0 sg = very_fast    worst_clk_period: -1.0000 
    wns: 4573  norm_wns:  -1.0000 
    fail_endp: -1 
    tns:  238605  tns_per_endp:  -1.0000   norm_tns_per_endp:  -1.0000 
    tns_sense_max:  -1.0000  tns_sense_avg:  -1.0000   tns_sense_num: -1
 is current best
Best config: CDN_DP_region_0_0_c7 in Multiplier32: area: 525402000 ,dp = 1 mux = 0 sg = very_fast    worst_clk_period: -1.0000 
    wns: 4573  norm_wns:  -1.0000 
    fail_endp: -1 
    tns:  238605  tns_per_endp:  -1.0000   norm_tns_per_endp:  -1.0000 
    tns_sense_max:  -1.0000  tns_sense_avg:  -1.0000   tns_sense_num: -1
  Smallest config area : 525402000.  Fastest config wns;  4573
##>+----------------------------------------------------------------------------------------------------------------------------------------------------------------+
##>Summary table of configs (Best config is CDN_DP_region_0_0_c7)
##>+----------------------------------------------------------------------------------------------------------------------------------------------------------------+
##>                     0                  1                  2                  3                  4                  5                  6                  7            
##>+----------------------------------------------------------------------------------------------------------------------------------------------------------------+
##>           Area        525402000          525402000          525402000          525402000          525402000          525402000          525402000          525402000  
##>            WNS          -457.30            -457.30            -457.30            -457.30            -457.30            -457.30            -457.30            -457.30  
##>            TNS           238605             238605             238605             238605             238605             238605             238605             238605  
##>    Num Rewrite                0                  0                  0                  0                  0                  0                  0                  0  
##>     Num Factor                0                  0                  0                  0                  0                  0                  0                  0  
##>      Num Share                0                  0                  0                  0                  0                  0                  0                  0  
##>   Num CmultCse                0                  0                  0                  0                  0                  0                  0                  0  
##>   Num Downsize                0                  0                  0                  0                  0                  0                  0                  0  
##>  Num Speculate                0                  0                  0                  0                  0                  0                  0                  0  
##>     Runtime(s)                0                  0                  0                  0                  0                  0                  0                  5  
+----------------------------------------------------------------------------------------------------------------------------------------------------------------+
##>
##>
##>+-----------------------------------------------------------------------------------------------------------------------------------------------------------------------------------------------------+
##>Optimization Step DEBUG Table for config CDN_DP_region_0_0_c7
##>
##>                          Step                        Area   (  % Chg)         WNS (Change)          TNS (Change)                Power   (  % Chg)        Runtime (s)        Comment                   
##>+-----------------------------------------------------------------------------------------------------------------------------------------------------------------------------------------------------+
##>EquationExtraction              START              525402000 (       )     -457.30 (        )     238605 (        )                    0 (       )              
##> rewrite                        START             2281472352 (+334.23)     -484.90 (  -27.60)     256262 (   17657)                    0 (  +0.00)              (a,ar) Expr0_from --> Expr0_to
##>                                  END             1466422992 ( -35.72)     -489.00 (   -4.10)     258452 (    2190)                    0 (  +0.00)           2  
##>                                  END              525402000 (  +0.00)     -457.30 (   +0.00)     238605 (       0)                    0 (  +0.00)           4  
##>createMaxCarrySave              START              525402000 (  +0.00)     -457.30 (   +0.00)     238605 (       0)                    0 (  +0.00)              
##> datapath_rewrite_one_def       START              525402000 (  +0.00)     -457.30 (   +0.00)     238605 (       0)                    0 (  +0.00)              
##>                                  END              525402000 (  +0.00)     -457.30 (   +0.00)     238605 (       0)                    0 (  +0.00)           0  
##> csa_opto                       START              525402000 (  +0.00)     -457.30 (   +0.00)     238605 (       0)                    0 (  +0.00)              
##>                                  END              525402000 (  +0.00)     -457.30 (   +0.00)     238605 (       0)                    0 (  +0.00)           0  
##>                                  END              525402000 (  +0.00)     -457.30 (   +0.00)     238605 (       0)                    0 (  +0.00)           0  
##>canonicalize_by_names           START              525402000 (  +0.00)     -457.30 (   +0.00)     238605 (       0)                    0 (  +0.00)              
##>                                  END              525402000 (  +0.00)     -457.30 (   +0.00)     238605 (       0)                    0 (  +0.00)           0  
##>datapath_rewrite_post_csa_one_  START              525402000 (  +0.00)     -457.30 (   +0.00)     238605 (       0)                    0 (  +0.00)              
##>                                  END              525402000 (  +0.00)     -457.30 (   +0.00)     238605 (       0)                    0 (  +0.00)           0  
##>datapath_csa_factoring_one_gde  START              525402000 (  +0.00)     -457.30 (   +0.00)     238605 (       0)                    0 (  +0.00)              
##>                                  END              525402000 (  +0.00)     -457.30 (   +0.00)     238605 (       0)                    0 (  +0.00)           0  
##>dpopt_share_one_def             START              525402000 (  +0.00)     -457.30 (   +0.00)     238605 (       0)                    0 (  +0.00)              
##>                                  END              525402000 (  +0.00)     -457.30 (   +0.00)     238605 (       0)                    0 (  +0.00)           0  
##>datapath_rewrite_post_share     START              525402000 (  +0.00)     -457.30 (   +0.00)     238605 (       0)                    0 (  +0.00)              
##>                                  END              525402000 (  +0.00)     -457.30 (   +0.00)     238605 (       0)                    0 (  +0.00)           0  
##>dp_combine_const_mult_with_com  START              525402000 (  +0.00)     -457.30 (   +0.00)     238605 (       0)                    0 (  +0.00)              
##>                                  END              525402000 (  +0.00)     -457.30 (   +0.00)     238605 (       0)                    0 (  +0.00)           0  
##>dp_operator_level_decompositio  START              525402000 (  +0.00)     -457.30 (   +0.00)     238605 (       0)                    0 (  +0.00)              
##>                                  END              525402000 (  +0.00)     -457.30 (   +0.00)     238605 (       0)                    0 (  +0.00)           0  
##>selective_flatten_dp_config     START              525402000 (  +0.00)     -457.30 (   +0.00)     238605 (       0)                    0 (  +0.00)              
##>                                  END              525402000 (  +0.00)     -457.30 (   +0.00)     238605 (       0)                    0 (  +0.00)           0  
##>createMaxCarrySave              START              525402000 (  +0.00)     -457.30 (   +0.00)     238605 (       0)                    0 (  +0.00)              
##> datapath_rewrite_one_def       START              525402000 (  +0.00)     -457.30 (   +0.00)     238605 (       0)                    0 (  +0.00)              
##>  fast_cse_elim                 START              525402000 (  +0.00)     -457.30 (   +0.00)     238605 (       0)                    0 (  +0.00)              
##>                                  END              525402000 (  +0.00)     -457.30 (   +0.00)     238605 (       0)                    0 (  +0.00)           0  
##>  fast_cse_elim                 START              525402000 (  +0.00)     -457.30 (   +0.00)     238605 (       0)                    0 (  +0.00)              
##>                                  END              525402000 (  +0.00)     -457.30 (   +0.00)     238605 (       0)                    0 (  +0.00)           0  
##>                                  END              525402000 (  +0.00)     -457.30 (   +0.00)     238605 (       0)                    0 (  +0.00)           0  
##> csa_opto                       START              525402000 (  +0.00)     -457.30 (   +0.00)     238605 (       0)                    0 (  +0.00)              
##>                                  END              525402000 (  +0.00)     -457.30 (   +0.00)     238605 (       0)                    0 (  +0.00)           0  
##>                                  END              525402000 (  +0.00)     -457.30 (   +0.00)     238605 (       0)                    0 (  +0.00)           0  
##>context_based_simplify          START              525402000 (  +0.00)     -457.30 (   +0.00)     238605 (       0)                    0 (  +0.00)              
##>                                  END              525402000 (  +0.00)     -457.30 (   +0.00)     238605 (       0)                    0 (  +0.00)           0  
##>group_csa_final_adder_dp        START              525402000 (  +0.00)     -457.30 (   +0.00)     238605 (       0)                    0 (  +0.00)              
##>                                  END              525402000 (  +0.00)     -457.30 (   +0.00)     238605 (       0)                    0 (  +0.00)           0  
##>dpopt_flatten_critical_muxes_i  START              525402000 (  +0.00)     -457.30 (   +0.00)     238605 (       0)                    0 (  +0.00)              
##>                                  END              525402000 (  +0.00)     -457.30 (   +0.00)     238605 (       0)                    0 (  +0.00)           0  
##>create_score                    START              525402000 (  +0.00)     -457.30 (   +0.00)     238605 (       0)                    0 (  +0.00)              
##>                                  END              525402000 (  +0.00)     -457.30 (   +0.00)     238605 (       0)                    0 (  +0.00)           0  
##>+-----------------------------------------------------------------------------------------------------------------------------------------------------------------------------------------------------+
Committed config: CDN_DP_region_0_0_c7
Info    : Done implementing datapath configurations. [DPOPT-4]
        : Selected 'very_fast' configuration 7 for module 'CDN_DP_region_0_0_c7'.
          Optimizations applied to 'very_fast' configuration:
            rewriting(0), factoring(0), sharing(0), cmultcse(0), downsizing(0), speculation(0)
Info:  Ungrouped 0 dp-cluster instances.  0 cluster instances were left intact, to aid verification.
Info    : Done optimizing datapath logic. [DPOPT-2]
        : Done optimizing datapath logic in 'Multiplier32'.
  FRC checking completed.
Number of big hc bmuxes after = 0
Starting bit-level redundancy removal [v1.0] (stage: post_rtlopt, startdef: Multiplier32, recur: true)
Completed bit-level redundancy removal (accepts: 0, rejects: 0, runtime: 0.015s)
Starting logic reduction [v1.0] (stage: post_rtlopt, startdef: Multiplier32, recur: true)
Completed logic reduction (accepts: 0, rejects: 0, runtime: 0.000s)
Starting mux data reorder optimization [v1.0] (stage: post_rtlopt, startdef: Multiplier32, recur: true)
Completed mux data reorder optimization (accepts: 0, rejects: 0, runtime: 0.000s)

Stage: post_rtlopt
----------------------------------------------------------------
| Transform                  | Accepts | Rejects | Runtime (s) | 
----------------------------------------------------------------
| hlo_redundancy_removal_bit |       0 |       0 |        0.01 | 
| hlo_logic_reduction        |       0 |       0 |        0.00 | 
| hlo_mux_reorder            |       0 |       0 |        0.00 | 
----------------------------------------------------------------
Starting mux speculation [v1.0] (stage: post_muxopt, startdef: Multiplier32, recur: true)
Starting speculation optimization
Completed speculation optimization (accepts:0)
Completed mux speculation (accepts: 0, rejects: 0, runtime: 0.109s)

Stage: post_muxopt
-----------------------------------------------------
| Transform       | Accepts | Rejects | Runtime (s) | 
-----------------------------------------------------
| hlo_speculation |       0 |       0 |        0.11 | 
-----------------------------------------------------
==================================
Stage : to_generic 
==================================
  =================
   Message Summary
  =================
-----------------------------------------------------------------------------------------------------------
|   Id   |  Sev  |Count|                                   Message Text                                   |
-----------------------------------------------------------------------------------------------------------
|CDFG-372|Info   |    1|Bitwidth mismatch in assignment.                                                  |
|        |       |     |Review and make sure the mismatch is intentional. Genus can possibly issue        |
|        |       |     | bitwidth mismatch warning for explicit assignments present in RTL as-well-as for |
|        |       |     | implicit assignments inferred by the tool. For example, in case of enum          |
|        |       |     | declaration without value, the tool will implicitly assign value to the enum     |
|        |       |     | variables. It also issues the warning for any bitwidth mismatch that appears in  |
|        |       |     | this implicit assignment.                                                        |
|CWD-19  |Info   |    2|An implementation was inferred.                                                   |
|DPOPT-1 |Info   |    1|Optimizing datapath logic.                                                        |
|DPOPT-2 |Info   |    1|Done optimizing datapath logic.                                                   |
|DPOPT-3 |Info   |    1|Implementing datapath configurations.                                             |
|DPOPT-4 |Info   |    1|Done implementing datapath configurations.                                        |
|DPOPT-6 |Info   |    1|Pre-processed datapath logic.                                                     |
|ELAB-1  |Info   |    1|Elaborating Design.                                                               |
|ELAB-3  |Info   |    1|Done Elaborating Design.                                                          |
|LBR-40  |Info   |   40|An unsupported construct was detected in this library.                            |
|        |       |     |Check to see if this construct is really needed for synthesis. Many liberty       |
|        |       |     | constructs are not actually required.                                            |
|LBR-155 |Info   |    8|Mismatch in unateness between 'timing_sense' attribute and the function.          |
|        |       |     |The 'timing_sense' attribute will be respected.                                   |
|LBR-162 |Info   |   68|Both 'pos_unate' and 'neg_unate' timing_sense arcs have been processed.           |
|        |       |     |Setting the 'timing_sense' to non_unate.                                          |
|LBR-412 |Info   |   20|Created nominal operating condition.                                              |
|        |       |     |The nominal operating condition is represented, either by the nominal PVT values  |
|        |       |     | specified in the library source                                                  |
|        |       |     | (via nom_process,nom_voltage and nom_temperature respectively)                   |
|        |       |     | , or by the default PVT values (1.0,1.0,1.0).                                    |
|PHYS-752|Info   |    1|Partition Based Synthesis execution skipped.                                      |
|SYNTH-1 |Info   |    1|Synthesizing.                                                                     |
|TIM-11  |Warning|    6|Timing problems have been detected in this design.                                |
|        |       |     |Use 'check_timing_intent' or 'report timing -lint' to report more information.    |
|TIM-1000|Info   |    1|Multimode clock gating check is disabled.                                         |
|TUI-296 |Info   |    1|The given (sub)design is already uniquified.                                      |
|        |       |     |Try running the 'edit_netlist uniquify' command on the parent hierarchy of this   |
|        |       |     | (sub)design, if there exists any.                                                |
-----------------------------------------------------------------------------------------------------------
Mapper: Libraries have:
	domain _default_: 668 combo usable cells and 92 sequential usable cells
Warning : Not obtained requested number of super thread servers. [ST-136]
        : The tool is running on a 2 cpu machine.
        : The requested number of cpus are not available on machine.
Multi-threaded constant propagation [1|0] ...
Multi-threaded Virtual Mapping    (2 threads per ST process, 2 of 2 CPUs usable)
==================================
Stage : first_condense 
==================================
  =================
   Message Summary
  =================
---------------------------------------------------------------------------------
|  Id  |  Sev  |Count|                       Message Text                       |
---------------------------------------------------------------------------------
|ST-136|Warning|    1|Not obtained requested number of super thread servers.    |
|      |       |     |The requested number of cpus are not available on machine.|
---------------------------------------------------------------------------------
 
Global mapping target info
==========================
Cost Group 'C2O' target slack:   -26 ps
Target path end-point (Port: Multiplier32/p[0])

Cost Group 'I2C' target slack:    -8 ps
Target path end-point (Pin: b_reg_reg[31]/d)

Cost Group 'C2C' target slack:  -381 ps
Target path end-point (Pin: mult_reg_reg[63]/d)


State Retention Synthesis Status
================================

Category                        Flops   Percentage
--------------------------------------------------
Total instances                   192        100.0
Excluded from State Retention     192        100.0
    - Will not convert            192        100.0
      - Preserved                   0          0.0
      - Power intent excluded     192        100.0
    - Could not convert             0          0.0
      - Scan type                   0          0.0
      - No suitable cell            0          0.0
State Retention instances           0          0.0
--------------------------------------------------

PBS_Generic_Opt-Post - Elapsed_Time 30, CPU_Time 28.833178000000004
stamp 'PBS_Generic_Opt-Post' being created for table 'pbs_debug'

  Total Time (Wall) |  Stage Time (Wall)  |   % (Wall)   |    Date - Time     |  Memory   | Stage
--------------------+---------------------+--------------+--------------------+-----------+----------------------
 00:01:08(00:00:47) |  00:00:00(00:00:00) |   0.0(  0.0) |   22:13:30 (Apr08) |  680.5 MB | PBS_Generic-Start
--------------------+---------------------+--------------+--------------------+-----------+----------------------
 00:01:37(00:01:17) |  00:00:28(00:00:30) | 100.0(100.0) |   22:14:00 (Apr08) |   1.16 GB | PBS_Generic_Opt-Post
--------------------+---------------------+--------------+--------------------+-----------+----------------------
Number of threads: 8 * 1   (id: pbs_debug, time_info v1.57)
Info: (*N*) indicates data that was populated from previously saved time_info database
Info: CPU time includes time of parent + longest thread
PBS_Generic-Postgen HBO Optimizations - Elapsed_Time 1, CPU_Time 0.0
stamp 'PBS_Generic-Postgen HBO Optimizations' being created for table 'pbs_debug'

  Total Time (Wall) |  Stage Time (Wall)  |   % (Wall)   |    Date - Time     |  Memory   | Stage
--------------------+---------------------+--------------+--------------------+-----------+----------------------
 00:01:08(00:00:47) |  00:00:00(00:00:00) |   0.0(  0.0) |   22:13:30 (Apr08) |  680.5 MB | PBS_Generic-Start
--------------------+---------------------+--------------+--------------------+-----------+----------------------
 00:01:37(00:01:17) |  00:00:28(00:00:30) | 100.0( 96.8) |   22:14:00 (Apr08) |   1.16 GB | PBS_Generic_Opt-Post
--------------------+---------------------+--------------+--------------------+-----------+----------------------
 00:01:37(00:01:18) |  00:00:00(00:00:01) |   0.0(  3.2) |   22:14:01 (Apr08) |   1.16 GB | PBS_Generic-Postgen HBO Optimizations
--------------------+---------------------+--------------+--------------------+-----------+----------------------
Number of threads: 8 * 1   (id: pbs_debug, time_info v1.57)
Info: (*N*) indicates data that was populated from previously saved time_info database
Info: CPU time includes time of parent + longest thread
##>=================== Cadence Confidential (Generic-Logical) ===================
##>=================== Cadence Confidential (Generic-Logical) ===================
##>Main Thread Summary:
##>----------------------------------------------------------------------------------------
##>STEP                           Elapsed       WNS       TNS     Insts      Area    Memory
##>----------------------------------------------------------------------------------------
##>G:Initial                            1         -         -      6436       581       680
##>G:Setup                              0         -         -         -         -         -
##>G:Early Clock Gating                 0         -         -         -         -         -
##>G:Launch ST                          0         -         -         -         -         -
##>G:Design Partition                   0         -         -         -         -         -
##>G:Create Partition Netlists          0         -         -         -         -         -
##>G:Init Power                         0         -         -         -         -         -
##>G:Budgeting                          0         -         -         -         -         -
##>G:Derenv-DB                          0         -         -         -         -         -
##>G:Debug Outputs                      0         -         -         -         -         -
##>G:ST loading                         0         -         -         -         -         -
##>G:Distributed                        0         -         -         -         -         -
##>G:Timer                              0         -         -         -         -         -
##>G:Assembly                           0         -         -         -         -         -
##>G:DFT                                0         -         -         -         -         -
##>G:Const Prop                         1         -         -      9064       794      1162
##>G:PostGen Opt                        0         -         -      9064       794      1162
##>G:Early Clock Gating Cleanup         0         -         -         -         -         -
##>G:Misc                              30
##>----------------------------------------------------------------------------------------
##>Total Elapsed                       32
##>========================================================================================
Info    : Done synthesizing. [SYNTH-2]
        : Done synthesizing 'Multiplier32' to generic gates.
      flow.cputime  flow.realtime  timing.setup.tns  timing.setup.wns  snapshot
UM:*                                                                   syn_gen
@file(genus.tcl) 69: write_hdl > outputs/synthesis_generic.v
@file(genus.tcl) 72: set_db / .syn_map_effort high
  Setting attribute of root '/': 'syn_map_effort' = high
@file(genus.tcl) 73: syn_map
#--------------------------------------------------------------------------
# Root attributes for category: opt
#--------------------------------------------------------------------------
# Feature                           | Attribute                | Value  
#--------------------------------------------------------------------------
# Net area optimization             | optimize_net_area        | true   
# Power optimization effort         | design_power_effort      | none   
# Do not use qbar sequential pins   | dont_use_qbar_seq_pins   | false  
#--------------------------------------------------------------------------

##Generic Timing Info for library domain: _default_ typical gate delay: 16.7 ps std_slew: 4.8 ps std_load: 1.0 fF
Mapping ChipWare ICG instances in Multiplier32
Found 0 unmapped ChipWare ICG instances
Mapped 0 of 0 ChipWare ICG instances
Info    : Mapping. [SYNTH-4]
        : Mapping 'Multiplier32' using 'high' effort.
Mapper: Libraries have:
	domain _default_: 668 combo usable cells and 92 sequential usable cells
PBS_TechMap-Start - Elapsed_Time 0, CPU_Time 0.0
stamp 'PBS_TechMap-Start' being created for table 'pbs_debug'

  Total Time (Wall) |  Stage Time (Wall)  |   % (Wall)   |    Date - Time     |  Memory   | Stage
--------------------+---------------------+--------------+--------------------+-----------+----------------------
 00:01:08(00:00:47) |  00:00:00(00:00:00) |   0.0(  0.0) |   22:13:30 (Apr08) |  680.5 MB | PBS_Generic-Start
--------------------+---------------------+--------------+--------------------+-----------+----------------------
 00:01:37(00:01:17) |  00:00:28(00:00:30) |  96.6( 96.8) |   22:14:00 (Apr08) |   1.16 GB | PBS_Generic_Opt-Post
--------------------+---------------------+--------------+--------------------+-----------+----------------------
 00:01:37(00:01:18) |  00:00:00(00:00:01) |   0.0(  3.2) |   22:14:01 (Apr08) |   1.16 GB | PBS_Generic-Postgen HBO Optimizations
--------------------+---------------------+--------------+--------------------+-----------+----------------------
 00:01:38(00:01:18) |  00:00:01(00:00:00) |   3.4(  0.0) |   22:14:01 (Apr08) |   1.16 GB | PBS_TechMap-Start
--------------------+---------------------+--------------+--------------------+-----------+----------------------
Number of threads: 8 * 1   (id: pbs_debug, time_info v1.57)
Info: (*N*) indicates data that was populated from previously saved time_info database
Info: CPU time includes time of parent + longest thread
PBS_TechMap-Premap HBO Optimizations - Elapsed_Time 1, CPU_Time 0.0
stamp 'PBS_TechMap-Premap HBO Optimizations' being created for table 'pbs_debug'

  Total Time (Wall) |  Stage Time (Wall)  |   % (Wall)   |    Date - Time     |  Memory   | Stage
--------------------+---------------------+--------------+--------------------+-----------+----------------------
 00:01:08(00:00:47) |  00:00:00(00:00:00) |   0.0(  0.0) |   22:13:30 (Apr08) |  680.5 MB | PBS_Generic-Start
--------------------+---------------------+--------------+--------------------+-----------+----------------------
 00:01:37(00:01:17) |  00:00:28(00:00:30) |  96.6( 93.8) |   22:14:00 (Apr08) |   1.16 GB | PBS_Generic_Opt-Post
--------------------+---------------------+--------------+--------------------+-----------+----------------------
 00:01:37(00:01:18) |  00:00:00(00:00:01) |   0.0(  3.1) |   22:14:01 (Apr08) |   1.16 GB | PBS_Generic-Postgen HBO Optimizations
--------------------+---------------------+--------------+--------------------+-----------+----------------------
 00:01:38(00:01:18) |  00:00:01(00:00:00) |   3.4(  0.0) |   22:14:01 (Apr08) |   1.16 GB | PBS_TechMap-Start
--------------------+---------------------+--------------+--------------------+-----------+----------------------
 00:01:38(00:01:19) |  00:00:00(00:00:01) |   0.0(  3.1) |   22:14:02 (Apr08) |   1.16 GB | PBS_TechMap-Premap HBO Optimizations
--------------------+---------------------+--------------+--------------------+-----------+----------------------
Number of threads: 8 * 1   (id: pbs_debug, time_info v1.57)
Info: (*N*) indicates data that was populated from previously saved time_info database
Info: CPU time includes time of parent + longest thread
Info    : Partition Based Synthesis execution skipped. [PHYS-752]
        : Design size is less than the partition size '100000' for distributed mapping optimization to kick in.
Mapper: Libraries have:
	domain _default_: 668 combo usable cells and 92 sequential usable cells
Warning : Not obtained requested number of super thread servers. [ST-136]
        : The tool is running on a 2 cpu machine.
Multi-threaded Virtual Mapping    (2 threads per ST process, 2 of 2 CPUs usable)
 
Global mapping target info
==========================
Cost Group 'C2O' target slack:   -26 ps
Target path end-point (Port: Multiplier32/p[0])

Cost Group 'I2C' target slack:    -8 ps
Target path end-point (Pin: b_reg_reg[31]/d)

Cost Group 'C2C' target slack:  -376 ps
Target path end-point (Pin: mult_reg_reg[63]/d)

Multi-threaded Technology Mapping (2 threads per ST process, 2 of 2 CPUs usable)
 
Global mapping status
=====================
                                   Group   
                                  Tot Wrst 
                           Total  Weighted 
Operation                   Area   Slacks  
 global_map                  585     -463 
            Worst cost_group: C2C, WNS: -429.2
            Path: b_reg_reg[15]/CLK --> mult_reg_reg[51]/D

    Cost Group            Target    Slack    Diff.  Constr.
-----------------------------------------------------------
           C2C              -376     -429     -14%       10 
           C2O               -26      -26      +1%       10 
           I2C                -8       -8      -4%       10 

 
Global incremental target info
==============================
Cost Group 'C2O' target slack:   -26 ps
Target path end-point (Port: Multiplier32/p[0])

Cost Group 'I2C' target slack:    -8 ps
Target path end-point (Pin: a_reg_reg[1]/D (DFFASRHQNx1_ASAP7_75t_SL/D))

Cost Group 'C2C' target slack:  -429 ps
Target path end-point (Pin: mult_reg_reg[51]/D (DFFASRHQNx1_ASAP7_75t_SL/D))

==================================
Stage : global_incr_map 
==================================
  =================
   Message Summary
  =================
-----------------------------------------------------------------------------------
|   Id   |  Sev  |Count|                       Message Text                       |
-----------------------------------------------------------------------------------
|PA-7    |Info   |    2|Resetting power analysis results.                         |
|        |       |     |All computed switching activities are removed.            |
|PHYS-752|Info   |    1|Partition Based Synthesis execution skipped.              |
|ST-136  |Warning|    1|Not obtained requested number of super thread servers.    |
|        |       |     |The requested number of cpus are not available on machine.|
|SYNTH-2 |Info   |    1|Done synthesizing.                                        |
|SYNTH-4 |Info   |    1|Mapping.                                                  |
-----------------------------------------------------------------------------------
 
Global incremental optimization status
======================================
                                   Group   
                                  Tot Wrst 
                           Total  Weighted 
Operation                   Area   Slacks  
 global_incr                 495     -463 
            Worst cost_group: C2C, WNS: -429.7
            Path: b_reg_reg[25]/CLK --> mult_reg_reg[51]/D

    Cost Group            Target    Slack    Diff.  Constr.
-----------------------------------------------------------
           C2C              -429     -430      +0%       10 
           C2O               -26      -26      +0%       10 
           I2C                -8       -8      -1%       10 


State Retention Synthesis Status
================================

Category                        Flops   Percentage
--------------------------------------------------
Total instances                   192        100.0
Excluded from State Retention     192        100.0
    - Will not convert            192        100.0
      - Preserved                   0          0.0
      - Power intent excluded     192        100.0
    - Could not convert             0          0.0
      - Scan type                   0          0.0
      - No suitable cell            0          0.0
State Retention instances           0          0.0
--------------------------------------------------

INFO: skipping constant propagation
PBS_Techmap-Global Mapping - Elapsed_Time 111, CPU_Time 108.89391699999995
stamp 'PBS_Techmap-Global Mapping' being created for table 'pbs_debug'

  Total Time (Wall) |  Stage Time (Wall)  |   % (Wall)   |    Date - Time     |  Memory   | Stage
--------------------+---------------------+--------------+--------------------+-----------+----------------------
 00:01:08(00:00:47) |  00:00:00(00:00:00) |   0.0(  0.0) |   22:13:30 (Apr08) |  680.5 MB | PBS_Generic-Start
--------------------+---------------------+--------------+--------------------+-----------+----------------------
 00:01:37(00:01:17) |  00:00:28(00:00:30) |  20.8( 21.0) |   22:14:00 (Apr08) |   1.16 GB | PBS_Generic_Opt-Post
--------------------+---------------------+--------------+--------------------+-----------+----------------------
 00:01:37(00:01:18) |  00:00:00(00:00:01) |   0.0(  0.7) |   22:14:01 (Apr08) |   1.16 GB | PBS_Generic-Postgen HBO Optimizations
--------------------+---------------------+--------------+--------------------+-----------+----------------------
 00:01:38(00:01:18) |  00:00:01(00:00:00) |   0.7(  0.0) |   22:14:01 (Apr08) |   1.16 GB | PBS_TechMap-Start
--------------------+---------------------+--------------+--------------------+-----------+----------------------
 00:01:38(00:01:19) |  00:00:00(00:00:01) |   0.0(  0.7) |   22:14:02 (Apr08) |   1.16 GB | PBS_TechMap-Premap HBO Optimizations
--------------------+---------------------+--------------+--------------------+-----------+----------------------
 00:03:27(00:03:10) |  00:01:48(00:01:51) |  78.5( 77.6) |   22:15:53 (Apr08) |   1.14 GB | PBS_Techmap-Global Mapping
--------------------+---------------------+--------------+--------------------+-----------+----------------------
Number of threads: 8 * 1   (id: pbs_debug, time_info v1.57)
Info: (*N*) indicates data that was populated from previously saved time_info database
Info: CPU time includes time of parent + longest thread
Info    : Wrote formal verification information. [CFM-5]
        : Wrote 'fv/Multiplier32/fv_map.fv.json' for netlist 'fv/Multiplier32/fv_map.v.gz'.
Info    : Wrote dofile. [CFM-1]
        : Dofile is 'fv/Multiplier32/rtl_to_fv_map.do'.
        : Alias mapping flow is enabled.
PBS_TechMap-Datapath Postmap Operations - Elapsed_Time 3, CPU_Time 2.9815260000000023
stamp 'PBS_TechMap-Datapath Postmap Operations' being created for table 'pbs_debug'

  Total Time (Wall) |  Stage Time (Wall)  |   % (Wall)   |    Date - Time     |  Memory   | Stage
--------------------+---------------------+--------------+--------------------+-----------+----------------------
 00:01:08(00:00:47) |  00:00:00(00:00:00) |   0.0(  0.0) |   22:13:30 (Apr08) |  680.5 MB | PBS_Generic-Start
--------------------+---------------------+--------------+--------------------+-----------+----------------------
 00:01:37(00:01:17) |  00:00:28(00:00:30) |  20.3( 20.5) |   22:14:00 (Apr08) |   1.16 GB | PBS_Generic_Opt-Post
--------------------+---------------------+--------------+--------------------+-----------+----------------------
 00:01:37(00:01:18) |  00:00:00(00:00:01) |   0.0(  0.7) |   22:14:01 (Apr08) |   1.16 GB | PBS_Generic-Postgen HBO Optimizations
--------------------+---------------------+--------------+--------------------+-----------+----------------------
 00:01:38(00:01:18) |  00:00:01(00:00:00) |   0.7(  0.0) |   22:14:01 (Apr08) |   1.16 GB | PBS_TechMap-Start
--------------------+---------------------+--------------+--------------------+-----------+----------------------
 00:01:38(00:01:19) |  00:00:00(00:00:01) |   0.0(  0.7) |   22:14:02 (Apr08) |   1.16 GB | PBS_TechMap-Premap HBO Optimizations
--------------------+---------------------+--------------+--------------------+-----------+----------------------
 00:03:27(00:03:10) |  00:01:48(00:01:51) |  76.8( 76.0) |   22:15:53 (Apr08) |   1.14 GB | PBS_Techmap-Global Mapping
--------------------+---------------------+--------------+--------------------+-----------+----------------------
 00:03:30(00:03:13) |  00:00:02(00:00:03) |   2.1(  2.1) |   22:15:56 (Apr08) |   1.14 GB | PBS_TechMap-Datapath Postmap Operations
--------------------+---------------------+--------------+--------------------+-----------+----------------------
Number of threads: 8 * 1   (id: pbs_debug, time_info v1.57)
Info: (*N*) indicates data that was populated from previously saved time_info database
Info: CPU time includes time of parent + longest thread
PBS_TechMap-Postmap HBO Optimizations - Elapsed_Time 0, CPU_Time -0.010938000000010106
stamp 'PBS_TechMap-Postmap HBO Optimizations' being created for table 'pbs_debug'

  Total Time (Wall) |  Stage Time (Wall)  |   % (Wall)   |    Date - Time     |  Memory   | Stage
--------------------+---------------------+--------------+--------------------+-----------+----------------------
 00:01:08(00:00:47) |  00:00:00(00:00:00) |   0.0(  0.0) |   22:13:30 (Apr08) |  680.5 MB | PBS_Generic-Start
--------------------+---------------------+--------------+--------------------+-----------+----------------------
 00:01:37(00:01:17) |  00:00:28(00:00:30) |  20.3( 20.5) |   22:14:00 (Apr08) |   1.16 GB | PBS_Generic_Opt-Post
--------------------+---------------------+--------------+--------------------+-----------+----------------------
 00:01:37(00:01:18) |  00:00:00(00:00:01) |   0.0(  0.7) |   22:14:01 (Apr08) |   1.16 GB | PBS_Generic-Postgen HBO Optimizations
--------------------+---------------------+--------------+--------------------+-----------+----------------------
 00:01:38(00:01:18) |  00:00:01(00:00:00) |   0.7(  0.0) |   22:14:01 (Apr08) |   1.16 GB | PBS_TechMap-Start
--------------------+---------------------+--------------+--------------------+-----------+----------------------
 00:01:38(00:01:19) |  00:00:00(00:00:01) |   0.0(  0.7) |   22:14:02 (Apr08) |   1.16 GB | PBS_TechMap-Premap HBO Optimizations
--------------------+---------------------+--------------+--------------------+-----------+----------------------
 00:03:27(00:03:10) |  00:01:48(00:01:51) |  76.8( 76.0) |   22:15:53 (Apr08) |   1.14 GB | PBS_Techmap-Global Mapping
--------------------+---------------------+--------------+--------------------+-----------+----------------------
 00:03:30(00:03:13) |  00:00:02(00:00:03) |   2.1(  2.1) |   22:15:56 (Apr08) |   1.14 GB | PBS_TechMap-Datapath Postmap Operations
--------------------+---------------------+--------------+--------------------+-----------+----------------------
 00:03:30(00:03:13) |  00:00:00(00:00:00) |  -0.0(  0.0) |   22:15:56 (Apr08) |   1.14 GB | PBS_TechMap-Postmap HBO Optimizations
--------------------+---------------------+--------------+--------------------+-----------+----------------------
Number of threads: 8 * 1   (id: pbs_debug, time_info v1.57)
Info: (*N*) indicates data that was populated from previously saved time_info database
Info: CPU time includes time of parent + longest thread
 Doing ConstProp on design:Multiplier32 ... 

Time taken by ConstProp Step: 00:00:01
PBS_TechMap-Postmap Clock Gating - Elapsed_Time 1, CPU_Time 0.0
stamp 'PBS_TechMap-Postmap Clock Gating' being created for table 'pbs_debug'

  Total Time (Wall) |  Stage Time (Wall)  |   % (Wall)   |    Date - Time     |  Memory   | Stage
--------------------+---------------------+--------------+--------------------+-----------+----------------------
 00:01:08(00:00:47) |  00:00:00(00:00:00) |   0.0(  0.0) |   22:13:30 (Apr08) |  680.5 MB | PBS_Generic-Start
--------------------+---------------------+--------------+--------------------+-----------+----------------------
 00:01:37(00:01:17) |  00:00:28(00:00:30) |  20.3( 20.4) |   22:14:00 (Apr08) |   1.16 GB | PBS_Generic_Opt-Post
--------------------+---------------------+--------------+--------------------+-----------+----------------------
 00:01:37(00:01:18) |  00:00:00(00:00:01) |   0.0(  0.7) |   22:14:01 (Apr08) |   1.16 GB | PBS_Generic-Postgen HBO Optimizations
--------------------+---------------------+--------------+--------------------+-----------+----------------------
 00:01:38(00:01:18) |  00:00:01(00:00:00) |   0.7(  0.0) |   22:14:01 (Apr08) |   1.16 GB | PBS_TechMap-Start
--------------------+---------------------+--------------+--------------------+-----------+----------------------
 00:01:38(00:01:19) |  00:00:00(00:00:01) |   0.0(  0.7) |   22:14:02 (Apr08) |   1.16 GB | PBS_TechMap-Premap HBO Optimizations
--------------------+---------------------+--------------+--------------------+-----------+----------------------
 00:03:27(00:03:10) |  00:01:48(00:01:51) |  76.8( 75.5) |   22:15:53 (Apr08) |   1.14 GB | PBS_Techmap-Global Mapping
--------------------+---------------------+--------------+--------------------+-----------+----------------------
 00:03:30(00:03:13) |  00:00:02(00:00:03) |   2.1(  2.0) |   22:15:56 (Apr08) |   1.14 GB | PBS_TechMap-Datapath Postmap Operations
--------------------+---------------------+--------------+--------------------+-----------+----------------------
 00:03:30(00:03:13) |  00:00:00(00:00:00) |  -0.0(  0.0) |   22:15:56 (Apr08) |   1.14 GB | PBS_TechMap-Postmap HBO Optimizations
--------------------+---------------------+--------------+--------------------+-----------+----------------------
 00:03:30(00:03:14) |  00:00:00(00:00:01) |   0.0(  0.7) |   22:15:57 (Apr08) |   1.14 GB | PBS_TechMap-Postmap Clock Gating
--------------------+---------------------+--------------+--------------------+-----------+----------------------
Number of threads: 8 * 1   (id: pbs_debug, time_info v1.57)
Info: (*N*) indicates data that was populated from previously saved time_info database
Info: CPU time includes time of parent + longest thread
-------------------------------------------------------------------------------
 hi_fo_buf                   495     -463    -27741         0        0        0
            Worst cost_group: C2C, WNS: -429.7
            Path: b_reg_reg[25]/CLK --> mult_reg_reg[51]/D

           Trick     Calls     Accepts   Attempts    Time(secs) 
-----------------------------------------------------------
       hi_fo_buf         0  (        0 /        0 )  0.00

 
Incremental optimization status
===============================
                                   Group   
                                  Tot Wrst     Total - - - - DRC Totals - - - -
                           Total  Weighted      Neg      Max       Max     Max  
Operation                   Area   Slacks      Slack    Trans      Cap   Fanout 
 init_delay                  495     -463    -27741         0        0        0
            Worst cost_group: C2C, WNS: -429.7
            Path: b_reg_reg[25]/CLK --> mult_reg_reg[51]/D
 incr_delay                  526     -453    -28111         0        0        0
            Worst cost_group: C2C, WNS: -418.9
            Path: b_reg_reg[19]/CLK --> mult_reg_reg[51]/D
 incr_delay                  534     -451    -28055         0        0        0
            Worst cost_group: C2C, WNS: -417.0
            Path: b_reg_reg[19]/CLK --> mult_reg_reg[51]/D
 incr_delay                  536     -450    -28000         0        0        0
            Worst cost_group: C2C, WNS: -415.9
            Path: b_reg_reg[13]/CLK --> mult_reg_reg[50]/D
 incr_delay                  536     -449    -27995         0        0        0
            Worst cost_group: C2C, WNS: -415.7
            Path: b_reg_reg[7]/CLK --> mult_reg_reg[50]/D

           Trick     Calls     Accepts   Attempts    Time(secs) 
-----------------------------------------------------------
       crit_upsz       536  (      126 /      133 )  2.11
    plc_bal_star         0  (        0 /        0 )  0.00
     drc_buftimb         0  (        0 /        0 )  0.00
          plc_st       151  (        0 /        0 )  0.00
    plc_st_fence       151  (        0 /        0 )  0.00
        plc_star       151  (        0 /        0 )  0.00
      plc_laf_st       151  (        0 /        0 )  0.00
 plc_laf_st_fence       151  (        0 /        0 )  0.00
     drc_buftims         0  (        0 /        0 )  0.00
            fopt       790  (      195 /      201 )  4.95
   plc_laf_lo_st       147  (        0 /        0 )  0.00
       plc_lo_st       147  (        0 /        0 )  0.00
        mb_split       147  (        0 /        0 )  0.00

 
Local TNS optimization status
=============================
                                   Group   
                                  Tot Wrst     Total - - - - DRC Totals - - - -
                           Total  Weighted      Neg      Max       Max     Max  
Operation                   Area   Slacks      Slack    Trans      Cap   Fanout 
 init_tns                    536     -449    -27995         0        0        0
            Worst cost_group: C2C, WNS: -415.7
            Path: b_reg_reg[7]/CLK --> mult_reg_reg[50]/D
 incr_tns                    536     -449    -27898         0        0        0
            Worst cost_group: C2C, WNS: -415.4
            Path: b_reg_reg[7]/CLK --> mult_reg_reg[47]/D
 incr_tns                    536     -449    -27898         0        0        0
            Worst cost_group: C2C, WNS: -415.4
            Path: b_reg_reg[7]/CLK --> mult_reg_reg[47]/D

           Trick     Calls     Accepts   Attempts    Time(secs) 
-----------------------------------------------------------
    plc_bal_star         0  (        0 /        0 )  0.00
     drc_buftimb         0  (        0 /        0 )  0.00
     drc_buftims         0  (        0 /        0 )  0.00
       crit_upsz       903  (       36 /       98 )  1.98
   plc_laf_lo_st       867  (        0 /        0 )  0.00
       plc_lo_st       867  (        0 /        0 )  0.00
            fopt       867  (        0 /        0 )  0.06
       crit_dnsz      1347  (       48 /      174 )  3.64
             dup       819  (        0 /        0 )  0.17
        setup_dn       819  (        0 /        0 )  0.00
        mb_split       819  (        0 /        0 )  0.01

PBS_TechMap-Postmap Cleanup - Elapsed_Time 13, CPU_Time 12.954796999996773
stamp 'PBS_TechMap-Postmap Cleanup' being created for table 'pbs_debug'

  Total Time (Wall) |  Stage Time (Wall)  |   % (Wall)   |    Date - Time     |  Memory   | Stage
--------------------+---------------------+--------------+--------------------+-----------+----------------------
 00:01:08(00:00:47) |  00:00:00(00:00:00) |   0.0(  0.0) |   22:13:30 (Apr08) |  680.5 MB | PBS_Generic-Start
--------------------+---------------------+--------------+--------------------+-----------+----------------------
 00:01:37(00:01:17) |  00:00:28(00:00:30) |  18.6( 18.8) |   22:14:00 (Apr08) |   1.16 GB | PBS_Generic_Opt-Post
--------------------+---------------------+--------------+--------------------+-----------+----------------------
 00:01:37(00:01:18) |  00:00:00(00:00:01) |   0.0(  0.6) |   22:14:01 (Apr08) |   1.16 GB | PBS_Generic-Postgen HBO Optimizations
--------------------+---------------------+--------------+--------------------+-----------+----------------------
 00:01:38(00:01:18) |  00:00:01(00:00:00) |   0.6(  0.0) |   22:14:01 (Apr08) |   1.16 GB | PBS_TechMap-Start
--------------------+---------------------+--------------+--------------------+-----------+----------------------
 00:01:38(00:01:19) |  00:00:00(00:00:01) |   0.0(  0.6) |   22:14:02 (Apr08) |   1.16 GB | PBS_TechMap-Premap HBO Optimizations
--------------------+---------------------+--------------+--------------------+-----------+----------------------
 00:03:27(00:03:10) |  00:01:48(00:01:51) |  70.4( 69.4) |   22:15:53 (Apr08) |   1.14 GB | PBS_Techmap-Global Mapping
--------------------+---------------------+--------------+--------------------+-----------+----------------------
 00:03:30(00:03:13) |  00:00:02(00:00:03) |   1.9(  1.9) |   22:15:56 (Apr08) |   1.14 GB | PBS_TechMap-Datapath Postmap Operations
--------------------+---------------------+--------------+--------------------+-----------+----------------------
 00:03:30(00:03:13) |  00:00:00(00:00:00) |  -0.0(  0.0) |   22:15:56 (Apr08) |   1.14 GB | PBS_TechMap-Postmap HBO Optimizations
--------------------+---------------------+--------------+--------------------+-----------+----------------------
 00:03:30(00:03:14) |  00:00:00(00:00:01) |   0.0(  0.6) |   22:15:57 (Apr08) |   1.14 GB | PBS_TechMap-Postmap Clock Gating
--------------------+---------------------+--------------+--------------------+-----------+----------------------
 00:03:43(00:03:27) |  00:00:12(00:00:13) |   8.4(  8.1) |   22:16:10 (Apr08) |   1.14 GB | PBS_TechMap-Postmap Cleanup
--------------------+---------------------+--------------+--------------------+-----------+----------------------
Number of threads: 8 * 1   (id: pbs_debug, time_info v1.57)
Info: (*N*) indicates data that was populated from previously saved time_info database
Info: CPU time includes time of parent + longest thread
PBS_Techmap-Post_MBCI - Elapsed_Time 0, CPU_Time 0.0
stamp 'PBS_Techmap-Post_MBCI' being created for table 'pbs_debug'

  Total Time (Wall) |  Stage Time (Wall)  |   % (Wall)   |    Date - Time     |  Memory   | Stage
--------------------+---------------------+--------------+--------------------+-----------+----------------------
 00:01:08(00:00:47) |  00:00:00(00:00:00) |   0.0(  0.0) |   22:13:30 (Apr08) |  680.5 MB | PBS_Generic-Start
--------------------+---------------------+--------------+--------------------+-----------+----------------------
 00:01:37(00:01:17) |  00:00:28(00:00:30) |  18.6( 18.8) |   22:14:00 (Apr08) |   1.16 GB | PBS_Generic_Opt-Post
--------------------+---------------------+--------------+--------------------+-----------+----------------------
 00:01:37(00:01:18) |  00:00:00(00:00:01) |   0.0(  0.6) |   22:14:01 (Apr08) |   1.16 GB | PBS_Generic-Postgen HBO Optimizations
--------------------+---------------------+--------------+--------------------+-----------+----------------------
 00:01:38(00:01:18) |  00:00:01(00:00:00) |   0.6(  0.0) |   22:14:01 (Apr08) |   1.16 GB | PBS_TechMap-Start
--------------------+---------------------+--------------+--------------------+-----------+----------------------
 00:01:38(00:01:19) |  00:00:00(00:00:01) |   0.0(  0.6) |   22:14:02 (Apr08) |   1.16 GB | PBS_TechMap-Premap HBO Optimizations
--------------------+---------------------+--------------+--------------------+-----------+----------------------
 00:03:27(00:03:10) |  00:01:48(00:01:51) |  70.4( 69.4) |   22:15:53 (Apr08) |   1.14 GB | PBS_Techmap-Global Mapping
--------------------+---------------------+--------------+--------------------+-----------+----------------------
 00:03:30(00:03:13) |  00:00:02(00:00:03) |   1.9(  1.9) |   22:15:56 (Apr08) |   1.14 GB | PBS_TechMap-Datapath Postmap Operations
--------------------+---------------------+--------------+--------------------+-----------+----------------------
 00:03:30(00:03:13) |  00:00:00(00:00:00) |  -0.0(  0.0) |   22:15:56 (Apr08) |   1.14 GB | PBS_TechMap-Postmap HBO Optimizations
--------------------+---------------------+--------------+--------------------+-----------+----------------------
 00:03:30(00:03:14) |  00:00:00(00:00:01) |   0.0(  0.6) |   22:15:57 (Apr08) |   1.14 GB | PBS_TechMap-Postmap Clock Gating
--------------------+---------------------+--------------+--------------------+-----------+----------------------
 00:03:43(00:03:27) |  00:00:12(00:00:13) |   8.4(  8.1) |   22:16:10 (Apr08) |   1.14 GB | PBS_TechMap-Postmap Cleanup
--------------------+---------------------+--------------+--------------------+-----------+----------------------
 00:03:43(00:03:27) |  00:00:00(00:00:00) |   0.0(  0.0) |   22:16:10 (Apr08) |   1.14 GB | PBS_Techmap-Post_MBCI
--------------------+---------------------+--------------+--------------------+-----------+----------------------
Number of threads: 8 * 1   (id: pbs_debug, time_info v1.57)
Info: (*N*) indicates data that was populated from previously saved time_info database
Info: CPU time includes time of parent + longest thread
##>=================== Cadence Confidential (Mapping-Logical) ===================
##>Main Thread Summary:
##>----------------------------------------------------------------------------------------
##>STEP                           Elapsed       WNS       TNS     Insts      Area    Memory
##>----------------------------------------------------------------------------------------
##>M:Initial                            0         -         -      9064       794      1162
##>M:Pre Cleanup                        0         -         -      9064       794      1162
##>M:Setup                              0         -         -         -         -         -
##>M:Early Clock Gating                 0         -         -         -         -         -
##>M:Launch ST                          0         -         -         -         -         -
##>M:Design Partition                   0         -         -         -         -         -
##>M:Create Partition Netlists          0         -         -         -         -         -
##>M:Init Power                         0         -         -         -         -         -
##>M:Budgeting                          0         -         -         -         -         -
##>M:Derenv-DB                          0         -         -         -         -         -
##>M:Debug Outputs                      0         -         -         -         -         -
##>M:ST loading                         0         -         -         -         -         -
##>M:Distributed                        0         -         -         -         -         -
##>M:Timer                              0         -         -         -         -         -
##>M:Assembly                           0         -         -         -         -         -
##>M:DFT                                0         -         -         -         -         -
##>M:DP Operations                      3         -         -      5174       495      1135
##>M:Const Prop                         0      -429     27741      5174       495      1135
##>M:Cleanup                           13      -415     27898      5946       535      1135
##>M:MBCI                               0         -         -      5946       535      1135
##>M:PostGen Opt                        0         -         -         -         -         -
##>M:Early Clock Gating Cleanup         0         -         -         -         -         -
##>M:Const Gate Removal                 0         -         -         -         -         -
##>M:Misc                             113
##>----------------------------------------------------------------------------------------
##>Total Elapsed                      129
##>========================================================================================
Info    : Done mapping. [SYNTH-5]
        : Done mapping 'Multiplier32'.
      flow.cputime  flow.realtime  timing.setup.tns  timing.setup.wns  snapshot
UM:*                                                                   syn_map
@file(genus.tcl) 74: write_hdl > outputs/synthesis_map.v
@file(genus.tcl) 77: ungroup -all
  Warning : No instances found to be ungrouped.

@file(genus.tcl) 79: set_db / .syn_opt_effort extreme
  Setting attribute of root '/': 'syn_opt_effort' = extreme
@file(genus.tcl) 80: syn_opt
Info    : Incrementally optimizing. [SYNTH-7]
        : Incrementally optimizing 'Multiplier32' using 'high' effort.
 
Incremental optimization status
===============================
                                   Group   
                                  Tot Wrst     Total - - - - DRC Totals - - - -
                           Total  Weighted      Neg      Max       Max     Max  
Operation                   Area   Slacks      Slack    Trans      Cap   Fanout 
 init_iopt                   536     -449    -27898         0        0        0
            Worst cost_group: C2C, WNS: -415.4
            Path: b_reg_reg[7]/CLK --> mult_reg_reg[47]/D
-------------------------------------------------------------------------------
 const_prop                  536     -449    -27898         0        0        0
            Worst cost_group: C2C, WNS: -415.4
            Path: b_reg_reg[7]/CLK --> mult_reg_reg[47]/D
 simp_cc_inputs              534     -449    -27888         0        0        0
            Worst cost_group: C2C, WNS: -415.0
            Path: b_reg_reg[7]/CLK --> mult_reg_reg[35]/D
-------------------------------------------------------------------------------
 hi_fo_buf                   534     -449    -27888         0        0        0
            Worst cost_group: C2C, WNS: -415.0
            Path: b_reg_reg[7]/CLK --> mult_reg_reg[35]/D

           Trick     Calls     Accepts   Attempts    Time(secs) 
-----------------------------------------------------------
       hi_fo_buf         0  (        0 /        0 )  0.00

 
Incremental optimization status
===============================
                                   Group   
                                  Tot Wrst     Total - - - - DRC Totals - - - -
                           Total  Weighted      Neg      Max       Max     Max  
Operation                   Area   Slacks      Slack    Trans      Cap   Fanout 
 init_delay                  534     -449    -27888         0        0        0
            Worst cost_group: C2C, WNS: -415.0
            Path: b_reg_reg[7]/CLK --> mult_reg_reg[35]/D
 incr_delay                  534     -444    -27696         0        0        0
            Worst cost_group: C2C, WNS: -410.6
            Path: b_reg_reg[7]/CLK --> mult_reg_reg[47]/D
 incr_delay                  537     -441    -27698         0        0        0
            Worst cost_group: C2C, WNS: -407.6
            Path: b_reg_reg[7]/CLK --> mult_reg_reg[49]/D
 incr_delay                  538     -440    -27651         0        0        0
            Worst cost_group: C2C, WNS: -406.1
            Path: b_reg_reg[21]/CLK --> mult_reg_reg[51]/D
 incr_delay                  538     -439    -27627         0        0        0
            Worst cost_group: C2C, WNS: -405.6
            Path: b_reg_reg[15]/CLK --> mult_reg_reg[63]/D
 incr_delay                  542     -438    -27602         0        0        0
            Worst cost_group: C2C, WNS: -404.2
            Path: b_reg_reg[5]/CLK --> mult_reg_reg[63]/D
 incr_delay                  545     -437    -27610         0        0        0
            Worst cost_group: C2C, WNS: -403.0
            Path: b_reg_reg[1]/CLK --> mult_reg_reg[41]/D
 incr_delay                  547     -436    -27485         0        0        0
            Worst cost_group: C2C, WNS: -402.2
            Path: b_reg_reg[13]/CLK --> mult_reg_reg[41]/D
 incr_delay                  550     -435    -27442         0        0        0
            Worst cost_group: C2C, WNS: -401.2
            Path: b_reg_reg[13]/CLK --> mult_reg_reg[63]/D
 incr_delay                  551     -434    -27446         0        0        0
            Worst cost_group: C2C, WNS: -400.6
            Path: b_reg_reg[13]/CLK --> mult_reg_reg[51]/D
 incr_delay                  551     -434    -27413         0        0        0
            Worst cost_group: C2C, WNS: -400.3
            Path: b_reg_reg[13]/CLK --> mult_reg_reg[63]/D
 incr_delay                  551     -434    -27412         0        0        0
            Worst cost_group: C2C, WNS: -400.1
            Path: b_reg_reg[23]/CLK --> mult_reg_reg[63]/D
 incr_delay                  552     -434    -27412         0        0        0
            Worst cost_group: C2C, WNS: -400.1
            Path: b_reg_reg[23]/CLK --> mult_reg_reg[63]/D

           Trick     Calls     Accepts   Attempts    Time(secs) 
-----------------------------------------------------------
        crit_msz      1187  (      152 /      175 )  6.97
       crit_upsz      1386  (      197 /      208 )  5.76
       crit_slew       591  (        9 /       20 )  1.33
        setup_dn       492  (        0 /        0 )  0.00
    plc_bal_star         0  (        0 /        0 )  0.00
     drc_buftimb         0  (        0 /        0 )  0.00
          plc_st       492  (        0 /        0 )  0.00
    plc_st_fence       492  (        0 /        0 )  0.00
        plc_star       492  (        0 /        0 )  0.00
      plc_laf_st       492  (        0 /        0 )  0.00
 plc_laf_st_fence       492  (        0 /        0 )  0.00
     drc_buftims         0  (        0 /        0 )  0.00
   plc_laf_lo_st       492  (        0 /        0 )  0.00
       plc_lo_st       492  (        0 /        0 )  0.00
            fopt       492  (        0 /        0 )  0.02
       crit_swap       492  (        0 /        0 )  0.72
       mux2_swap       492  (        0 /        0 )  0.00
       crit_dnsz      1335  (        5 /        5 )  2.13
       load_swap       517  (        0 /        0 )  0.73
            fopt      1079  (      120 /      125 )  4.85
        setup_dn       475  (        0 /        0 )  0.00
       load_isol       729  (       13 /       13 )  5.90
       load_isol       552  (        0 /        0 )  1.16
        move_for       848  (       20 /       20 )  2.00
        move_for       676  (        3 /        3 )  0.38
          rem_bi       624  (        1 /        3 )  0.09
         offload       608  (        0 /        0 )  0.01
          rem_bi       657  (        1 /       27 )  1.32
         offload       637  (        0 /        0 )  0.77
           phase       637  (        0 /        0 )  0.00
        in_phase       637  (        0 /        0 )  0.00
       merge_bit       863  (       12 /       16 )  0.51
     merge_idrvr       655  (        0 /        0 )  0.00
     merge_iload       655  (        0 /        0 )  0.00
    merge_idload       655  (        0 /        1 )  0.04
      merge_drvr       655  (        0 /        5 )  0.35
      merge_load       655  (        0 /        4 )  0.31
          decomp       655  (        0 /        0 )  3.72
        p_decomp       655  (        0 /        0 )  1.72
       gate_deco       191  (        1 /        1 )  2.71
       gcomp_tim       558  (       84 /       94 )  4.19
        levelize       622  (        6 /       54 )  2.08
        mb_split       544  (        0 /        0 )  0.00
             dup       711  (       10 /       11 )  1.92
      mux_retime       621  (        0 /        0 )  0.00
         buf2inv       621  (        0 /        0 )  0.00
             exp       132  (        7 /       67 )  2.69
       gate_deco       201  (        2 /        2 )  2.67
       gcomp_tim       308  (       27 /       39 )  2.25
  inv_pair_2_buf       929  (        0 /        0 )  0.00

 incr_delay                  553     -434    -27401         0        0        0
            Worst cost_group: C2C, WNS: -399.9
            Path: b_reg_reg[5]/CLK --> mult_reg_reg[63]/D
 incr_delay                  553     -434    -27401         0        0        0
            Worst cost_group: C2C, WNS: -399.8
            Path: a_reg_reg[19]/CLK --> mult_reg_reg[51]/D
 incr_delay                  553     -434    -27401         0        0        0
            Worst cost_group: C2C, WNS: -399.8
            Path: b_reg_reg[17]/CLK --> mult_reg_reg[51]/D
 incr_delay                  554     -433    -27375         0        0        0
            Worst cost_group: C2C, WNS: -399.5
            Path: b_reg_reg[15]/CLK --> mult_reg_reg[51]/D

           Trick     Calls     Accepts   Attempts    Time(secs) 
-----------------------------------------------------------
         crr_220        16  (        0 /       13 )  4.83
        crr_glob        31  (        0 /        0 )  0.11
         crr_200        62  (       20 /       56 )  2.73
        crr_glob        97  (       18 /       20 )  0.65
         crr_300        12  (        0 /        9 )  0.53
        crr_glob        27  (        0 /        0 )  0.03
         crr_400        10  (        0 /        7 )  0.58
        crr_glob        27  (        0 /        0 )  0.03
         crr_111        24  (        2 /       21 )  2.88
        crr_glob        27  (        0 /        2 )  0.15
         crr_210        26  (        5 /       23 )  3.47
        crr_glob        43  (        4 /        5 )  0.26
         crr_110        39  (        7 /       36 )  3.65
        crr_glob        47  (        7 /        7 )  0.29
         crr_101        24  (        2 /       20 )  1.03
        crr_glob        27  (        0 /        2 )  0.11
         crr_201        16  (        0 /       13 )  1.22
        crr_glob        27  (        0 /        0 )  0.04
         crr_211        16  (        0 /       13 )  3.48
        crr_glob        27  (        0 /        0 )  0.08
        crit_msz       126  (        5 /        8 )  0.46
       crit_upsz       237  (       14 /       18 )  0.68
       crit_slew       112  (        0 /        2 )  0.19
        setup_dn       231  (        0 /        0 )  0.00
    plc_bal_star         0  (        0 /        0 )  0.00
     drc_buftimb         0  (        0 /        0 )  0.00
          plc_st       112  (        0 /        0 )  0.00
    plc_st_fence       112  (        0 /        0 )  0.00
        plc_star       112  (        0 /        0 )  0.00
      plc_laf_st       112  (        0 /        0 )  0.00
 plc_laf_st_fence       112  (        0 /        0 )  0.00
     drc_buftims         0  (        0 /        0 )  0.00
       plc_lo_st       112  (        0 /        0 )  0.00
            fopt       274  (        9 /       10 )  0.44
       crit_swap       112  (        0 /        0 )  0.08
       mux2_swap       112  (        0 /        0 )  0.00
       crit_dnsz        67  (        0 /        0 )  0.09
       load_swap       107  (        1 /        1 )  0.07
            fopt       274  (        9 /       10 )  0.44
        setup_dn       231  (        0 /        0 )  0.00
       load_isol       253  (        1 /        1 )  0.83
       load_isol       253  (        1 /        1 )  0.83
        move_for       259  (        2 /        2 )  0.15
        move_for       259  (        2 /        2 )  0.15
          rem_bi       236  (        0 /        1 )  0.07
         offload       236  (        0 /        0 )  0.05
          rem_bi       236  (        0 /        1 )  0.07
         offload       236  (        0 /        0 )  0.05
       merge_bit       126  (        0 /        0 )  0.02
     merge_idrvr       118  (        0 /        0 )  0.00
     merge_iload       118  (        0 /        0 )  0.00
    merge_idload       118  (        0 /        0 )  0.00
      merge_drvr       118  (        0 /        0 )  0.03
      merge_load       118  (        0 /        0 )  0.03
           phase       118  (        0 /        0 )  0.00
          decomp       118  (        0 /        0 )  0.44
        p_decomp       118  (        0 /        0 )  0.20
       gate_deco        28  (        0 /        0 )  0.39
       gcomp_tim       104  (        3 /        5 )  0.63
        levelize       147  (        1 /        8 )  0.29
        mb_split       119  (        0 /        0 )  0.00
        in_phase       119  (        0 /        0 )  0.00
             dup       119  (        0 /        0 )  0.16
      mux_retime       119  (        0 /        0 )  0.00
         buf2inv       119  (        0 /        0 )  0.00
             exp         1  (        1 /        1 )  0.04
       gate_deco        28  (        0 /        0 )  0.39
       gcomp_tim       104  (        3 /        5 )  0.63
  inv_pair_2_buf       258  (        0 /        0 )  0.00
 init_drc                    554     -433    -27375         0        0        0
            Worst cost_group: C2C, WNS: -399.5
            Path: b_reg_reg[15]/CLK --> mult_reg_reg[51]/D

           Trick     Calls     Accepts   Attempts    Time(secs) 
-----------------------------------------------------------
          plc_st         0  (        0 /        0 )  0.00
        plc_star         0  (        0 /        0 )  0.00
        drc_bufs         0  (        0 /        0 )  0.00
        drc_fopt         0  (        0 /        0 )  0.00
        drc_bufb         0  (        0 /        0 )  0.00
      simple_buf         0  (        0 /        0 )  0.00
             dup         0  (        0 /        0 )  0.00
       crit_dnsz         0  (        0 /        0 )  0.00
       crit_upsz         0  (        0 /        0 )  0.00
       crit_slew         0  (        0 /        0 )  0.00


           Trick     Calls     Accepts   Attempts    Time(secs) 
-----------------------------------------------------------
          plc_st         0  (        0 /        0 )  0.00
        plc_star         0  (        0 /        0 )  0.00
      drc_buf_sp         0  (        0 /        0 )  0.00
        drc_bufs         0  (        0 /        0 )  0.00
        drc_fopt         0  (        0 /        0 )  0.00
        drc_bufb         0  (        0 /        0 )  0.00
      simple_buf         0  (        0 /        0 )  0.00
             dup         0  (        0 /        0 )  0.00
       crit_dnsz         0  (        0 /        0 )  0.00
       crit_upsz         0  (        0 /        0 )  0.00


           Trick     Calls     Accepts   Attempts    Time(secs) 
-----------------------------------------------------------
          plc_st         0  (        0 /        0 )  0.00
        plc_star         0  (        0 /        0 )  0.00
      drc_buf_sp         0  (        0 /        0 )  0.00
        drc_bufs         0  (        0 /        0 )  0.00
        drc_fopt         0  (        0 /        0 )  0.00
        drc_bufb         0  (        0 /        0 )  0.00
             dup         0  (        0 /        0 )  0.00
       crit_dnsz         0  (        0 /        0 )  0.00
       crit_upsz         0  (        0 /        0 )  0.00

 init_tns                    554     -433    -27375         0        0        0
            Worst cost_group: C2C, WNS: -399.5
            Path: b_reg_reg[15]/CLK --> mult_reg_reg[51]/D
 incr_tns                    548     -431    -26858         0        0        0
            Worst cost_group: C2C, WNS: -397.7
            Path: b_reg_reg[15]/CLK --> mult_reg_reg[41]/D
 incr_tns                    548     -431    -26858         0        0        0
            Worst cost_group: C2C, WNS: -397.7
            Path: b_reg_reg[15]/CLK --> mult_reg_reg[41]/D

           Trick     Calls     Accepts   Attempts    Time(secs) 
-----------------------------------------------------------
            fopt      1121  (        3 /        9 )  0.94
    plc_bal_star         0  (        0 /        0 )  0.00
     drc_buftimb         0  (        0 /        0 )  0.00
     drc_buftims         0  (        0 /        0 )  0.00
        crit_msz      1118  (       46 /      137 )  5.01
       crit_upsz      1072  (       23 /       95 )  2.22
   plc_laf_lo_st      1049  (        0 /        0 )  0.00
       plc_lo_st      1049  (        0 /        0 )  0.00
       crit_swap      1049  (       13 /       66 )  2.23
       mux2_swap      1036  (        0 /        0 )  0.00
       crit_dnsz      1715  (       34 /      143 )  3.69
       load_swap      1002  (        0 /       90 )  1.76
            fopt      1002  (        3 /       21 )  1.26
        setup_dn       999  (        0 /        0 )  0.00
       load_isol       999  (        0 /        0 )  5.54
       load_isol       999  (        0 /        0 )  0.93
        move_for       999  (        4 /       19 )  1.61
        move_for       995  (        2 /       18 )  1.28
          rem_bi       993  (        5 /       10 )  0.54
         offload       988  (        0 /        8 )  0.55
          rem_bi       988  (        7 /       17 )  1.04
         offload       981  (        2 /       19 )  1.94
       merge_bit      1065  (       21 /       46 )  0.72
     merge_idrvr       966  (        0 /        0 )  0.00
     merge_iload       966  (        0 /        0 )  0.02
    merge_idload       966  (        0 /        0 )  0.02
      merge_drvr       966  (        0 /        0 )  0.25
      merge_load       966  (        0 /        0 )  0.19
           phase       966  (        0 /        0 )  0.00
          decomp       966  (        0 /        0 )  3.64
        p_decomp       966  (        0 /        0 )  1.59
       gate_deco       231  (        0 /        0 )  2.83
       gcomp_tim       584  (       55 /       81 )  3.42
        levelize       911  (        0 /        4 )  0.24
        mb_split       911  (        0 /        0 )  0.01
             dup       911  (        0 /        1 )  0.95
      mux_retime       911  (        0 /        0 )  0.00
       crr_local       911  (       36 /      117 )  25.79
       crr_local       875  (       21 /       98 )  16.38
         buf2inv       854  (        0 /        0 )  0.00

 init_area                   548     -431    -26858         0        0        0
            Worst cost_group: C2C, WNS: -397.7
            Path: b_reg_reg[15]/CLK --> mult_reg_reg[41]/D
 undup                       548     -431    -26858         0        0        0
            Worst cost_group: C2C, WNS: -397.7
            Path: b_reg_reg[15]/CLK --> mult_reg_reg[41]/D
 rem_buf                     538     -431    -26855         0        0        0
            Worst cost_group: C2C, WNS: -397.7
            Path: b_reg_reg[11]/CLK --> mult_reg_reg[41]/D
 rem_inv                     530     -431    -26851         0        0        0
            Worst cost_group: C2C, WNS: -397.7
            Path: b_reg_reg[1]/CLK --> mult_reg_reg[41]/D
 merge_bi                    518     -431    -26835         0        0        0
            Worst cost_group: C2C, WNS: -397.7
            Path: b_reg_reg[2]/CLK --> mult_reg_reg[41]/D
 merge_bi                    516     -431    -26835         0        0        0
            Worst cost_group: C2C, WNS: -397.7
            Path: b_reg_reg[11]/CLK --> mult_reg_reg[41]/D
 io_phase                    515     -431    -26835         0        0        0
            Worst cost_group: C2C, WNS: -397.7
            Path: b_reg_reg[11]/CLK --> mult_reg_reg[41]/D
 gate_comp                   514     -431    -26835         0        0        0
            Worst cost_group: C2C, WNS: -397.7
            Path: b_reg_reg[11]/CLK --> mult_reg_reg[41]/D
 gcomp_mog                   514     -431    -26835         0        0        0
            Worst cost_group: C2C, WNS: -397.7
            Path: b_reg_reg[11]/CLK --> mult_reg_reg[41]/D
 glob_area                   513     -431    -26835         0        0        0
            Worst cost_group: C2C, WNS: -397.7
            Path: b_reg_reg[17]/CLK --> mult_reg_reg[41]/D
 area_down                   509     -431    -26830         0        0        0
            Worst cost_group: C2C, WNS: -397.7
            Path: b_reg_reg[16]/CLK --> mult_reg_reg[41]/D
 rem_buf                     507     -431    -26828         0        0        0
            Worst cost_group: C2C, WNS: -397.7
            Path: b_reg_reg[16]/CLK --> mult_reg_reg[41]/D
 rem_inv                     506     -431    -26828         0        0        0
            Worst cost_group: C2C, WNS: -397.7
            Path: b_reg_reg[16]/CLK --> mult_reg_reg[41]/D
 merge_bi                    505     -431    -26828         0        0        0
            Worst cost_group: C2C, WNS: -397.7
            Path: b_reg_reg[16]/CLK --> mult_reg_reg[41]/D
 merge_bi                    505     -431    -26828         0        0        0
            Worst cost_group: C2C, WNS: -397.7
            Path: b_reg_reg[16]/CLK --> mult_reg_reg[41]/D

           Trick     Calls     Accepts   Attempts    Time(secs) 
-----------------------------------------------------------
           undup        12  (        5 /        9 )  0.14
         rem_buf       558  (      160 /      242 )  3.87
         rem_inv       493  (      174 /      279 )  4.93
        merge_bi       579  (      346 /      487 )  7.43
      rem_inv_qb       106  (        0 /        0 )  0.00
    seq_res_area         4  (        0 /        0 )  1.60
        io_phase        95  (       27 /       43 )  0.60
       gate_comp       259  (       12 /       15 )  1.27
       gcomp_mog        52  (        6 /        7 )  0.71
       glob_area        40  (       20 /       40 )  2.18
       area_down       221  (       84 /      147 )  5.05
      size_n_buf         0  (        0 /        0 )  0.02
  gate_deco_area         0  (        0 /        0 )  0.01
         rem_buf       366  (       36 /       86 )  1.81
         rem_inv       231  (       35 /       69 )  1.76
        merge_bi       215  (       33 /      127 )  2.98
      rem_inv_qb       106  (        0 /        0 )  0.00

 
Incremental optimization status
===============================
                                   Group   
                                  Tot Wrst     Total - - - - DRC Totals - - - -
                           Total  Weighted      Neg      Max       Max     Max  
Operation                   Area   Slacks      Slack    Trans      Cap   Fanout 
 init_delay                  505     -431    -26828         0        0        0
            Worst cost_group: C2C, WNS: -397.7
            Path: b_reg_reg[16]/CLK --> mult_reg_reg[41]/D
 incr_delay                  506     -431    -26836         0        0        0
            Worst cost_group: C2C, WNS: -397.4
            Path: b_reg_reg[11]/CLK --> mult_reg_reg[63]/D
 incr_delay                  507     -431    -26834         0        0        0
            Worst cost_group: C2C, WNS: -397.3
            Path: b_reg_reg[11]/CLK --> mult_reg_reg[63]/D
 incr_delay                  508     -431    -26829         0        0        0
            Worst cost_group: C2C, WNS: -397.1
            Path: b_reg_reg[16]/CLK --> mult_reg_reg[33]/D
 incr_delay                  509     -431    -26756         0        0        0
            Worst cost_group: C2C, WNS: -396.9
            Path: b_reg_reg[20]/CLK --> mult_reg_reg[63]/D
 incr_delay                  509     -430    -26749         0        0        0
            Worst cost_group: C2C, WNS: -396.1
            Path: a_reg_reg[2]/CLK --> mult_reg_reg[41]/D
 incr_delay                  513     -429    -26704         0        0        0
            Worst cost_group: C2C, WNS: -396.1
            Path: a_reg_reg[2]/CLK --> mult_reg_reg[41]/D

           Trick     Calls     Accepts   Attempts    Time(secs) 
-----------------------------------------------------------
         crr_220        19  (        0 /       15 )  4.41
        crr_glob        31  (        0 /        0 )  0.10
         crr_200        73  (       25 /       67 )  3.51
        crr_glob       111  (       25 /       25 )  0.65
         crr_300        13  (        0 /        9 )  0.74
        crr_glob        31  (        0 /        0 )  0.03
         crr_400        11  (        0 /        7 )  0.77
        crr_glob        31  (        0 /        0 )  0.03
         crr_111        27  (        2 /       23 )  3.10
        crr_glob        31  (        0 /        2 )  0.16
         crr_210        38  (        5 /       34 )  4.88
        crr_glob        65  (        4 /        5 )  0.25
         crr_110        67  (       20 /       62 )  5.17
        crr_glob        78  (       15 /       20 )  0.64
         crr_101        96  (       16 /       86 )  5.40
        crr_glob       120  (       15 /       16 )  0.54
         crr_201        18  (        0 /       14 )  1.15
        crr_glob        29  (        0 /        0 )  0.05
         crr_211        18  (        0 /       14 )  3.34
        crr_glob        29  (        0 /        0 )  0.07
        crit_msz       213  (       10 /       11 )  0.71
       crit_upsz       333  (       91 /       93 )  1.94
       crit_slew       120  (        0 /        0 )  0.10
        setup_dn       240  (        0 /        0 )  0.00
    plc_bal_star         0  (        0 /        0 )  0.00
     drc_buftimb         0  (        0 /        0 )  0.00
          plc_st       120  (        0 /        0 )  0.00
    plc_st_fence       120  (        0 /        0 )  0.00
        plc_star       120  (        0 /        0 )  0.00
      plc_laf_st       120  (        0 /        0 )  0.00
 plc_laf_st_fence       120  (        0 /        0 )  0.00
     drc_buftims         0  (        0 /        0 )  0.00
       plc_lo_st       120  (        0 /        0 )  0.00
            fopt       240  (        0 /        1 )  0.07
       crit_swap       120  (        0 /        0 )  0.04
       mux2_swap       120  (        0 /        0 )  0.00
       crit_dnsz        63  (        0 /        0 )  0.09
       load_swap       120  (        0 /        0 )  0.04
            fopt       240  (        0 /        1 )  0.07
        setup_dn       240  (        0 /        0 )  0.00
       load_isol       240  (        0 /        0 )  0.45
       load_isol       240  (        0 /        0 )  0.45
        move_for       240  (        0 /        0 )  0.06
        move_for       240  (        0 /        0 )  0.06
          rem_bi       240  (        0 /        1 )  0.06
         offload       240  (        0 /        0 )  0.02
          rem_bi       240  (        0 /        1 )  0.06
         offload       240  (        0 /        0 )  0.02
       merge_bit       122  (        0 /        0 )  0.01
     merge_idrvr       120  (        0 /        0 )  0.00
     merge_iload       120  (        0 /        0 )  0.00
    merge_idload       120  (        0 /        0 )  0.00
      merge_drvr       120  (        0 /        0 )  0.01
      merge_load       120  (        0 /        0 )  0.01
           phase       120  (        0 /        0 )  0.00
          decomp       120  (        0 /        0 )  0.18
        p_decomp       120  (        0 /        0 )  0.06
       gate_deco        19  (        0 /        0 )  0.28
       gcomp_tim        83  (        4 /        4 )  0.41
        levelize       127  (        0 /        4 )  0.11
        mb_split       127  (        0 /        0 )  0.00
        in_phase       127  (        0 /        0 )  0.00
             dup       127  (        0 /        0 )  0.04
      mux_retime       127  (        0 /        0 )  0.00
         buf2inv       127  (        0 /        0 )  0.00
             exp        16  (        0 /       10 )  0.38
       gate_deco        19  (        0 /        0 )  0.28
       gcomp_tim        83  (        4 /        4 )  0.41
  inv_pair_2_buf       352  (        0 /        0 )  0.00
 init_drc                    513     -429    -26704         0        0        0
            Worst cost_group: C2C, WNS: -396.1
            Path: a_reg_reg[2]/CLK --> mult_reg_reg[41]/D

           Trick     Calls     Accepts   Attempts    Time(secs) 
-----------------------------------------------------------
          plc_st         0  (        0 /        0 )  0.00
        plc_star         0  (        0 /        0 )  0.00
        drc_bufs         0  (        0 /        0 )  0.00
        drc_fopt         0  (        0 /        0 )  0.00
        drc_bufb         0  (        0 /        0 )  0.00
      simple_buf         0  (        0 /        0 )  0.00
             dup         0  (        0 /        0 )  0.00
       crit_dnsz         0  (        0 /        0 )  0.00
       crit_upsz         0  (        0 /        0 )  0.00
       crit_slew         0  (        0 /        0 )  0.00


           Trick     Calls     Accepts   Attempts    Time(secs) 
-----------------------------------------------------------
          plc_st         0  (        0 /        0 )  0.00
        plc_star         0  (        0 /        0 )  0.00
      drc_buf_sp         0  (        0 /        0 )  0.00
        drc_bufs         0  (        0 /        0 )  0.00
        drc_fopt         0  (        0 /        0 )  0.00
        drc_bufb         0  (        0 /        0 )  0.00
      simple_buf         0  (        0 /        0 )  0.00
             dup         0  (        0 /        0 )  0.00
       crit_dnsz         0  (        0 /        0 )  0.00
       crit_upsz         0  (        0 /        0 )  0.00


           Trick     Calls     Accepts   Attempts    Time(secs) 
-----------------------------------------------------------
          plc_st         0  (        0 /        0 )  0.00
        plc_star         0  (        0 /        0 )  0.00
      drc_buf_sp         0  (        0 /        0 )  0.00
        drc_bufs         0  (        0 /        0 )  0.00
        drc_fopt         0  (        0 /        0 )  0.00
        drc_bufb         0  (        0 /        0 )  0.00
             dup         0  (        0 /        0 )  0.00
       crit_dnsz         0  (        0 /        0 )  0.00
       crit_upsz         0  (        0 /        0 )  0.00

 init_tns                    513     -429    -26704         0        0        0
            Worst cost_group: C2C, WNS: -396.1
            Path: a_reg_reg[2]/CLK --> mult_reg_reg[41]/D
 incr_tns                    512     -429    -26645         0        0        0
            Worst cost_group: C2C, WNS: -396.0
            Path: b_reg_reg[21]/CLK --> mult_reg_reg[51]/D
 incr_tns                    512     -429    -26645         0        0        0
            Worst cost_group: C2C, WNS: -396.0
            Path: b_reg_reg[21]/CLK --> mult_reg_reg[51]/D

           Trick     Calls     Accepts   Attempts    Time(secs) 
-----------------------------------------------------------
            fopt       333  (        0 /        1 )  0.21
    plc_bal_star         0  (        0 /        0 )  0.00
     drc_buftimb         0  (        0 /        0 )  0.00
     drc_buftims         0  (        0 /        0 )  0.00
        crit_msz       333  (        2 /       44 )  1.97
       crit_upsz       331  (       11 /       75 )  2.06
   plc_laf_lo_st       320  (        0 /        0 )  0.00
       plc_lo_st       320  (        0 /        0 )  0.00
       crit_swap       320  (        5 /       34 )  1.25
       mux2_swap       315  (        0 /        0 )  0.00
       crit_dnsz       828  (       14 /      125 )  2.85
       load_swap       301  (        0 /       98 )  1.68
            fopt       301  (        1 /       16 )  0.55
        setup_dn       300  (        0 /        0 )  0.00
       load_isol       300  (        0 /        3 )  2.87
       load_isol       300  (        0 /        3 )  0.89
        move_for       300  (        4 /       18 )  1.27
        move_for       296  (        1 /       10 )  0.72
          rem_bi       295  (        2 /        3 )  0.19
         offload       293  (        0 /        3 )  0.37
          rem_bi       293  (        0 /        4 )  0.51
         offload       293  (        0 /        8 )  1.26
       merge_bit       307  (        0 /        5 )  0.08
     merge_idrvr       293  (        0 /        0 )  0.00
     merge_iload       293  (        0 /        0 )  0.01
    merge_idload       293  (        0 /        0 )  0.00
      merge_drvr       293  (        0 /        0 )  0.21
      merge_load       293  (        0 /        0 )  0.18
           phase       293  (        0 /        0 )  0.00
          decomp       293  (        0 /        0 )  1.65
        p_decomp       293  (        0 /        0 )  0.75
       gate_deco        76  (        0 /        0 )  1.06
       gcomp_tim       222  (        2 /        9 )  1.17
        levelize       291  (        2 /        5 )  0.29
        mb_split       289  (        0 /        0 )  0.01
             dup       289  (        0 /        0 )  0.46
      mux_retime       289  (        0 /        0 )  0.00
       crr_local       289  (       12 /       51 )  13.36
       crr_local       277  (        5 /       55 )  8.31
         buf2inv       272  (        0 /        0 )  0.00

 init_area                   512     -429    -26645         0        0        0
            Worst cost_group: C2C, WNS: -396.0
            Path: b_reg_reg[21]/CLK --> mult_reg_reg[51]/D
 undup                       512     -429    -26645         0        0        0
            Worst cost_group: C2C, WNS: -396.0
            Path: b_reg_reg[21]/CLK --> mult_reg_reg[51]/D
 rem_buf                     510     -429    -26633         0        0        0
            Worst cost_group: C2C, WNS: -396.0
            Path: b_reg_reg[29]/CLK --> mult_reg_reg[51]/D
 rem_inv                     509     -429    -26623         0        0        0
            Worst cost_group: C2C, WNS: -396.0
            Path: b_reg_reg[29]/CLK --> mult_reg_reg[51]/D
 merge_bi                    508     -429    -26623         0        0        0
            Worst cost_group: C2C, WNS: -396.0
            Path: b_reg_reg[29]/CLK --> mult_reg_reg[51]/D
 merge_bi                    508     -429    -26623         0        0        0
            Worst cost_group: C2C, WNS: -396.0
            Path: b_reg_reg[29]/CLK --> mult_reg_reg[51]/D
 io_phase                    506     -429    -26622         0        0        0
            Worst cost_group: C2C, WNS: -396.0
            Path: b_reg_reg[21]/CLK --> mult_reg_reg[51]/D
 gate_comp                   506     -429    -26623         0        0        0
            Worst cost_group: C2C, WNS: -396.0
            Path: b_reg_reg[21]/CLK --> mult_reg_reg[51]/D
 glob_area                   506     -429    -26623         0        0        0
            Worst cost_group: C2C, WNS: -396.0
            Path: b_reg_reg[21]/CLK --> mult_reg_reg[51]/D
 area_down                   505     -429    -26622         0        0        0
            Worst cost_group: C2C, WNS: -396.0
            Path: b_reg_reg[21]/CLK --> mult_reg_reg[63]/D

           Trick     Calls     Accepts   Attempts    Time(secs) 
-----------------------------------------------------------
           undup         7  (        1 /        5 )  0.07
         rem_buf       342  (       32 /       79 )  1.68
         rem_inv       192  (       16 /       41 )  1.23
        merge_bi       199  (       36 /      114 )  2.28
      rem_inv_qb       106  (        0 /        0 )  0.00
        io_phase       102  (       24 /       46 )  0.60
       gate_comp       266  (        1 /        7 )  1.13
       gcomp_mog        50  (        0 /        2 )  0.56
       glob_area        34  (        8 /       34 )  2.08
       area_down       208  (       43 /      102 )  4.16
      size_n_buf         0  (        0 /        0 )  0.03
  gate_deco_area         0  (        0 /        0 )  0.00

 
Incremental optimization status
===============================
                                   Group   
                                  Tot Wrst     Total - - - - DRC Totals - - - -
                           Total  Weighted      Neg      Max       Max     Max  
Operation                   Area   Slacks      Slack    Trans      Cap   Fanout 
 init_delay                  505     -429    -26622         0        0        0
            Worst cost_group: C2C, WNS: -396.0
            Path: b_reg_reg[21]/CLK --> mult_reg_reg[63]/D
 incr_delay                  506     -428    -26606         0        0        0
            Worst cost_group: C2C, WNS: -395.2
            Path: b_reg_reg[1]/CLK --> mult_reg_reg[41]/D
 incr_delay                  509     -428    -26645         0        0        0
            Worst cost_group: C2C, WNS: -394.9
            Path: b_reg_reg[21]/CLK --> mult_reg_reg[41]/D
 incr_delay                  509     -428    -26641         0        0        0
            Worst cost_group: C2C, WNS: -394.7
            Path: b_reg_reg[7]/CLK --> mult_reg_reg[51]/D
 incr_delay                  511     -428    -26633         0        0        0
            Worst cost_group: C2C, WNS: -394.6
            Path: b_reg_reg[11]/CLK --> mult_reg_reg[41]/D
 incr_delay                  512     -427    -26651         0        0        0
            Worst cost_group: C2C, WNS: -394.3
            Path: b_reg_reg[13]/CLK --> mult_reg_reg[51]/D
 incr_delay                  512     -427    -26658         0        0        0
            Worst cost_group: C2C, WNS: -394.2
            Path: b_reg_reg[17]/CLK --> mult_reg_reg[63]/D
 incr_delay                  512     -427    -26655         0        0        0
            Worst cost_group: C2C, WNS: -394.0
            Path: b_reg_reg[17]/CLK --> mult_reg_reg[41]/D
 incr_delay                  512     -427    -26651         0        0        0
            Worst cost_group: C2C, WNS: -393.9
            Path: b_reg_reg[17]/CLK --> mult_reg_reg[41]/D
 incr_delay                  513     -427    -26649         0        0        0
            Worst cost_group: C2C, WNS: -393.8
            Path: b_reg_reg[17]/CLK --> mult_reg_reg[41]/D
 incr_delay                  515     -427    -26708         0        0        0
            Worst cost_group: C2C, WNS: -393.5
            Path: b_reg_reg[15]/CLK --> mult_reg_reg[41]/D
 incr_delay                  515     -426    -26705         0        0        0
            Worst cost_group: C2C, WNS: -393.4
            Path: b_reg_reg[17]/CLK --> mult_reg_reg[41]/D
 incr_delay                  516     -426    -26714         0        0        0
            Worst cost_group: C2C, WNS: -393.3
            Path: b_reg_reg[13]/CLK --> mult_reg_reg[51]/D
 incr_delay                  516     -426    -26711         0        0        0
            Worst cost_group: C2C, WNS: -393.2
            Path: b_reg_reg[15]/CLK --> mult_reg_reg[41]/D

           Trick     Calls     Accepts   Attempts    Time(secs) 
-----------------------------------------------------------
        crit_msz      1253  (       64 /       88 )  6.06
       crit_upsz      1374  (      122 /      138 )  7.41
       crit_slew       558  (        3 /        9 )  0.95
        setup_dn       535  (        0 /        0 )  0.00
    plc_bal_star         0  (        0 /        0 )  0.00
     drc_buftimb         0  (        0 /        0 )  0.00
          plc_st       535  (        0 /        0 )  0.00
    plc_st_fence       535  (        0 /        0 )  0.00
        plc_star       535  (        0 /        0 )  0.00
      plc_laf_st       535  (        0 /        0 )  0.00
 plc_laf_st_fence       535  (        0 /        0 )  0.00
     drc_buftims         0  (        0 /        0 )  0.00
   plc_laf_lo_st       535  (        0 /        0 )  0.00
       plc_lo_st       535  (        0 /        0 )  0.00
            fopt       535  (        0 /        0 )  0.02
       crit_swap       535  (        0 /        0 )  0.74
       mux2_swap       535  (        0 /        0 )  0.00
       crit_dnsz      1034  (        3 /        3 )  1.83
       load_swap       474  (        0 /        0 )  0.69
            fopt       765  (       49 /       59 )  2.56
        setup_dn       501  (        0 /        0 )  0.00
       load_isol       777  (       12 /       12 )  6.41
       load_isol       683  (        4 /        4 )  1.43
        move_for       886  (       14 /       14 )  2.00
        move_for       673  (        0 /        0 )  0.24
          rem_bi       673  (        0 /        4 )  0.21
         offload       673  (        0 /        0 )  0.08
          rem_bi       673  (        0 /       28 )  1.57
         offload       722  (        1 /        1 )  1.15
           phase       705  (        0 /        0 )  0.00
        in_phase       705  (        0 /        0 )  0.00
       merge_bit       743  (        1 /        3 )  0.15
     merge_idrvr       705  (        0 /        0 )  0.00
     merge_iload       705  (        0 /        0 )  0.00
    merge_idload       705  (        0 /        0 )  0.00
      merge_drvr       705  (        0 /        4 )  0.58
      merge_load       705  (        0 /        4 )  0.52
          decomp       705  (        0 /        0 )  5.17
        p_decomp       705  (        0 /        0 )  2.03
       gate_deco       202  (        2 /        2 )  2.99
       gcomp_tim       399  (       13 /       17 )  2.45
        levelize       771  (        1 /       80 )  2.88
        mb_split       766  (        0 /        0 )  0.00
             dup       801  (        6 /        6 )  2.21
      mux_retime       768  (        0 /        0 )  0.00
         buf2inv       768  (        0 /        0 )  0.00
             exp       122  (        3 /       65 )  3.05
       gate_deco       179  (        0 /        0 )  2.28
       gcomp_tim       233  (        1 /        1 )  1.13
  inv_pair_2_buf      2348  (        0 /        0 )  0.01

 init_drc                    516     -426    -26711         0        0        0
            Worst cost_group: C2C, WNS: -393.2
            Path: b_reg_reg[15]/CLK --> mult_reg_reg[41]/D

           Trick     Calls     Accepts   Attempts    Time(secs) 
-----------------------------------------------------------
          plc_st         0  (        0 /        0 )  0.00
        plc_star         0  (        0 /        0 )  0.00
        drc_bufs         0  (        0 /        0 )  0.00
        drc_fopt         0  (        0 /        0 )  0.00
        drc_bufb         0  (        0 /        0 )  0.00
      simple_buf         0  (        0 /        0 )  0.00
             dup         0  (        0 /        0 )  0.00
       crit_dnsz         0  (        0 /        0 )  0.00
       crit_upsz         0  (        0 /        0 )  0.00
       crit_slew         0  (        0 /        0 )  0.00


           Trick     Calls     Accepts   Attempts    Time(secs) 
-----------------------------------------------------------
          plc_st         0  (        0 /        0 )  0.00
        plc_star         0  (        0 /        0 )  0.00
      drc_buf_sp         0  (        0 /        0 )  0.00
        drc_bufs         0  (        0 /        0 )  0.00
        drc_fopt         0  (        0 /        0 )  0.00
        drc_bufb         0  (        0 /        0 )  0.00
      simple_buf         0  (        0 /        0 )  0.00
             dup         0  (        0 /        0 )  0.00
       crit_dnsz         0  (        0 /        0 )  0.00
       crit_upsz         0  (        0 /        0 )  0.00


           Trick     Calls     Accepts   Attempts    Time(secs) 
-----------------------------------------------------------
          plc_st         0  (        0 /        0 )  0.00
        plc_star         0  (        0 /        0 )  0.00
      drc_buf_sp         0  (        0 /        0 )  0.00
        drc_bufs         0  (        0 /        0 )  0.00
        drc_fopt         0  (        0 /        0 )  0.00
        drc_bufb         0  (        0 /        0 )  0.00
             dup         0  (        0 /        0 )  0.00
       crit_dnsz         0  (        0 /        0 )  0.00
       crit_upsz         0  (        0 /        0 )  0.00

 init_area                   516     -426    -26711         0        0        0
            Worst cost_group: C2C, WNS: -393.2
            Path: b_reg_reg[15]/CLK --> mult_reg_reg[41]/D
 undup                       516     -426    -26711         0        0        0
            Worst cost_group: C2C, WNS: -393.2
            Path: b_reg_reg[15]/CLK --> mult_reg_reg[41]/D
 rem_buf                     514     -426    -26707         0        0        0
            Worst cost_group: C2C, WNS: -393.2
            Path: b_reg_reg[15]/CLK --> mult_reg_reg[41]/D
 rem_inv                     511     -426    -26647         0        0        0
            Worst cost_group: C2C, WNS: -393.2
            Path: b_reg_reg[15]/CLK --> mult_reg_reg[41]/D
 merge_bi                    509     -426    -26637         0        0        0
            Worst cost_group: C2C, WNS: -393.2
            Path: b_reg_reg[15]/CLK --> mult_reg_reg[41]/D
 merge_bi                    509     -426    -26637         0        0        0
            Worst cost_group: C2C, WNS: -393.2
            Path: b_reg_reg[15]/CLK --> mult_reg_reg[41]/D
 io_phase                    509     -426    -26637         0        0        0
            Worst cost_group: C2C, WNS: -393.2
            Path: b_reg_reg[15]/CLK --> mult_reg_reg[41]/D
 gate_comp                   508     -426    -26637         0        0        0
            Worst cost_group: C2C, WNS: -393.2
            Path: b_reg_reg[15]/CLK --> mult_reg_reg[41]/D
 glob_area                   508     -426    -26637         0        0        0
            Worst cost_group: C2C, WNS: -393.2
            Path: b_reg_reg[15]/CLK --> mult_reg_reg[41]/D
 area_down                   507     -426    -26632         0        0        0
            Worst cost_group: C2C, WNS: -393.2
            Path: b_reg_reg[15]/CLK --> mult_reg_reg[41]/D

           Trick     Calls     Accepts   Attempts    Time(secs) 
-----------------------------------------------------------
           undup        11  (        2 /       12 )  0.13
         rem_buf       356  (       31 /       54 )  1.71
         rem_inv       220  (       47 /       63 )  1.62
        merge_bi       215  (       63 /      103 )  2.34
      rem_inv_qb       108  (        0 /        0 )  0.00
        io_phase        72  (        6 /       16 )  0.33
       gate_comp       267  (        6 /       11 )  1.25
       gcomp_mog        48  (        0 /        1 )  0.56
       glob_area        33  (        6 /       33 )  2.39
       area_down       209  (       44 /       71 )  4.01
      size_n_buf         0  (        0 /        0 )  0.03
  gate_deco_area         0  (        0 /        0 )  0.00

 
Incremental optimization status
===============================
                                   Group   
                                  Tot Wrst     Total - - - - DRC Totals - - - -
                           Total  Weighted      Neg      Max       Max     Max  
Operation                   Area   Slacks      Slack    Trans      Cap   Fanout 
 init_iopt                   507     -426    -26632         0        0        0
            Worst cost_group: C2C, WNS: -393.2
            Path: b_reg_reg[15]/CLK --> mult_reg_reg[41]/D
-------------------------------------------------------------------------------
 const_prop                  507     -426    -26632         0        0        0
            Worst cost_group: C2C, WNS: -393.2
            Path: b_reg_reg[15]/CLK --> mult_reg_reg[41]/D
-------------------------------------------------------------------------------
 hi_fo_buf                   507     -426    -26632         0        0        0
            Worst cost_group: C2C, WNS: -393.2
            Path: b_reg_reg[15]/CLK --> mult_reg_reg[41]/D

           Trick     Calls     Accepts   Attempts    Time(secs) 
-----------------------------------------------------------
       hi_fo_buf         0  (        0 /        0 )  0.00

 
Incremental optimization status
===============================
                                   Group   
                                  Tot Wrst     Total - - - - DRC Totals - - - -
                           Total  Weighted      Neg      Max       Max     Max  
Operation                   Area   Slacks      Slack    Trans      Cap   Fanout 
 init_delay                  507     -426    -26632         0        0        0
            Worst cost_group: C2C, WNS: -393.2
            Path: b_reg_reg[15]/CLK --> mult_reg_reg[41]/D
 incr_delay                  508     -426    -26635         0        0        0
            Worst cost_group: C2C, WNS: -393.2
            Path: b_reg_reg[23]/CLK --> mult_reg_reg[63]/D
 incr_delay                  508     -426    -26638         0        0        0
            Worst cost_group: C2C, WNS: -393.1
            Path: b_reg_reg[31]/CLK --> mult_reg_reg[51]/D
 incr_delay                  509     -426    -26646         0        0        0
            Worst cost_group: C2C, WNS: -393.0
            Path: b_reg_reg[9]/CLK --> mult_reg_reg[41]/D
 incr_delay                  510     -426    -26640         0        0        0
            Worst cost_group: C2C, WNS: -392.9
            Path: b_reg_reg[2]/CLK --> mult_reg_reg[41]/D
 incr_delay                  511     -426    -26639         0        0        0
            Worst cost_group: C2C, WNS: -392.9
            Path: b_reg_reg[15]/CLK --> mult_reg_reg[63]/D
 incr_delay                  511     -426    -26631         0        0        0
            Worst cost_group: C2C, WNS: -392.8
            Path: b_reg_reg[2]/CLK --> mult_reg_reg[63]/D
 incr_delay                  512     -426    -26629         0        0        0
            Worst cost_group: C2C, WNS: -392.7
            Path: b_reg_reg[2]/CLK --> mult_reg_reg[63]/D
 incr_delay                  512     -426    -26629         0        0        0
            Worst cost_group: C2C, WNS: -392.7
            Path: b_reg_reg[2]/CLK --> mult_reg_reg[63]/D
 incr_delay                  512     -426    -26629         0        0        0
            Worst cost_group: C2C, WNS: -392.6
            Path: b_reg_reg[3]/CLK --> mult_reg_reg[41]/D
 incr_delay                  512     -426    -26627         0        0        0
            Worst cost_group: C2C, WNS: -392.5
            Path: b_reg_reg[9]/CLK --> mult_reg_reg[41]/D
 incr_delay                  512     -426    -26628         0        0        0
            Worst cost_group: C2C, WNS: -392.5
            Path: b_reg_reg[2]/CLK --> mult_reg_reg[63]/D

           Trick     Calls     Accepts   Attempts    Time(secs) 
-----------------------------------------------------------
        crit_msz      1142  (       43 /       69 )  5.42
       crit_upsz       929  (       31 /       40 )  2.12
       crit_slew       658  (        3 /       15 )  1.23
        setup_dn       651  (        0 /        0 )  0.00
    plc_bal_star         0  (        0 /        0 )  0.00
     drc_buftimb         0  (        0 /        0 )  0.00
          plc_st       651  (        0 /        0 )  0.00
    plc_st_fence       651  (        0 /        0 )  0.00
        plc_star       651  (        0 /        0 )  0.00
      plc_laf_st       651  (        0 /        0 )  0.00
 plc_laf_st_fence       651  (        0 /        0 )  0.00
     drc_buftims         0  (        0 /        0 )  0.00
   plc_laf_lo_st       651  (        0 /        0 )  0.00
       plc_lo_st       651  (        0 /        0 )  0.00
            fopt       651  (        0 /        0 )  0.03
       crit_swap       651  (        0 /        0 )  0.86
       mux2_swap       651  (        0 /        0 )  0.00
       crit_dnsz      1317  (        1 /        1 )  2.02
       load_swap       651  (        0 /        0 )  0.77
            fopt       812  (       16 /       21 )  1.94
        setup_dn       648  (        0 /        0 )  0.00
       load_isol       747  (       14 /       14 )  5.69
       load_isol       569  (        2 /        2 )  1.09
        move_for       720  (        8 /        8 )  1.15
        move_for       647  (        2 /        2 )  0.27
          rem_bi       628  (        0 /        9 )  0.52
         offload       628  (        0 /        0 )  0.23
          rem_bi       628  (        0 /       30 )  1.67
         offload       645  (        1 /        1 )  1.02
           phase       626  (        0 /        0 )  0.00
        in_phase       626  (        0 /        0 )  0.00
       merge_bit       668  (        1 /        1 )  0.08
     merge_idrvr       628  (        0 /        0 )  0.00
     merge_iload       628  (        0 /        0 )  0.00
    merge_idload       628  (        0 /        1 )  0.06
      merge_drvr       628  (        0 /       13 )  0.85
      merge_load       628  (        0 /       12 )  0.74
          decomp       628  (        0 /        0 )  3.86
        p_decomp       628  (        0 /        0 )  1.58
       gate_deco       146  (        0 /        0 )  2.14
       gcomp_tim       267  (        5 /        9 )  1.50
        levelize       639  (        1 /       69 )  2.74
        mb_split       626  (        0 /        0 )  0.00
             dup       631  (        5 /        7 )  1.69
      mux_retime       610  (        0 /        0 )  0.00
         buf2inv       610  (        0 /        0 )  0.00
             exp        86  (        4 /       50 )  1.90
       gate_deco       146  (        0 /        0 )  2.15
       gcomp_tim       164  (        0 /        4 )  0.89
  inv_pair_2_buf      1739  (        0 /        0 )  0.01

 incr_delay                  513     -425    -26627         0        0        0
            Worst cost_group: C2C, WNS: -392.4
            Path: a_reg_reg[28]/CLK --> mult_reg_reg[41]/D
 incr_delay                  513     -425    -26626         0        0        0
            Worst cost_group: C2C, WNS: -392.4
            Path: a_reg_reg[28]/CLK --> mult_reg_reg[41]/D
 incr_delay                  513     -425    -26626         0        0        0
            Worst cost_group: C2C, WNS: -392.4
            Path: b_reg_reg[1]/CLK --> mult_reg_reg[41]/D
 incr_delay                  513     -425    -26626         0        0        0
            Worst cost_group: C2C, WNS: -392.4
            Path: b_reg_reg[1]/CLK --> mult_reg_reg[41]/D
 incr_delay                  513     -425    -26625         0        0        0
            Worst cost_group: C2C, WNS: -392.4
            Path: b_reg_reg[1]/CLK --> mult_reg_reg[41]/D

           Trick     Calls     Accepts   Attempts    Time(secs) 
-----------------------------------------------------------
         crr_220        27  (        1 /       23 )  8.76
        crr_glob        42  (        1 /        1 )  0.23
         crr_200        19  (        2 /       16 )  0.85
        crr_glob        29  (        1 /        2 )  0.07
         crr_300        16  (        0 /       13 )  1.01
        crr_glob        28  (        0 /        0 )  0.04
         crr_400        14  (        0 /       11 )  1.03
        crr_glob        28  (        0 /        0 )  0.04
         crr_111        25  (        0 /       22 )  3.20
        crr_glob        28  (        0 /        0 )  0.10
         crr_210        18  (        0 /       15 )  1.98
        crr_glob        28  (        0 /        0 )  0.06
         crr_110        25  (        0 /       22 )  1.77
        crr_glob        28  (        0 /        0 )  0.07
         crr_101        36  (        1 /       32 )  1.96
        crr_glob        39  (        1 /        1 )  0.12
         crr_201        18  (        0 /       15 )  1.40
        crr_glob        30  (        0 /        0 )  0.08
         crr_211        17  (        1 /       14 )  3.15
        crr_glob        31  (        1 /        1 )  0.12
        crit_msz       139  (        2 /        2 )  0.38
       crit_upsz       163  (        2 /        3 )  0.21
       crit_slew       118  (        0 /        0 )  0.13
        setup_dn       236  (        0 /        0 )  0.00
    plc_bal_star         0  (        0 /        0 )  0.00
     drc_buftimb         0  (        0 /        0 )  0.00
          plc_st       118  (        0 /        0 )  0.00
    plc_st_fence       118  (        0 /        0 )  0.00
        plc_star       118  (        0 /        0 )  0.00
      plc_laf_st       118  (        0 /        0 )  0.00
 plc_laf_st_fence       118  (        0 /        0 )  0.00
     drc_buftims         0  (        0 /        0 )  0.00
       plc_lo_st       118  (        0 /        0 )  0.00
            fopt       236  (        0 /        1 )  0.11
       crit_swap       118  (        0 /        0 )  0.10
       mux2_swap       118  (        0 /        0 )  0.00
       crit_dnsz        57  (        0 /        0 )  0.08
       load_swap       118  (        0 /        0 )  0.06
            fopt       236  (        0 /        1 )  0.11
        setup_dn       236  (        0 /        0 )  0.00
       load_isol       236  (        0 /        0 )  0.64
       load_isol       236  (        0 /        0 )  0.64
        move_for       236  (        0 /        1 )  0.18
        move_for       236  (        0 /        1 )  0.18
          rem_bi       236  (        0 /        4 )  0.19
         offload       236  (        0 /        0 )  0.05
          rem_bi       236  (        0 /        4 )  0.19
         offload       236  (        0 /        0 )  0.05
       merge_bit       121  (        0 /        0 )  0.01
     merge_idrvr       118  (        0 /        0 )  0.00
     merge_iload       118  (        0 /        0 )  0.00
    merge_idload       118  (        0 /        0 )  0.00
      merge_drvr       118  (        0 /        1 )  0.08
      merge_load       118  (        0 /        0 )  0.04
           phase       118  (        0 /        0 )  0.00
          decomp       118  (        0 /        0 )  0.37
        p_decomp       118  (        0 /        0 )  0.11
       gate_deco        26  (        0 /        0 )  0.33
       gcomp_tim        68  (        0 /        0 )  0.29
        levelize       118  (        0 /       10 )  0.33
        mb_split       118  (        0 /        0 )  0.00
        in_phase       118  (        0 /        0 )  0.00
             dup       118  (        0 /        0 )  0.13
      mux_retime       118  (        0 /        0 )  0.00
         buf2inv       118  (        0 /        0 )  0.00
             exp        13  (        0 /        8 )  0.26
       gate_deco        26  (        0 /        0 )  0.33
       gcomp_tim        68  (        0 /        0 )  0.29
  inv_pair_2_buf       268  (        0 /        0 )  0.00
 init_drc                    513     -425    -26625         0        0        0
            Worst cost_group: C2C, WNS: -392.4
            Path: b_reg_reg[1]/CLK --> mult_reg_reg[41]/D

           Trick     Calls     Accepts   Attempts    Time(secs) 
-----------------------------------------------------------
          plc_st         0  (        0 /        0 )  0.00
        plc_star         0  (        0 /        0 )  0.00
        drc_bufs         0  (        0 /        0 )  0.00
        drc_fopt         0  (        0 /        0 )  0.00
        drc_bufb         0  (        0 /        0 )  0.00
      simple_buf         0  (        0 /        0 )  0.00
             dup         0  (        0 /        0 )  0.00
       crit_dnsz         0  (        0 /        0 )  0.00
       crit_upsz         0  (        0 /        0 )  0.00
       crit_slew         0  (        0 /        0 )  0.00


           Trick     Calls     Accepts   Attempts    Time(secs) 
-----------------------------------------------------------
          plc_st         0  (        0 /        0 )  0.00
        plc_star         0  (        0 /        0 )  0.00
      drc_buf_sp         0  (        0 /        0 )  0.00
        drc_bufs         0  (        0 /        0 )  0.00
        drc_fopt         0  (        0 /        0 )  0.00
        drc_bufb         0  (        0 /        0 )  0.00
      simple_buf         0  (        0 /        0 )  0.00
             dup         0  (        0 /        0 )  0.00
       crit_dnsz         0  (        0 /        0 )  0.00
       crit_upsz         0  (        0 /        0 )  0.00


           Trick     Calls     Accepts   Attempts    Time(secs) 
-----------------------------------------------------------
          plc_st         0  (        0 /        0 )  0.00
        plc_star         0  (        0 /        0 )  0.00
      drc_buf_sp         0  (        0 /        0 )  0.00
        drc_bufs         0  (        0 /        0 )  0.00
        drc_fopt         0  (        0 /        0 )  0.00
        drc_bufb         0  (        0 /        0 )  0.00
             dup         0  (        0 /        0 )  0.00
       crit_dnsz         0  (        0 /        0 )  0.00
       crit_upsz         0  (        0 /        0 )  0.00

 init_tns                    513     -425    -26625         0        0        0
            Worst cost_group: C2C, WNS: -392.4
            Path: b_reg_reg[1]/CLK --> mult_reg_reg[41]/D
 incr_tns                    512     -425    -26506         0        0        0
            Worst cost_group: C2C, WNS: -392.4
            Path: b_reg_reg[13]/CLK --> mult_reg_reg[63]/D
 incr_tns                    512     -425    -26506         0        0        0
            Worst cost_group: C2C, WNS: -392.4
            Path: b_reg_reg[13]/CLK --> mult_reg_reg[63]/D

           Trick     Calls     Accepts   Attempts    Time(secs) 
-----------------------------------------------------------
            fopt       886  (        1 /        3 )  0.78
    plc_bal_star         0  (        0 /        0 )  0.00
     drc_buftimb         0  (        0 /        0 )  0.00
     drc_buftims         0  (        0 /        0 )  0.00
        crit_msz       885  (       20 /       61 )  3.76
       crit_upsz       865  (       18 /       52 )  1.69
   plc_laf_lo_st       847  (        0 /        0 )  0.00
       plc_lo_st       847  (        0 /        0 )  0.00
       crit_swap       847  (        4 /       39 )  1.65
       mux2_swap       843  (        0 /        0 )  0.00
       crit_dnsz      1515  (       17 /      127 )  3.91
       load_swap       826  (        0 /      101 )  2.25
            fopt       826  (        2 /        8 )  1.11
        setup_dn       824  (        0 /        0 )  0.00
       load_isol       824  (        0 /        0 )  5.01
       load_isol       824  (        0 /        0 )  1.16
        move_for       824  (        5 /       15 )  1.33
        move_for       819  (        0 /        8 )  0.74
          rem_bi       819  (        0 /        1 )  0.22
         offload       819  (        0 /        2 )  0.51
          rem_bi       819  (        0 /        2 )  0.65
         offload       819  (        4 /       11 )  2.03
       merge_bit       840  (        4 /        8 )  0.18
     merge_idrvr       812  (        0 /        0 )  0.00
     merge_iload       812  (        0 /        0 )  0.01
    merge_idload       812  (        0 /        0 )  0.01
      merge_drvr       812  (        0 /        0 )  0.29
      merge_load       812  (        0 /        0 )  0.24
           phase       812  (        0 /        0 )  0.00
          decomp       812  (        0 /        0 )  2.96
        p_decomp       812  (        0 /        0 )  1.18
       gate_deco       174  (        0 /        0 )  2.18
       gcomp_tim       394  (        3 /       13 )  2.30
        levelize       809  (        2 /        8 )  0.41
        mb_split       807  (        0 /        0 )  0.01
             dup       807  (        0 /        0 )  0.79
      mux_retime       807  (        0 /        0 )  0.00
       crr_local       807  (       14 /       56 )  21.52
       crr_local       793  (        4 /       53 )  14.50
         buf2inv       789  (        0 /        0 )  0.00

 
Incremental optimization status
===============================
                                   Group   
                                  Tot Wrst     Total - - - - DRC Totals - - - -
                           Total  Weighted      Neg      Max       Max     Max  
Operation                   Area   Slacks      Slack    Trans      Cap   Fanout 
 init_delay                  512     -425    -26506         0        0        0
            Worst cost_group: C2C, WNS: -392.4
            Path: b_reg_reg[13]/CLK --> mult_reg_reg[63]/D
 incr_delay                  513     -425    -26505         0        0        0
            Worst cost_group: C2C, WNS: -392.3
            Path: b_reg_reg[17]/CLK --> mult_reg_reg[51]/D
 incr_delay                  513     -425    -26505         0        0        0
            Worst cost_group: C2C, WNS: -392.3
            Path: b_reg_reg[17]/CLK --> mult_reg_reg[51]/D
 incr_delay                  513     -425    -26505         0        0        0
            Worst cost_group: C2C, WNS: -392.3
            Path: b_reg_reg[17]/CLK --> mult_reg_reg[51]/D
 incr_delay                  513     -425    -26507         0        0        0
            Worst cost_group: C2C, WNS: -392.3
            Path: b_reg_reg[17]/CLK --> mult_reg_reg[51]/D
 incr_delay                  513     -425    -26506         0        0        0
            Worst cost_group: C2C, WNS: -392.2
            Path: b_reg_reg[17]/CLK --> mult_reg_reg[51]/D

           Trick     Calls     Accepts   Attempts    Time(secs) 
-----------------------------------------------------------
         crr_220        16  (        0 /       13 )  2.97
        crr_glob        29  (        0 /        0 )  0.09
         crr_200        27  (        3 /       22 )  1.19
        crr_glob        45  (        3 /        3 )  0.11
         crr_300        37  (        4 /       32 )  2.44
        crr_glob        99  (        4 /        4 )  0.20
         crr_400        11  (        1 /        8 )  1.03
        crr_glob        29  (        1 /        1 )  0.05
         crr_111        26  (        2 /       22 )  3.23
        crr_glob        28  (        0 /        2 )  0.24
         crr_210        18  (        0 /       14 )  2.10
        crr_glob        28  (        0 /        0 )  0.07
         crr_110        35  (        3 /       31 )  2.48
        crr_glob        38  (        2 /        3 )  0.18
         crr_101        26  (        1 /       21 )  1.04
        crr_glob        28  (        0 /        1 )  0.08
         crr_201        17  (        2 /       14 )  1.07
        crr_glob        28  (        0 /        2 )  0.09
         crr_211        17  (        0 /       14 )  2.71
        crr_glob        28  (        0 /        0 )  0.09
        crit_msz       108  (        0 /        0 )  0.22
       crit_upsz        99  (        1 /        2 )  0.40
       crit_slew        90  (        0 /        0 )  0.10
        setup_dn       180  (        0 /        0 )  0.00
    plc_bal_star         0  (        0 /        0 )  0.00
     drc_buftimb         0  (        0 /        0 )  0.00
          plc_st        90  (        0 /        0 )  0.00
    plc_st_fence        90  (        0 /        0 )  0.00
        plc_star        90  (        0 /        0 )  0.00
      plc_laf_st        90  (        0 /        0 )  0.00
 plc_laf_st_fence        90  (        0 /        0 )  0.00
     drc_buftims         0  (        0 /        0 )  0.00
       plc_lo_st        90  (        0 /        0 )  0.00
            fopt       180  (        0 /        1 )  0.06
       crit_swap        90  (        0 /        0 )  0.04
       mux2_swap        90  (        0 /        0 )  0.00
       crit_dnsz        64  (        0 /        0 )  0.10
       load_swap        90  (        0 /        0 )  0.04
            fopt       180  (        0 /        1 )  0.06
        setup_dn       180  (        0 /        0 )  0.00
       load_isol       180  (        0 /        0 )  0.43
       load_isol       180  (        0 /        0 )  0.43
        move_for       226  (        1 /        1 )  0.14
        move_for       226  (        1 /        1 )  0.14
          rem_bi       234  (        0 /        1 )  0.10
         offload       246  (        1 /        1 )  0.15
          rem_bi       234  (        0 /        1 )  0.10
         offload       246  (        1 /        1 )  0.15
       merge_bit       124  (        0 /        0 )  0.01
     merge_idrvr       119  (        0 /        0 )  0.00
     merge_iload       119  (        0 /        0 )  0.00
    merge_idload       119  (        0 /        0 )  0.00
      merge_drvr       119  (        0 /        2 )  0.12
      merge_load       119  (        0 /        2 )  0.10
           phase       119  (        0 /        0 )  0.00
          decomp       119  (        0 /        0 )  0.36
        p_decomp       119  (        0 /        0 )  0.13
       gate_deco        24  (        0 /        0 )  0.34
       gcomp_tim        61  (        1 /        1 )  0.29
        levelize       128  (        1 /        7 )  0.27
        mb_split       119  (        0 /        0 )  0.00
        in_phase       119  (        0 /        0 )  0.00
             dup       119  (        0 /        0 )  0.13
      mux_retime       119  (        0 /        0 )  0.00
         buf2inv       119  (        0 /        0 )  0.00
             exp         1  (        1 /        1 )  0.05
       gate_deco        24  (        0 /        0 )  0.34
       gcomp_tim        61  (        1 /        1 )  0.29
  inv_pair_2_buf       289  (        0 /        0 )  0.00
 init_drc                    513     -425    -26506         0        0        0
            Worst cost_group: C2C, WNS: -392.2
            Path: b_reg_reg[17]/CLK --> mult_reg_reg[51]/D

           Trick     Calls     Accepts   Attempts    Time(secs) 
-----------------------------------------------------------
          plc_st         0  (        0 /        0 )  0.00
        plc_star         0  (        0 /        0 )  0.00
        drc_bufs         0  (        0 /        0 )  0.00
        drc_fopt         0  (        0 /        0 )  0.00
        drc_bufb         0  (        0 /        0 )  0.00
      simple_buf         0  (        0 /        0 )  0.00
             dup         0  (        0 /        0 )  0.00
       crit_dnsz         0  (        0 /        0 )  0.00
       crit_upsz         0  (        0 /        0 )  0.00
       crit_slew         0  (        0 /        0 )  0.00


           Trick     Calls     Accepts   Attempts    Time(secs) 
-----------------------------------------------------------
          plc_st         0  (        0 /        0 )  0.00
        plc_star         0  (        0 /        0 )  0.00
      drc_buf_sp         0  (        0 /        0 )  0.00
        drc_bufs         0  (        0 /        0 )  0.00
        drc_fopt         0  (        0 /        0 )  0.00
        drc_bufb         0  (        0 /        0 )  0.00
      simple_buf         0  (        0 /        0 )  0.00
             dup         0  (        0 /        0 )  0.00
       crit_dnsz         0  (        0 /        0 )  0.00
       crit_upsz         0  (        0 /        0 )  0.00


           Trick     Calls     Accepts   Attempts    Time(secs) 
-----------------------------------------------------------
          plc_st         0  (        0 /        0 )  0.00
        plc_star         0  (        0 /        0 )  0.00
      drc_buf_sp         0  (        0 /        0 )  0.00
        drc_bufs         0  (        0 /        0 )  0.00
        drc_fopt         0  (        0 /        0 )  0.00
        drc_bufb         0  (        0 /        0 )  0.00
             dup         0  (        0 /        0 )  0.00
       crit_dnsz         0  (        0 /        0 )  0.00
       crit_upsz         0  (        0 /        0 )  0.00

 init_tns                    513     -425    -26506         0        0        0
            Worst cost_group: C2C, WNS: -392.2
            Path: b_reg_reg[17]/CLK --> mult_reg_reg[51]/D
 incr_tns                    513     -425    -26500         0        0        0
            Worst cost_group: C2C, WNS: -392.2
            Path: b_reg_reg[17]/CLK --> mult_reg_reg[63]/D
 incr_tns                    513     -425    -26500         0        0        0
            Worst cost_group: C2C, WNS: -392.2
            Path: b_reg_reg[17]/CLK --> mult_reg_reg[63]/D

           Trick     Calls     Accepts   Attempts    Time(secs) 
-----------------------------------------------------------
            fopt       128  (        0 /        0 )  0.15
    plc_bal_star         0  (        0 /        0 )  0.00
     drc_buftimb         0  (        0 /        0 )  0.00
     drc_buftims         0  (        0 /        0 )  0.00
        crit_msz       128  (        4 /       10 )  0.62
       crit_upsz       124  (        4 /       18 )  0.73
   plc_laf_lo_st       120  (        0 /        0 )  0.00
       plc_lo_st       120  (        0 /        0 )  0.00
       crit_swap       120  (        0 /        4 )  0.35
       mux2_swap       120  (        0 /        0 )  0.00
       crit_dnsz       310  (        8 /       35 )  0.92
       load_swap       112  (        0 /       24 )  0.59
            fopt       112  (        0 /        2 )  0.23
        setup_dn       112  (        0 /        0 )  0.00
       load_isol       112  (        0 /        0 )  1.00
       load_isol       112  (        0 /        0 )  0.30
        move_for       112  (        0 /        4 )  0.41
        move_for       112  (        0 /        1 )  0.19
          rem_bi       112  (        1 /        1 )  0.06
         offload       111  (        0 /        0 )  0.16
          rem_bi       111  (        0 /        0 )  0.10
         offload       111  (        0 /        0 )  0.41
       merge_bit       117  (        2 /        2 )  0.03
     merge_idrvr       109  (        0 /        0 )  0.00
     merge_iload       109  (        0 /        0 )  0.00
    merge_idload       109  (        0 /        0 )  0.00
      merge_drvr       109  (        0 /        0 )  0.05
      merge_load       109  (        0 /        0 )  0.04
           phase       109  (        0 /        0 )  0.00
          decomp       109  (        0 /        0 )  0.61
        p_decomp       109  (        0 /        0 )  0.30
       gate_deco        28  (        0 /        0 )  0.41
       gcomp_tim        64  (        3 /        3 )  0.33
        levelize       106  (        0 /        1 )  0.06
        mb_split       106  (        0 /        0 )  0.00
             dup       106  (        0 /        0 )  0.26
      mux_retime       106  (        0 /        0 )  0.00
       crr_local       106  (        1 /        7 )  5.04
       crr_local       105  (        0 /        8 )  3.01
         buf2inv       105  (        0 /        0 )  0.00

 
Incremental optimization status
===============================
                                   Group   
                                  Tot Wrst     Total - - - - DRC Totals - - - -
                           Total  Weighted      Neg      Max       Max     Max  
Operation                   Area   Slacks      Slack    Trans      Cap   Fanout 
 init_delay                  513     -425    -26500         0        0        0
            Worst cost_group: C2C, WNS: -392.2
            Path: b_reg_reg[17]/CLK --> mult_reg_reg[63]/D

           Trick     Calls     Accepts   Attempts    Time(secs) 
-----------------------------------------------------------
        crit_msz        89  (        0 /        0 )  0.19
       crit_upsz        89  (        0 /        0 )  0.38
       crit_slew        89  (        0 /        0 )  0.10
        setup_dn        89  (        0 /        0 )  0.00
    plc_bal_star         0  (        0 /        0 )  0.00
     drc_buftimb         0  (        0 /        0 )  0.00
          plc_st        89  (        0 /        0 )  0.00
    plc_st_fence        89  (        0 /        0 )  0.00
        plc_star        89  (        0 /        0 )  0.00
      plc_laf_st        89  (        0 /        0 )  0.00
 plc_laf_st_fence        89  (        0 /        0 )  0.00
     drc_buftims         0  (        0 /        0 )  0.00
   plc_laf_lo_st        89  (        0 /        0 )  0.00
       plc_lo_st        89  (        0 /        0 )  0.00
            fopt        89  (        0 /        0 )  0.00
       crit_swap        89  (        0 /        0 )  0.04
       mux2_swap        89  (        0 /        0 )  0.00
       crit_dnsz        78  (        0 /        0 )  0.12
       load_swap        89  (        0 /        0 )  0.02
            fopt        89  (        0 /        1 )  0.06
        setup_dn        89  (        0 /        0 )  0.00
       load_isol        89  (        0 /        0 )  0.34
       load_isol        89  (        0 /        0 )  0.05
        move_for        89  (        0 /        0 )  0.04
        move_for        89  (        0 /        0 )  0.01
          rem_bi        89  (        0 /        0 )  0.00
         offload        89  (        0 /        0 )  0.00
          rem_bi        89  (        0 /        2 )  0.10
         offload        89  (        0 /        0 )  0.02
           phase        89  (        0 /        0 )  0.00
        in_phase        89  (        0 /        0 )  0.00
       merge_bit        91  (        0 /        0 )  0.01
     merge_idrvr        89  (        0 /        0 )  0.00
     merge_iload        89  (        0 /        0 )  0.00
    merge_idload        89  (        0 /        0 )  0.00
      merge_drvr        89  (        0 /        0 )  0.02
      merge_load        89  (        0 /        0 )  0.01
          decomp        89  (        0 /        0 )  0.16
        p_decomp        89  (        0 /        0 )  0.04
       gate_deco         7  (        0 /        0 )  0.11
       gcomp_tim        21  (        0 /        0 )  0.09
        levelize        89  (        0 /        4 )  0.09
        mb_split        89  (        0 /        0 )  0.00
             dup        89  (        0 /        0 )  0.05
      mux_retime        89  (        0 /        0 )  0.00
         buf2inv        89  (        0 /        0 )  0.00
             exp         5  (        0 /        3 )  0.15
       gate_deco        12  (        0 /        0 )  0.20
       gcomp_tim        21  (        0 /        0 )  0.10
  inv_pair_2_buf       218  (        0 /        0 )  0.00

 init_drc                    513     -425    -26500         0        0        0
            Worst cost_group: C2C, WNS: -392.2
            Path: b_reg_reg[17]/CLK --> mult_reg_reg[63]/D

           Trick     Calls     Accepts   Attempts    Time(secs) 
-----------------------------------------------------------
          plc_st         0  (        0 /        0 )  0.00
        plc_star         0  (        0 /        0 )  0.00
        drc_bufs         0  (        0 /        0 )  0.00
        drc_fopt         0  (        0 /        0 )  0.00
        drc_bufb         0  (        0 /        0 )  0.00
      simple_buf         0  (        0 /        0 )  0.00
             dup         0  (        0 /        0 )  0.00
       crit_dnsz         0  (        0 /        0 )  0.00
       crit_upsz         0  (        0 /        0 )  0.00
       crit_slew         0  (        0 /        0 )  0.00


           Trick     Calls     Accepts   Attempts    Time(secs) 
-----------------------------------------------------------
          plc_st         0  (        0 /        0 )  0.00
        plc_star         0  (        0 /        0 )  0.00
      drc_buf_sp         0  (        0 /        0 )  0.00
        drc_bufs         0  (        0 /        0 )  0.00
        drc_fopt         0  (        0 /        0 )  0.00
        drc_bufb         0  (        0 /        0 )  0.00
      simple_buf         0  (        0 /        0 )  0.00
             dup         0  (        0 /        0 )  0.00
       crit_dnsz         0  (        0 /        0 )  0.00
       crit_upsz         0  (        0 /        0 )  0.00


           Trick     Calls     Accepts   Attempts    Time(secs) 
-----------------------------------------------------------
          plc_st         0  (        0 /        0 )  0.00
        plc_star         0  (        0 /        0 )  0.00
      drc_buf_sp         0  (        0 /        0 )  0.00
        drc_bufs         0  (        0 /        0 )  0.00
        drc_fopt         0  (        0 /        0 )  0.00
        drc_bufb         0  (        0 /        0 )  0.00
             dup         0  (        0 /        0 )  0.00
       crit_dnsz         0  (        0 /        0 )  0.00
       crit_upsz         0  (        0 /        0 )  0.00

==================================
Stage : incr_opt 
==================================
  =================
   Message Summary
  =================
-------------------------------------------------------------------
|  Id   |Sev |Count|                 Message Text                 |
-------------------------------------------------------------------
|CFM-1  |Info|    1|Wrote dofile.                                 |
|CFM-5  |Info|    1|Wrote formal verification information.        |
|PA-7   |Info|    6|Resetting power analysis results.             |
|       |    |     |All computed switching activities are removed.|
|SYNTH-5|Info|    1|Done mapping.                                 |
|SYNTH-7|Info|    1|Incrementally optimizing.                     |
-------------------------------------------------------------------
Info    : Done incrementally optimizing. [SYNTH-8]
        : Done incrementally optimizing 'Multiplier32'.
      flow.cputime  flow.realtime  timing.setup.tns  timing.setup.wns  snapshot
UM:*                                                                   syn_opt
@file(genus.tcl) 81: write_hdl > outputs/synthesis_net.v
@file(genus.tcl) 86: report_dp > reports/synthesis_datapath_incr.rpt
Beginning report datapath command
@file(genus.tcl) 87: report_messages > reports/synthesis_messages.rpt
@file(genus.tcl) 88: write_sdc -view tt > outputs/synthesis.sdc
Finished SDC export (command execution time mm:ss (real) = 00:00).
@file(genus.tcl) 89: write_parasitics > outputs/synthesis.spef
Starting spef generation ..
printing HEADER ..
printing NAME_MAP section ..
printing NAME_MAP all ports section ..
printing NAME_MAP top level nets ..
printing NAME_MAP all other level nets ..
printing NAME_MAP instances ..
printing PORTS section ..
Total number of net segments is 5125 ..
Total number of physical nets is 5124 ..
printing D_NET section ..
 ... 512 nets processed
 ... 1024 nets processed
 ... 1536 nets processed
 ... 2048 nets processed
 ... 2560 nets processed
 ... 3072 nets processed
 ... 3584 nets processed
 ... 4096 nets processed
 ... 4608 nets processed
 ... 5120 nets processed
Completed spef generation ..
@file(genus.tcl) 91: report_qor > reports/synthesis_qor.rpt
@file(genus.tcl) 92: report_area > reports/synthesis_area.rpt
@file(genus.tcl) 93: report_gate > reports/synthesis_gate.rpt
@file(genus.tcl) 94: report_module > reports/synthesis_module.rpt
@file(genus.tcl) 96: report_power > reports/synthesis_power.rpt
Info    : Joules engine is used. [RPT-16]
        : Joules engine is being used for the command report_power.
Info   : ACTP-0001 [ACTPInfo] Activity propagation started for stim#0 netlist
       : Multiplier32
Info   : ACTP-0009 [ACTPInfo] Activity Propagation Progress Report :   0%   1%   2%   3%   4%   5%   6%   7%   8%   9%  10%  11%  12%  13%  14%  15%  16%  17%  18%  19%  20%  21%  22%  23%  24%  25%  26%  27%  28%  29%  30%  31%  32%  33%  34%  35%  36%  37%  38%  39%  40%  41%  42%  43%  44%  45%  46%  47%  48%  49%  50%  51%  52%  53%  54%  55%  56%  57%  58%  59%  60%  61%  62%  63%  64%  65%  66%  67%  68%  69%  70%  71%  72%  73%  74%  75%  76%  77%  78%  79%  80%  81%  82%  83%  84%  85%  86%  87%  88%  89%  90%  91%  92%  93%  94%  95%  96%  97%  98%  99% 100%
Info   : ACTP-0001 Activity propagation ended for stim#0
Info   : PWRA-0001 [PwrInfo] compute_power effective options 
       : -mode : vectorless
       : -skip_propagation : 1
       : -frequency_scaling_factor : 1.0
       : -use_clock_freq : stim
       : -stim :/stim#0
       : -fromGenus : 1
Info   : ACTP-0001 Timing initialization started
Info   : ACTP-0001 Timing initialization ended
Info   : PWRA-0002 [PwrInfo] Skipping activity propagation due to -skip_ap
       : option....
Warning: PWRA-0302 [PwrWarn] Frequency scaling is not applicable for vectorless
       : flow. Ignoring frequency scaling.
Warning: PWRA-0304 [PwrWarn] -stim option is not applicable with vectorless mode
       : of power analysis, ignored this option.
Info   : PWRA-0002 Started 'vectorless' power computation.
Info   : PWRA-0009 [PwrInfo] Power Computation Progress Report :   0%   1%   2%   3%   4%   5%   6%   7%   8%   9%  10%  11%  12%  13%  14%  15%  16%  17%  18%  19%  20%  21%  22%  23%  24%  25%  26%  27%  28%  29%  30%  31%  32%  33%  34%  35%  36%  37%  38%  39%  40%  41%  42%  43%  44%  45%  46%  47%  48%  49%  50%  51%  52%  53%  54%  55%  56%  57%  58%  59%  60%  61%  62%  63%  64%  65%  66%  67%  68%  69%  70%  71%  72%  73%  74%  75%  76%  77%  78%  79%  80%  81%  82%  83%  84%  85%  86%  87%  88%  89%  90%  91%  92%  93%  94%  95%  96%  97%  98%  99% 100%
Info   : PWRA-0002 Finished power computation.
Info   : PWRA-0007 [PwrInfo] Completed successfully.
       : Info=6, Warn=2, Error=0, Fatal=0
Output file: reports/synthesis_power.rpt
@file(genus.tcl) 97: report_metric -format html -file reports/synthesis.html
@file(genus.tcl) 98: report_hierarchy > outputs/synthesis.hier
@file(genus.tcl) 100: puts "Final Runtime & Memory."
Final Runtime & Memory.
@file(genus.tcl) 101: time_info FINAL
stamp 'FINAL' being created for table 'default'

  Total Time (Wall) |  Stage Time (Wall)  |   % (Wall)   |    Date - Time     |  Memory   | Stage
--------------------+---------------------+--------------+--------------------+-----------+----------------------
 00:00:09(00:00:00) |  00:00:00(00:00:00) |   0.0(  0.0) |   22:12:43 (Apr08) |  188.3 MB | init
--------------------+---------------------+--------------+--------------------+-----------+----------------------
 00:13:03(00:13:15) |  00:12:54(00:13:15) | 100.0(100.0) |   22:25:58 (Apr08) |   1.14 GB | FINAL
--------------------+---------------------+--------------+--------------------+-----------+----------------------
Number of threads: 8 * 1   (id: default, time_info v1.57)
Info: (*N*) indicates data that was populated from previously saved time_info database
Info: CPU time includes time of parent + longest thread
@file(genus.tcl) 102: puts "============================"
============================
@file(genus.tcl) 103: puts "Synthesis Finished ........."
Synthesis Finished .........
@file(genus.tcl) 104: puts "============================"
============================
@file(genus.tcl) 106: file copy -force [get_db / .stdout_log] .
@file(genus.tcl) 108: quit

Lic Summary:
[22:25:58.390027] Cdslmd servers: vlsi1
[22:25:58.390048] Feature usage summary:
[22:25:58.390049] Genus_Synthesis

Normal exit.