Cadence Genus(TM) Synthesis Solution.
Copyright 2024 Cadence Design Systems, Inc. All rights reserved worldwide.
Cadence and the Cadence logo are registered trademarks and Genus is a trademark
of Cadence Design Systems, Inc. in the United States and other countries.

[10:13:48.222089] Configured Lic search path (22.01-s003): 5280@172.28.10.187

Version: 22.17-s071_1, built Wed Sep 11 22:37:05 PDT 2024
Options: -files tcl/genus.tcl 
Date:    Mon Apr 06 10:13:48 2026
Host:    vlsiktmt (x86_64 w/Linux 3.10.0-1160.119.1.el7.x86_64) (1core*2cpus*3physical cpus*Intel(R) Xeon(R) Gold 5218 CPU @ 2.30GHz 22528KB) (32780644KB)
PID:     8707
OS:      CentOS Linux release 7.9.2009 (Core)

Checking out license: Genus_Synthesis
[10:13:48.177336] Periodic Lic check successful
[10:13:48.177354] Feature usage summary:
[10:13:48.177355] Genus_Synthesis



***********************************************************************************************************
***********************************************************************************************************



Finished executable startup (2 seconds elapsed).

Loading tool scripts...
Finished loading tool scripts (38 seconds elapsed).

#@ Processing -files option
@genus 1> source tcl/genus.tcl
#@ Begin verbose source ./tcl/genus.tcl
@file(genus.tcl) 1: set ASAP7_DIR "../../Asap7/asap7"
@file(genus.tcl) 2: set LIB_PATH "${ASAP7_DIR}/asap7sc7p5t_28/LIB/NLDM"
@file(genus.tcl) 3: set LEF_PATH "${ASAP7_DIR}/asap7sc7p5t_28/LEF/scaled"
@file(genus.tcl) 6: set TECH_LEF [glob ${ASAP7_DIR}/asap7sc7p5t_28/techlef_misc/asap7_tech_4x_*.lef]
@file(genus.tcl) 7: set STD_LIB  [glob ${LIB_PATH}/*_RVT_TT_*.lib]
@file(genus.tcl) 9: set SRAM_LIB [glob ${ASAP7_DIR}/asap7_sram_0p0/generated/LIB/srambank_256*.lib]
@file(genus.tcl) 10: set SRAM_LEF [glob ${ASAP7_DIR}/asap7_sram_0p0/generated/LEF/srambank_256*.lef] 
@file(genus.tcl) 12: set_db library [list {*}$STD_LIB {*}$SRAM_LIB]
Info    : Created nominal operating condition. [LBR-412]
        : Operating condition '_nominal_' was created for the PVT values (1.000000, 0.700000, 25.000000) in library 'asap7sc7p5t_AO_RVT_TT_nldm_211120.lib'.
        : The nominal operating condition is represented, either by the nominal PVT values specified in the library source (via nom_process,nom_voltage and nom_temperature respectively), or by the default PVT values (1.0,1.0,1.0).
Info    : Created nominal operating condition. [LBR-412]
        : Operating condition '_nominal_' was created for the PVT values (1.000000, 0.700000, 25.000000) in library 'asap7sc7p5t_INVBUF_RVT_TT_nldm_220122.lib'.
Info    : Created nominal operating condition. [LBR-412]
        : Operating condition '_nominal_' was created for the PVT values (1.000000, 0.700000, 25.000000) in library 'asap7sc7p5t_OA_RVT_TT_nldm_211120.lib'.
Info    : Created nominal operating condition. [LBR-412]
        : Operating condition '_nominal_' was created for the PVT values (1.000000, 0.700000, 25.000000) in library 'asap7sc7p5t_SEQ_RVT_TT_nldm_220123.lib'.
Info    : Created nominal operating condition. [LBR-412]
        : Operating condition '_nominal_' was created for the PVT values (1.000000, 0.700000, 25.000000) in library 'asap7sc7p5t_SIMPLE_RVT_TT_nldm_211120.lib'.
Info    : Created nominal operating condition. [LBR-412]
        : Operating condition '_nominal_' was created for the PVT values (1.000000, 0.700000, 25.000000) in library 'srambank_256x4x16_6t122.lib'.
Info    : Created nominal operating condition. [LBR-412]
        : Operating condition '_nominal_' was created for the PVT values (1.000000, 0.700000, 25.000000) in library 'srambank_256x4x18_6t122.lib'.
Info    : Created nominal operating condition. [LBR-412]
        : Operating condition '_nominal_' was created for the PVT values (1.000000, 0.700000, 25.000000) in library 'srambank_256x4x20_6t122.lib'.
Info    : Created nominal operating condition. [LBR-412]
        : Operating condition '_nominal_' was created for the PVT values (1.000000, 0.700000, 25.000000) in library 'srambank_256x4x32_6t122.lib'.
Info    : Created nominal operating condition. [LBR-412]
        : Operating condition '_nominal_' was created for the PVT values (1.000000, 0.700000, 25.000000) in library 'srambank_256x4x34_6t122.lib'.
Info    : Created nominal operating condition. [LBR-412]
        : Operating condition '_nominal_' was created for the PVT values (1.000000, 0.700000, 25.000000) in library 'srambank_256x4x36_6t122.lib'.
Info    : Created nominal operating condition. [LBR-412]
        : Operating condition '_nominal_' was created for the PVT values (1.000000, 0.700000, 25.000000) in library 'srambank_256x4x40_6t122.lib'.
Info    : Created nominal operating condition. [LBR-412]
        : Operating condition '_nominal_' was created for the PVT values (1.000000, 0.700000, 25.000000) in library 'srambank_256x4x48_6t122.lib'.
Info    : Created nominal operating condition. [LBR-412]
        : Operating condition '_nominal_' was created for the PVT values (1.000000, 0.700000, 25.000000) in library 'srambank_256x4x64_6t122.lib'.
Info    : Created nominal operating condition. [LBR-412]
        : Operating condition '_nominal_' was created for the PVT values (1.000000, 0.700000, 25.000000) in library 'srambank_256x4x72_6t122.lib'.
Info    : Created nominal operating condition. [LBR-412]
        : Operating condition '_nominal_' was created for the PVT values (1.000000, 0.700000, 25.000000) in library 'srambank_256x4x74_6t122.lib'.
Info    : Created nominal operating condition. [LBR-412]
        : Operating condition '_nominal_' was created for the PVT values (1.000000, 0.700000, 25.000000) in library 'srambank_256x4x80_6t122.lib'.
Warning : Libcell has no area attribute.  Defaulting to 0 area. [LBR-43]
        : Assigning 0 area to library cell 'srambank_256x4x16_6t122/srambank_256x4x16_6t122'.
        : Specify a valid area value for the libcell.
Warning : Libcell has no area attribute.  Defaulting to 0 area. [LBR-43]
        : Assigning 0 area to library cell 'srambank_256x4x18_6t122/srambank_256x4x18_6t122'.
Warning : Libcell has no area attribute.  Defaulting to 0 area. [LBR-43]
        : Assigning 0 area to library cell 'srambank_256x4x20_6t122/srambank_256x4x20_6t122'.
Warning : Libcell has no area attribute.  Defaulting to 0 area. [LBR-43]
        : Assigning 0 area to library cell 'srambank_256x4x32_6t122/srambank_256x4x32_6t122'.
Warning : Libcell has no area attribute.  Defaulting to 0 area. [LBR-43]
        : Assigning 0 area to library cell 'srambank_256x4x34_6t122/srambank_256x4x34_6t122'.
Warning : Libcell has no area attribute.  Defaulting to 0 area. [LBR-43]
        : Assigning 0 area to library cell 'srambank_256x4x36_6t122/srambank_256x4x36_6t122'.
Warning : Libcell has no area attribute.  Defaulting to 0 area. [LBR-43]
        : Assigning 0 area to library cell 'srambank_256x4x40_6t122/srambank_256x4x40_6t122'.
Warning : Libcell has no area attribute.  Defaulting to 0 area. [LBR-43]
        : Assigning 0 area to library cell 'srambank_256x4x48_6t122/srambank_256x4x48_6t122'.
Warning : Libcell has no area attribute.  Defaulting to 0 area. [LBR-43]
        : Assigning 0 area to library cell 'srambank_256x4x64_6t122/srambank_256x4x64_6t122'.
Warning : Libcell has no area attribute.  Defaulting to 0 area. [LBR-43]
        : Assigning 0 area to library cell 'srambank_256x4x72_6t122/srambank_256x4x72_6t122'.
Warning : Libcell has no area attribute.  Defaulting to 0 area. [LBR-43]
        : Assigning 0 area to library cell 'srambank_256x4x74_6t122/srambank_256x4x74_6t122'.
Warning : Libcell has no area attribute.  Defaulting to 0 area. [LBR-43]
        : Assigning 0 area to library cell 'srambank_256x4x80_6t122/srambank_256x4x80_6t122'.
Warning : Inconsistency detected among the units specified in the timing libraries being used. [LBR-714]
        : Libraries with inconsistent time/capacitance units were loaded.
        : Default system time/capacitance unit will be used.
  Setting attribute of root '/': 'library' = ../../Asap7/asap7/asap7sc7p5t_28/LIB/NLDM/asap7sc7p5t_AO_RVT_TT_nldm_211120.lib ../../Asap7/asap7/asap7sc7p5t_28/LIB/NLDM/asap7sc7p5t_INVBUF_RVT_TT_nldm_220122.lib ../../Asap7/asap7/asap7sc7p5t_28/LIB/NLDM/asap7sc7p5t_OA_RVT_TT_nldm_211120.lib ../../Asap7/asap7/asap7sc7p5t_28/LIB/NLDM/asap7sc7p5t_SEQ_RVT_TT_nldm_220123.lib ../../Asap7/asap7/asap7sc7p5t_28/LIB/NLDM/asap7sc7p5t_SIMPLE_RVT_TT_nldm_211120.lib ../../Asap7/asap7/asap7_sram_0p0/generated/LIB/srambank_256x4x16_6t122.lib ../../Asap7/asap7/asap7_sram_0p0/generated/LIB/srambank_256x4x18_6t122.lib ../../Asap7/asap7/asap7_sram_0p0/generated/LIB/srambank_256x4x20_6t122.lib ../../Asap7/asap7/asap7_sram_0p0/generated/LIB/srambank_256x4x32_6t122.lib ../../Asap7/asap7/asap7_sram_0p0/generated/LIB/srambank_256x4x34_6t122.lib ../../Asap7/asap7/asap7_sram_0p0/generated/LIB/srambank_256x4x36_6t122.lib ../../Asap7/asap7/asap7_sram_0p0/generated/LIB/srambank_256x4x40_6t122.lib ../../Asap7/asap7/asap7_sram_0p0/generated/LIB/srambank_256x4x48_6t122.lib ../../Asap7/asap7/asap7_sram_0p0/generated/LIB/srambank_256x4x64_6t122.lib ../../Asap7/asap7/asap7_sram_0p0/generated/LIB/srambank_256x4x72_6t122.lib ../../Asap7/asap7/asap7_sram_0p0/generated/LIB/srambank_256x4x74_6t122.lib ../../Asap7/asap7/asap7_sram_0p0/generated/LIB/srambank_256x4x80_6t122.lib
@file(genus.tcl) 14: set_db lef_library [concat $TECH_LEF [glob ${LEF_PATH}/*.lef] $SRAM_LEF]
Info    : Via with no resistance will have a value of '0.0' assigned for resistance value. [PHYS-129]
        : Via 'VIA9Pad' has no resistance value.
        : If this is the expected behavior, this message can be ignored.
Info    : Via with no resistance will have a value of '0.0' assigned for resistance value. [PHYS-129]
        : Via 'VIA89' has no resistance value.
Info    : Via with no resistance will have a value of '0.0' assigned for resistance value. [PHYS-129]
        : Via 'VIA78' has no resistance value.
Info    : Via with no resistance will have a value of '0.0' assigned for resistance value. [PHYS-129]
        : Via 'VIA67' has no resistance value.
Info    : Via with no resistance will have a value of '0.0' assigned for resistance value. [PHYS-129]
        : Via 'VIA56' has no resistance value.
Info    : Via with no resistance will have a value of '0.0' assigned for resistance value. [PHYS-129]
        : Via 'VIA45' has no resistance value.
Info    : Via with no resistance will have a value of '0.0' assigned for resistance value. [PHYS-129]
        : Via 'VIA34' has no resistance value.
Info    : Via with no resistance will have a value of '0.0' assigned for resistance value. [PHYS-129]
        : Via 'VIA23' has no resistance value.
Info    : Via with no resistance will have a value of '0.0' assigned for resistance value. [PHYS-129]
        : Via 'VIA12' has no resistance value.
Warning : Site already defined before, duplicated site will be ignored. [PHYS-106]
        : Site 'asap7sc7p5t' read already, this site in file '/data/tkvm2/Asap7design/memory/../../Asap7/asap7/asap7sc7p5t_28/LEF/scaled/asap7sc7p5t_28_R_4x_220121a.lef' is ignored.
Warning : Site already defined before, duplicated site will be ignored. [PHYS-106]
        : Site 'asap7sc7p5t' read already, this site in file '/data/tkvm2/Asap7design/memory/../../Asap7/asap7/asap7sc7p5t_28/LEF/scaled/asap7sc7p5t_28_SL_4x_220121a.lef' is ignored.
Warning : Site already defined before, duplicated site will be ignored. [PHYS-106]
        : Site 'asap7sc7p5t' read already, this site in file '/data/tkvm2/Asap7design/memory/../../Asap7/asap7/asap7sc7p5t_28/LEF/scaled/asap7sc7p5t_28_SRAM_4x_220121a.lef' is ignored.
Warning : Pin with no geometry. Location offsets set to zero. [PHYS-142]
        : Pin 'dataout[16]' of macro 'srambank_256x4x16_6t122' has no geometry.
Warning : Pin with no geometry. Location offsets set to zero. [PHYS-142]
        : Pin 'dataout[17]' of macro 'srambank_256x4x16_6t122' has no geometry.
Warning : Pin with no geometry. Location offsets set to zero. [PHYS-142]
        : Pin 'dataout[18]' of macro 'srambank_256x4x16_6t122' has no geometry.
Warning : Pin with no geometry. Location offsets set to zero. [PHYS-142]
        : Pin 'dataout[19]' of macro 'srambank_256x4x16_6t122' has no geometry.
Warning : Pin with no geometry. Location offsets set to zero. [PHYS-142]
        : Pin 'dataout[20]' of macro 'srambank_256x4x16_6t122' has no geometry.
Warning : Pin with no geometry. Location offsets set to zero. [PHYS-142]
        : Pin 'dataout[21]' of macro 'srambank_256x4x16_6t122' has no geometry.
Warning : Pin with no geometry. Location offsets set to zero. [PHYS-142]
        : Pin 'dataout[22]' of macro 'srambank_256x4x16_6t122' has no geometry.
Warning : Pin with no geometry. Location offsets set to zero. [PHYS-142]
        : Pin 'dataout[23]' of macro 'srambank_256x4x16_6t122' has no geometry.
Warning : Pin with no geometry. Location offsets set to zero. [PHYS-142]
        : Pin 'dataout[24]' of macro 'srambank_256x4x16_6t122' has no geometry.
Warning : Pin with no geometry. Location offsets set to zero. [PHYS-142]
        : Pin 'dataout[25]' of macro 'srambank_256x4x16_6t122' has no geometry.
Warning : Pin with no geometry. Location offsets set to zero. [PHYS-142]
        : Pin 'dataout[26]' of macro 'srambank_256x4x16_6t122' has no geometry.
Warning : Pin with no geometry. Location offsets set to zero. [PHYS-142]
        : Pin 'dataout[27]' of macro 'srambank_256x4x16_6t122' has no geometry.
Warning : Pin with no geometry. Location offsets set to zero. [PHYS-142]
        : Pin 'dataout[28]' of macro 'srambank_256x4x16_6t122' has no geometry.
Warning : Pin with no geometry. Location offsets set to zero. [PHYS-142]
        : Pin 'dataout[29]' of macro 'srambank_256x4x16_6t122' has no geometry.
Warning : Pin with no geometry. Location offsets set to zero. [PHYS-142]
        : Pin 'dataout[30]' of macro 'srambank_256x4x16_6t122' has no geometry.
Warning : Pin with no geometry. Location offsets set to zero. [PHYS-142]
        : Pin 'dataout[31]' of macro 'srambank_256x4x16_6t122' has no geometry.
Warning : Pin with no geometry. Location offsets set to zero. [PHYS-142]
        : Pin 'dataout[32]' of macro 'srambank_256x4x16_6t122' has no geometry.
Warning : Pin with no geometry. Location offsets set to zero. [PHYS-142]
        : Pin 'dataout[33]' of macro 'srambank_256x4x16_6t122' has no geometry.
Warning : Pin with no geometry. Location offsets set to zero. [PHYS-142]
        : Pin 'dataout[34]' of macro 'srambank_256x4x16_6t122' has no geometry.
Warning : Pin with no geometry. Location offsets set to zero. [PHYS-142]
        : Pin 'dataout[35]' of macro 'srambank_256x4x16_6t122' has no geometry.
Warning : Maximum message print count reached. [MESG-11]
        : Maximum print count of '20' reached for message 'PHYS-142'.
Warning : Macro references undefined site. [PHYS-2040]
        : Macro 'srambank_256x4x16_6t122' references a site 'coreSite' that has not been defined.
        : The sites must be defined before they can be referenced from a macro. Review the LEF files specified in the lef_library attribute to see if the site does not exist or is specified after the one that defines the macro.
Warning : Macro references undefined site. [PHYS-2040]
        : Macro 'srambank_256x4x18_6t122' references a site 'coreSite' that has not been defined.
Warning : Macro references undefined site. [PHYS-2040]
        : Macro 'srambank_256x4x20_6t122' references a site 'coreSite' that has not been defined.
Warning : Macro references undefined site. [PHYS-2040]
        : Macro 'srambank_256x4x34_6t122' references a site 'coreSite' that has not been defined.
Warning : Macro references undefined site. [PHYS-2040]
        : Macro 'srambank_256x4x36_6t122' references a site 'coreSite' that has not been defined.
Warning : Macro references undefined site. [PHYS-2040]
        : Macro 'srambank_256x4x40_6t122' references a site 'coreSite' that has not been defined.
Warning : Macro references undefined site. [PHYS-2040]
        : Macro 'srambank_256x4x48_6t122' references a site 'coreSite' that has not been defined.
Warning : Macro references undefined site. [PHYS-2040]
        : Macro 'srambank_256x4x64_6t122' references a site 'coreSite' that has not been defined.
Warning : Macro references undefined site. [PHYS-2040]
        : Macro 'srambank_256x4x72_6t122' references a site 'coreSite' that has not been defined.
Warning : Macro references undefined site. [PHYS-2040]
        : Macro 'srambank_256x4x74_6t122' references a site 'coreSite' that has not been defined.
Warning : Macro references undefined site. [PHYS-2040]
        : Macro 'srambank_256x4x80_6t122' references a site 'coreSite' that has not been defined.

  According to lef_library, there are total 10 routing layers [ V(5) / H(5) ]

Warning : Missing wire parameter. [PHYS-15]
        : 'EDGECAPACITANCE' parameter is missing for layer 'M1' [line 132 in file /data/tkvm2/Asap7design/memory/../../Asap7/asap7/asap7sc7p5t_28/techlef_misc/asap7_tech_4x_201209.lef]
        : Check the wire parameter in LEF technology files.
Warning : Missing wire parameter. [PHYS-15]
        : 'EDGECAPACITANCE' parameter is missing for layer 'M2' [line 197 in file /data/tkvm2/Asap7design/memory/../../Asap7/asap7/asap7sc7p5t_28/techlef_misc/asap7_tech_4x_201209.lef]
Warning : Missing wire parameter. [PHYS-15]
        : 'EDGECAPACITANCE' parameter is missing for layer 'M3' [line 248 in file /data/tkvm2/Asap7design/memory/../../Asap7/asap7/asap7sc7p5t_28/techlef_misc/asap7_tech_4x_201209.lef]
Warning : Missing wire parameter. [PHYS-15]
        : 'EDGECAPACITANCE' parameter is missing for layer 'M4' [line 328 in file /data/tkvm2/Asap7design/memory/../../Asap7/asap7/asap7sc7p5t_28/techlef_misc/asap7_tech_4x_201209.lef]
Warning : Missing wire parameter. [PHYS-15]
        : 'EDGECAPACITANCE' parameter is missing for layer 'M5' [line 413 in file /data/tkvm2/Asap7design/memory/../../Asap7/asap7/asap7sc7p5t_28/techlef_misc/asap7_tech_4x_201209.lef]
Warning : Missing wire parameter. [PHYS-15]
        : 'EDGECAPACITANCE' parameter is missing for layer 'M6' [line 494 in file /data/tkvm2/Asap7design/memory/../../Asap7/asap7/asap7sc7p5t_28/techlef_misc/asap7_tech_4x_201209.lef]
Warning : Missing wire parameter. [PHYS-15]
        : 'EDGECAPACITANCE' parameter is missing for layer 'M7' [line 570 in file /data/tkvm2/Asap7design/memory/../../Asap7/asap7/asap7sc7p5t_28/techlef_misc/asap7_tech_4x_201209.lef]
Warning : Missing wire parameter. [PHYS-15]
        : 'EDGECAPACITANCE' parameter is missing for layer 'M8' [line 598 in file /data/tkvm2/Asap7design/memory/../../Asap7/asap7/asap7sc7p5t_28/techlef_misc/asap7_tech_4x_201209.lef]
Warning : Missing wire parameter. [PHYS-15]
        : 'EDGECAPACITANCE' parameter is missing for layer 'M9' [line 625 in file /data/tkvm2/Asap7design/memory/../../Asap7/asap7/asap7sc7p5t_28/techlef_misc/asap7_tech_4x_201209.lef]
Warning : Missing wire parameter. [PHYS-15]
        : 'EDGECAPACITANCE' parameter is missing for layer 'Pad' [line 649 in file /data/tkvm2/Asap7design/memory/../../Asap7/asap7/asap7sc7p5t_28/techlef_misc/asap7_tech_4x_201209.lef]
Warning : Missing wire parameter. [PHYS-15]
        : 'CPERSQDIST' parameter is missing for layer 'M1' [line 132 in file /data/tkvm2/Asap7design/memory/../../Asap7/asap7/asap7sc7p5t_28/techlef_misc/asap7_tech_4x_201209.lef]
Warning : Missing wire parameter. [PHYS-15]
        : 'CPERSQDIST' parameter is missing for layer 'M2' [line 197 in file /data/tkvm2/Asap7design/memory/../../Asap7/asap7/asap7sc7p5t_28/techlef_misc/asap7_tech_4x_201209.lef]
Warning : Missing wire parameter. [PHYS-15]
        : 'CPERSQDIST' parameter is missing for layer 'M3' [line 248 in file /data/tkvm2/Asap7design/memory/../../Asap7/asap7/asap7sc7p5t_28/techlef_misc/asap7_tech_4x_201209.lef]
Warning : Missing wire parameter. [PHYS-15]
        : 'CPERSQDIST' parameter is missing for layer 'M4' [line 328 in file /data/tkvm2/Asap7design/memory/../../Asap7/asap7/asap7sc7p5t_28/techlef_misc/asap7_tech_4x_201209.lef]
Warning : Missing wire parameter. [PHYS-15]
        : 'CPERSQDIST' parameter is missing for layer 'M5' [line 413 in file /data/tkvm2/Asap7design/memory/../../Asap7/asap7/asap7sc7p5t_28/techlef_misc/asap7_tech_4x_201209.lef]
Warning : Missing wire parameter. [PHYS-15]
        : 'CPERSQDIST' parameter is missing for layer 'M6' [line 494 in file /data/tkvm2/Asap7design/memory/../../Asap7/asap7/asap7sc7p5t_28/techlef_misc/asap7_tech_4x_201209.lef]
Warning : Missing wire parameter. [PHYS-15]
        : 'CPERSQDIST' parameter is missing for layer 'M7' [line 570 in file /data/tkvm2/Asap7design/memory/../../Asap7/asap7/asap7sc7p5t_28/techlef_misc/asap7_tech_4x_201209.lef]
Warning : Missing wire parameter. [PHYS-15]
        : 'CPERSQDIST' parameter is missing for layer 'M8' [line 598 in file /data/tkvm2/Asap7design/memory/../../Asap7/asap7/asap7sc7p5t_28/techlef_misc/asap7_tech_4x_201209.lef]
Warning : Missing wire parameter. [PHYS-15]
        : 'CPERSQDIST' parameter is missing for layer 'M9' [line 625 in file /data/tkvm2/Asap7design/memory/../../Asap7/asap7/asap7sc7p5t_28/techlef_misc/asap7_tech_4x_201209.lef]
Warning : Missing wire parameter. [PHYS-15]
        : 'CPERSQDIST' parameter is missing for layer 'Pad' [line 649 in file /data/tkvm2/Asap7design/memory/../../Asap7/asap7/asap7sc7p5t_28/techlef_misc/asap7_tech_4x_201209.lef]
Warning : Maximum message print count reached. [MESG-11]
        : Maximum print count of '20' reached for message 'PHYS-15'.
Warning : The variant range of wire parameters is too large. An example of wire parameters are, a WIDTH for layer, PITCH for layer, MINSPACING for layers, etc. [PHYS-12]
        : The variant range (0.012, 0.16) of 'OFFSET' for layers 'M4' and 'Pad' is too large.
        : Check the consistency of the parameters, and see if you can ignore this message or you're using different LEF file with wrong parameters.
Warning : The value of the wire parameter is too small. [PHYS-14]
        : The 'OFFSET: 0.012' of layer 'M4' is much less than others.
        : Check the consistency of the specified wire parameter.
Warning : The value of the wire parameter is too small. [PHYS-14]
        : The 'OFFSET: 0.012' of layer 'M4' is much less than others.
Warning : The value of the wire parameter is too small. [PHYS-14]
        : The 'OFFSET: 0.012' of layer 'M4' is much less than others.
Warning : The value of the wire parameter is too small. [PHYS-14]
        : The 'OFFSET: 0.012' of layer 'M4' is much less than others.
Warning : The value of the wire parameter is too small. [PHYS-14]
        : The 'OFFSET: 0.012' of layer 'M4' is much less than others.
Warning : The variant range of wire parameters is too large. An example of wire parameters are, a WIDTH for layer, PITCH for layer, MINSPACING for layers, etc. [PHYS-12]
        : The variant range (0.072, 8) of 'MINSPACING' for layers 'M1' and 'Pad' is too large.
Warning : The value of the wire parameter is too big. [PHYS-13]
        : The 'MINSPACING: 8' of layer 'Pad' is much bigger than others.
        : Check the consistency of the specified wire parameter.
Warning : Physical cell not defined in library. [PHYS-279]
        : The physical (LEF) cell A2O1A1Ixp33_ASAP7_75t_L cannot be found in library.
        : Ensure that the proper library files are available and have been imported.
Warning : Physical cell not defined in library. [PHYS-279]
        : The physical (LEF) cell A2O1A1O1Ixp25_ASAP7_75t_L cannot be found in library.
Warning : Physical cell not defined in library. [PHYS-279]
        : The physical (LEF) cell AND2x2_ASAP7_75t_L cannot be found in library.
Warning : Physical cell not defined in library. [PHYS-279]
        : The physical (LEF) cell AND2x4_ASAP7_75t_L cannot be found in library.
Warning : Physical cell not defined in library. [PHYS-279]
        : The physical (LEF) cell AND2x6_ASAP7_75t_L cannot be found in library.
Warning : Physical cell not defined in library. [PHYS-279]
        : The physical (LEF) cell AND3x1_ASAP7_75t_L cannot be found in library.
Warning : Physical cell not defined in library. [PHYS-279]
        : The physical (LEF) cell AND3x2_ASAP7_75t_L cannot be found in library.
Warning : Physical cell not defined in library. [PHYS-279]
        : The physical (LEF) cell AND3x4_ASAP7_75t_L cannot be found in library.
Warning : Physical cell not defined in library. [PHYS-279]
        : The physical (LEF) cell AND4x1_ASAP7_75t_L cannot be found in library.
Warning : Physical cell not defined in library. [PHYS-279]
        : The physical (LEF) cell AND4x2_ASAP7_75t_L cannot be found in library.
Warning : Physical cell not defined in library. [PHYS-279]
        : The physical (LEF) cell AND5x1_ASAP7_75t_L cannot be found in library.
Warning : Physical cell not defined in library. [PHYS-279]
        : The physical (LEF) cell AND5x2_ASAP7_75t_L cannot be found in library.
Warning : Physical cell not defined in library. [PHYS-279]
        : The physical (LEF) cell AO211x2_ASAP7_75t_L cannot be found in library.
Warning : Physical cell not defined in library. [PHYS-279]
        : The physical (LEF) cell AO21x1_ASAP7_75t_L cannot be found in library.
Warning : Physical cell not defined in library. [PHYS-279]
        : The physical (LEF) cell AO21x2_ASAP7_75t_L cannot be found in library.
Warning : Physical cell not defined in library. [PHYS-279]
        : The physical (LEF) cell AO221x1_ASAP7_75t_L cannot be found in library.
Warning : Physical cell not defined in library. [PHYS-279]
        : The physical (LEF) cell AO221x2_ASAP7_75t_L cannot be found in library.
Warning : Physical cell not defined in library. [PHYS-279]
        : The physical (LEF) cell AO222x2_ASAP7_75t_L cannot be found in library.
Warning : Physical cell not defined in library. [PHYS-279]
        : The physical (LEF) cell AO22x1_ASAP7_75t_L cannot be found in library.
Warning : Physical cell not defined in library. [PHYS-279]
        : The physical (LEF) cell AO22x2_ASAP7_75t_L cannot be found in library.
Warning : Maximum message print count reached. [MESG-11]
        : Maximum print count of '20' reached for message 'PHYS-279'.
Warning : Found additional logical pin for cell in LEF library. [PHYS-133]
        : Cell 'srambank_256x4x16_6t122' in LEF library '/data/tkvm2/Asap7design/memory/../../Asap7/asap7/asap7_sram_0p0/generated/LEF/srambank_256x4x32_6t122.lef' has an additional logical pin 'sdel[0]'.
        : When the tool finds a logical pin for a cell in the LEF library that is not present in the logical library, the tool adds this pin to the libcell definition in the session. To prevent this pin addition, set the 'lef_add_logical_pins' root attribute to 'false'.
Warning : Found additional logical pin for cell in LEF library. [PHYS-133]
        : Cell 'srambank_256x4x16_6t122' in LEF library '/data/tkvm2/Asap7design/memory/../../Asap7/asap7/asap7_sram_0p0/generated/LEF/srambank_256x4x32_6t122.lef' has an additional logical pin 'sdel[1]'.
Warning : Found additional logical pin for cell in LEF library. [PHYS-133]
        : Cell 'srambank_256x4x16_6t122' in LEF library '/data/tkvm2/Asap7design/memory/../../Asap7/asap7/asap7_sram_0p0/generated/LEF/srambank_256x4x32_6t122.lef' has an additional logical pin 'sdel[2]'.
Warning : Found additional logical pin for cell in LEF library. [PHYS-133]
        : Cell 'srambank_256x4x16_6t122' in LEF library '/data/tkvm2/Asap7design/memory/../../Asap7/asap7/asap7_sram_0p0/generated/LEF/srambank_256x4x32_6t122.lef' has an additional logical pin 'sdel[3]'.
Warning : Found additional logical pin for cell in LEF library. [PHYS-133]
        : Cell 'srambank_256x4x16_6t122' in LEF library '/data/tkvm2/Asap7design/memory/../../Asap7/asap7/asap7_sram_0p0/generated/LEF/srambank_256x4x32_6t122.lef' has an additional logical pin 'sdel[4]'.
Warning : Library cell pin 'use' attribute is inconsistent between lib and LEF. [PHYS-128]
        : Pin 'VSS' of library cell 'srambank_256x4x16_6t122' is marked as POWER in LEF file.
        : Overriding lib value with LEF value. To use .lib as golden do: '::legacy::set_attribute use_power_ground_pin_from_lef false'.
Warning : Found additional logical pin for cell in LEF library. [PHYS-133]
        : Cell 'srambank_256x4x18_6t122' in LEF library '/data/tkvm2/Asap7design/memory/../../Asap7/asap7/asap7_sram_0p0/generated/LEF/srambank_256x4x32_6t122.lef' has an additional logical pin 'sdel[0]'.
Warning : Found additional logical pin for cell in LEF library. [PHYS-133]
        : Cell 'srambank_256x4x18_6t122' in LEF library '/data/tkvm2/Asap7design/memory/../../Asap7/asap7/asap7_sram_0p0/generated/LEF/srambank_256x4x32_6t122.lef' has an additional logical pin 'sdel[1]'.
Warning : Found additional logical pin for cell in LEF library. [PHYS-133]
        : Cell 'srambank_256x4x18_6t122' in LEF library '/data/tkvm2/Asap7design/memory/../../Asap7/asap7/asap7_sram_0p0/generated/LEF/srambank_256x4x32_6t122.lef' has an additional logical pin 'sdel[2]'.
Warning : Found additional logical pin for cell in LEF library. [PHYS-133]
        : Cell 'srambank_256x4x18_6t122' in LEF library '/data/tkvm2/Asap7design/memory/../../Asap7/asap7/asap7_sram_0p0/generated/LEF/srambank_256x4x32_6t122.lef' has an additional logical pin 'sdel[3]'.
Warning : Found additional logical pin for cell in LEF library. [PHYS-133]
        : Cell 'srambank_256x4x18_6t122' in LEF library '/data/tkvm2/Asap7design/memory/../../Asap7/asap7/asap7_sram_0p0/generated/LEF/srambank_256x4x32_6t122.lef' has an additional logical pin 'sdel[4]'.
Warning : Library cell pin 'use' attribute is inconsistent between lib and LEF. [PHYS-128]
        : Pin 'VSS' of library cell 'srambank_256x4x18_6t122' is marked as POWER in LEF file.
Warning : Found additional logical pin for cell in LEF library. [PHYS-133]
        : Cell 'srambank_256x4x20_6t122' in LEF library '/data/tkvm2/Asap7design/memory/../../Asap7/asap7/asap7_sram_0p0/generated/LEF/srambank_256x4x32_6t122.lef' has an additional logical pin 'sdel[0]'.
Warning : Found additional logical pin for cell in LEF library. [PHYS-133]
        : Cell 'srambank_256x4x20_6t122' in LEF library '/data/tkvm2/Asap7design/memory/../../Asap7/asap7/asap7_sram_0p0/generated/LEF/srambank_256x4x32_6t122.lef' has an additional logical pin 'sdel[1]'.
Warning : Found additional logical pin for cell in LEF library. [PHYS-133]
        : Cell 'srambank_256x4x20_6t122' in LEF library '/data/tkvm2/Asap7design/memory/../../Asap7/asap7/asap7_sram_0p0/generated/LEF/srambank_256x4x32_6t122.lef' has an additional logical pin 'sdel[2]'.
Warning : Found additional logical pin for cell in LEF library. [PHYS-133]
        : Cell 'srambank_256x4x20_6t122' in LEF library '/data/tkvm2/Asap7design/memory/../../Asap7/asap7/asap7_sram_0p0/generated/LEF/srambank_256x4x32_6t122.lef' has an additional logical pin 'sdel[3]'.
Warning : Found additional logical pin for cell in LEF library. [PHYS-133]
        : Cell 'srambank_256x4x20_6t122' in LEF library '/data/tkvm2/Asap7design/memory/../../Asap7/asap7/asap7_sram_0p0/generated/LEF/srambank_256x4x32_6t122.lef' has an additional logical pin 'sdel[4]'.
Warning : Library cell pin 'use' attribute is inconsistent between lib and LEF. [PHYS-128]
        : Pin 'VSS' of library cell 'srambank_256x4x20_6t122' is marked as POWER in LEF file.
Warning : Found additional logical pin for cell in LEF library. [PHYS-133]
        : Cell 'srambank_256x4x34_6t122' in LEF library '/data/tkvm2/Asap7design/memory/../../Asap7/asap7/asap7_sram_0p0/generated/LEF/srambank_256x4x32_6t122.lef' has an additional logical pin 'sdel[0]'.
Warning : Found additional logical pin for cell in LEF library. [PHYS-133]
        : Cell 'srambank_256x4x34_6t122' in LEF library '/data/tkvm2/Asap7design/memory/../../Asap7/asap7/asap7_sram_0p0/generated/LEF/srambank_256x4x32_6t122.lef' has an additional logical pin 'sdel[1]'.
Warning : Found additional logical pin for cell in LEF library. [PHYS-133]
        : Cell 'srambank_256x4x34_6t122' in LEF library '/data/tkvm2/Asap7design/memory/../../Asap7/asap7/asap7_sram_0p0/generated/LEF/srambank_256x4x32_6t122.lef' has an additional logical pin 'sdel[2]'.
Warning : Found additional logical pin for cell in LEF library. [PHYS-133]
        : Cell 'srambank_256x4x34_6t122' in LEF library '/data/tkvm2/Asap7design/memory/../../Asap7/asap7/asap7_sram_0p0/generated/LEF/srambank_256x4x32_6t122.lef' has an additional logical pin 'sdel[3]'.
Warning : Found additional logical pin for cell in LEF library. [PHYS-133]
        : Cell 'srambank_256x4x34_6t122' in LEF library '/data/tkvm2/Asap7design/memory/../../Asap7/asap7/asap7_sram_0p0/generated/LEF/srambank_256x4x32_6t122.lef' has an additional logical pin 'sdel[4]'.
Warning : Library cell pin 'use' attribute is inconsistent between lib and LEF. [PHYS-128]
        : Pin 'VSS' of library cell 'srambank_256x4x34_6t122' is marked as POWER in LEF file.
Warning : Maximum message print count reached. [MESG-11]
        : Maximum print count of '20' reached for message 'PHYS-133'.
Warning : Library cell pin 'use' attribute is inconsistent between lib and LEF. [PHYS-128]
        : Pin 'VSS' of library cell 'srambank_256x4x36_6t122' is marked as POWER in LEF file.
Warning : Library cell pin 'use' attribute is inconsistent between lib and LEF. [PHYS-128]
        : Pin 'VSS' of library cell 'srambank_256x4x40_6t122' is marked as POWER in LEF file.
Warning : Library cell pin 'use' attribute is inconsistent between lib and LEF. [PHYS-128]
        : Pin 'VSS' of library cell 'srambank_256x4x48_6t122' is marked as POWER in LEF file.
Warning : Library cell pin 'use' attribute is inconsistent between lib and LEF. [PHYS-128]
        : Pin 'VSS' of library cell 'srambank_256x4x64_6t122' is marked as POWER in LEF file.
Warning : Library cell pin 'use' attribute is inconsistent between lib and LEF. [PHYS-128]
        : Pin 'VSS' of library cell 'srambank_256x4x72_6t122' is marked as POWER in LEF file.
Warning : Library cell pin 'use' attribute is inconsistent between lib and LEF. [PHYS-128]
        : Pin 'VSS' of library cell 'srambank_256x4x74_6t122' is marked as POWER in LEF file.
Warning : Library cell pin 'use' attribute is inconsistent between lib and LEF. [PHYS-128]
        : Pin 'VSS' of library cell 'srambank_256x4x80_6t122' is marked as POWER in LEF file.
Warning : Library cell pin 'use' attribute is inconsistent between lib and LEF. [PHYS-128]
        : Pin 'VSS' of library cell 'srambank_256x4x32_6t122' is marked as POWER in LEF file.
  Setting attribute of root '/': 'lef_library' = /data/tkvm2/Asap7design/memory/../../Asap7/asap7/asap7sc7p5t_28/techlef_misc/asap7_tech_4x_201209.lef /data/tkvm2/Asap7design/memory/../../Asap7/asap7/asap7sc7p5t_28/LEF/scaled/asap7sc7p5t_28_L_4x_220121a.lef /data/tkvm2/Asap7design/memory/../../Asap7/asap7/asap7sc7p5t_28/LEF/scaled/asap7sc7p5t_28_R_4x_220121a.lef /data/tkvm2/Asap7design/memory/../../Asap7/asap7/asap7sc7p5t_28/LEF/scaled/asap7sc7p5t_28_SL_4x_220121a.lef /data/tkvm2/Asap7design/memory/../../Asap7/asap7/asap7sc7p5t_28/LEF/scaled/asap7sc7p5t_28_SRAM_4x_220121a.lef /data/tkvm2/Asap7design/memory/../../Asap7/asap7/asap7_sram_0p0/generated/LEF/srambank_256x4x16_6t122.lef /data/tkvm2/Asap7design/memory/../../Asap7/asap7/asap7_sram_0p0/generated/LEF/srambank_256x4x18_6t122.lef /data/tkvm2/Asap7design/memory/../../Asap7/asap7/asap7_sram_0p0/generated/LEF/srambank_256x4x20_6t122.lef /data/tkvm2/Asap7design/memory/../../Asap7/asap7/asap7_sram_0p0/generated/LEF/srambank_256x4x34_6t122.lef /data/tkvm2/Asap7design/memory/../../Asap7/asap7/asap7_sram_0p0/generated/LEF/srambank_256x4x36_6t122.lef /data/tkvm2/Asap7design/memory/../../Asap7/asap7/asap7_sram_0p0/generated/LEF/srambank_256x4x40_6t122.lef /data/tkvm2/Asap7design/memory/../../Asap7/asap7/asap7_sram_0p0/generated/LEF/srambank_256x4x48_6t122.lef /data/tkvm2/Asap7design/memory/../../Asap7/asap7/asap7_sram_0p0/generated/LEF/srambank_256x4x64_6t122.lef /data/tkvm2/Asap7design/memory/../../Asap7/asap7/asap7_sram_0p0/generated/LEF/srambank_256x4x72_6t122.lef /data/tkvm2/Asap7design/memory/../../Asap7/asap7/asap7_sram_0p0/generated/LEF/srambank_256x4x74_6t122.lef /data/tkvm2/Asap7design/memory/../../Asap7/asap7/asap7_sram_0p0/generated/LEF/srambank_256x4x80_6t122.lef /data/tkvm2/Asap7design/memory/../../Asap7/asap7/asap7_sram_0p0/generated/LEF/srambank_256x4x32_6t122.lef
@file(genus.tcl) 17: read_hdl -sv rtl/axi_ctrl.v rtl/sram_macro.v rtl/top_axi_ram.v
@file(genus.tcl) 19: elaborate top_axi_ram
  Libraries have 167 usable logic and 23 usable sequential lib-cells.
Info    : Elaborating Design. [ELAB-1]
        : Elaborating top-level block 'top_axi_ram' from file 'rtl/top_axi_ram.v'.
Warning : Using default parameter value for module elaboration. [CDFG-818]
        : Elaborating block 'top_axi_ram' with default parameters value.
Warning : Undriven signal detected. [ELABUTL-125]
        : Undriven bits of signal 'macro_q[1]' in module 'sram_macro_DATA_WIDTH32_ADDR_WIDTH32_MEM_DEPTH16384' in file 'rtl/sram_macro.v' on line 58, column 29, hid = 0.
        : The undriven signal handling can be controlled by setting the attribute 'hdl_unconnected_value' before syn_generic command.
Warning : Undriven signal detected. [ELABUTL-125]
        : Undriven bits of signal 'macro_q[2]' in module 'sram_macro_DATA_WIDTH32_ADDR_WIDTH32_MEM_DEPTH16384' in file 'rtl/sram_macro.v' on line 58, column 29, hid = 0.
Warning : Undriven signal detected. [ELABUTL-125]
        : Undriven bits of signal 'macro_q[3]' in module 'sram_macro_DATA_WIDTH32_ADDR_WIDTH32_MEM_DEPTH16384' in file 'rtl/sram_macro.v' on line 58, column 29, hid = 0.
Warning : Undriven signal detected. [ELABUTL-125]
        : Undriven bits of signal 'macro_q[4]' in module 'sram_macro_DATA_WIDTH32_ADDR_WIDTH32_MEM_DEPTH16384' in file 'rtl/sram_macro.v' on line 58, column 29, hid = 0.
Warning : Undriven signal detected. [ELABUTL-125]
        : Undriven bits of signal 'macro_q[5]' in module 'sram_macro_DATA_WIDTH32_ADDR_WIDTH32_MEM_DEPTH16384' in file 'rtl/sram_macro.v' on line 58, column 29, hid = 0.
Warning : Undriven signal detected. [ELABUTL-125]
        : Undriven bits of signal 'macro_q[6]' in module 'sram_macro_DATA_WIDTH32_ADDR_WIDTH32_MEM_DEPTH16384' in file 'rtl/sram_macro.v' on line 58, column 29, hid = 0.
Warning : Undriven signal detected. [ELABUTL-125]
        : Undriven bits of signal 'macro_q[7]' in module 'sram_macro_DATA_WIDTH32_ADDR_WIDTH32_MEM_DEPTH16384' in file 'rtl/sram_macro.v' on line 58, column 29, hid = 0.
Warning : Undriven signal detected. [ELABUTL-125]
        : Undriven bits of signal 'macro_q[8]' in module 'sram_macro_DATA_WIDTH32_ADDR_WIDTH32_MEM_DEPTH16384' in file 'rtl/sram_macro.v' on line 58, column 29, hid = 0.
Warning : Undriven signal detected. [ELABUTL-125]
        : Undriven bits of signal 'macro_q[9]' in module 'sram_macro_DATA_WIDTH32_ADDR_WIDTH32_MEM_DEPTH16384' in file 'rtl/sram_macro.v' on line 58, column 29, hid = 0.
Warning : Undriven signal detected. [ELABUTL-125]
        : Undriven bits of signal 'macro_q[10]' in module 'sram_macro_DATA_WIDTH32_ADDR_WIDTH32_MEM_DEPTH16384' in file 'rtl/sram_macro.v' on line 58, column 29, hid = 0.
Warning : Undriven signal detected. [ELABUTL-125]
        : Undriven bits of signal 'macro_q[11]' in module 'sram_macro_DATA_WIDTH32_ADDR_WIDTH32_MEM_DEPTH16384' in file 'rtl/sram_macro.v' on line 58, column 29, hid = 0.
Warning : Undriven signal detected. [ELABUTL-125]
        : Undriven bits of signal 'macro_q[12]' in module 'sram_macro_DATA_WIDTH32_ADDR_WIDTH32_MEM_DEPTH16384' in file 'rtl/sram_macro.v' on line 58, column 29, hid = 0.
Warning : Undriven signal detected. [ELABUTL-125]
        : Undriven bits of signal 'macro_q[13]' in module 'sram_macro_DATA_WIDTH32_ADDR_WIDTH32_MEM_DEPTH16384' in file 'rtl/sram_macro.v' on line 58, column 29, hid = 0.
Warning : Undriven signal detected. [ELABUTL-125]
        : Undriven bits of signal 'macro_q[14]' in module 'sram_macro_DATA_WIDTH32_ADDR_WIDTH32_MEM_DEPTH16384' in file 'rtl/sram_macro.v' on line 58, column 29, hid = 0.
Warning : Undriven signal detected. [ELABUTL-125]
        : Undriven bits of signal 'macro_q[15]' in module 'sram_macro_DATA_WIDTH32_ADDR_WIDTH32_MEM_DEPTH16384' in file 'rtl/sram_macro.v' on line 58, column 29, hid = 0.
Info    : Done Elaborating Design. [ELAB-3]
        : Done elaborating 'top_axi_ram'.
Checking for analog nets...
Check completed for analog nets.
Checking for source RTL...
Check completed for source RTL.
Running Unified Mux Engine Tricks...
Completed Unified Mux Engine Tricks

Stage: post_elab
-------------------------------------------------------
| Trick             | Accepts | Rejects | Runtime (s) | 
-------------------------------------------------------
| ume_constant_bmux |       0 |       0 |        0.00 | 
| ume_merge         |       0 |       0 |        0.00 | 
| ume_ssm           |       0 |       0 |        0.00 | 
| ume_cse           |       0 |       0 |        0.00 | 
| ume_shrink        |       2 |       0 |        0.00 | 
| ume_sweep         |       0 |       0 |        0.00 | 
| ume_constant_bmux |       0 |       0 |        0.00 | 
| ume_merge         |       0 |       0 |        0.00 | 
| ume_ssm           |       0 |       0 |        0.00 | 
| ume_cse           |       0 |       0 |        0.00 | 
| ume_shrink        |       0 |       0 |        0.00 | 
| ume_sweep         |       0 |       0 |        0.00 | 
-------------------------------------------------------
Starting optimize datapath shifters [v1.0] (stage: post_elab, startdef: top_axi_ram, recur: true)
Completed optimize datapath shifters (accepts: 0, rejects: 0, runtime: 0.000s)
Starting clip mux common data inputs [v1.0] (stage: post_elab, startdef: top_axi_ram, recur: true)
Completed clip mux common data inputs (accepts: 0, rejects: 0, runtime: 0.000s)
Starting clip the non-user hierarchies [v2.0] (stage: post_elab, startdef: top_axi_ram, recur: true)
Completed clip the non-user hierarchies (accepts: 1, rejects: 0, runtime: 0.001s)
Starting basic netlist cleanup [v1.0] (stage: post_elab, startdef: top_axi_ram, recur: true)
Completed basic netlist cleanup (accepts: 0, rejects: 0, runtime: 0.000s)

Stage: post_elab
--------------------------------------------------------------------
| Transform                      | Accepts | Rejects | Runtime (s) | 
--------------------------------------------------------------------
| hlo_optimize_datapath_shifters |       0 |       0 |        0.00 | 
| hlo_clip_mux_input             |       0 |       0 |        0.00 | 
| hlo_clip                       |       1 |       0 |        0.00 | 
| hlo_cleanup                    |       0 |       0 |        0.00 | 
--------------------------------------------------------------------
UM:   flow.cputime  flow.realtime  timing.setup.tns  timing.setup.wns  snapshot
UM:*                                                                   elaborate
@file(genus.tcl) 21: check_design -unresolved


 	 Check Design Report (c)
	 ------------------- 

  Unresolved References & Empty Modules
  ------------------------------------- 
No unresolved references in design 'top_axi_ram'

No empty modules in design 'top_axi_ram'

  Done Checking the design.
@file(genus.tcl) 24: set_db [get_db insts *u_sram_macro*] .preserve true
Error   : Cannot preserve unmapped leaf instance. [TUI-210] [set_db]
        : Cannot preserve the instance 'inst:top_axi_ram/u_sram_macro/mux_22_29/g1' to 'true' because it is not a mapped leaf instance.
        : You can only change the value of the 'preserve' attribute of mapped, non-hierarchical instances to one of the following values: true, false, size_ok, delete_ok, or size_delete_ok.
Error   : The data value for this attribute is invalid. [TUI-24] [set_db]
        : The value 'true' cannot be set for attribute 'preserve'.
        : To see the usage/description for this attribute, type '::legacy::set_attribute -h <attr_name> *' (in legacy UI mode) or 'help * <attr_name> -detail' (in CUI mode).
Error   : Cannot preserve unmapped leaf instance. [TUI-210] [set_db]
        : Cannot preserve the instance 'inst:top_axi_ram/u_sram_macro/mux_22_29/g2' to 'true' because it is not a mapped leaf instance.
Error   : The data value for this attribute is invalid. [TUI-24] [set_db]
        : The value 'true' cannot be set for attribute 'preserve'.
Error   : Cannot preserve unmapped leaf instance. [TUI-210] [set_db]
        : Cannot preserve the instance 'inst:top_axi_ram/u_sram_macro/mux_22_29/g3' to 'true' because it is not a mapped leaf instance.
Error   : The data value for this attribute is invalid. [TUI-24] [set_db]
        : The value 'true' cannot be set for attribute 'preserve'.
Error   : Cannot preserve unmapped leaf instance. [TUI-210] [set_db]
        : Cannot preserve the instance 'inst:top_axi_ram/u_sram_macro/mux_22_29/g4' to 'true' because it is not a mapped leaf instance.
Error   : The data value for this attribute is invalid. [TUI-24] [set_db]
        : The value 'true' cannot be set for attribute 'preserve'.
Error   : Cannot preserve unmapped leaf instance. [TUI-210] [set_db]
        : Cannot preserve the instance 'inst:top_axi_ram/u_sram_macro/mux_22_29/g5' to 'true' because it is not a mapped leaf instance.
Error   : The data value for this attribute is invalid. [TUI-24] [set_db]
        : The value 'true' cannot be set for attribute 'preserve'.
Error   : Cannot preserve unmapped leaf instance. [TUI-210] [set_db]
        : Cannot preserve the instance 'inst:top_axi_ram/u_sram_macro/mux_22_29/g6' to 'true' because it is not a mapped leaf instance.
Error   : The data value for this attribute is invalid. [TUI-24] [set_db]
        : The value 'true' cannot be set for attribute 'preserve'.
Error   : Cannot preserve unmapped leaf instance. [TUI-210] [set_db]
        : Cannot preserve the instance 'inst:top_axi_ram/u_sram_macro/mux_22_29/g7' to 'true' because it is not a mapped leaf instance.
Error   : The data value for this attribute is invalid. [TUI-24] [set_db]
        : The value 'true' cannot be set for attribute 'preserve'.
Error   : Cannot preserve unmapped leaf instance. [TUI-210] [set_db]
        : Cannot preserve the instance 'inst:top_axi_ram/u_sram_macro/mux_22_29/g8' to 'true' because it is not a mapped leaf instance.
Error   : The data value for this attribute is invalid. [TUI-24] [set_db]
        : The value 'true' cannot be set for attribute 'preserve'.
Error   : Cannot preserve unmapped leaf instance. [TUI-210] [set_db]
        : Cannot preserve the instance 'inst:top_axi_ram/u_sram_macro/mux_22_29/g9' to 'true' because it is not a mapped leaf instance.
Error   : The data value for this attribute is invalid. [TUI-24] [set_db]
        : The value 'true' cannot be set for attribute 'preserve'.
Error   : Cannot preserve unmapped leaf instance. [TUI-210] [set_db]
        : Cannot preserve the instance 'inst:top_axi_ram/u_sram_macro/mux_22_29/g10' to 'true' because it is not a mapped leaf instance.
Error   : The data value for this attribute is invalid. [TUI-24] [set_db]
        : The value 'true' cannot be set for attribute 'preserve'.
Error   : Cannot preserve unmapped leaf instance. [TUI-210] [set_db]
        : Cannot preserve the instance 'inst:top_axi_ram/u_sram_macro/mux_22_29/g11' to 'true' because it is not a mapped leaf instance.
Error   : The data value for this attribute is invalid. [TUI-24] [set_db]
        : The value 'true' cannot be set for attribute 'preserve'.
Error   : Cannot preserve unmapped leaf instance. [TUI-210] [set_db]
        : Cannot preserve the instance 'inst:top_axi_ram/u_sram_macro/mux_22_29/g12' to 'true' because it is not a mapped leaf instance.
Error   : The data value for this attribute is invalid. [TUI-24] [set_db]
        : The value 'true' cannot be set for attribute 'preserve'.
Error   : Cannot preserve unmapped leaf instance. [TUI-210] [set_db]
        : Cannot preserve the instance 'inst:top_axi_ram/u_sram_macro/mux_22_29/g13' to 'true' because it is not a mapped leaf instance.
Error   : The data value for this attribute is invalid. [TUI-24] [set_db]
        : The value 'true' cannot be set for attribute 'preserve'.
Error   : Cannot preserve unmapped leaf instance. [TUI-210] [set_db]
        : Cannot preserve the instance 'inst:top_axi_ram/u_sram_macro/mux_22_29/g14' to 'true' because it is not a mapped leaf instance.
Error   : The data value for this attribute is invalid. [TUI-24] [set_db]
        : The value 'true' cannot be set for attribute 'preserve'.
Error   : Cannot preserve unmapped leaf instance. [TUI-210] [set_db]
        : Cannot preserve the instance 'inst:top_axi_ram/u_sram_macro/mux_macro_q[bank_sel_r]_58_29/g1' to 'true' because it is not a mapped leaf instance.
Error   : The data value for this attribute is invalid. [TUI-24] [set_db]
        : The value 'true' cannot be set for attribute 'preserve'.
Error   : Cannot preserve unmapped leaf instance. [TUI-210] [set_db]
        : Cannot preserve the instance 'inst:top_axi_ram/u_sram_macro/mux_macro_q[bank_sel_r]_58_29/g2' to 'true' because it is not a mapped leaf instance.
Error   : The data value for this attribute is invalid. [TUI-24] [set_db]
        : The value 'true' cannot be set for attribute 'preserve'.
Error   : Cannot preserve unmapped leaf instance. [TUI-210] [set_db]
        : Cannot preserve the instance 'inst:top_axi_ram/u_sram_macro/mux_macro_q[bank_sel_r]_58_29/g3' to 'true' because it is not a mapped leaf instance.
Error   : The data value for this attribute is invalid. [TUI-24] [set_db]
        : The value 'true' cannot be set for attribute 'preserve'.
Error   : Cannot preserve unmapped leaf instance. [TUI-210] [set_db]
        : Cannot preserve the instance 'inst:top_axi_ram/u_sram_macro/mux_macro_q[bank_sel_r]_58_29/g4' to 'true' because it is not a mapped leaf instance.
Error   : The data value for this attribute is invalid. [TUI-24] [set_db]
        : The value 'true' cannot be set for attribute 'preserve'.
Error   : Cannot preserve unmapped leaf instance. [TUI-210] [set_db]
        : Cannot preserve the instance 'inst:top_axi_ram/u_sram_macro/mux_macro_q[bank_sel_r]_58_29/g5' to 'true' because it is not a mapped leaf instance.
Error   : The data value for this attribute is invalid. [TUI-24] [set_db]
        : The value 'true' cannot be set for attribute 'preserve'.
Error   : Cannot preserve unmapped leaf instance. [TUI-210] [set_db]
        : Cannot preserve the instance 'inst:top_axi_ram/u_sram_macro/mux_macro_q[bank_sel_r]_58_29/g6' to 'true' because it is not a mapped leaf instance.
Error   : The data value for this attribute is invalid. [TUI-24] [set_db]
        : The value 'true' cannot be set for attribute 'preserve'.
Warning : Maximum message print count reached. [MESG-11]
        : Maximum print count of '20' reached for message 'TUI-210'.
Warning : Maximum message print count reached. [MESG-11]
        : Maximum print count of '20' reached for message 'TUI-24'.
  Setting attribute of inst 'sram_banks[0].u_bank': 'preserve' = true
@file(genus.tcl) 26: read_sdc tcl/constraint.sdc
Statistics for commands executed by read_sdc:
 "all_inputs"               - successful      1 , failed      0 (runtime  0.00)
 "all_outputs"              - successful      2 , failed      0 (runtime  0.00)
 "create_clock"             - successful      1 , failed      0 (runtime  0.01)
 "current_design"           - successful      2 , failed      0 (runtime  0.01)
 "get_clocks"               - successful      2 , failed      0 (runtime  0.00)
 "get_ports"                - successful      2 , failed      0 (runtime  0.01)
 "remove_from_collection"   - successful      1 , failed      0 (runtime  0.00)
 "set_clock_transition"     - successful      1 , failed      0 (runtime  0.00)
 "set_clock_uncertainty"    - successful      1 , failed      0 (runtime  0.00)
 "set_input_delay"          - successful      1 , failed      0 (runtime  0.01)
 "set_load"                 - successful      1 , failed      0 (runtime  0.01)
 "set_max_fanout"           - successful      1 , failed      0 (runtime  0.01)
 "set_max_transition"       - successful      1 , failed      0 (runtime  0.01)
 "set_output_delay"         - successful      1 , failed      0 (runtime  0.00)
 "set_units"                - successful      1 , failed      0 (runtime  0.00)
read_sdc completed in 00:00:00 (hh:mm:ss)
@file(genus.tcl) 28: syn_generic
Info    : Undriven signal detected. [ELABUTL-130]
        : Assuming a logic '0' value for undriven bits of signal 'macro_q[1]' in module 'sram_macro_DATA_WIDTH32_ADDR_WIDTH32_MEM_DEPTH16384'.
        : The 'hdl_unconnected_value' attribute controls treatment of undriven signal.
Info    : Undriven signal detected. [ELABUTL-130]
        : Assuming a logic '0' value for undriven bits of signal 'macro_q[2]' in module 'sram_macro_DATA_WIDTH32_ADDR_WIDTH32_MEM_DEPTH16384'.
Info    : Undriven signal detected. [ELABUTL-130]
        : Assuming a logic '0' value for undriven bits of signal 'macro_q[3]' in module 'sram_macro_DATA_WIDTH32_ADDR_WIDTH32_MEM_DEPTH16384'.
Info    : Undriven signal detected. [ELABUTL-130]
        : Assuming a logic '0' value for undriven bits of signal 'macro_q[4]' in module 'sram_macro_DATA_WIDTH32_ADDR_WIDTH32_MEM_DEPTH16384'.
Info    : Undriven signal detected. [ELABUTL-130]
        : Assuming a logic '0' value for undriven bits of signal 'macro_q[5]' in module 'sram_macro_DATA_WIDTH32_ADDR_WIDTH32_MEM_DEPTH16384'.
Info    : Undriven signal detected. [ELABUTL-130]
        : Assuming a logic '0' value for undriven bits of signal 'macro_q[6]' in module 'sram_macro_DATA_WIDTH32_ADDR_WIDTH32_MEM_DEPTH16384'.
Info    : Undriven signal detected. [ELABUTL-130]
        : Assuming a logic '0' value for undriven bits of signal 'macro_q[7]' in module 'sram_macro_DATA_WIDTH32_ADDR_WIDTH32_MEM_DEPTH16384'.
Info    : Undriven signal detected. [ELABUTL-130]
        : Assuming a logic '0' value for undriven bits of signal 'macro_q[8]' in module 'sram_macro_DATA_WIDTH32_ADDR_WIDTH32_MEM_DEPTH16384'.
Info    : Undriven signal detected. [ELABUTL-130]
        : Assuming a logic '0' value for undriven bits of signal 'macro_q[9]' in module 'sram_macro_DATA_WIDTH32_ADDR_WIDTH32_MEM_DEPTH16384'.
Info    : Undriven signal detected. [ELABUTL-130]
        : Assuming a logic '0' value for undriven bits of signal 'macro_q[10]' in module 'sram_macro_DATA_WIDTH32_ADDR_WIDTH32_MEM_DEPTH16384'.
Info    : Undriven signal detected. [ELABUTL-130]
        : Assuming a logic '0' value for undriven bits of signal 'macro_q[11]' in module 'sram_macro_DATA_WIDTH32_ADDR_WIDTH32_MEM_DEPTH16384'.
Info    : Undriven signal detected. [ELABUTL-130]
        : Assuming a logic '0' value for undriven bits of signal 'macro_q[12]' in module 'sram_macro_DATA_WIDTH32_ADDR_WIDTH32_MEM_DEPTH16384'.
Info    : Undriven signal detected. [ELABUTL-130]
        : Assuming a logic '0' value for undriven bits of signal 'macro_q[13]' in module 'sram_macro_DATA_WIDTH32_ADDR_WIDTH32_MEM_DEPTH16384'.
Info    : Undriven signal detected. [ELABUTL-130]
        : Assuming a logic '0' value for undriven bits of signal 'macro_q[14]' in module 'sram_macro_DATA_WIDTH32_ADDR_WIDTH32_MEM_DEPTH16384'.
Info    : Undriven signal detected. [ELABUTL-130]
        : Assuming a logic '0' value for undriven bits of signal 'macro_q[15]' in module 'sram_macro_DATA_WIDTH32_ADDR_WIDTH32_MEM_DEPTH16384'.

Stage: pre_early_cg
-----------------------------------------------
| Transform | Accepts | Rejects | Runtime (s) | 
-----------------------------------------------
-----------------------------------------------
Mapping ChipWare ICG instances in top_axi_ram
Found 0 unmapped ChipWare ICG instances
Mapped 0 of 0 ChipWare ICG instances
##Generic Timing Info for library domain: _default_ typical gate delay: 29.7 ps std_slew: 4.2 ps std_load: 0.8 fF
Starting mux data reorder optimization [v1.0] (stage: pre_to_gen_setup, startdef: top_axi_ram, recur: true)
Completed mux data reorder optimization (accepts: 0, rejects: 0, runtime: 0.000s)

Stage: pre_to_gen_setup
-----------------------------------------------------
| Transform       | Accepts | Rejects | Runtime (s) | 
-----------------------------------------------------
| hlo_mux_reorder |       0 |       0 |        0.00 | 
-----------------------------------------------------
Running DP early constant propagation (netlist top_axi_ram)...
Info    : Replacing the synchronous part of an always feeding back flip-flop with a logic constant. [GLO-45]
        : The instance is 'u_axi_ctrl/s_axi_bresp_reg[1]'. The constant is '0'.
        : To prevent this optimization, set 'optimize_constant_feedback_seqs' root attribute to 'false'. The instance attribute 'optimize_constant_feedback_seq' controls this optimization. 
Info    : Replacing the synchronous part of an always feeding back flip-flop with a logic constant. [GLO-45]
        : The instance is 'u_axi_ctrl/s_axi_bresp_reg[0]'. The constant is '0'.
Info    : Replacing the synchronous part of an always feeding back flip-flop with a logic constant. [GLO-45]
        : The instance is 'u_axi_ctrl/s_axi_rresp_reg[1]'. The constant is '0'.
Info    : Replacing the synchronous part of an always feeding back flip-flop with a logic constant. [GLO-45]
        : The instance is 'u_axi_ctrl/s_axi_rresp_reg[0]'. The constant is '0'.
Info    : Replacing a flip-flop with a logic constant 0. [GLO-12]
        : The instance is 'u_axi_ctrl/s_axi_bresp_reg[0]'.
        : To prevent this optimization, set the 'optimize_constant_0_flops' root attribute to 'false' or 'optimize_constant_0_seq' instance attribute to 'false'. You can also see the complete list of deleted sequential with command "report sequential -deleted" (on Reason "constant0").
Info    : Replacing a flip-flop with a logic constant 0. [GLO-12]
        : The instance is 'u_axi_ctrl/s_axi_bresp_reg[1]'.
Info    : Replacing a flip-flop with a logic constant 0. [GLO-12]
        : The instance is 'u_axi_ctrl/s_axi_rresp_reg[0]'.
Info    : Replacing a flip-flop with a logic constant 0. [GLO-12]
        : The instance is 'u_axi_ctrl/s_axi_rresp_reg[1]'.
...done running DP early constant propagation (0 seconds CPU time, netlist top_axi_ram).
Info    : Deleting instances not driving any primary outputs. [GLO-34]
        : Deleting 4 sequential instances.
        : Optimizations such as constant propagation or redundancy removal could change the connections so a hierarchical instance does not drive any primary outputs anymore. To see the list of deleted hierarchical instances, set the 'information_level' attribute to 2 or above. If the message is truncated set the message attribute 'truncate' to false to see the complete list. To prevent this optimization, set the 'delete_unloaded_insts' root/subdesign attribute to 'false' or 'preserve' instance attribute to 'true'.
Info    : Deleting instances not driving any primary outputs. [GLO-34]
        : Deleting 4 hierarchical instances.
Current PLE settings:

Aspect ratio        : 1.000
Shrink factor       : 1.000
Scale of res/length : 1.000
Scale of cap/length : 1.000
Net derating factor : 1.000
Thermal factor      : 1.000
Via Resistance      : 0.000 ohm (from default)
Site size           : 1.224 um (from lef [tech+cell])

                                   Capacitance  
  Layer                             / Length         Data source:
Name        Direction Utilization  (pF/micron)       default value
------------------------------------------------
<default>       U         n/a         0.000250  

** = DEFAULT cap per unit length is used for timing analysis

                                    Resistance   
  Layer                              / Length         Data source:
Name        Direction Utilization  (ohm/micron)       default value
-------------------------------------------------
<default>       U         n/a          0.000000  

** = DEFAULT res per unit length is used for timing analysis

                                        Area     
  Layer                               / Length        Data source:
Name        Direction Utilization     (micron)        lef_library
-------------------------------------------------
M1              V         0.00         0.072000  
M2              H         1.00         0.072000  
M3              V         1.00         0.072000  
M4              H         1.00         0.096000  
M5              V         1.00         0.096000  
M6              H         1.00         0.128000  
M7              V         1.00         0.128000  
M8              H         1.00         0.160000  
M9              V         1.00         0.160000  
Pad             H         1.00         0.160000  

Info    : Synthesizing. [SYNTH-1]
        : Synthesizing 'top_axi_ram' to generic gates using 'medium' effort.
Running Synthesis Turbo Flow Version 2.
PBS_Generic-Start - Elapsed_Time 0, CPU_Time 0.0
stamp 'PBS_Generic-Start' being created for table 'pbs_debug'

  Total Time (Wall) |  Stage Time (Wall)  |   % (Wall)   |    Date - Time     |  Memory   | Stage
--------------------+---------------------+--------------+--------------------+-----------+----------------------
 00:00:20(00:00:28) |  00:00:00(00:00:00) |   0.0(  0.0) |   10:14:39 (Apr06) |  484.0 MB | PBS_Generic-Start
--------------------+---------------------+--------------+--------------------+-----------+----------------------
Number of threads: 8 * 1   (id: pbs_debug, time_info v1.57)
Info: (*N*) indicates data that was populated from previously saved time_info database
Info: CPU time includes time of parent + longest thread
Info    : Partition Based Synthesis execution skipped. [PHYS-752]
        : Design size is less than the partition size '100000' for distributed generic optimization to kick in.
Starting mux data reorder optimization [v1.0] (stage: pre_to_gen_setup, startdef: top_axi_ram, recur: true)
Completed mux data reorder optimization (accepts: 0, rejects: 0, runtime: 0.002s)

Stage: pre_to_gen_setup
-----------------------------------------------------
| Transform       | Accepts | Rejects | Runtime (s) | 
-----------------------------------------------------
| hlo_mux_reorder |       0 |       0 |        0.00 | 
-----------------------------------------------------
Starting mux data reorder optimization [v1.0] (stage: post_to_gen_setup, startdef: top_axi_ram, recur: true)
Completed mux data reorder optimization (accepts: 0, rejects: 0, runtime: 0.000s)

Stage: post_to_gen_setup
-----------------------------------------------------
| Transform       | Accepts | Rejects | Runtime (s) | 
-----------------------------------------------------
| hlo_mux_reorder |       0 |       0 |        0.00 | 
-----------------------------------------------------
Current PLE settings:

Aspect ratio        : 1.000
Shrink factor       : 1.000
Scale of res/length : 1.000
Scale of cap/length : 1.000
Net derating factor : 1.000
Thermal factor      : 1.000
Via Resistance      : 0.000 ohm (from default)
Site size           : 1.224 um (from lef [tech+cell])

                                   Capacitance  
  Layer                             / Length         Data source:
Name        Direction Utilization  (pF/micron)       default value
------------------------------------------------
<default>       U         n/a         0.000250  

** = DEFAULT cap per unit length is used for timing analysis

                                    Resistance   
  Layer                              / Length         Data source:
Name        Direction Utilization  (ohm/micron)       default value
-------------------------------------------------
<default>       U         n/a          0.000000  

** = DEFAULT res per unit length is used for timing analysis

                                        Area     
  Layer                               / Length        Data source:
Name        Direction Utilization     (micron)        lef_library
-------------------------------------------------
M1              V         0.00         0.072000  
M2              H         1.00         0.072000  
M3              V         1.00         0.072000  
M4              H         1.00         0.096000  
M5              V         1.00         0.096000  
M6              H         1.00         0.128000  
M7              V         1.00         0.128000  
M8              H         1.00         0.160000  
M9              V         1.00         0.160000  
Pad             H         1.00         0.160000  

Running Unified Mux Engine Tricks...
Completed Unified Mux Engine Tricks

Stage: pre_hlo_rtlopt
-----------------------------------------------
| Trick     | Accepts | Rejects | Runtime (s) | 
-----------------------------------------------
| ume_ssm   |       0 |       0 |        0.00 | 
| ume_sweep |       0 |       0 |        0.00 | 
| ume_share |       0 |       0 |        0.00 | 
-----------------------------------------------
Begin SDR optimization 
  Setting attribute of root '/': 'hier_sandbox_support_folded' = 1
#Special hiers formed inside axi_ctrl_ADDR_WIDTH32_DATA_WIDTH32_ID_WIDTH5_ADDR_MASK32h0000ffff = 0
#Special hiers formed inside sram_macro_DATA_WIDTH32_ADDR_WIDTH32_MEM_DEPTH16384 = 0
#Special hiers formed inside top_axi_ram = 0
  Setting attribute of root '/': 'hier_sandbox_support_folded' = 0
No special hier is found 
End SDR optimization 
Starting recase case-box optimization [v1.0] (stage: pre_rtlopt, startdef: top_axi_ram, recur: true)
Completed recase case-box optimization (accepts: 0, rejects: 0, runtime: 0.004s)
Starting infer macro optimization [v1.0] (stage: pre_rtlopt, startdef: top_axi_ram, recur: true)
Completed infer macro optimization (accepts: 0, rejects: 2, runtime: 0.002s)
Starting decode mux sandwich optimization [v2.0] (stage: pre_rtlopt, startdef: top_axi_ram, recur: true)
Completed decode mux sandwich optimization (accepts: 0, rejects: 0, runtime: 0.000s)
Starting decode mux optimization [v1.0] (stage: pre_rtlopt, startdef: top_axi_ram, recur: true)
Completed decode mux optimization (accepts: 0, rejects: 0, runtime: 0.000s)
Starting chop wide muxes [v1.0] (stage: pre_rtlopt, startdef: top_axi_ram, recur: true)
Completed chop wide muxes (accepts: 0, rejects: 0, runtime: 0.000s)
Starting common data mux cascade opt [v1.0] (stage: pre_rtlopt, startdef: top_axi_ram, recur: true)
Completed common data mux cascade opt (accepts: 0, rejects: 0, runtime: 0.000s)
Starting mux input consolidation [v1.0] (stage: pre_rtlopt, startdef: top_axi_ram, recur: true)
Completed mux input consolidation (accepts: 0, rejects: 0, runtime: 0.000s)
Starting constant-data mux optimization [v1.0] (stage: pre_rtlopt, startdef: top_axi_ram, recur: true)
Completed constant-data mux optimization (accepts: 0, rejects: 0, runtime: 0.000s)
Starting chain-to-tree inequality transform [v2.0] (stage: pre_rtlopt, startdef: top_axi_ram, recur: true)
Completed chain-to-tree inequality transform (accepts: 0, rejects: 0, runtime: 0.003s)
Starting reconvergence optimization [v1.0] (stage: pre_rtlopt, startdef: top_axi_ram, recur: true)
Completed reconvergence optimization (accepts: 0, rejects: 0, runtime: 0.000s)
Starting logic restructure optimization [v1.0] (stage: pre_rtlopt, startdef: top_axi_ram, recur: true)
Completed logic restructure optimization (accepts: 0, rejects: 0, runtime: 0.001s)
Starting identity transform [v3.0] (stage: pre_rtlopt, startdef: top_axi_ram, recur: true)
Completed identity transform (accepts: 0, rejects: 0, runtime: 0.000s)
Starting reduce operator chain [v1.0] (stage: pre_rtlopt, startdef: top_axi_ram, recur: true)
Completed reduce operator chain (accepts: 0, rejects: 0, runtime: 0.000s)
Starting common data mux cascade opt [v1.0] (stage: pre_rtlopt, startdef: top_axi_ram, recur: true)
Completed common data mux cascade opt (accepts: 0, rejects: 0, runtime: 0.000s)
Starting mux input consolidation [v1.0] (stage: pre_rtlopt, startdef: top_axi_ram, recur: true)
Completed mux input consolidation (accepts: 0, rejects: 0, runtime: 0.000s)
Starting optimize datapath elements [v1.0] (stage: pre_rtlopt, startdef: top_axi_ram, recur: true)
Completed optimize datapath elements (accepts: 0, rejects: 0, runtime: 0.000s)
Starting datapath recasting [v1.0] (stage: pre_rtlopt, startdef: top_axi_ram, recur: true)
Completed datapath recasting (accepts: 0, rejects: 0, runtime: 0.000s)
Starting word-level redundancy removal [v1.0] (stage: pre_rtlopt, startdef: top_axi_ram, recur: true)
Completed word-level redundancy removal (accepts: 0, rejects: 0, runtime: 0.018s)
Starting clip mux common data inputs [v1.0] (stage: pre_rtlopt, startdef: top_axi_ram, recur: true)
Completed clip mux common data inputs (accepts: 0, rejects: 0, runtime: 0.000s)
Starting clip the non-user hierarchies [v2.0] (stage: pre_rtlopt, startdef: top_axi_ram, recur: true)
Completed clip the non-user hierarchies (accepts: 0, rejects: 0, runtime: 0.000s)
Starting basic netlist cleanup [v1.0] (stage: pre_rtlopt, startdef: top_axi_ram, recur: true)
Completed basic netlist cleanup (accepts: 0, rejects: 0, runtime: 0.000s)

Stage: pre_rtlopt
-----------------------------------------------------------------
| Transform                   | Accepts | Rejects | Runtime (s) | 
-----------------------------------------------------------------
| hlo_recase_casebox          |       0 |       0 |        0.00 | 
| hlo_infer_macro             |       0 |       2 |        0.00 | 
| hlo_decode_mux_sandwich     |       0 |       0 |        0.00 | 
| hlo_mux_decode              |       0 |       0 |        0.00 | 
| hlo_chop_mux                |       0 |       0 |        0.00 | 
| hlo_mux_cascade_opt         |       0 |       0 |        0.00 | 
| hlo_mux_consolidation       |       0 |       0 |        0.00 | 
| hlo_constant_mux_opt        |       0 |       0 |        0.00 | 
| hlo_inequality_transform    |       0 |       0 |        0.00 | 
| hlo_reconv_opt              |       0 |       0 |        0.00 | 
| hlo_restructure             |       0 |       0 |        0.00 | 
| hlo_identity_transform      |       0 |       0 |        0.00 | 
| hlo_reduce_operator_chain   |       0 |       0 |        0.00 | 
| hlo_mux_cascade_opt         |       0 |       0 |        0.00 | 
| hlo_mux_consolidation       |       0 |       0 |        0.00 | 
| hlo_optimize_datapath       |       0 |       0 |        0.00 | 
| hlo_datapath_recast         |       0 |       0 |        0.00 | 
| hlo_redundancy_removal_word |       0 |       0 |        0.02 | 
| hlo_clip_mux_input          |       0 |       0 |        0.00 | 
| hlo_clip                    |       0 |       0 |        0.00 | 
| hlo_cleanup                 |       0 |       0 |        0.00 | 
-----------------------------------------------------------------
Running Unified Mux Engine Tricks...
Completed Unified Mux Engine Tricks

Stage: post_hlo_rtlopt
-------------------------------------------------
| Trick       | Accepts | Rejects | Runtime (s) | 
-------------------------------------------------
| ume_runtime |       0 |       0 |        0.00 | 
-------------------------------------------------
Number of big hc bmuxes before = 0
Number of non-ctl's : 11
g493 g502 g504 g507 g508 g519 g521 g524 g530 mux_s_axi_rlast_150_19 mux_s_axi_rvalid_150_19 
SOP DEBUG : Module= axi_ctrl_ADDR_WIDTH32_DATA_WIDTH32_ID_WIDTH5_ADDR_MASK32h0000ffff, Cluster= ctl_r_state_150_19, ctl= 1, Non-ctl= 11
Selected impl_type 0 (ctl + 1-hot mux form) for sop cluster ctl_r_state_150_19.
Number of non-ctl's : 11
g494 g496 g499 g503 g510 g512 g514 g523 g525 mux_s_axi_bvalid_86_19 mux_s_axi_wready_86_19 
SOP DEBUG : Module= axi_ctrl_ADDR_WIDTH32_DATA_WIDTH32_ID_WIDTH5_ADDR_MASK32h0000ffff, Cluster= ctl_w_state_86_19, ctl= 1, Non-ctl= 11
Selected impl_type 0 (ctl + 1-hot mux form) for sop cluster ctl_w_state_86_19.
Info    : Pre-processed datapath logic. [DPOPT-6]
        : Pre-processing optimizations applied to datapath logic in 'top_axi_ram':
          sop(2) 
Info    : Optimizing datapath logic. [DPOPT-1]
        : Optimizing datapath logic in 'top_axi_ram'.
Info    : Implementing datapath configurations. [DPOPT-3]
        : Implementing datapath configurations for 'CDN_DP_region_0_0'
CSAGen Prep Share:0 Re-Write:0 Speculation: 0
MaxCSA: Successfully built Maximal CSA Expression Expr0
MaxCSA: Successfully built Maximal CSA Expression Expr1
Number of non-ctl's : 2
u_axi_ctrl_mux_ar_addr_reg_150_19 u_axi_ctrl_mux_r_count_150_19 
SOP DEBUG : Module= CDN_DP_region_0_0_c7, Cluster= u_axi_ctrl_ctl_r_state_150_19_create, ctl= 1, Non-ctl= 2
Selected impl_type 4 (factored_form (optimized)) for sop cluster u_axi_ctrl_ctl_r_state_150_19_create.
Number of non-ctl's : 2
u_axi_ctrl_mux_ar_addr_reg_150_19 u_axi_ctrl_mux_r_count_150_19 
SOP DEBUG : Module= CDN_DP_region_0_0_c1, Cluster= u_axi_ctrl_ctl_r_state_150_19_create, ctl= 1, Non-ctl= 2
Selected impl_type 4 (factored_form (optimized)) for sop cluster u_axi_ctrl_ctl_r_state_150_19_create.
Number of non-ctl's : 2
u_axi_ctrl_mux_ar_addr_reg_150_19 u_axi_ctrl_mux_r_count_150_19 
SOP DEBUG : Module= CDN_DP_region_0_0_c2, Cluster= u_axi_ctrl_ctl_r_state_150_19_create, ctl= 1, Non-ctl= 2
Selected impl_type 4 (factored_form (optimized)) for sop cluster u_axi_ctrl_ctl_r_state_150_19_create.
Number of non-ctl's : 2
u_axi_ctrl_mux_ar_addr_reg_150_19 u_axi_ctrl_mux_r_count_150_19 
SOP DEBUG : Module= CDN_DP_region_0_0_c3, Cluster= u_axi_ctrl_ctl_r_state_150_19_create, ctl= 1, Non-ctl= 2
Selected impl_type 4 (factored_form (optimized)) for sop cluster u_axi_ctrl_ctl_r_state_150_19_create.
Number of non-ctl's : 2
u_axi_ctrl_mux_ar_addr_reg_150_19 u_axi_ctrl_mux_r_count_150_19 
SOP DEBUG : Module= CDN_DP_region_0_0_c4, Cluster= u_axi_ctrl_ctl_r_state_150_19_create, ctl= 1, Non-ctl= 2
Selected impl_type 4 (factored_form (optimized)) for sop cluster u_axi_ctrl_ctl_r_state_150_19_create.
Number of non-ctl's : 2
u_axi_ctrl_mux_ar_addr_reg_150_19 u_axi_ctrl_mux_r_count_150_19 
SOP DEBUG : Module= CDN_DP_region_0_0_c5, Cluster= u_axi_ctrl_ctl_r_state_150_19_create, ctl= 1, Non-ctl= 2
Selected impl_type 4 (factored_form (optimized)) for sop cluster u_axi_ctrl_ctl_r_state_150_19_create.
Number of non-ctl's : 2
u_axi_ctrl_mux_ar_addr_reg_150_19 u_axi_ctrl_mux_r_count_150_19 
SOP DEBUG : Module= CDN_DP_region_0_0_c6, Cluster= u_axi_ctrl_ctl_r_state_150_19_create, ctl= 1, Non-ctl= 2
Selected impl_type 4 (factored_form (optimized)) for sop cluster u_axi_ctrl_ctl_r_state_150_19_create.
CDN_DP_region_0_0 level = 0 loads = 0 drivers = 0
CDN_DP_region_0_0_c0 in top_axi_ram: area: 7734539010 ,dp = 5 mux = 4 sg = slow         worst_clk_period: -1.0000 
    wns: 0  norm_wns:  -1.0000 
    fail_endp: -1 
    tns:  0  tns_per_endp:  -1.0000   norm_tns_per_endp:  -1.0000 
    tns_sense_max:  -1.0000  tns_sense_avg:  -1.0000   tns_sense_num: -1
 skipped
CDN_DP_region_0_0_c1 in top_axi_ram: area: 7532119945 ,dp = 2 mux = 4 sg = fast         worst_clk_period: -1.0000 
    wns: 0  norm_wns:  -1.0000 
    fail_endp: -1 
    tns:  0  tns_per_endp:  -1.0000   norm_tns_per_endp:  -1.0000 
    tns_sense_max:  -1.0000  tns_sense_avg:  -1.0000   tns_sense_num: -1
 is current best
CDN_DP_region_0_0_c2 in top_axi_ram: area: 7532119945 ,dp = 2 mux = 4 sg = very_slow    worst_clk_period: -1.0000 
    wns: 0  norm_wns:  -1.0000 
    fail_endp: -1 
    tns:  0  tns_per_endp:  -1.0000   norm_tns_per_endp:  -1.0000 
    tns_sense_max:  -1.0000  tns_sense_avg:  -1.0000   tns_sense_num: -1
 is current best
CDN_DP_region_0_0_c3 in top_axi_ram: area: 7532119945 ,dp = 2 mux = 4 sg = very_fast    worst_clk_period: -1.0000 
    wns: 0  norm_wns:  -1.0000 
    fail_endp: -1 
    tns:  0  tns_per_endp:  -1.0000   norm_tns_per_endp:  -1.0000 
    tns_sense_max:  -1.0000  tns_sense_avg:  -1.0000   tns_sense_num: -1
 is current best
CDN_DP_region_0_0_c4 in top_axi_ram: area: 7532119945 ,dp = 2 mux = 4 sg = very_fast    worst_clk_period: -1.0000 
    wns: 0  norm_wns:  -1.0000 
    fail_endp: -1 
    tns:  0  tns_per_endp:  -1.0000   norm_tns_per_endp:  -1.0000 
    tns_sense_max:  -1.0000  tns_sense_avg:  -1.0000   tns_sense_num: -1
 is current best
CDN_DP_region_0_0_c5 in top_axi_ram: area: 7532119945 ,dp = 2 mux = 4 sg = very_fast    worst_clk_period: -1.0000 
    wns: 0  norm_wns:  -1.0000 
    fail_endp: -1 
    tns:  0  tns_per_endp:  -1.0000   norm_tns_per_endp:  -1.0000 
    tns_sense_max:  -1.0000  tns_sense_avg:  -1.0000   tns_sense_num: -1
 is current best
CDN_DP_region_0_0_c6 in top_axi_ram: area: 7532119945 ,dp = 2 mux = 4 sg = very_fast    worst_clk_period: -1.0000 
    wns: 0  norm_wns:  -1.0000 
    fail_endp: -1 
    tns:  0  tns_per_endp:  -1.0000   norm_tns_per_endp:  -1.0000 
    tns_sense_max:  -1.0000  tns_sense_avg:  -1.0000   tns_sense_num: -1
 is current best
CDN_DP_region_0_0_c7 in top_axi_ram: area: 7532119945 ,dp = 2 mux = 4 sg = very_fast    worst_clk_period: -1.0000 
    wns: 0  norm_wns:  -1.0000 
    fail_endp: -1 
    tns:  0  tns_per_endp:  -1.0000   norm_tns_per_endp:  -1.0000 
    tns_sense_max:  -1.0000  tns_sense_avg:  -1.0000   tns_sense_num: -1
 is current best
Best config: CDN_DP_region_0_0_c7 in top_axi_ram: area: 7532119945 ,dp = 2 mux = 4 sg = very_fast    worst_clk_period: -1.0000 
    wns: 0  norm_wns:  -1.0000 
    fail_endp: -1 
    tns:  0  tns_per_endp:  -1.0000   norm_tns_per_endp:  -1.0000 
    tns_sense_max:  -1.0000  tns_sense_avg:  -1.0000   tns_sense_num: -1
  Smallest config area : 7532119945.  Fastest config wns;  0
##>+----------------------------------------------------------------------------------------------------------------------------------------------------------------+
##>Summary table of configs (Best config is CDN_DP_region_0_0_c7)
##>+----------------------------------------------------------------------------------------------------------------------------------------------------------------+
##>                     0                  1                  2                  3                  4                  5                  6                  7            
##>+----------------------------------------------------------------------------------------------------------------------------------------------------------------+
##>           Area       7734539010         7532119945         7532119945         7532119945         7532119945         7532119945         7532119945         7532119945  
##>            WNS          +179.20            +171.50            +171.50            +171.50            +171.50            +171.50            +171.50            +171.50  
##>            TNS                0                  0                  0                  0                  0                  0                  0                  0  
##>    Num Rewrite                0                  0                  0                  0                  0                  0                  0                  0  
##>     Num Factor                0                  0                  0                  0                  0                  0                  0                  0  
##>      Num Share                0                  0                  0                  0                  0                  0                  0                  0  
##>   Num CmultCse                0                  0                  0                  0                  0                  0                  0                  0  
##>   Num Downsize                0                  0                  0                  0                  0                  0                  0                  0  
##>  Num Speculate                0                  0                  0                  0                  0                  0                  0                  0  
##>     Runtime(s)                0                  0                  0                  0                  0                  0                  0                  0  
+----------------------------------------------------------------------------------------------------------------------------------------------------------------+
##>
##>
##>+-----------------------------------------------------------------------------------------------------------------------------------------------------------------------------------------------------+
##>Optimization Step DEBUG Table for config CDN_DP_region_0_0_c7
##>
##>                          Step                        Area   (  % Chg)         WNS (Change)          TNS (Change)                Power   (  % Chg)        Runtime (s)        Comment                   
##>+-----------------------------------------------------------------------------------------------------------------------------------------------------------------------------------------------------+
##>EquationExtraction              START             7734539010 (       )      179.20 (        )          0 (        )                    0 (       )              
##> rewrite                        START            13540770085 ( +75.07)      118.90 (  -60.30)          0 (       0)                    0 (  +0.00)              (a,ar) Expr0_from --> Expr0_to
##>                                  END            14361099980 (  +6.06)      118.90 (   +0.00)          0 (       0)                    0 (  +0.00)           0  
##> rewrite                        START            14361099980 (  +0.00)      118.90 (   +0.00)          0 (       0)                    0 (  +0.00)              (a,ar) Expr1_from --> Expr1_to
##>                                  END            16949933285 ( +18.03)      118.90 (   +0.00)          0 (       0)                    0 (  +0.00)           0  
##>                                  END             7734539010 (  +0.00)      179.20 (   +0.00)          0 (       0)                    0 (  +0.00)           0  
##>createMaxCarrySave              START             7734539010 (  +0.00)      179.20 (   +0.00)          0 (       0)                    0 (  +0.00)              
##> datapath_rewrite_one_def       START             7734539010 (  +0.00)      179.20 (   +0.00)          0 (       0)                    0 (  +0.00)              
##>                                  END             7734539010 (  +0.00)      179.20 (   +0.00)          0 (       0)                    0 (  +0.00)           0  
##> speculate_in_gdef              START             7734539010 (  +0.00)      179.20 (   +0.00)          0 (       0)                    0 (  +0.00)              
##>  pre_speculate_mux_merge       START             7734539010 (  +0.00)      179.20 (   +0.00)          0 (       0)                    0 (  +0.00)              
##>                                  END             7734539010 (  +0.00)      179.20 (   +0.00)          0 (       0)                    0 (  +0.00)           0  
##>                                  END             7734539010 (  +0.00)      179.20 (   +0.00)          0 (       0)                    0 (  +0.00)           0  
##> csa_opto                       START             7734539010 (  +0.00)      179.20 (   +0.00)          0 (       0)                    0 (  +0.00)              
##>                                  END             7702578105 (  -0.41)      179.20 (   +0.00)          0 (       0)                    0 (  +0.00)           0  
##>                                  END             7702578105 (  -0.41)      179.20 (   +0.00)          0 (       0)                    0 (  +0.00)           0  
##>canonicalize_by_names           START             7702578105 (  +0.00)      179.20 (   +0.00)          0 (       0)                    0 (  +0.00)              
##>                                  END             7702578105 (  +0.00)      179.20 (   +0.00)          0 (       0)                    0 (  +0.00)           0  
##>datapath_rewrite_post_csa_one_  START             7702578105 (  +0.00)      179.20 (   +0.00)          0 (       0)                    0 (  +0.00)              
##>                                  END             7702578105 (  +0.00)      179.20 (   +0.00)          0 (       0)                    0 (  +0.00)           0  
##>datapath_csa_factoring_one_gde  START             7702578105 (  +0.00)      179.20 (   +0.00)          0 (       0)                    0 (  +0.00)              
##>                                  END             7702578105 (  +0.00)      179.20 (   +0.00)          0 (       0)                    0 (  +0.00)           0  
##>dpopt_share_one_def             START             7702578105 (  +0.00)      179.20 (   +0.00)          0 (       0)                    0 (  +0.00)              
##>                                  END             7702578105 (  +0.00)      179.20 (   +0.00)          0 (       0)                    0 (  +0.00)           0  
##>datapath_rewrite_post_share     START             7702578105 (  +0.00)      179.20 (   +0.00)          0 (       0)                    0 (  +0.00)              
##>                                  END             7702578105 (  +0.00)      179.20 (   +0.00)          0 (       0)                    0 (  +0.00)           0  
##>dp_combine_const_mult_with_com  START             7702578105 (  +0.00)      179.20 (   +0.00)          0 (       0)                    0 (  +0.00)              
##>                                  END             7702578105 (  +0.00)      179.20 (   +0.00)          0 (       0)                    0 (  +0.00)           0  
##>speculate_in_gdef               START             7702578105 (  +0.00)      179.20 (   +0.00)          0 (       0)                    0 (  +0.00)              
##> pre_speculate_mux_merge        START             7702578105 (  +0.00)      179.20 (   +0.00)          0 (       0)                    0 (  +0.00)              
##>                                  END             7702578105 (  +0.00)      179.20 (   +0.00)          0 (       0)                    0 (  +0.00)           0  
##>                                  END             7702578105 (  +0.00)      179.20 (   +0.00)          0 (       0)                    0 (  +0.00)           0  
##>dp_operator_level_decompositio  START             7702578105 (  +0.00)      179.20 (   +0.00)          0 (       0)                    0 (  +0.00)              
##>                                  END             7702578105 (  +0.00)      179.20 (   +0.00)          0 (       0)                    0 (  +0.00)           0  
##>selective_flatten_dp_config     START             7702578105 (  +0.00)      179.20 (   +0.00)          0 (       0)                    0 (  +0.00)              
##>                                  END             7702578105 (  +0.00)      171.50 (   -7.70)          0 (       0)                    0 (  +0.00)           0  
##>createMaxCarrySave              START             7702578105 (  +0.00)      171.50 (   +0.00)          0 (       0)                    0 (  +0.00)              
##> datapath_rewrite_one_def       START             7702578105 (  +0.00)      171.50 (   +0.00)          0 (       0)                    0 (  +0.00)              
##>  fast_cse_elim                 START             7702578105 (  +0.00)      171.50 (   +0.00)          0 (       0)                    0 (  +0.00)              
##>                                  END             7702578105 (  +0.00)      171.50 (   +0.00)          0 (       0)                    0 (  +0.00)           0  
##>  fast_cse_elim                 START             7702578105 (  +0.00)      171.50 (   +0.00)          0 (       0)                    0 (  +0.00)              
##>                                  END             7702578105 (  +0.00)      171.50 (   +0.00)          0 (       0)                    0 (  +0.00)           0  
##>                                  END             7702578105 (  +0.00)      171.50 (   +0.00)          0 (       0)                    0 (  +0.00)           0  
##> speculate_in_gdef              START             7702578105 (  +0.00)      171.50 (   +0.00)          0 (       0)                    0 (  +0.00)              
##>  pre_speculate_mux_merge       START             7702578105 (  +0.00)      171.50 (   +0.00)          0 (       0)                    0 (  +0.00)              
##>                                  END             7702578105 (  +0.00)      171.50 (   +0.00)          0 (       0)                    0 (  +0.00)           0  
##>                                  END             7702578105 (  +0.00)      171.50 (   +0.00)          0 (       0)                    0 (  +0.00)           0  
##> csa_opto                       START             7702578105 (  +0.00)      171.50 (   +0.00)          0 (       0)                    0 (  +0.00)              
##>                                  END             7702578105 (  +0.00)      171.50 (   +0.00)          0 (       0)                    0 (  +0.00)           0  
##>                                  END             7702578105 (  +0.00)      171.50 (   +0.00)          0 (       0)                    0 (  +0.00)           0  
##>context_based_simplify          START             7606695390 (  -1.24)      171.50 (   +0.00)          0 (       0)                    0 (  +0.00)              
##>                                  END             7532119945 (  -0.98)      171.50 (   +0.00)          0 (       0)                    0 (  +0.00)           0  
##>group_csa_final_adder_dp        START             7532119945 (  +0.00)      171.50 (   +0.00)          0 (       0)                    0 (  +0.00)              
##>                                  END             7532119945 (  +0.00)      171.50 (   +0.00)          0 (       0)                    0 (  +0.00)           0  
##>dpopt_flatten_critical_muxes_i  START             7532119945 (  +0.00)      171.50 (   +0.00)          0 (       0)                    0 (  +0.00)              
##>                                  END             7532119945 (  +0.00)      171.50 (   +0.00)          0 (       0)                    0 (  +0.00)           0  
##>speculate_in_gdef               START             7532119945 (  +0.00)      171.50 (   +0.00)          0 (       0)                    0 (  +0.00)              
##> pre_speculate_mux_merge        START             7532119945 (  +0.00)      171.50 (   +0.00)          0 (       0)                    0 (  +0.00)              
##>                                  END             7532119945 (  +0.00)      171.50 (   +0.00)          0 (       0)                    0 (  +0.00)           0  
##>                                  END             7532119945 (  +0.00)      171.50 (   +0.00)          0 (       0)                    0 (  +0.00)           0  
##>create_score                    START             7532119945 (  +0.00)      171.50 (   +0.00)          0 (       0)                    0 (  +0.00)              
##>                                  END             7532119945 (  +0.00)      171.50 (   +0.00)          0 (       0)                    0 (  +0.00)           0  
##>+-----------------------------------------------------------------------------------------------------------------------------------------------------------------------------------------------------+
Committed config: CDN_DP_region_0_0_c7
Info    : Done implementing datapath configurations. [DPOPT-4]
        : Selected 'very_fast' configuration 7 for module 'CDN_DP_region_0_0_c7'.
          Optimizations applied to 'very_fast' configuration:
            rewriting(0), factoring(0), sharing(0), cmultcse(0), downsizing(0), speculation(0)
Info    : Implementing datapath configurations. [DPOPT-3]
        : Implementing datapath configurations for 'CDN_DP_region_0_1'
CSAGen Prep Share:0 Re-Write:0 Speculation: 0
MaxCSA: Successfully built Maximal CSA Expression Expr2
Number of non-ctl's : 1
u_axi_ctrl_mux_aw_addr_reg_86_19 
SOP DEBUG : Module= CDN_DP_region_0_1_c7, Cluster= u_axi_ctrl_ctl_w_state_86_19_create, ctl= 1, Non-ctl= 1
Selected impl_type 4 (factored_form (optimized)) for sop cluster u_axi_ctrl_ctl_w_state_86_19_create.
Number of non-ctl's : 1
u_axi_ctrl_mux_aw_addr_reg_86_19 
SOP DEBUG : Module= CDN_DP_region_0_1_c1, Cluster= u_axi_ctrl_ctl_w_state_86_19_create, ctl= 1, Non-ctl= 1
Selected impl_type 4 (factored_form (optimized)) for sop cluster u_axi_ctrl_ctl_w_state_86_19_create.
Number of non-ctl's : 1
u_axi_ctrl_mux_aw_addr_reg_86_19 
SOP DEBUG : Module= CDN_DP_region_0_1_c2, Cluster= u_axi_ctrl_ctl_w_state_86_19_create, ctl= 1, Non-ctl= 1
Selected impl_type 4 (factored_form (optimized)) for sop cluster u_axi_ctrl_ctl_w_state_86_19_create.
Number of non-ctl's : 1
u_axi_ctrl_mux_aw_addr_reg_86_19 
SOP DEBUG : Module= CDN_DP_region_0_1_c3, Cluster= u_axi_ctrl_ctl_w_state_86_19_create, ctl= 1, Non-ctl= 1
Selected impl_type 4 (factored_form (optimized)) for sop cluster u_axi_ctrl_ctl_w_state_86_19_create.
Number of non-ctl's : 1
u_axi_ctrl_mux_aw_addr_reg_86_19 
SOP DEBUG : Module= CDN_DP_region_0_1_c4, Cluster= u_axi_ctrl_ctl_w_state_86_19_create, ctl= 1, Non-ctl= 1
Selected impl_type 4 (factored_form (optimized)) for sop cluster u_axi_ctrl_ctl_w_state_86_19_create.
Number of non-ctl's : 1
u_axi_ctrl_mux_aw_addr_reg_86_19 
SOP DEBUG : Module= CDN_DP_region_0_1_c5, Cluster= u_axi_ctrl_ctl_w_state_86_19_create, ctl= 1, Non-ctl= 1
Selected impl_type 4 (factored_form (optimized)) for sop cluster u_axi_ctrl_ctl_w_state_86_19_create.
Number of non-ctl's : 1
u_axi_ctrl_mux_aw_addr_reg_86_19 
SOP DEBUG : Module= CDN_DP_region_0_1_c6, Cluster= u_axi_ctrl_ctl_w_state_86_19_create, ctl= 1, Non-ctl= 1
Selected impl_type 4 (factored_form (optimized)) for sop cluster u_axi_ctrl_ctl_w_state_86_19_create.
CDN_DP_region_0_1 level = 0 loads = 0 drivers = 0
CDN_DP_region_0_1_c0 in top_axi_ram: area: 5710348360 ,dp = 3 mux = 1 sg = slow         worst_clk_period: -1.0000 
    wns: 0  norm_wns:  -1.0000 
    fail_endp: -1 
    tns:  0  tns_per_endp:  -1.0000   norm_tns_per_endp:  -1.0000 
    tns_sense_max:  -1.0000  tns_sense_avg:  -1.0000   tns_sense_num: -1
 skipped
CDN_DP_region_0_1_c1 in top_axi_ram: area: 5657080185 ,dp = 1 mux = 1 sg = fast         worst_clk_period: -1.0000 
    wns: 0  norm_wns:  -1.0000 
    fail_endp: -1 
    tns:  0  tns_per_endp:  -1.0000   norm_tns_per_endp:  -1.0000 
    tns_sense_max:  -1.0000  tns_sense_avg:  -1.0000   tns_sense_num: -1
 is current best
CDN_DP_region_0_1_c2 in top_axi_ram: area: 5657080185 ,dp = 1 mux = 1 sg = very_slow    worst_clk_period: -1.0000 
    wns: 0  norm_wns:  -1.0000 
    fail_endp: -1 
    tns:  0  tns_per_endp:  -1.0000   norm_tns_per_endp:  -1.0000 
    tns_sense_max:  -1.0000  tns_sense_avg:  -1.0000   tns_sense_num: -1
 is current best
CDN_DP_region_0_1_c3 in top_axi_ram: area: 5657080185 ,dp = 1 mux = 1 sg = very_fast    worst_clk_period: -1.0000 
    wns: 0  norm_wns:  -1.0000 
    fail_endp: -1 
    tns:  0  tns_per_endp:  -1.0000   norm_tns_per_endp:  -1.0000 
    tns_sense_max:  -1.0000  tns_sense_avg:  -1.0000   tns_sense_num: -1
 is current best
CDN_DP_region_0_1_c4 in top_axi_ram: area: 5657080185 ,dp = 1 mux = 1 sg = very_fast    worst_clk_period: -1.0000 
    wns: 0  norm_wns:  -1.0000 
    fail_endp: -1 
    tns:  0  tns_per_endp:  -1.0000   norm_tns_per_endp:  -1.0000 
    tns_sense_max:  -1.0000  tns_sense_avg:  -1.0000   tns_sense_num: -1
 is current best
CDN_DP_region_0_1_c5 in top_axi_ram: area: 5657080185 ,dp = 1 mux = 1 sg = very_fast    worst_clk_period: -1.0000 
    wns: 0  norm_wns:  -1.0000 
    fail_endp: -1 
    tns:  0  tns_per_endp:  -1.0000   norm_tns_per_endp:  -1.0000 
    tns_sense_max:  -1.0000  tns_sense_avg:  -1.0000   tns_sense_num: -1
 is current best
CDN_DP_region_0_1_c6 in top_axi_ram: area: 5657080185 ,dp = 1 mux = 1 sg = very_fast    worst_clk_period: -1.0000 
    wns: 0  norm_wns:  -1.0000 
    fail_endp: -1 
    tns:  0  tns_per_endp:  -1.0000   norm_tns_per_endp:  -1.0000 
    tns_sense_max:  -1.0000  tns_sense_avg:  -1.0000   tns_sense_num: -1
 is current best
CDN_DP_region_0_1_c7 in top_axi_ram: area: 5657080185 ,dp = 1 mux = 1 sg = very_fast    worst_clk_period: -1.0000 
    wns: 0  norm_wns:  -1.0000 
    fail_endp: -1 
    tns:  0  tns_per_endp:  -1.0000   norm_tns_per_endp:  -1.0000 
    tns_sense_max:  -1.0000  tns_sense_avg:  -1.0000   tns_sense_num: -1
 is current best
Best config: CDN_DP_region_0_1_c7 in top_axi_ram: area: 5657080185 ,dp = 1 mux = 1 sg = very_fast    worst_clk_period: -1.0000 
    wns: 0  norm_wns:  -1.0000 
    fail_endp: -1 
    tns:  0  tns_per_endp:  -1.0000   norm_tns_per_endp:  -1.0000 
    tns_sense_max:  -1.0000  tns_sense_avg:  -1.0000   tns_sense_num: -1
  Smallest config area : 5657080185.  Fastest config wns;  0
##>+----------------------------------------------------------------------------------------------------------------------------------------------------------------+
##>Summary table of configs (Best config is CDN_DP_region_0_1_c7)
##>+----------------------------------------------------------------------------------------------------------------------------------------------------------------+
##>                     0                  1                  2                  3                  4                  5                  6                  7            
##>+----------------------------------------------------------------------------------------------------------------------------------------------------------------+
##>           Area       5710348360         5657080185         5657080185         5657080185         5657080185         5657080185         5657080185         5657080185  
##>            WNS          +664.10            +662.50            +662.50            +662.50            +662.50            +662.50            +662.50            +662.50  
##>            TNS                0                  0                  0                  0                  0                  0                  0                  0  
##>    Num Rewrite                0                  0                  0                  0                  0                  0                  0                  0  
##>     Num Factor                0                  0                  0                  0                  0                  0                  0                  0  
##>      Num Share                0                  0                  0                  0                  0                  0                  0                  0  
##>   Num CmultCse                0                  0                  0                  0                  0                  0                  0                  0  
##>   Num Downsize                0                  0                  0                  0                  0                  0                  0                  0  
##>  Num Speculate                0                  0                  0                  0                  0                  0                  0                  0  
##>     Runtime(s)                0                  0                  0                  0                  0                  0                  0                  0  
+----------------------------------------------------------------------------------------------------------------------------------------------------------------+
##>
##>
##>+-----------------------------------------------------------------------------------------------------------------------------------------------------------------------------------------------------+
##>Optimization Step DEBUG Table for config CDN_DP_region_0_1_c7
##>
##>                          Step                        Area   (  % Chg)         WNS (Change)          TNS (Change)                Power   (  % Chg)        Runtime (s)        Comment                   
##>+-----------------------------------------------------------------------------------------------------------------------------------------------------------------------------------------------------+
##>EquationExtraction              START             5710348360 (       )      664.10 (        )          0 (        )                    0 (       )              
##> rewrite                        START            11101087670 ( +94.40)      660.90 (   -3.20)          0 (       0)                    0 (  +0.00)              (a,ar) Expr2_from --> Expr2_to
##>                                  END            13689920975 ( +23.32)      660.90 (   +0.00)          0 (       0)                    0 (  +0.00)           0  
##>                                  END             5710348360 (  +0.00)      664.10 (   +0.00)          0 (       0)                    0 (  +0.00)           0  
##>createMaxCarrySave              START             5710348360 (  +0.00)      664.10 (   +0.00)          0 (       0)                    0 (  +0.00)              
##> datapath_rewrite_one_def       START             5710348360 (  +0.00)      664.10 (   +0.00)          0 (       0)                    0 (  +0.00)              
##>                                  END             5710348360 (  +0.00)      664.10 (   +0.00)          0 (       0)                    0 (  +0.00)           0  
##> csa_opto                       START             5710348360 (  +0.00)      664.10 (   +0.00)          0 (       0)                    0 (  +0.00)              
##>                                  END             5710348360 (  +0.00)      664.10 (   +0.00)          0 (       0)                    0 (  +0.00)           0  
##>                                  END             5710348360 (  +0.00)      664.10 (   +0.00)          0 (       0)                    0 (  +0.00)           0  
##>canonicalize_by_names           START             5710348360 (  +0.00)      664.10 (   +0.00)          0 (       0)                    0 (  +0.00)              
##>                                  END             5710348360 (  +0.00)      664.10 (   +0.00)          0 (       0)                    0 (  +0.00)           0  
##>datapath_rewrite_post_csa_one_  START             5710348360 (  +0.00)      664.10 (   +0.00)          0 (       0)                    0 (  +0.00)              
##>                                  END             5710348360 (  +0.00)      664.10 (   +0.00)          0 (       0)                    0 (  +0.00)           0  
##>datapath_csa_factoring_one_gde  START             5710348360 (  +0.00)      664.10 (   +0.00)          0 (       0)                    0 (  +0.00)              
##>                                  END             5710348360 (  +0.00)      664.10 (   +0.00)          0 (       0)                    0 (  +0.00)           0  
##>dpopt_share_one_def             START             5710348360 (  +0.00)      664.10 (   +0.00)          0 (       0)                    0 (  +0.00)              
##>                                  END             5710348360 (  +0.00)      664.10 (   +0.00)          0 (       0)                    0 (  +0.00)           0  
##>datapath_rewrite_post_share     START             5710348360 (  +0.00)      664.10 (   +0.00)          0 (       0)                    0 (  +0.00)              
##>                                  END             5710348360 (  +0.00)      664.10 (   +0.00)          0 (       0)                    0 (  +0.00)           0  
##>dp_combine_const_mult_with_com  START             5710348360 (  +0.00)      664.10 (   +0.00)          0 (       0)                    0 (  +0.00)              
##>                                  END             5710348360 (  +0.00)      664.10 (   +0.00)          0 (       0)                    0 (  +0.00)           0  
##>dp_operator_level_decompositio  START             5710348360 (  +0.00)      664.10 (   +0.00)          0 (       0)                    0 (  +0.00)              
##>                                  END             5710348360 (  +0.00)      664.10 (   +0.00)          0 (       0)                    0 (  +0.00)           0  
##>selective_flatten_dp_config     START             5710348360 (  +0.00)      664.10 (   +0.00)          0 (       0)                    0 (  +0.00)              
##>                                  END             5710348360 (  +0.00)      664.10 (   +0.00)          0 (       0)                    0 (  +0.00)           0  
##>createMaxCarrySave              START             5710348360 (  +0.00)      664.10 (   +0.00)          0 (       0)                    0 (  +0.00)              
##> datapath_rewrite_one_def       START             5710348360 (  +0.00)      664.10 (   +0.00)          0 (       0)                    0 (  +0.00)              
##>  fast_cse_elim                 START             5710348360 (  +0.00)      664.10 (   +0.00)          0 (       0)                    0 (  +0.00)              
##>                                  END             5710348360 (  +0.00)      664.10 (   +0.00)          0 (       0)                    0 (  +0.00)           0  
##>  fast_cse_elim                 START             5710348360 (  +0.00)      664.10 (   +0.00)          0 (       0)                    0 (  +0.00)              
##>                                  END             5710348360 (  +0.00)      664.10 (   +0.00)          0 (       0)                    0 (  +0.00)           0  
##>                                  END             5710348360 (  +0.00)      664.10 (   +0.00)          0 (       0)                    0 (  +0.00)           0  
##> csa_opto                       START             5710348360 (  +0.00)      664.10 (   +0.00)          0 (       0)                    0 (  +0.00)              
##>                                  END             5710348360 (  +0.00)      664.10 (   +0.00)          0 (       0)                    0 (  +0.00)           0  
##>                                  END             5710348360 (  +0.00)      664.10 (   +0.00)          0 (       0)                    0 (  +0.00)           0  
##>context_based_simplify          START             5657080185 (  -0.93)      662.50 (   -1.60)          0 (       0)                    0 (  +0.00)              
##>                                  END             5657080185 (  +0.00)      662.50 (   +0.00)          0 (       0)                    0 (  +0.00)           0  
##>group_csa_final_adder_dp        START             5657080185 (  +0.00)      662.50 (   +0.00)          0 (       0)                    0 (  +0.00)              
##>                                  END             5657080185 (  +0.00)      662.50 (   +0.00)          0 (       0)                    0 (  +0.00)           0  
##>dpopt_flatten_critical_muxes_i  START             5657080185 (  +0.00)      662.50 (   +0.00)          0 (       0)                    0 (  +0.00)              
##>                                  END             5657080185 (  +0.00)      662.50 (   +0.00)          0 (       0)                    0 (  +0.00)           0  
##>create_score                    START             5657080185 (  +0.00)      662.50 (   +0.00)          0 (       0)                    0 (  +0.00)              
##>                                  END             5657080185 (  +0.00)      662.50 (   +0.00)          0 (       0)                    0 (  +0.00)           0  
##>+-----------------------------------------------------------------------------------------------------------------------------------------------------------------------------------------------------+
Committed config: CDN_DP_region_0_1_c7
Info    : Done implementing datapath configurations. [DPOPT-4]
        : Selected 'very_fast' configuration 7 for module 'CDN_DP_region_0_1_c7'.
          Optimizations applied to 'very_fast' configuration:
            rewriting(0), factoring(0), sharing(0), cmultcse(0), downsizing(0), speculation(0)
Info:  Ungrouped 0 dp-cluster instances.  0 cluster instances were left intact, to aid verification.
Info    : Done optimizing datapath logic. [DPOPT-2]
        : Done optimizing datapath logic in 'top_axi_ram'.
Number of big hc bmuxes after = 0
Starting bit-level redundancy removal [v1.0] (stage: post_rtlopt, startdef: top_axi_ram, recur: true)
Completed bit-level redundancy removal (accepts: 0, rejects: 0, runtime: 0.020s)
Starting logic reduction [v1.0] (stage: post_rtlopt, startdef: top_axi_ram, recur: true)
Completed logic reduction (accepts: 0, rejects: 0, runtime: 0.000s)
Starting mux data reorder optimization [v1.0] (stage: post_rtlopt, startdef: top_axi_ram, recur: true)
Completed mux data reorder optimization (accepts: 0, rejects: 0, runtime: 0.000s)

Stage: post_rtlopt
----------------------------------------------------------------
| Transform                  | Accepts | Rejects | Runtime (s) | 
----------------------------------------------------------------
| hlo_redundancy_removal_bit |       0 |       0 |        0.02 | 
| hlo_logic_reduction        |       0 |       0 |        0.00 | 
| hlo_mux_reorder            |       0 |       0 |        0.00 | 
----------------------------------------------------------------
Info    : Deleting instances not driving any primary outputs. [GLO-34]
        : Deleting 32 sequential instances.
Info    : Deleting instances not driving any primary outputs. [GLO-34]
        : Deleting 64 hierarchical instances.
Running post blast mux optimization. Please follow up with Cadence support if runtime issues are seen with this optimization.
Starting mux speculation [v1.0] (stage: post_muxopt, startdef: top_axi_ram, recur: true)
Starting speculation optimization
Completed speculation optimization (accepts:0)
Completed mux speculation (accepts: 0, rejects: 0, runtime: 0.021s)

Stage: post_muxopt
-----------------------------------------------------
| Transform       | Accepts | Rejects | Runtime (s) | 
-----------------------------------------------------
| hlo_speculation |       0 |       0 |        0.02 | 
-----------------------------------------------------
==================================
Stage : to_generic 
==================================
  =================
   Message Summary
  =================
-----------------------------------------------------------------------------------------------------------
|    Id     |  Sev  |Count|                                 Message Text                                  |
-----------------------------------------------------------------------------------------------------------
|CDFG-250   |Info   |    1|Processing multi-dimensional arrays.                                           |
|CDFG-372   |Info   |    7|Bitwidth mismatch in assignment.                                               |
|           |       |     |Review and make sure the mismatch is intentional. Genus can possibly issue     |
|           |       |     | bitwidth mismatch warning for explicit assignments present in RTL as-well-as  |
|           |       |     | for implicit assignments inferred by the tool. For example, in case of enum   |
|           |       |     | declaration without value, the tool will implicitly assign value to the enum  |
|           |       |     | variables. It also issues the warning for any bitwidth mismatch that appears  |
|           |       |     | in this implicit assignment.                                                  |
|CDFG-500   |Info   |   14|Unused module input port.                                                      |
|           |       |     |(In port definition within the module, the input port is not used in any assign|
|           |       |     | ment statements or conditional expressions for decision statements.           |
|CDFG-567   |Info   |    2|Instantiating Subdesign.                                                       |
|CDFG-738   |Info   |    2|Common subexpression eliminated.                                               |
|CDFG-739   |Info   |    2|Common subexpression kept.                                                     |
|CDFG-818   |Warning|    1|Using default parameter value for module elaboration.                          |
|CWD-19     |Info   |   34|An implementation was inferred.                                                |
|DPOPT-1    |Info   |    1|Optimizing datapath logic.                                                     |
|DPOPT-2    |Info   |    1|Done optimizing datapath logic.                                                |
|DPOPT-3    |Info   |    2|Implementing datapath configurations.                                          |
|DPOPT-4    |Info   |    2|Done implementing datapath configurations.                                     |
|DPOPT-6    |Info   |    1|Pre-processed datapath logic.                                                  |
|DPOPT-10   |Info   |    1|Optimized a mux chain.                                                         |
|ELAB-1     |Info   |    1|Elaborating Design.                                                            |
|ELAB-2     |Info   |    2|Elaborating Subdesign.                                                         |
|ELAB-3     |Info   |    1|Done Elaborating Design.                                                       |
|ELABUTL-125|Warning|   15|Undriven signal detected.                                                      |
|           |       |     |The undriven signal handling can be controlled by setting the attribute        |
|           |       |     | 'hdl_unconnected_value' before syn_generic command.                           |
|ELABUTL-130|Info   |   15|Undriven signal detected.                                                      |
|           |       |     |The 'hdl_unconnected_value' attribute controls treatment of undriven signal.   |
|GLO-12     |Info   |    4|Replacing a flip-flop with a logic constant 0.                                 |
|           |       |     |To prevent this optimization, set the 'optimize_constant_0_flops' root         |
|           |       |     | attribute to 'false' or 'optimize_constant_0_seq' instance attribute to       |
|           |       |     | 'false'. You can also see the complete list of deleted sequential with command|
|           |       |     | 'report sequential -deleted' (on Reason 'constant0').                         |
|GLO-34     |Info   |    4|Deleting instances not driving any primary outputs.                            |
|           |       |     |Optimizations such as constant propagation or redundancy removal could change  |
|           |       |     | the connections so a hierarchical instance does not drive any primary outputs |
|           |       |     | anymore. To see the list of deleted hierarchical instances, set the           |
|           |       |     | 'information_level' attribute to 2 or above. If the message is truncated set  |
|           |       |     | the message attribute 'truncate' to false to see the complete list. To prevent|
|           |       |     | this optimization, set the 'delete_unloaded_insts' root/subdesign attribute to|
|           |       |     | 'false' or 'preserve' instance attribute to 'true'.                           |
|GLO-45     |Info   |    4|Replacing the synchronous part of an always feeding back flip-flop with a logic|
|           |       |     | constant.                                                                     |
|           |       |     |To prevent this optimization, set 'optimize_constant_feedback_seqs' root       |
|           |       |     | attribute to 'false'. The instance attribute 'optimize_constant_feedback_seq' |
|           |       |     | controls this optimization.                                                   |
|GLO-51     |Info   |    2|Hierarchical instance automatically ungrouped.                                 |
|           |       |     |Hierarchical instances can be automatically ungrouped to allow for better area |
|           |       |     | or timing optimization. To prevent this ungroup, set the root-level attribute |
|           |       |     | 'auto_ungroup' to 'none'. You can also prevent individual ungroup with setting|
|           |       |     | the attribute 'ungroup_ok' of instances or modules to 'false'.                |
|LBR-41     |Info   |  534|An output library pin lacks a function attribute.                              |
|           |       |     |If the remainder of this library cell's semantic checks are successful, it will|
|           |       |     | be considered as a timing-model                                               |
|           |       |     | (because one of its outputs does not have a valid function.                   |
|LBR-43     |Warning|   12|Libcell has no area attribute.  Defaulting to 0 area.                          |
|           |       |     |Specify a valid area value for the libcell.                                    |
|LBR-155    |Info   |    2|Mismatch in unateness between 'timing_sense' attribute and the function.       |
|           |       |     |The 'timing_sense' attribute will be respected.                                |
|LBR-162    |Info   |   17|Both 'pos_unate' and 'neg_unate' timing_sense arcs have been processed.        |
|           |       |     |Setting the 'timing_sense' to non_unate.                                       |
|LBR-412    |Info   |   17|Created nominal operating condition.                                           |
|           |       |     |The nominal operating condition is represented, either by the nominal PVT      |
|           |       |     | values specified in the library source                                        |
|           |       |     | (via nom_process,nom_voltage and nom_temperature respectively)                |
|           |       |     | , or by the default PVT values (1.0,1.0,1.0).                                 |
|LBR-714    |Warning|    1|Inconsistency detected among the units specified in the timing libraries being |
|           |       |     | used.                                                                         |
|           |       |     |Default system time/capacitance unit will be used.                             |
|PHYS-12    |Warning|    2|The variant range of wire parameters is too large. An example of wire          |
|           |       |     | parameters are, a WIDTH for layer, PITCH for layer, MINSPACING for layers,    |
|           |       |     | etc.                                                                          |
|           |       |     |Check the consistency of the parameters, and see if you can ignore this message|
|           |       |     | or you're using different LEF file with wrong parameters.                     |
|PHYS-13    |Warning|    1|The value of the wire parameter is too big.                                    |
|           |       |     |Check the consistency of the specified wire parameter.                         |
|PHYS-14    |Warning|    5|The value of the wire parameter is too small.                                  |
|           |       |     |Check the consistency of the specified wire parameter.                         |
|PHYS-15    |Warning|   30|Missing wire parameter.                                                        |
|           |       |     |Check the wire parameter in LEF technology files.                              |
|PHYS-106   |Warning|    3|Site already defined before, duplicated site will be ignored.                  |
|PHYS-128   |Warning|   12|Library cell pin 'use' attribute is inconsistent between lib and LEF.          |
|           |       |     |Overriding lib value with LEF value. To use .lib as golden do:                 |
|           |       |     | '::legacy::set_attribute use_power_ground_pin_from_lef false'.                |
|PHYS-129   |Info   |    9|Via with no resistance will have a value of '0.0' assigned for resistance      |
|           |       |     | value.                                                                        |
|           |       |     |If this is the expected behavior, this message can be ignored.                 |
|PHYS-133   |Warning|   60|Found additional logical pin for cell in LEF library.                          |
|           |       |     |When the tool finds a logical pin for a cell in the LEF library that is not    |
|           |       |     | present in the logical library, the tool adds this pin to the libcell         |
|           |       |     | definition in the session. To prevent this pin addition, set the              |
|           |       |     | 'lef_add_logical_pins' root attribute to 'false'.                             |
|PHYS-142   |Warning|  472|Pin with no geometry. Location offsets set to zero.                            |
|PHYS-279   |Warning|  646|Physical cell not defined in library.                                          |
|           |       |     |Ensure that the proper library files are available and have been imported.     |
|PHYS-752   |Info   |    1|Partition Based Synthesis execution skipped.                                   |
|PHYS-2040  |Warning|   11|Macro references undefined site.                                               |
|           |       |     |The sites must be defined before they can be referenced from a macro. Review   |
|           |       |     | the LEF files specified in the lef_library attribute to see if the site does  |
|           |       |     | not exist or is specified after the one that defines the macro.               |
|SYNTH-1    |Info   |    1|Synthesizing.                                                                  |
|TIM-1000   |Info   |    1|Multimode clock gating check is disabled.                                      |
|TUI-24     |Error  |   53|The data value for this attribute is invalid.                                  |
|           |       |     |To see the usage/description for this attribute, type '::legacy::set_attribute |
|           |       |     | -h <attr_name> *' (in legacy UI mode)                                         |
|           |       |     | or 'help * <attr_name> -detail' (in CUI mode).                                |
|TUI-210    |Error  |   53|Cannot preserve unmapped leaf instance.                                        |
|           |       |     |You can only change the value of the 'preserve' attribute of mapped,           |
|           |       |     | non-hierarchical instances to one of the following values: true, false,       |
|           |       |     | size_ok, delete_ok, or size_delete_ok.                                        |
-----------------------------------------------------------------------------------------------------------
Current PLE settings:

Aspect ratio        : 1.000
Shrink factor       : 1.000
Scale of res/length : 1.000
Scale of cap/length : 1.000
Net derating factor : 1.000
Thermal factor      : 1.000
Via Resistance      : 0.000 ohm (from default)
Site size           : 1.224 um (from lef [tech+cell])

                                   Capacitance  
  Layer                             / Length         Data source:
Name        Direction Utilization  (pF/micron)       default value
------------------------------------------------
<default>       U         n/a         0.000250  

** = DEFAULT cap per unit length is used for timing analysis

                                    Resistance   
  Layer                              / Length         Data source:
Name        Direction Utilization  (ohm/micron)       default value
-------------------------------------------------
<default>       U         n/a          0.000000  

** = DEFAULT res per unit length is used for timing analysis

                                        Area     
  Layer                               / Length        Data source:
Name        Direction Utilization     (micron)        lef_library
-------------------------------------------------
M1              V         0.00         0.072000  
M2              H         1.00         0.072000  
M3              V         1.00         0.072000  
M4              H         1.00         0.096000  
M5              V         1.00         0.096000  
M6              H         1.00         0.128000  
M7              V         1.00         0.128000  
M8              H         1.00         0.160000  
M9              V         1.00         0.160000  
Pad             H         1.00         0.160000  

Mapper: Libraries have:
	domain _default_: 167 combo usable cells and 23 sequential usable cells
Warning : Not obtained requested number of super thread servers. [ST-136]
        : The tool is running on a 2 cpu machine.
        : The requested number of cpus are not available on machine.
Multi-threaded constant propagation [1|0] ...
Multi-threaded Virtual Mapping    (2 threads per ST process, 2 of 2 CPUs usable)
==================================
Stage : first_condense 
==================================
  =================
   Message Summary
  =================
---------------------------------------------------------------------------------
|  Id  |  Sev  |Count|                       Message Text                       |
---------------------------------------------------------------------------------
|GB-6  |Info   |    3|A datapath component has been ungrouped.                  |
|ST-136|Warning|    1|Not obtained requested number of super thread servers.    |
|      |       |     |The requested number of cpus are not available on machine.|
---------------------------------------------------------------------------------
 
Global mapping target info
==========================
Cost Group 'clk' target slack: -98069 ps
Target path end-point (Port: top_axi_ram/s_axi_rdata[0])


State Retention Synthesis Status
================================

Category                        Flops   Percentage
--------------------------------------------------
Total instances                    78        100.0
Excluded from State Retention      78        100.0
    - Will not convert             78        100.0
      - Preserved                   0          0.0
      - Power intent excluded      78        100.0
    - Could not convert             0          0.0
      - Scan type                   0          0.0
      - No suitable cell            0          0.0
State Retention instances           0          0.0
--------------------------------------------------

PBS_Generic_Opt-Post - Elapsed_Time 21, CPU_Time 7.999870000000001
stamp 'PBS_Generic_Opt-Post' being created for table 'pbs_debug'

  Total Time (Wall) |  Stage Time (Wall)  |   % (Wall)   |    Date - Time     |  Memory   | Stage
--------------------+---------------------+--------------+--------------------+-----------+----------------------
 00:00:20(00:00:28) |  00:00:00(00:00:00) |   0.0(  0.0) |   10:14:39 (Apr06) |  484.0 MB | PBS_Generic-Start
--------------------+---------------------+--------------+--------------------+-----------+----------------------
 00:00:27(00:00:50) |  00:00:07(00:00:22) | 100.0(100.0) |   10:15:01 (Apr06) |  886.5 MB | PBS_Generic_Opt-Post
--------------------+---------------------+--------------+--------------------+-----------+----------------------
Number of threads: 8 * 1   (id: pbs_debug, time_info v1.57)
Info: (*N*) indicates data that was populated from previously saved time_info database
Info: CPU time includes time of parent + longest thread
PBS_Generic-Postgen HBO Optimizations - Elapsed_Time 0, CPU_Time 0.0
stamp 'PBS_Generic-Postgen HBO Optimizations' being created for table 'pbs_debug'

  Total Time (Wall) |  Stage Time (Wall)  |   % (Wall)   |    Date - Time     |  Memory   | Stage
--------------------+---------------------+--------------+--------------------+-----------+----------------------
 00:00:20(00:00:28) |  00:00:00(00:00:00) |   0.0(  0.0) |   10:14:39 (Apr06) |  484.0 MB | PBS_Generic-Start
--------------------+---------------------+--------------+--------------------+-----------+----------------------
 00:00:27(00:00:50) |  00:00:07(00:00:22) | 100.0(100.0) |   10:15:01 (Apr06) |  886.5 MB | PBS_Generic_Opt-Post
--------------------+---------------------+--------------+--------------------+-----------+----------------------
 00:00:27(00:00:50) |  00:00:00(00:00:00) |   0.0(  0.0) |   10:15:01 (Apr06) |  886.5 MB | PBS_Generic-Postgen HBO Optimizations
--------------------+---------------------+--------------+--------------------+-----------+----------------------
Number of threads: 8 * 1   (id: pbs_debug, time_info v1.57)
Info: (*N*) indicates data that was populated from previously saved time_info database
Info: CPU time includes time of parent + longest thread
##>=================== Cadence Confidential (Generic-Logical) ===================
##>=================== Cadence Confidential (Generic-Logical) ===================
##>Main Thread Summary:
##>----------------------------------------------------------------------------------------
##>STEP                           Elapsed       WNS       TNS     Insts      Area    Memory
##>----------------------------------------------------------------------------------------
##>G:Initial                            2         -         -       876      3505       484
##>G:Setup                              0         -         -         -         -         -
##>G:Early Clock Gating                 0         -         -         -         -         -
##>G:Launch ST                          0         -         -         -         -         -
##>G:Design Partition                   0         -         -         -         -         -
##>G:Create Partition Netlists          0         -         -         -         -         -
##>G:Init Power                         0         -         -         -         -         -
##>G:Budgeting                          0         -         -         -         -         -
##>G:Derenv-DB                          0         -         -         -         -         -
##>G:Debug Outputs                      0         -         -         -         -         -
##>G:ST loading                         0         -         -         -         -         -
##>G:Distributed                        0         -         -         -         -         -
##>G:Timer                              0         -         -         -         -         -
##>G:Assembly                           0         -         -         -         -         -
##>G:DFT                                0         -         -         -         -         -
##>G:Const Prop                         0         -         -       704      2502       886
##>G:PostGen Opt                        0         -         -       704      2502       886
##>G:Early Clock Gating Cleanup         0         -         -         -         -         -
##>G:Misc                              21
##>----------------------------------------------------------------------------------------
##>Total Elapsed                       23
##>========================================================================================
Info    : Done synthesizing. [SYNTH-2]
        : Done synthesizing 'top_axi_ram' to generic gates.
      flow.cputime  flow.realtime  timing.setup.tns  timing.setup.wns  snapshot
UM:*                                                                   syn_gen
@file(genus.tcl) 29: syn_map
#--------------------------------------------------------------------------
# Root attributes for category: opt
#--------------------------------------------------------------------------
# Feature                           | Attribute                | Value  
#--------------------------------------------------------------------------
# Net area optimization             | optimize_net_area        | true   
# Power optimization effort         | design_power_effort      | none   
# Do not use qbar sequential pins   | dont_use_qbar_seq_pins   | false  
#--------------------------------------------------------------------------

##Generic Timing Info for library domain: _default_ typical gate delay: 29.7 ps std_slew: 4.2 ps std_load: 0.8 fF
Mapping ChipWare ICG instances in top_axi_ram
Found 0 unmapped ChipWare ICG instances
Mapped 0 of 0 ChipWare ICG instances
Current PLE settings:

Aspect ratio        : 1.000
Shrink factor       : 1.000
Scale of res/length : 1.000
Scale of cap/length : 1.000
Net derating factor : 1.000
Thermal factor      : 1.000
Via Resistance      : 0.000 ohm (from default)
Site size           : 1.224 um (from lef [tech+cell])

                                   Capacitance  
  Layer                             / Length         Data source:
Name        Direction Utilization  (pF/micron)       default value
------------------------------------------------
<default>       U         n/a         0.000250  

** = DEFAULT cap per unit length is used for timing analysis

                                    Resistance   
  Layer                              / Length         Data source:
Name        Direction Utilization  (ohm/micron)       default value
-------------------------------------------------
<default>       U         n/a          0.000000  

** = DEFAULT res per unit length is used for timing analysis

                                        Area     
  Layer                               / Length        Data source:
Name        Direction Utilization     (micron)        lef_library
-------------------------------------------------
M1              V         0.00         0.072000  
M2              H         1.00         0.072000  
M3              V         1.00         0.072000  
M4              H         1.00         0.096000  
M5              V         1.00         0.096000  
M6              H         1.00         0.128000  
M7              V         1.00         0.128000  
M8              H         1.00         0.160000  
M9              V         1.00         0.160000  
Pad             H         1.00         0.160000  

Info    : Mapping. [SYNTH-4]
        : Mapping 'top_axi_ram' using 'high' effort.
Mapper: Libraries have:
	domain _default_: 167 combo usable cells and 23 sequential usable cells
PBS_TechMap-Start - Elapsed_Time 0, CPU_Time 0.0
stamp 'PBS_TechMap-Start' being created for table 'pbs_debug'

  Total Time (Wall) |  Stage Time (Wall)  |   % (Wall)   |    Date - Time     |  Memory   | Stage
--------------------+---------------------+--------------+--------------------+-----------+----------------------
 00:00:20(00:00:28) |  00:00:00(00:00:00) |   0.0(  0.0) |   10:14:39 (Apr06) |  484.0 MB | PBS_Generic-Start
--------------------+---------------------+--------------+--------------------+-----------+----------------------
 00:00:27(00:00:50) |  00:00:07(00:00:22) | 100.0(100.0) |   10:15:01 (Apr06) |  886.5 MB | PBS_Generic_Opt-Post
--------------------+---------------------+--------------+--------------------+-----------+----------------------
 00:00:27(00:00:50) |  00:00:00(00:00:00) |   0.0(  0.0) |   10:15:01 (Apr06) |  886.5 MB | PBS_Generic-Postgen HBO Optimizations
--------------------+---------------------+--------------+--------------------+-----------+----------------------
 00:00:27(00:00:50) |  00:00:00(00:00:00) |   0.0(  0.0) |   10:15:01 (Apr06) |  886.5 MB | PBS_TechMap-Start
--------------------+---------------------+--------------+--------------------+-----------+----------------------
Number of threads: 8 * 1   (id: pbs_debug, time_info v1.57)
Info: (*N*) indicates data that was populated from previously saved time_info database
Info: CPU time includes time of parent + longest thread
PBS_TechMap-Premap HBO Optimizations - Elapsed_Time 1, CPU_Time 0.0
stamp 'PBS_TechMap-Premap HBO Optimizations' being created for table 'pbs_debug'

  Total Time (Wall) |  Stage Time (Wall)  |   % (Wall)   |    Date - Time     |  Memory   | Stage
--------------------+---------------------+--------------+--------------------+-----------+----------------------
 00:00:20(00:00:28) |  00:00:00(00:00:00) |   0.0(  0.0) |   10:14:39 (Apr06) |  484.0 MB | PBS_Generic-Start
--------------------+---------------------+--------------+--------------------+-----------+----------------------
 00:00:27(00:00:50) |  00:00:07(00:00:22) | 100.0( 95.7) |   10:15:01 (Apr06) |  886.5 MB | PBS_Generic_Opt-Post
--------------------+---------------------+--------------+--------------------+-----------+----------------------
 00:00:27(00:00:50) |  00:00:00(00:00:00) |   0.0(  0.0) |   10:15:01 (Apr06) |  886.5 MB | PBS_Generic-Postgen HBO Optimizations
--------------------+---------------------+--------------+--------------------+-----------+----------------------
 00:00:27(00:00:50) |  00:00:00(00:00:00) |   0.0(  0.0) |   10:15:01 (Apr06) |  886.5 MB | PBS_TechMap-Start
--------------------+---------------------+--------------+--------------------+-----------+----------------------
 00:00:27(00:00:51) |  00:00:00(00:00:01) |   0.0(  4.3) |   10:15:02 (Apr06) |  886.5 MB | PBS_TechMap-Premap HBO Optimizations
--------------------+---------------------+--------------+--------------------+-----------+----------------------
Number of threads: 8 * 1   (id: pbs_debug, time_info v1.57)
Info: (*N*) indicates data that was populated from previously saved time_info database
Info: CPU time includes time of parent + longest thread
Info    : Partition Based Synthesis execution skipped. [PHYS-752]
        : Design size is less than the partition size '100000' for distributed mapping optimization to kick in.
Current PLE settings:

Aspect ratio        : 1.000
Shrink factor       : 1.000
Scale of res/length : 1.000
Scale of cap/length : 1.000
Net derating factor : 1.000
Thermal factor      : 1.000
Via Resistance      : 0.000 ohm (from default)
Site size           : 1.224 um (from lef [tech+cell])

                                   Capacitance  
  Layer                             / Length         Data source:
Name        Direction Utilization  (pF/micron)       default value
------------------------------------------------
<default>       U         n/a         0.000250  

** = DEFAULT cap per unit length is used for timing analysis

                                    Resistance   
  Layer                              / Length         Data source:
Name        Direction Utilization  (ohm/micron)       default value
-------------------------------------------------
<default>       U         n/a          0.000000  

** = DEFAULT res per unit length is used for timing analysis

                                        Area     
  Layer                               / Length        Data source:
Name        Direction Utilization     (micron)        lef_library
-------------------------------------------------
M1              V         0.00         0.072000  
M2              H         1.00         0.072000  
M3              V         1.00         0.072000  
M4              H         1.00         0.096000  
M5              V         1.00         0.096000  
M6              H         1.00         0.128000  
M7              V         1.00         0.128000  
M8              H         1.00         0.160000  
M9              V         1.00         0.160000  
Pad             H         1.00         0.160000  

Mapper: Libraries have:
	domain _default_: 167 combo usable cells and 23 sequential usable cells
Warning : Not obtained requested number of super thread servers. [ST-136]
        : The tool is running on a 2 cpu machine.
Multi-threaded Virtual Mapping    (2 threads per ST process, 2 of 2 CPUs usable)
 
Global mapping target info
==========================
Cost Group 'clk' target slack: -98069 ps
Target path end-point (Port: top_axi_ram/s_axi_rdata[0])

Multi-threaded Technology Mapping (2 threads per ST process, 2 of 2 CPUs usable)
 
Global mapping status
=====================
                                   Group   
                                  Tot Wrst 
                           Total  Weighted 
Operation                   Area   Slacks  
 global_map                 2828   -98089 
            Worst cost_group: clk, WNS: -98089.3
            Path: clk --> s_axi_rdata[31]

    Cost Group            Target    Slack    Diff.  Constr.
-----------------------------------------------------------
           clk            -98069   -98089      +0%     1000     (launch clock period: 2000)

 
Global incremental target info
==============================
Cost Group 'clk' target slack: -98084 ps
Target path end-point (Port: top_axi_ram/s_axi_rdata[0])

==================================
Stage : global_incr_map 
==================================
  =================
   Message Summary
  =================
-----------------------------------------------------------------------------------
|   Id   |  Sev  |Count|                       Message Text                       |
-----------------------------------------------------------------------------------
|PA-7    |Info   |    4|Resetting power analysis results.                         |
|        |       |     |All computed switching activities are removed.            |
|PHYS-752|Info   |    1|Partition Based Synthesis execution skipped.              |
|ST-136  |Warning|    1|Not obtained requested number of super thread servers.    |
|        |       |     |The requested number of cpus are not available on machine.|
|SYNTH-2 |Info   |    1|Done synthesizing.                                        |
|SYNTH-4 |Info   |    1|Mapping.                                                  |
-----------------------------------------------------------------------------------
 
Global incremental optimization status
======================================
                                   Group   
                                  Tot Wrst 
                           Total  Weighted 
Operation                   Area   Slacks  
 global_incr                2793   -98078 
            Worst cost_group: clk, WNS: -98078.7
            Path: clk --> s_axi_rdata[31]

    Cost Group            Target    Slack    Diff.  Constr.
-----------------------------------------------------------
           clk            -98084   -98079      +0%     1000     (launch clock period: 2000)


State Retention Synthesis Status
================================

Category                        Flops   Percentage
--------------------------------------------------
Total instances                    78        100.0
Excluded from State Retention      78        100.0
    - Will not convert             78        100.0
      - Preserved                   0          0.0
      - Power intent excluded      78        100.0
    - Could not convert             0          0.0
      - Scan type                   0          0.0
      - No suitable cell            0          0.0
State Retention instances           0          0.0
--------------------------------------------------

INFO: skipping constant propagation
PBS_Techmap-Global Mapping - Elapsed_Time 8, CPU_Time 3.999848
stamp 'PBS_Techmap-Global Mapping' being created for table 'pbs_debug'

  Total Time (Wall) |  Stage Time (Wall)  |   % (Wall)   |    Date - Time     |  Memory   | Stage
--------------------+---------------------+--------------+--------------------+-----------+----------------------
 00:00:20(00:00:28) |  00:00:00(00:00:00) |   0.0(  0.0) |   10:14:39 (Apr06) |  484.0 MB | PBS_Generic-Start
--------------------+---------------------+--------------+--------------------+-----------+----------------------
 00:00:27(00:00:50) |  00:00:07(00:00:22) |  66.7( 71.0) |   10:15:01 (Apr06) |  886.5 MB | PBS_Generic_Opt-Post
--------------------+---------------------+--------------+--------------------+-----------+----------------------
 00:00:27(00:00:50) |  00:00:00(00:00:00) |   0.0(  0.0) |   10:15:01 (Apr06) |  886.5 MB | PBS_Generic-Postgen HBO Optimizations
--------------------+---------------------+--------------+--------------------+-----------+----------------------
 00:00:27(00:00:50) |  00:00:00(00:00:00) |   0.0(  0.0) |   10:15:01 (Apr06) |  886.5 MB | PBS_TechMap-Start
--------------------+---------------------+--------------+--------------------+-----------+----------------------
 00:00:27(00:00:51) |  00:00:00(00:00:01) |   0.0(  3.2) |   10:15:02 (Apr06) |  886.5 MB | PBS_TechMap-Premap HBO Optimizations
--------------------+---------------------+--------------+--------------------+-----------+----------------------
 00:00:31(00:00:59) |  00:00:03(00:00:08) |  33.3( 25.8) |   10:15:10 (Apr06) |  879.8 MB | PBS_Techmap-Global Mapping
--------------------+---------------------+--------------+--------------------+-----------+----------------------
Number of threads: 8 * 1   (id: pbs_debug, time_info v1.57)
Info: (*N*) indicates data that was populated from previously saved time_info database
Info: CPU time includes time of parent + longest thread
Info    : Wrote formal verification information. [CFM-5]
        : Wrote 'fv/top_axi_ram/fv_map.fv.json' for netlist 'fv/top_axi_ram/fv_map.v.gz'.
Info    : Wrote dofile. [CFM-1]
        : Dofile is 'fv/top_axi_ram/rtl_to_fv_map.do'.
        : Alias mapping flow is enabled.
PBS_TechMap-Datapath Postmap Operations - Elapsed_Time 5, CPU_Time 2.0
stamp 'PBS_TechMap-Datapath Postmap Operations' being created for table 'pbs_debug'

  Total Time (Wall) |  Stage Time (Wall)  |   % (Wall)   |    Date - Time     |  Memory   | Stage
--------------------+---------------------+--------------+--------------------+-----------+----------------------
 00:00:20(00:00:28) |  00:00:00(00:00:00) |   0.0(  0.0) |   10:14:39 (Apr06) |  484.0 MB | PBS_Generic-Start
--------------------+---------------------+--------------+--------------------+-----------+----------------------
 00:00:27(00:00:50) |  00:00:07(00:00:22) |  57.1( 61.1) |   10:15:01 (Apr06) |  886.5 MB | PBS_Generic_Opt-Post
--------------------+---------------------+--------------+--------------------+-----------+----------------------
 00:00:27(00:00:50) |  00:00:00(00:00:00) |   0.0(  0.0) |   10:15:01 (Apr06) |  886.5 MB | PBS_Generic-Postgen HBO Optimizations
--------------------+---------------------+--------------+--------------------+-----------+----------------------
 00:00:27(00:00:50) |  00:00:00(00:00:00) |   0.0(  0.0) |   10:15:01 (Apr06) |  886.5 MB | PBS_TechMap-Start
--------------------+---------------------+--------------+--------------------+-----------+----------------------
 00:00:27(00:00:51) |  00:00:00(00:00:01) |   0.0(  2.8) |   10:15:02 (Apr06) |  886.5 MB | PBS_TechMap-Premap HBO Optimizations
--------------------+---------------------+--------------+--------------------+-----------+----------------------
 00:00:31(00:00:59) |  00:00:03(00:00:08) |  28.6( 22.2) |   10:15:10 (Apr06) |  879.8 MB | PBS_Techmap-Global Mapping
--------------------+---------------------+--------------+--------------------+-----------+----------------------
 00:00:33(00:01:04) |  00:00:02(00:00:05) |  14.3( 13.9) |   10:15:15 (Apr06) |  876.8 MB | PBS_TechMap-Datapath Postmap Operations
--------------------+---------------------+--------------+--------------------+-----------+----------------------
Number of threads: 8 * 1   (id: pbs_debug, time_info v1.57)
Info: (*N*) indicates data that was populated from previously saved time_info database
Info: CPU time includes time of parent + longest thread
PBS_TechMap-Postmap HBO Optimizations - Elapsed_Time 0, CPU_Time 1.0
stamp 'PBS_TechMap-Postmap HBO Optimizations' being created for table 'pbs_debug'

  Total Time (Wall) |  Stage Time (Wall)  |   % (Wall)   |    Date - Time     |  Memory   | Stage
--------------------+---------------------+--------------+--------------------+-----------+----------------------
 00:00:20(00:00:28) |  00:00:00(00:00:00) |   0.0(  0.0) |   10:14:39 (Apr06) |  484.0 MB | PBS_Generic-Start
--------------------+---------------------+--------------+--------------------+-----------+----------------------
 00:00:27(00:00:50) |  00:00:07(00:00:22) |  53.3( 61.1) |   10:15:01 (Apr06) |  886.5 MB | PBS_Generic_Opt-Post
--------------------+---------------------+--------------+--------------------+-----------+----------------------
 00:00:27(00:00:50) |  00:00:00(00:00:00) |   0.0(  0.0) |   10:15:01 (Apr06) |  886.5 MB | PBS_Generic-Postgen HBO Optimizations
--------------------+---------------------+--------------+--------------------+-----------+----------------------
 00:00:27(00:00:50) |  00:00:00(00:00:00) |   0.0(  0.0) |   10:15:01 (Apr06) |  886.5 MB | PBS_TechMap-Start
--------------------+---------------------+--------------+--------------------+-----------+----------------------
 00:00:27(00:00:51) |  00:00:00(00:00:01) |   0.0(  2.8) |   10:15:02 (Apr06) |  886.5 MB | PBS_TechMap-Premap HBO Optimizations
--------------------+---------------------+--------------+--------------------+-----------+----------------------
 00:00:31(00:00:59) |  00:00:03(00:00:08) |  26.7( 22.2) |   10:15:10 (Apr06) |  879.8 MB | PBS_Techmap-Global Mapping
--------------------+---------------------+--------------+--------------------+-----------+----------------------
 00:00:33(00:01:04) |  00:00:02(00:00:05) |  13.3( 13.9) |   10:15:15 (Apr06) |  876.8 MB | PBS_TechMap-Datapath Postmap Operations
--------------------+---------------------+--------------+--------------------+-----------+----------------------
 00:00:34(00:01:04) |  00:00:01(00:00:00) |   6.7(  0.0) |   10:15:15 (Apr06) |  876.8 MB | PBS_TechMap-Postmap HBO Optimizations
--------------------+---------------------+--------------+--------------------+-----------+----------------------
Number of threads: 8 * 1   (id: pbs_debug, time_info v1.57)
Info: (*N*) indicates data that was populated from previously saved time_info database
Info: CPU time includes time of parent + longest thread
 Doing ConstProp on design:top_axi_ram ... 

Time taken by ConstProp Step: 00:00:00
PBS_TechMap-Postmap Clock Gating - Elapsed_Time 0, CPU_Time 0.0
stamp 'PBS_TechMap-Postmap Clock Gating' being created for table 'pbs_debug'

  Total Time (Wall) |  Stage Time (Wall)  |   % (Wall)   |    Date - Time     |  Memory   | Stage
--------------------+---------------------+--------------+--------------------+-----------+----------------------
 00:00:20(00:00:28) |  00:00:00(00:00:00) |   0.0(  0.0) |   10:14:39 (Apr06) |  484.0 MB | PBS_Generic-Start
--------------------+---------------------+--------------+--------------------+-----------+----------------------
 00:00:27(00:00:50) |  00:00:07(00:00:22) |  53.3( 61.1) |   10:15:01 (Apr06) |  886.5 MB | PBS_Generic_Opt-Post
--------------------+---------------------+--------------+--------------------+-----------+----------------------
 00:00:27(00:00:50) |  00:00:00(00:00:00) |   0.0(  0.0) |   10:15:01 (Apr06) |  886.5 MB | PBS_Generic-Postgen HBO Optimizations
--------------------+---------------------+--------------+--------------------+-----------+----------------------
 00:00:27(00:00:50) |  00:00:00(00:00:00) |   0.0(  0.0) |   10:15:01 (Apr06) |  886.5 MB | PBS_TechMap-Start
--------------------+---------------------+--------------+--------------------+-----------+----------------------
 00:00:27(00:00:51) |  00:00:00(00:00:01) |   0.0(  2.8) |   10:15:02 (Apr06) |  886.5 MB | PBS_TechMap-Premap HBO Optimizations
--------------------+---------------------+--------------+--------------------+-----------+----------------------
 00:00:31(00:00:59) |  00:00:03(00:00:08) |  26.7( 22.2) |   10:15:10 (Apr06) |  879.8 MB | PBS_Techmap-Global Mapping
--------------------+---------------------+--------------+--------------------+-----------+----------------------
 00:00:33(00:01:04) |  00:00:02(00:00:05) |  13.3( 13.9) |   10:15:15 (Apr06) |  876.8 MB | PBS_TechMap-Datapath Postmap Operations
--------------------+---------------------+--------------+--------------------+-----------+----------------------
 00:00:34(00:01:04) |  00:00:01(00:00:00) |   6.7(  0.0) |   10:15:15 (Apr06) |  876.8 MB | PBS_TechMap-Postmap HBO Optimizations
--------------------+---------------------+--------------+--------------------+-----------+----------------------
 00:00:34(00:01:04) |  00:00:00(00:00:00) |   0.0(  0.0) |   10:15:15 (Apr06) |  876.8 MB | PBS_TechMap-Postmap Clock Gating
--------------------+---------------------+--------------+--------------------+-----------+----------------------
Number of threads: 8 * 1   (id: pbs_debug, time_info v1.57)
Info: (*N*) indicates data that was populated from previously saved time_info database
Info: CPU time includes time of parent + longest thread
-------------------------------------------------------------------------------
 hi_fo_buf                  2793   -98078  -3138784    477574        0        0
            Worst cost_group: clk, WNS: -98078.7
            Path: clk --> s_axi_rdata[31]

           Trick     Calls     Accepts   Attempts    Time(secs) 
-----------------------------------------------------------
       hi_fo_buf         0  (        0 /        0 )  0.00

 
Incremental optimization status
===============================
                                   Group   
                                  Tot Wrst     Total - - - - DRC Totals - - - -
                           Total  Weighted      Neg      Max       Max     Max  
Operation                   Area   Slacks      Slack    Trans      Cap   Fanout 
 init_delay                 2793   -98078  -3138784    477574        0        0
            Worst cost_group: clk, WNS: -98078.7
            Path: clk --> s_axi_rdata[31]
 incr_delay                 2973   -98072  -3138573    477574        0        0
            Worst cost_group: clk, WNS: -98072.1
            Path: clk --> s_axi_rdata[31]
 incr_delay                 2943   -98072  -3138570    477574        0        0
            Worst cost_group: clk, WNS: -98072.0
            Path: clk --> s_axi_rdata[31]

           Trick     Calls     Accepts   Attempts    Time(secs) 
-----------------------------------------------------------
       crit_upsz       105  (       32 /       32 )  0.10
    plc_bal_star         0  (        0 /        0 )  0.00
     drc_buftimb         0  (        0 /        0 )  0.00
          plc_st        11  (        0 /        0 )  0.00
    plc_st_fence        11  (        0 /        0 )  0.00
        plc_star        11  (        0 /        0 )  0.00
      plc_laf_st        11  (        0 /        0 )  0.00
 plc_laf_st_fence        11  (        0 /        0 )  0.00
     drc_buftims         0  (        0 /        0 )  0.00
            fopt       106  (       32 /       32 )  0.61
   plc_laf_lo_st        12  (        0 /        0 )  0.00
       plc_lo_st        12  (        0 /        0 )  0.00
        mb_split        12  (        0 /        0 )  0.00

 
Local TNS optimization status
=============================
                                   Group   
                                  Tot Wrst     Total - - - - DRC Totals - - - -
                           Total  Weighted      Neg      Max       Max     Max  
Operation                   Area   Slacks      Slack    Trans      Cap   Fanout 
 init_tns                   2943   -98072  -3138570    477574        0        0
            Worst cost_group: clk, WNS: -98072.0
            Path: clk --> s_axi_rdata[31]
 incr_tns                   2943   -98072  -3138536    477574        0        0
            Worst cost_group: clk, WNS: -98072.0
            Path: clk --> s_axi_rdata[31]

           Trick     Calls     Accepts   Attempts    Time(secs) 
-----------------------------------------------------------
    plc_bal_star         0  (        0 /        0 )  0.00
     drc_buftimb         0  (        0 /        0 )  0.00
     drc_buftims         0  (        0 /        0 )  0.00
       crit_upsz       172  (        0 /       33 )  0.36
   plc_laf_lo_st       172  (        0 /        0 )  0.00
       plc_lo_st       172  (        0 /        0 )  0.00
            fopt       172  (        0 /        0 )  0.01
       crit_dnsz       161  (       17 /       23 )  0.41
             dup       155  (        0 /        0 )  0.00
        setup_dn       155  (        0 /        0 )  0.00
        mb_split       155  (        0 /        0 )  0.01

PBS_TechMap-Postmap Cleanup - Elapsed_Time 2, CPU_Time -4.400000000259752e-5
stamp 'PBS_TechMap-Postmap Cleanup' being created for table 'pbs_debug'

  Total Time (Wall) |  Stage Time (Wall)  |   % (Wall)   |    Date - Time     |  Memory   | Stage
--------------------+---------------------+--------------+--------------------+-----------+----------------------
 00:00:20(00:00:28) |  00:00:00(00:00:00) |   0.0(  0.0) |   10:14:39 (Apr06) |  484.0 MB | PBS_Generic-Start
--------------------+---------------------+--------------+--------------------+-----------+----------------------
 00:00:27(00:00:50) |  00:00:07(00:00:22) |  53.3( 57.9) |   10:15:01 (Apr06) |  886.5 MB | PBS_Generic_Opt-Post
--------------------+---------------------+--------------+--------------------+-----------+----------------------
 00:00:27(00:00:50) |  00:00:00(00:00:00) |   0.0(  0.0) |   10:15:01 (Apr06) |  886.5 MB | PBS_Generic-Postgen HBO Optimizations
--------------------+---------------------+--------------+--------------------+-----------+----------------------
 00:00:27(00:00:50) |  00:00:00(00:00:00) |   0.0(  0.0) |   10:15:01 (Apr06) |  886.5 MB | PBS_TechMap-Start
--------------------+---------------------+--------------+--------------------+-----------+----------------------
 00:00:27(00:00:51) |  00:00:00(00:00:01) |   0.0(  2.6) |   10:15:02 (Apr06) |  886.5 MB | PBS_TechMap-Premap HBO Optimizations
--------------------+---------------------+--------------+--------------------+-----------+----------------------
 00:00:31(00:00:59) |  00:00:03(00:00:08) |  26.7( 21.1) |   10:15:10 (Apr06) |  879.8 MB | PBS_Techmap-Global Mapping
--------------------+---------------------+--------------+--------------------+-----------+----------------------
 00:00:33(00:01:04) |  00:00:02(00:00:05) |  13.3( 13.2) |   10:15:15 (Apr06) |  876.8 MB | PBS_TechMap-Datapath Postmap Operations
--------------------+---------------------+--------------+--------------------+-----------+----------------------
 00:00:34(00:01:04) |  00:00:01(00:00:00) |   6.7(  0.0) |   10:15:15 (Apr06) |  876.8 MB | PBS_TechMap-Postmap HBO Optimizations
--------------------+---------------------+--------------+--------------------+-----------+----------------------
 00:00:34(00:01:04) |  00:00:00(00:00:00) |   0.0(  0.0) |   10:15:15 (Apr06) |  876.8 MB | PBS_TechMap-Postmap Clock Gating
--------------------+---------------------+--------------+--------------------+-----------+----------------------
 00:00:34(00:01:06) | -01:59:56(00:00:02) |  -0.0(  5.3) |   10:15:17 (Apr06) |  876.8 MB | PBS_TechMap-Postmap Cleanup
--------------------+---------------------+--------------+--------------------+-----------+----------------------
Number of threads: 8 * 1   (id: pbs_debug, time_info v1.57)
Info: (*N*) indicates data that was populated from previously saved time_info database
Info: CPU time includes time of parent + longest thread
PBS_Techmap-Post_MBCI - Elapsed_Time 1, CPU_Time 0.0
stamp 'PBS_Techmap-Post_MBCI' being created for table 'pbs_debug'

  Total Time (Wall) |  Stage Time (Wall)  |   % (Wall)   |    Date - Time     |  Memory   | Stage
--------------------+---------------------+--------------+--------------------+-----------+----------------------
 00:00:20(00:00:28) |  00:00:00(00:00:00) |   0.0(  0.0) |   10:14:39 (Apr06) |  484.0 MB | PBS_Generic-Start
--------------------+---------------------+--------------+--------------------+-----------+----------------------
 00:00:27(00:00:50) |  00:00:07(00:00:22) |  53.3( 56.4) |   10:15:01 (Apr06) |  886.5 MB | PBS_Generic_Opt-Post
--------------------+---------------------+--------------+--------------------+-----------+----------------------
 00:00:27(00:00:50) |  00:00:00(00:00:00) |   0.0(  0.0) |   10:15:01 (Apr06) |  886.5 MB | PBS_Generic-Postgen HBO Optimizations
--------------------+---------------------+--------------+--------------------+-----------+----------------------
 00:00:27(00:00:50) |  00:00:00(00:00:00) |   0.0(  0.0) |   10:15:01 (Apr06) |  886.5 MB | PBS_TechMap-Start
--------------------+---------------------+--------------+--------------------+-----------+----------------------
 00:00:27(00:00:51) |  00:00:00(00:00:01) |   0.0(  2.6) |   10:15:02 (Apr06) |  886.5 MB | PBS_TechMap-Premap HBO Optimizations
--------------------+---------------------+--------------+--------------------+-----------+----------------------
 00:00:31(00:00:59) |  00:00:03(00:00:08) |  26.7( 20.5) |   10:15:10 (Apr06) |  879.8 MB | PBS_Techmap-Global Mapping
--------------------+---------------------+--------------+--------------------+-----------+----------------------
 00:00:33(00:01:04) |  00:00:02(00:00:05) |  13.3( 12.8) |   10:15:15 (Apr06) |  876.8 MB | PBS_TechMap-Datapath Postmap Operations
--------------------+---------------------+--------------+--------------------+-----------+----------------------
 00:00:34(00:01:04) |  00:00:01(00:00:00) |   6.7(  0.0) |   10:15:15 (Apr06) |  876.8 MB | PBS_TechMap-Postmap HBO Optimizations
--------------------+---------------------+--------------+--------------------+-----------+----------------------
 00:00:34(00:01:04) |  00:00:00(00:00:00) |   0.0(  0.0) |   10:15:15 (Apr06) |  876.8 MB | PBS_TechMap-Postmap Clock Gating
--------------------+---------------------+--------------+--------------------+-----------+----------------------
 00:00:34(00:01:06) | -01:59:56(00:00:02) |  -0.0(  5.1) |   10:15:17 (Apr06) |  876.8 MB | PBS_TechMap-Postmap Cleanup
--------------------+---------------------+--------------+--------------------+-----------+----------------------
 00:00:34(00:01:07) |  00:00:00(00:00:01) |   0.0(  2.6) |   10:15:18 (Apr06) |  876.8 MB | PBS_Techmap-Post_MBCI
--------------------+---------------------+--------------+--------------------+-----------+----------------------
Number of threads: 8 * 1   (id: pbs_debug, time_info v1.57)
Info: (*N*) indicates data that was populated from previously saved time_info database
Info: CPU time includes time of parent + longest thread
##>=================== Cadence Confidential (Mapping-Logical) ===================
##>Main Thread Summary:
##>----------------------------------------------------------------------------------------
##>STEP                           Elapsed       WNS       TNS     Insts      Area    Memory
##>----------------------------------------------------------------------------------------
##>M:Initial                            0         -         -       704      2502       886
##>M:Pre Cleanup                        1         -         -       704      2502       886
##>M:Setup                              0         -         -         -         -         -
##>M:Early Clock Gating                 0         -         -         -         -         -
##>M:Launch ST                          0         -         -         -         -         -
##>M:Design Partition                   0         -         -         -         -         -
##>M:Create Partition Netlists          0         -         -         -         -         -
##>M:Init Power                         0         -         -         -         -         -
##>M:Budgeting                          0         -         -         -         -         -
##>M:Derenv-DB                          0         -         -         -         -         -
##>M:Debug Outputs                      0         -         -         -         -         -
##>M:ST loading                         0         -         -         -         -         -
##>M:Distributed                        0         -         -         -         -         -
##>M:Timer                              0         -         -         -         -         -
##>M:Assembly                           0         -         -         -         -         -
##>M:DFT                                0         -         -         -         -         -
##>M:DP Operations                      5         -         -       465      2350       876
##>M:Const Prop                         0    -98078   3138784       465      2350       876
##>M:Cleanup                            2    -98072   3138536       497      2484       876
##>M:MBCI                               1         -         -       497      2484       876
##>M:PostGen Opt                        0         -         -         -         -         -
##>M:Early Clock Gating Cleanup         0         -         -         -         -         -
##>M:Const Gate Removal                 0         -         -         -         -         -
##>M:Misc                               8
##>----------------------------------------------------------------------------------------
##>Total Elapsed                       17
##>========================================================================================
Info    : Done mapping. [SYNTH-5]
        : Done mapping 'top_axi_ram'.
      flow.cputime  flow.realtime  timing.setup.tns  timing.setup.wns  snapshot
UM:*                                                                   syn_map
@file(genus.tcl) 30: syn_opt
Current PLE settings:

Aspect ratio        : 1.000
Shrink factor       : 1.000
Scale of res/length : 1.000
Scale of cap/length : 1.000
Net derating factor : 1.000
Thermal factor      : 1.000
Via Resistance      : 0.000 ohm (from default)
Site size           : 1.224 um (from lef [tech+cell])

                                   Capacitance  
  Layer                             / Length         Data source:
Name        Direction Utilization  (pF/micron)       default value
------------------------------------------------
<default>       U         n/a         0.000250  

** = DEFAULT cap per unit length is used for timing analysis

                                    Resistance   
  Layer                              / Length         Data source:
Name        Direction Utilization  (ohm/micron)       default value
-------------------------------------------------
<default>       U         n/a          0.000000  

** = DEFAULT res per unit length is used for timing analysis

                                        Area     
  Layer                               / Length        Data source:
Name        Direction Utilization     (micron)        lef_library
-------------------------------------------------
M1              V         0.00         0.072000  
M2              H         1.00         0.072000  
M3              V         1.00         0.072000  
M4              H         1.00         0.096000  
M5              V         1.00         0.096000  
M6              H         1.00         0.128000  
M7              V         1.00         0.128000  
M8              H         1.00         0.160000  
M9              V         1.00         0.160000  
Pad             H         1.00         0.160000  

Info    : Incrementally optimizing. [SYNTH-7]
        : Incrementally optimizing 'top_axi_ram' using 'high' effort.
 
Incremental optimization status
===============================
                                   Group   
                                  Tot Wrst     Total - - - - DRC Totals - - - -
                           Total  Weighted      Neg      Max       Max     Max  
Operation                   Area   Slacks      Slack    Trans      Cap   Fanout 
 init_iopt                  2943   -98072  -3138536    477574        0        0
            Worst cost_group: clk, WNS: -98072.0
            Path: clk --> s_axi_rdata[31]
-------------------------------------------------------------------------------
 const_prop                 2943   -98072  -3138536    477574        0        0
            Worst cost_group: clk, WNS: -98072.0
            Path: clk --> s_axi_rdata[31]
 simp_cc_inputs             2943   -98072  -3138536    477574        0        0
            Worst cost_group: clk, WNS: -98072.0
            Path: clk --> s_axi_rdata[31]
-------------------------------------------------------------------------------
 hi_fo_buf                  2943   -98072  -3138536    477574        0        0
            Worst cost_group: clk, WNS: -98072.0
            Path: clk --> s_axi_rdata[31]

           Trick     Calls     Accepts   Attempts    Time(secs) 
-----------------------------------------------------------
       hi_fo_buf         0  (        0 /        0 )  0.00

 
Incremental optimization status
===============================
                                   Group   
                                  Tot Wrst     Total - - - - DRC Totals - - - -
                           Total  Weighted      Neg      Max       Max     Max  
Operation                   Area   Slacks      Slack    Trans      Cap   Fanout 
 init_delay                 2943   -98072  -3138536    477574        0        0
            Worst cost_group: clk, WNS: -98072.0
            Path: clk --> s_axi_rdata[31]

           Trick     Calls     Accepts   Attempts    Time(secs) 
-----------------------------------------------------------
        crit_msz        34  (        0 /       31 )  0.46
       crit_upsz        34  (        0 /        0 )  0.00
       crit_slew        34  (        0 /       31 )  0.47
        setup_dn        34  (        0 /        0 )  0.00
    plc_bal_star         0  (        0 /        0 )  0.00
     drc_buftimb         0  (        0 /        0 )  0.00
          plc_st        34  (        0 /        0 )  0.00
    plc_st_fence        34  (        0 /        0 )  0.00
        plc_star        34  (        0 /        0 )  0.00
      plc_laf_st        34  (        0 /        0 )  0.00
 plc_laf_st_fence        34  (        0 /        0 )  0.00
     drc_buftims         0  (        0 /        0 )  0.00
   plc_laf_lo_st        34  (        0 /        0 )  0.00
       plc_lo_st        34  (        0 /        0 )  0.00
            fopt        34  (        0 /        0 )  0.00
       crit_swap        34  (        0 /        0 )  0.00
       mux2_swap        34  (        0 /        0 )  0.00
       crit_dnsz        33  (        0 /        0 )  0.06
       load_swap        34  (        0 /        0 )  0.00
            fopt        34  (        0 /        0 )  0.43
        setup_dn        34  (        0 /        0 )  0.00
       load_isol        34  (        0 /        0 )  0.01
       load_isol        34  (        0 /        0 )  0.00
        move_for        34  (        0 /        0 )  0.00
        move_for        34  (        0 /        0 )  0.00
          rem_bi        34  (        0 /        0 )  0.00
         offload        34  (        0 /        0 )  0.00
          rem_bi        34  (        0 /        0 )  0.00
         offload        34  (        0 /        0 )  0.00
           phase        34  (        0 /        0 )  0.00
        in_phase        34  (        0 /        0 )  0.00
       merge_bit        34  (        0 /        0 )  0.00
     merge_idrvr        34  (        0 /        0 )  0.00
     merge_iload        34  (        0 /        0 )  0.00
    merge_idload        34  (        0 /        0 )  0.00
      merge_drvr        34  (        0 /        0 )  0.00
      merge_load        34  (        0 /        0 )  0.00
          decomp        34  (        0 /        0 )  0.00
        p_decomp        34  (        0 /        0 )  0.00
        levelize        34  (        0 /        0 )  0.00
        mb_split        34  (        0 /        0 )  0.00
             dup        34  (        0 /        0 )  0.00
      mux_retime        34  (        0 /        0 )  0.00
         buf2inv        34  (        0 /        0 )  0.00
             exp         4  (        0 /        0 )  0.00
       gate_deco         0  (        0 /        0 )  0.00
       gcomp_tim         0  (        0 /        0 )  0.00
  inv_pair_2_buf       128  (        0 /        0 )  0.00


           Trick     Calls     Accepts   Attempts    Time(secs) 
-----------------------------------------------------------
         crr_220         2  (        0 /        0 )  0.00
        crr_glob         4  (        0 /        0 )  0.00
         crr_200         2  (        0 /        0 )  0.00
        crr_glob         4  (        0 /        0 )  0.00
         crr_300         2  (        0 /        0 )  0.00
        crr_glob         4  (        0 /        0 )  0.00
         crr_400         2  (        0 /        0 )  0.00
        crr_glob         4  (        0 /        0 )  0.00
         crr_111         2  (        0 /        0 )  0.00
        crr_glob         4  (        0 /        0 )  0.00
         crr_210         2  (        0 /        0 )  0.00
        crr_glob         4  (        0 /        0 )  0.00
         crr_110         2  (        0 /        0 )  0.00
        crr_glob         4  (        0 /        0 )  0.00
         crr_101         2  (        0 /        0 )  0.00
        crr_glob         4  (        0 /        0 )  0.00
         crr_201         2  (        0 /        0 )  0.00
        crr_glob         4  (        0 /        0 )  0.00
         crr_211         2  (        0 /        0 )  0.00
        crr_glob         4  (        0 /        0 )  0.00
        crit_msz        34  (        0 /       31 )  0.46
       crit_upsz        34  (        0 /        0 )  0.00
       crit_slew        34  (        0 /       31 )  0.44
        setup_dn        68  (        0 /        0 )  0.00
    plc_bal_star         0  (        0 /        0 )  0.00
     drc_buftimb         0  (        0 /        0 )  0.00
          plc_st        34  (        0 /        0 )  0.00
    plc_st_fence        34  (        0 /        0 )  0.00
        plc_star        34  (        0 /        0 )  0.00
      plc_laf_st        34  (        0 /        0 )  0.00
 plc_laf_st_fence        34  (        0 /        0 )  0.00
     drc_buftims         0  (        0 /        0 )  0.00
       plc_lo_st        34  (        0 /        0 )  0.00
            fopt        68  (        0 /        0 )  0.40
       crit_swap        34  (        0 /        0 )  0.00
       mux2_swap        34  (        0 /        0 )  0.00
       crit_dnsz         3  (        0 /        0 )  0.00
       load_swap        34  (        0 /        0 )  0.00
            fopt        68  (        0 /        0 )  0.40
        setup_dn        68  (        0 /        0 )  0.00
       load_isol        68  (        0 /        0 )  0.00
       load_isol        68  (        0 /        0 )  0.00
        move_for        68  (        0 /        0 )  0.00
        move_for        68  (        0 /        0 )  0.00
          rem_bi        68  (        0 /        0 )  0.00
         offload        68  (        0 /        0 )  0.00
          rem_bi        68  (        0 /        0 )  0.00
         offload        68  (        0 /        0 )  0.00
       merge_bit        34  (        0 /        0 )  0.00
     merge_idrvr        34  (        0 /        0 )  0.00
     merge_iload        34  (        0 /        0 )  0.00
    merge_idload        34  (        0 /        0 )  0.00
      merge_drvr        34  (        0 /        0 )  0.00
      merge_load        34  (        0 /        0 )  0.00
           phase        34  (        0 /        0 )  0.00
          decomp        34  (        0 /        0 )  0.00
        p_decomp        34  (        0 /        0 )  0.00
        levelize        34  (        0 /        0 )  0.00
        mb_split        34  (        0 /        0 )  0.00
        in_phase        34  (        0 /        0 )  0.00
             dup        34  (        0 /        0 )  0.00
      mux_retime        34  (        0 /        0 )  0.00
         buf2inv        34  (        0 /        0 )  0.00
             exp         0  (        0 /        0 )  0.00
       gate_deco         0  (        0 /        0 )  0.00
       gcomp_tim         0  (        0 /        0 )  0.00
  inv_pair_2_buf       128  (        0 /        0 )  0.00
 init_drc                   2943   -98072  -3138536    477574        0        0
            Worst cost_group: clk, WNS: -98072.0
            Path: clk --> s_axi_rdata[31]

           Trick     Calls     Accepts   Attempts    Time(secs) 
-----------------------------------------------------------
          plc_st        64  (        0 /        0 )  0.00
        plc_star        64  (        0 /        0 )  0.00
        drc_bufs       128  (        0 /       32 )  0.31
        drc_fopt        64  (        0 /        0 )  0.01
        drc_bufb        64  (        0 /        0 )  0.00
      simple_buf        64  (        0 /        0 )  0.15
             dup        64  (        0 /        0 )  0.00
       crit_dnsz        64  (        0 /        0 )  0.17
       crit_upsz        64  (        0 /        0 )  0.00
       crit_slew        64  (        0 /       32 )  0.49


           Trick     Calls     Accepts   Attempts    Time(secs) 
-----------------------------------------------------------
          plc_st         0  (        0 /        0 )  0.00
        plc_star         0  (        0 /        0 )  0.00
      drc_buf_sp         0  (        0 /        0 )  0.00
        drc_bufs         0  (        0 /        0 )  0.00
        drc_fopt         0  (        0 /        0 )  0.00
        drc_bufb         0  (        0 /        0 )  0.00
      simple_buf         0  (        0 /        0 )  0.00
             dup         0  (        0 /        0 )  0.00
       crit_dnsz         0  (        0 /        0 )  0.00
       crit_upsz         0  (        0 /        0 )  0.00


           Trick     Calls     Accepts   Attempts    Time(secs) 
-----------------------------------------------------------
          plc_st         0  (        0 /        0 )  0.00
        plc_star         0  (        0 /        0 )  0.00
      drc_buf_sp         0  (        0 /        0 )  0.00
        drc_bufs         0  (        0 /        0 )  0.00
        drc_fopt         0  (        0 /        0 )  0.00
        drc_bufb         0  (        0 /        0 )  0.00
             dup         0  (        0 /        0 )  0.00
       crit_dnsz         0  (        0 /        0 )  0.00
       crit_upsz         0  (        0 /        0 )  0.00

 init_tns                   2943   -98072  -3138536    477574        0        0
            Worst cost_group: clk, WNS: -98072.0
            Path: clk --> s_axi_rdata[31]
 incr_tns                   2943   -98072  -3138469    477574        0        0
            Worst cost_group: clk, WNS: -98072.0
            Path: clk --> s_axi_rdata[31]

           Trick     Calls     Accepts   Attempts    Time(secs) 
-----------------------------------------------------------
            fopt       155  (        0 /        0 )  0.01
    plc_bal_star         0  (        0 /        0 )  0.00
     drc_buftimb         0  (        0 /        0 )  0.00
     drc_buftims         0  (        0 /        0 )  0.00
        crit_msz       155  (        0 /       59 )  1.19
       crit_upsz       155  (        2 /       20 )  0.13
   plc_laf_lo_st       153  (        0 /        0 )  0.00
       plc_lo_st       153  (        0 /        0 )  0.00
       crit_swap       153  (        0 /        5 )  0.10
       mux2_swap       153  (        0 /        0 )  0.00
       crit_dnsz       131  (        0 /        4 )  0.24
       load_swap       153  (        0 /        4 )  0.05
            fopt       153  (        0 /        6 )  0.42
        setup_dn       153  (        0 /        0 )  0.00
       load_isol       153  (        0 /       18 )  0.77
       load_isol       153  (        0 /        0 )  0.00
        move_for       153  (        0 /        0 )  0.00
        move_for       153  (        0 /        0 )  0.00
          rem_bi       153  (        0 /        0 )  0.00
         offload       153  (        0 /        0 )  0.00
          rem_bi       153  (        0 /        0 )  0.00
         offload       153  (        0 /        0 )  0.00
       merge_bit       153  (        0 /        0 )  0.00
     merge_idrvr       153  (        0 /        0 )  0.00
     merge_iload       153  (        0 /        0 )  0.00
    merge_idload       153  (        0 /        0 )  0.00
      merge_drvr       153  (        0 /        2 )  0.05
      merge_load       153  (        0 /        2 )  0.05
           phase       153  (        0 /        0 )  0.00
          decomp       153  (        0 /        1 )  0.12
        p_decomp       153  (        0 /        0 )  0.12
        levelize       153  (        0 /        0 )  0.00
        mb_split       153  (        0 /        0 )  0.00
             dup       153  (        0 /        2 )  0.09
      mux_retime       153  (        0 /        0 )  0.00
       crr_local       153  (        1 /       23 )  2.37
         buf2inv       152  (        0 /        0 )  0.00

 init_area                  2943   -98072  -3138469    477574        0        0
            Worst cost_group: clk, WNS: -98072.0
            Path: clk --> s_axi_rdata[31]
 rem_buf                    2937   -98072  -3138469    477574        0        0
            Worst cost_group: clk, WNS: -98072.0
            Path: clk --> s_axi_rdata[31]
 rem_inv                    2933   -98072  -3138469    477574        0        0
            Worst cost_group: clk, WNS: -98072.0
            Path: clk --> s_axi_rdata[31]
 merge_bi                   2931   -98072  -3138469    477574        0        0
            Worst cost_group: clk, WNS: -98072.0
            Path: clk --> s_axi_rdata[31]
 seq_res_area               2930   -98072  -3138469    477574        0        0
            Worst cost_group: clk, WNS: -98072.0
            Path: clk --> s_axi_rdata[31]
 io_phase                   2929   -98072  -3138471    477574        0        0
            Worst cost_group: clk, WNS: -98072.0
            Path: clk --> s_axi_rdata[31]
 gate_comp                  2928   -98072  -3138470    477574        0        0
            Worst cost_group: clk, WNS: -98072.0
            Path: clk --> s_axi_rdata[31]
 glob_area                  2926   -98072  -3138593    477574        0        0
            Worst cost_group: clk, WNS: -98072.0
            Path: clk --> s_axi_rdata[31]

           Trick     Calls     Accepts   Attempts    Time(secs) 
-----------------------------------------------------------
           undup         0  (        0 /        0 )  0.00
         rem_buf        69  (        4 /        4 )  0.30
         rem_inv         5  (        3 /        3 )  0.06
        merge_bi         2  (        2 /        2 )  0.02
      rem_inv_qb        27  (        0 /        0 )  0.00
    seq_res_area         4  (        1 /        2 )  1.01
        io_phase         1  (        1 /        1 )  0.00
       gate_comp         3  (        1 /        1 )  0.07
       gcomp_mog         0  (        0 /        0 )  0.04
       glob_area        27  (        8 /       27 )  0.18
       area_down        35  (        0 /        1 )  0.34
      size_n_buf         1  (        0 /        0 )  0.02
  gate_deco_area         0  (        0 /        0 )  0.00
         rem_buf        65  (        0 /        0 )  0.19
         rem_inv         2  (        0 /        0 )  0.01
        merge_bi         0  (        0 /        0 )  0.00
      rem_inv_qb        27  (        0 /        0 )  0.00

 
Incremental optimization status
===============================
                                   Group   
                                  Tot Wrst     Total - - - - DRC Totals - - - -
                           Total  Weighted      Neg      Max       Max     Max  
Operation                   Area   Slacks      Slack    Trans      Cap   Fanout 
 init_delay                 2926   -98072  -3138593    477574        0        0
            Worst cost_group: clk, WNS: -98072.0
            Path: clk --> s_axi_rdata[31]

           Trick     Calls     Accepts   Attempts    Time(secs) 
-----------------------------------------------------------
         crr_220         2  (        0 /        0 )  0.00
        crr_glob         4  (        0 /        0 )  0.00
         crr_200         2  (        0 /        0 )  0.00
        crr_glob         4  (        0 /        0 )  0.00
         crr_300         2  (        0 /        0 )  0.00
        crr_glob         4  (        0 /        0 )  0.00
         crr_400         2  (        0 /        0 )  0.00
        crr_glob         4  (        0 /        0 )  0.00
         crr_111         2  (        0 /        0 )  0.00
        crr_glob         4  (        0 /        0 )  0.00
         crr_210         2  (        0 /        0 )  0.00
        crr_glob         4  (        0 /        0 )  0.00
         crr_110         2  (        0 /        0 )  0.00
        crr_glob         4  (        0 /        0 )  0.00
         crr_101         2  (        0 /        0 )  0.00
        crr_glob         4  (        0 /        0 )  0.00
         crr_201         2  (        0 /        0 )  0.00
        crr_glob         4  (        0 /        0 )  0.00
         crr_211         2  (        0 /        0 )  0.00
        crr_glob         4  (        0 /        0 )  0.00
        crit_msz        34  (        0 /       31 )  0.47
       crit_upsz        34  (        0 /        0 )  0.01
       crit_slew        34  (        0 /       31 )  0.38
        setup_dn        68  (        0 /        0 )  0.00
    plc_bal_star         0  (        0 /        0 )  0.00
     drc_buftimb         0  (        0 /        0 )  0.00
          plc_st        34  (        0 /        0 )  0.00
    plc_st_fence        34  (        0 /        0 )  0.00
        plc_star        34  (        0 /        0 )  0.00
      plc_laf_st        34  (        0 /        0 )  0.00
 plc_laf_st_fence        34  (        0 /        0 )  0.00
     drc_buftims         0  (        0 /        0 )  0.00
       plc_lo_st        34  (        0 /        0 )  0.00
            fopt        68  (        0 /        0 )  0.32
       crit_swap        34  (        0 /        0 )  0.00
       mux2_swap        34  (        0 /        0 )  0.00
       crit_dnsz         3  (        0 /        0 )  0.00
       load_swap        34  (        0 /        0 )  0.00
            fopt        68  (        0 /        0 )  0.32
        setup_dn        68  (        0 /        0 )  0.00
       load_isol        68  (        0 /        0 )  0.01
       load_isol        68  (        0 /        0 )  0.01
        move_for        68  (        0 /        0 )  0.00
        move_for        68  (        0 /        0 )  0.00
          rem_bi        68  (        0 /        0 )  0.00
         offload        68  (        0 /        0 )  0.00
          rem_bi        68  (        0 /        0 )  0.00
         offload        68  (        0 /        0 )  0.00
       merge_bit        34  (        0 /        0 )  0.01
     merge_idrvr        34  (        0 /        0 )  0.00
     merge_iload        34  (        0 /        0 )  0.00
    merge_idload        34  (        0 /        0 )  0.00
      merge_drvr        34  (        0 /        0 )  0.00
      merge_load        34  (        0 /        0 )  0.00
           phase        34  (        0 /        0 )  0.00
          decomp        34  (        0 /        0 )  0.00
        p_decomp        34  (        0 /        0 )  0.00
        levelize        34  (        0 /        0 )  0.00
        mb_split        34  (        0 /        0 )  0.00
        in_phase        34  (        0 /        0 )  0.00
             dup        34  (        0 /        0 )  0.00
      mux_retime        34  (        0 /        0 )  0.00
         buf2inv        34  (        0 /        0 )  0.00
             exp         0  (        0 /        0 )  0.00
       gate_deco         0  (        0 /        0 )  0.00
       gcomp_tim         0  (        0 /        0 )  0.00
  inv_pair_2_buf       128  (        0 /        0 )  0.00
 init_drc                   2926   -98072  -3138593    477574        0        0
            Worst cost_group: clk, WNS: -98072.0
            Path: clk --> s_axi_rdata[31]

           Trick     Calls     Accepts   Attempts    Time(secs) 
-----------------------------------------------------------
          plc_st        64  (        0 /        0 )  0.00
        plc_star        64  (        0 /        0 )  0.00
        drc_bufs       128  (        0 /       32 )  0.22
        drc_fopt        64  (        0 /        0 )  0.02
        drc_bufb        64  (        0 /        0 )  0.00
      simple_buf        64  (        0 /        0 )  0.18
             dup        64  (        0 /        0 )  0.00
       crit_dnsz        64  (        0 /        0 )  0.09
       crit_upsz        64  (        0 /        0 )  0.12
       crit_slew        64  (        0 /       32 )  0.47


           Trick     Calls     Accepts   Attempts    Time(secs) 
-----------------------------------------------------------
          plc_st         0  (        0 /        0 )  0.00
        plc_star         0  (        0 /        0 )  0.00
        drc_bufs         0  (        0 /        0 )  0.00
        drc_fopt         0  (        0 /        0 )  0.00
        drc_bufb         0  (        0 /        0 )  0.00
      simple_buf         0  (        0 /        0 )  0.00
             dup         0  (        0 /        0 )  0.00
       crit_dnsz         0  (        0 /        0 )  0.00
       crit_upsz         0  (        0 /        0 )  0.00


           Trick     Calls     Accepts   Attempts    Time(secs) 
-----------------------------------------------------------
          plc_st         0  (        0 /        0 )  0.00
        plc_star         0  (        0 /        0 )  0.00
        drc_bufs         0  (        0 /        0 )  0.00
        drc_fopt         0  (        0 /        0 )  0.00
        drc_bufb         0  (        0 /        0 )  0.00
             dup         0  (        0 /        0 )  0.00
       crit_dnsz         0  (        0 /        0 )  0.00
       crit_upsz         0  (        0 /        0 )  0.00

 init_tns                   2926   -98072  -3138593    477574        0        0
            Worst cost_group: clk, WNS: -98072.0
            Path: clk --> s_axi_rdata[31]
 incr_tns                   2926   -98072  -3138593    477574        0        0
            Worst cost_group: clk, WNS: -98072.0
            Path: clk --> s_axi_rdata[31]

           Trick     Calls     Accepts   Attempts    Time(secs) 
-----------------------------------------------------------
            fopt         4  (        0 /        0 )  0.00
    plc_bal_star         0  (        0 /        0 )  0.00
     drc_buftimb         0  (        0 /        0 )  0.00
     drc_buftims         0  (        0 /        0 )  0.00
        crit_msz         4  (        0 /        4 )  0.04
       crit_upsz         4  (        0 /        4 )  0.05
   plc_laf_lo_st         4  (        0 /        0 )  0.00
       plc_lo_st         4  (        0 /        0 )  0.00
       crit_swap         4  (        0 /        1 )  0.05
       mux2_swap         4  (        0 /        0 )  0.00
       crit_dnsz         9  (        0 /        1 )  0.01
       load_swap         4  (        0 /        1 )  0.01
            fopt         4  (        0 /        1 )  0.03
        setup_dn         4  (        0 /        0 )  0.00
       load_isol         4  (        0 /        3 )  0.06
       load_isol         4  (        0 /        2 )  0.04
        move_for         4  (        0 /        0 )  0.00
        move_for         4  (        0 /        0 )  0.00
          rem_bi         4  (        0 /        0 )  0.00
         offload         4  (        0 /        0 )  0.00
          rem_bi         4  (        0 /        0 )  0.00
         offload         4  (        0 /        0 )  0.00
       merge_bit         4  (        0 /        0 )  0.00
     merge_idrvr         4  (        0 /        0 )  0.00
     merge_iload         4  (        0 /        0 )  0.00
    merge_idload         4  (        0 /        0 )  0.00
      merge_drvr         4  (        0 /        0 )  0.00
      merge_load         4  (        0 /        0 )  0.00
           phase         4  (        0 /        0 )  0.00
          decomp         4  (        0 /        1 )  0.02
        p_decomp         4  (        0 /        0 )  0.00
        levelize         4  (        0 /        0 )  0.00
        mb_split         4  (        0 /        0 )  0.00
             dup         4  (        0 /        0 )  0.00
      mux_retime         4  (        0 /        0 )  0.00
       crr_local         4  (        0 /        2 )  0.10
         buf2inv         4  (        0 /        0 )  0.00

 init_area                  2926   -98072  -3138593    477574        0        0
            Worst cost_group: clk, WNS: -98072.0
            Path: clk --> s_axi_rdata[31]
 gate_comp                  2923   -98072  -3138591    477574        0        0
            Worst cost_group: clk, WNS: -98072.0
            Path: clk --> s_axi_rdata[31]
 glob_area                  2923   -98072  -3138610    477574        0        0
            Worst cost_group: clk, WNS: -98072.0
            Path: clk --> s_axi_rdata[31]

           Trick     Calls     Accepts   Attempts    Time(secs) 
-----------------------------------------------------------
           undup         0  (        0 /        0 )  0.00
         rem_buf        65  (        0 /        0 )  0.21
         rem_inv         2  (        0 /        0 )  0.01
        merge_bi         0  (        0 /        0 )  0.00
      rem_inv_qb        27  (        0 /        0 )  0.00
        io_phase         0  (        0 /        0 )  0.00
       gate_comp         2  (        1 /        1 )  0.05
       gcomp_mog         0  (        0 /        0 )  0.04
       glob_area        24  (        2 /       24 )  0.16
       area_down        34  (        0 /        1 )  0.31
      size_n_buf         0  (        0 /        0 )  0.00
  gate_deco_area         0  (        0 /        0 )  0.00

 
Incremental optimization status
===============================
                                   Group   
                                  Tot Wrst     Total - - - - DRC Totals - - - -
                           Total  Weighted      Neg      Max       Max     Max  
Operation                   Area   Slacks      Slack    Trans      Cap   Fanout 
 init_delay                 2923   -98072  -3138610    477574        0        0
            Worst cost_group: clk, WNS: -98072.0
            Path: clk --> s_axi_rdata[31]

           Trick     Calls     Accepts   Attempts    Time(secs) 
-----------------------------------------------------------
        crit_msz        34  (        0 /       31 )  0.45
       crit_upsz        34  (        0 /        0 )  0.01
       crit_slew        34  (        0 /       31 )  0.40
        setup_dn        34  (        0 /        0 )  0.00
    plc_bal_star         0  (        0 /        0 )  0.00
     drc_buftimb         0  (        0 /        0 )  0.00
          plc_st        34  (        0 /        0 )  0.00
    plc_st_fence        34  (        0 /        0 )  0.00
        plc_star        34  (        0 /        0 )  0.00
      plc_laf_st        34  (        0 /        0 )  0.00
 plc_laf_st_fence        34  (        0 /        0 )  0.00
     drc_buftims         0  (        0 /        0 )  0.00
   plc_laf_lo_st        34  (        0 /        0 )  0.00
       plc_lo_st        34  (        0 /        0 )  0.00
            fopt        34  (        0 /        0 )  0.00
       crit_swap        34  (        0 /        0 )  0.00
       mux2_swap        34  (        0 /        0 )  0.00
       crit_dnsz        33  (        0 /        0 )  0.05
       load_swap        34  (        0 /        0 )  0.00
            fopt        34  (        0 /        0 )  0.31
        setup_dn        34  (        0 /        0 )  0.00
       load_isol        34  (        0 /        0 )  0.01
       load_isol        34  (        0 /        0 )  0.00
        move_for        34  (        0 /        0 )  0.00
        move_for        34  (        0 /        0 )  0.00
          rem_bi        34  (        0 /        0 )  0.00
         offload        34  (        0 /        0 )  0.00
          rem_bi        34  (        0 /        0 )  0.00
         offload        34  (        0 /        0 )  0.00
           phase        34  (        0 /        0 )  0.00
        in_phase        34  (        0 /        0 )  0.00
       merge_bit        34  (        0 /        0 )  0.00
     merge_idrvr        34  (        0 /        0 )  0.00
     merge_iload        34  (        0 /        0 )  0.00
    merge_idload        34  (        0 /        0 )  0.00
      merge_drvr        34  (        0 /        0 )  0.00
      merge_load        34  (        0 /        0 )  0.00
          decomp        34  (        0 /        0 )  0.00
        p_decomp        34  (        0 /        0 )  0.00
        levelize        34  (        0 /        0 )  0.00
        mb_split        34  (        0 /        0 )  0.00
             dup        34  (        0 /        0 )  0.00
      mux_retime        34  (        0 /        0 )  0.00
         buf2inv        34  (        0 /        0 )  0.00
             exp         0  (        0 /        0 )  0.00
       gate_deco         0  (        0 /        0 )  0.00
       gcomp_tim         0  (        0 /        0 )  0.00
  inv_pair_2_buf       128  (        0 /        0 )  0.00

 init_drc                   2923   -98072  -3138610    477574        0        0
            Worst cost_group: clk, WNS: -98072.0
            Path: clk --> s_axi_rdata[31]

           Trick     Calls     Accepts   Attempts    Time(secs) 
-----------------------------------------------------------
          plc_st        64  (        0 /        0 )  0.00
        plc_star        64  (        0 /        0 )  0.00
        drc_bufs       128  (        0 /       32 )  0.21
        drc_fopt        64  (        0 /        0 )  0.02
        drc_bufb        64  (        0 /        0 )  0.00
      simple_buf        64  (        0 /        0 )  0.16
             dup        64  (        0 /        0 )  0.00
       crit_dnsz        64  (        0 /        0 )  0.13
       crit_upsz        64  (        0 /        0 )  0.09
       crit_slew        64  (        0 /       32 )  0.47


           Trick     Calls     Accepts   Attempts    Time(secs) 
-----------------------------------------------------------
          plc_st         0  (        0 /        0 )  0.00
        plc_star         0  (        0 /        0 )  0.00
        drc_bufs         0  (        0 /        0 )  0.00
        drc_fopt         0  (        0 /        0 )  0.00
        drc_bufb         0  (        0 /        0 )  0.00
      simple_buf         0  (        0 /        0 )  0.00
             dup         0  (        0 /        0 )  0.00
       crit_dnsz         0  (        0 /        0 )  0.00
       crit_upsz         0  (        0 /        0 )  0.00


           Trick     Calls     Accepts   Attempts    Time(secs) 
-----------------------------------------------------------
          plc_st         0  (        0 /        0 )  0.00
        plc_star         0  (        0 /        0 )  0.00
        drc_bufs         0  (        0 /        0 )  0.00
        drc_fopt         0  (        0 /        0 )  0.00
        drc_bufb         0  (        0 /        0 )  0.00
             dup         0  (        0 /        0 )  0.00
       crit_dnsz         0  (        0 /        0 )  0.00
       crit_upsz         0  (        0 /        0 )  0.00

==================================
Stage : incr_opt 
==================================
  =================
   Message Summary
  =================
-----------------------------------------------------------------------------------------------------------
|  Id   |Sev |Count|                                     Message Text                                     |
-----------------------------------------------------------------------------------------------------------
|CFM-1  |Info|    1|Wrote dofile.                                                                         |
|CFM-5  |Info|    1|Wrote formal verification information.                                                |
|PA-7   |Info|    4|Resetting power analysis results.                                                     |
|       |    |     |All computed switching activities are removed.                                        |
|SYNTH-5|Info|    1|Done mapping.                                                                         |
|SYNTH-7|Info|    1|Incrementally optimizing.                                                             |
|TIM-501|Info|   64|Resetting the break_timing_paths attribute of a pin removes exceptions set on the pin.|
|       |    |     | break_timing_paths attribute has default value of false and can be reset to other    |
|       |    |     | values either false or clock_gating depends on the enable signal.                    |
|       |    |     |Do the analysis and apply the case analysis on the pin whether you want to break the  |
|       |    |     | timing paths or not                                                                  |
|TUI-58 |Info|   64|Removed object.                                                                       |
-----------------------------------------------------------------------------------------------------------
Info    : Done incrementally optimizing. [SYNTH-8]
        : Done incrementally optimizing 'top_axi_ram'.
      flow.cputime  flow.realtime  timing.setup.tns  timing.setup.wns  snapshot
UM:*                                                                   syn_opt
@file(genus.tcl) 31: exec mkdir -p reports outputs
@file(genus.tcl) 33: report_area   > reports/synthesis_area.rpt
@file(genus.tcl) 34: report_gates  > reports/synthesis_gate.rpt
@file(genus.tcl) 35: report_power  > reports/synthesis_power.rpt
Info    : Joules engine is used. [RPT-16]
        : Joules engine is being used for the command report_power.
Info   : ACTP-0001 [ACTPInfo] Activity propagation started for stim#0 netlist
       : top_axi_ram
Info   : ACTP-0009 [ACTPInfo] Activity Propagation Progress Report :   0%   1%   2%   3%   4%   5%   6%   7%   8%   9%  10%  11%  12%  13%  14%  15%  16%  17%  18%  19%  20%  21%  22%  23%  24%  25%  26%  27%  28%  29%  30%  31%  32%  33%  34%  35%  36%  37%  38%  39%  40%  41%  42%  43%  44%  45%  46%  47%  48%  49%  50%  51%  52%  53%  54%  55%  56%  57%  58%  59%  60%  61%  62%  63%  64%  65%  66%  67%  68%  69%  70%  71%  72%  73%  74%  75%  76%  77%  78%  79%  80%  81%  82%  83%  84%  85%  86%  87%  88%  89%  90%  91%  92%  93%  94%  95%  96%  97%  98%  99% 100%
Info   : ACTP-0001 Activity propagation ended for stim#0
Info   : PWRA-0001 [PwrInfo] compute_power effective options 
       : -mode : vectorless
       : -skip_propagation : 1
       : -frequency_scaling_factor : 1.0
       : -use_clock_freq : stim
       : -stim :/stim#0
       : -fromGenus : 1
Info   : ACTP-0001 Timing initialization started
Info   : ACTP-0001 Timing initialization ended
Info   : PWRA-0002 [PwrInfo] Skipping activity propagation due to -skip_ap
       : option....
Warning: PWRA-0302 [PwrWarn] Frequency scaling is not applicable for vectorless
       : flow. Ignoring frequency scaling.
Warning: PWRA-0304 [PwrWarn] -stim option is not applicable with vectorless mode
       : of power analysis, ignored this option.
Info   : PWRA-0002 Started 'vectorless' power computation.
Info   : PWRA-0009 [PwrInfo] Power Computation Progress Report :   0%   1%   2%   3%   4%   5%   6%   7%   8%   9%  10%  11%  12%  13%  14%  15%  16%  17%  18%  19%  20%  21%  22%  23%  24%  25%  26%  27%  28%  29%  30%  31%  32%  33%  34%  35%  36%  37%  38%  39%  40%  41%  42%  43%  44%  45%  46%  47%  48%  49%  50%  51%  52%  53%  54%  55%  56%  57%  58%  59%  60%  61%  62%  63%  64%  65%  66%  67%  68%  69%  70%  71%  72%  73%  74%  75%  76%  77%  78%  79%  80%  81%  82%  83%  84%  85%  86%  87%  88%  89%  90%  91%  92%  93%  94%  95%  96%  97%  98%  99% 100%
Info   : PWRA-0002 Finished power computation.
Info   : PWRA-0007 [PwrInfo] Completed successfully.
       : Info=6, Warn=2, Error=0, Fatal=0
Output file: reports/synthesis_power.rpt
@file(genus.tcl) 36: report_timing > reports/synthesis_pretim.rpt
@file(genus.tcl) 38: write_hdl > outputs/synthesis_net.v
@file(genus.tcl) 39: write_sdc > outputs/synthesis.sdc
Finished SDC export (command execution time mm:ss (real) = 00:01).
@file(genus.tcl) 40: quit

Lic Summary:
[10:15:39.148304] Cdslmd servers: vlsi1
[10:15:39.148330] Feature usage summary:
[10:15:39.148330] Genus_Synthesis

Normal exit.