###############################################################
#  Generated by:      Cadence Innovus 22.17-s086_1
#  OS:                Linux x86_64(Host ID vlsiktmt)
#  Generated on:      Sun Apr  5 13:10:39 2026
#  Design:            top_axi_ram
#  Command:           verify_drc -report ./verify_rpt/drc.rpt
###############################################################

VIAENCLOSURE: ( Enclosure ) Regular Wire of Net FE_OFN7_s_axi_bid_3  ( V3 )
Bounds : ( 38.844, 62.556 ) ( 38.916, 62.652 )


VIAENCLOSURE: ( Enclosure ) Regular Wire of Net CTS_74  ( V3 )
Bounds : ( 38.412, 61.404 ) ( 38.484, 61.500 )


VIAENCLOSURE: ( Enclosure ) Regular Wire of Net CTS_74  ( V5 )
Bounds : ( 38.400, 61.424 ) ( 38.496, 61.552 )


OFFGRID: ( Off Grid or Wrong Way ) Regular Wire of Net s_axi_rdata[23]  ( M3 )
Bounds : ( 76.532, 52.592 ) ( 76.752, 52.884 )


OFFGRID: ( Off Grid or Wrong Way ) Regular Wire of Net s_axi_rid[0]  ( M3 )
Bounds : ( 76.532, 47.484 ) ( 76.752, 47.812 )


OFFGRID: ( Off Grid or Wrong Way ) Regular Wire of Net s_axi_rdata[30]  ( M3 )
Bounds : ( 76.532, 48.636 ) ( 76.752, 48.892 )


OFFGRID: ( Off Grid or Wrong Way ) Regular Wire of Net s_axi_rdata[29]  ( M3 )
Bounds : ( 76.532, 49.212 ) ( 76.752, 49.504 )


OFFGRID: ( Off Grid or Wrong Way ) Regular Wire of Net s_axi_rdata[28]  ( M3 )
Bounds : ( 76.532, 49.788 ) ( 76.752, 50.152 )


OFFGRID: ( Off Grid or Wrong Way ) Regular Wire of Net s_axi_rdata[27]  ( M3 )
Bounds : ( 76.532, 50.364 ) ( 76.752, 50.728 )


OFFGRID: ( Off Grid or Wrong Way ) Regular Wire of Net s_axi_rdata[26]  ( M3 )
Bounds : ( 76.532, 50.940 ) ( 76.752, 51.232 )


OFFGRID: ( Off Grid or Wrong Way ) Regular Wire of Net s_axi_rdata[25]  ( M3 )
Bounds : ( 76.532, 51.368 ) ( 76.752, 51.732 )


OFFGRID: ( Off Grid or Wrong Way ) Regular Wire of Net s_axi_arvalid  ( M3 )
Bounds : ( 76.532, 43.520 ) ( 76.752, 43.956 )


OFFGRID: ( Off Grid or Wrong Way ) Regular Wire of Net s_axi_arready  ( M3 )
Bounds : ( 76.532, 44.240 ) ( 76.752, 44.532 )


OFFGRID: ( Off Grid or Wrong Way ) Regular Wire of Net s_axi_rid[3]  ( M3 )
Bounds : ( 76.532, 45.612 ) ( 76.752, 45.976 )


OFFGRID: ( Off Grid or Wrong Way ) Regular Wire of Net s_axi_rid[2]  ( M3 )
Bounds : ( 76.532, 46.112 ) ( 76.752, 46.404 )


VIAENCLOSURE: ( Enclosure ) Regular Wire of Net n_121  ( V3 )
Bounds : ( 66.924, 37.788 ) ( 66.996, 37.884 )


Geometric: ( Rect Only ) Special Wire of Net VDD  ( M6 )
Bounds : ( 53.248, 37.920 ) ( 53.376, 37.984 )


Geometric: ( Rect Only ) Special Wire of Net VDD  ( M6 )
Bounds : ( 54.048, 37.920 ) ( 54.176, 37.984 )


Geometric: ( Rect Only ) Special Wire of Net VDD  ( M7 )
Bounds : ( 53.312, 37.840 ) ( 53.440, 37.904 )


VIAENCLOSURE: ( Enclosure ) Regular Wire of Net CTS_129  ( V3 )
Bounds : ( 55.548, 37.788 ) ( 55.620, 37.884 )


VIAENCLOSURE: ( Enclosure ) Regular Wire of Net n_94  ( V3 )
Bounds : ( 56.556, 37.788 ) ( 56.628, 37.884 )


VIAENCLOSURE: ( Enclosure ) Regular Wire of Net bram_waddr_wire[0]  ( V3 )
Bounds : ( 57.420, 37.980 ) ( 57.492, 38.076 )


VIAENCLOSURE: ( Enclosure ) Regular Wire of Net bram_waddr_wire[0]  ( V5 )
Bounds : ( 57.408, 37.808 ) ( 57.504, 37.936 )


WIDTH: ( WidthTable ) Special Wire of Net VDD  ( M7 )
Bounds : ( 53.376, 37.696 ) ( 54.112, 38.480 )


VIAENCLOSURE: ( Enclosure ) Regular Wire of Net u_sram_macro_sram_addr[0]  ( V3 )
Bounds : ( 49.356, 37.788 ) ( 49.428, 37.884 )


VIAENCLOSURE: ( Enclosure ) Regular Wire of Net CTS_59  ( V3 )
Bounds : ( 50.508, 37.788 ) ( 50.580, 37.884 )


VIAENCLOSURE: ( Enclosure ) Regular Wire of Net n_175  ( V3 )
Bounds : ( 51.228, 37.980 ) ( 51.300, 38.076 )


VIAENCLOSURE: ( Enclosure ) Regular Wire of Net u_axi_ctrl_ar_len_reg[3]  ( V5 )
Bounds : ( 52.224, 37.808 ) ( 52.320, 37.936 )


WIDTH: ( WidthTable ) Special Wire of Net VDD  ( M6 )
Bounds : ( 52.688, 37.920 ) ( 54.864, 38.400 )


VIAENCLOSURE: ( Enclosure ) Regular Wire of Net n_225  ( V3 )
Bounds : ( 47.484, 37.596 ) ( 47.556, 37.692 )


OFFGRID: ( Off Grid or Wrong Way ) Regular Wire of Net s_axi_bid[0]  ( M4 )
Bounds : ( 34.392, 74.688 ) ( 34.752, 75.024 )


VIAENCLOSURE: ( Enclosure ) Regular Wire of Net s_axi_bid[2]  ( V3 )
Bounds : ( 31.932, 72.348 ) ( 32.004, 72.444 )


VIAENCLOSURE: ( Enclosure ) Regular Wire of Net s_axi_bid[0]  ( V3 )
Bounds : ( 37.116, 72.348 ) ( 37.188, 72.444 )


WIDTH: ( WidthTable ) Regular Wire of Net s_axi_bid[0]  ( M4 )
Bounds : ( 34.392, 74.688 ) ( 34.752, 75.024 )


OFFGRID: ( Off Grid or Wrong Way ) Regular Wire of Net s_axi_bid[1]  ( M4 )
Bounds : ( 27.312, 74.688 ) ( 27.960, 75.024 )


OFFGRID: ( Off Grid or Wrong Way ) Regular Wire of Net s_axi_bid[2]  ( M4 )
Bounds : ( 19.824, 74.688 ) ( 20.184, 75.024 )


WIDTH: ( WidthTable ) Regular Wire of Net s_axi_bid[2]  ( M4 )
Bounds : ( 19.824, 74.688 ) ( 20.184, 75.024 )


WIDTH: ( WidthTable ) Regular Wire of Net s_axi_bid[1]  ( M4 )
Bounds : ( 27.312, 74.688 ) ( 27.960, 75.024 )


VIAENCLOSURE: ( Enclosure ) Regular Wire of Net CTS_128  ( V3 )
Bounds : ( 31.068, 61.980 ) ( 31.140, 62.076 )


VIAENCLOSURE: ( Enclosure ) Regular Wire of Net s_axi_bid[2]  ( V3 )
Bounds : ( 31.932, 63.708 ) ( 32.004, 63.804 )


VIAENCLOSURE: ( Enclosure ) Regular Wire of Net CTS_128  ( V5 )
Bounds : ( 31.056, 61.712 ) ( 31.152, 61.840 )


VIAENCLOSURE: ( Enclosure ) Regular Wire of Net CTS_89  ( V3 )
Bounds : ( 34.956, 61.212 ) ( 35.028, 61.308 )


VIAENCLOSURE: ( Enclosure ) Regular Wire of Net CTS_62  ( V5 )
Bounds : ( 32.136, 57.104 ) ( 32.232, 57.232 )


VIAENCLOSURE: ( Enclosure ) Regular Wire of Net CTS_71  ( V5 )
Bounds : ( 32.352, 61.136 ) ( 32.448, 61.264 )


VIAENCLOSURE: ( Enclosure ) Regular Wire of Net CTS_89  ( V5 )
Bounds : ( 34.944, 61.136 ) ( 35.040, 61.264 )


EndOfLine: ( EndOfLine Keepout ) Regular Wire of Net CTS_62  ( M4 )
Bounds : ( 32.384, 57.336 ) ( 32.576, 57.336 )


CUTSPACING: ( Same Layer Cut Spacing ) Regular Wire of Net CTS_62 & Regular Wire of Net s_axi_wdata[31]  ( V4 )
Bounds : ( 32.232, 57.336 ) ( 32.352, 57.336 )


SHORT: ( Metal Short ) Regular Wire of Net s_axi_wdata[31] & Regular Wire of Net CTS_62  ( M4 )
Bounds : ( 31.924, 57.336 ) ( 32.564, 57.336 )


VIAENCLOSURE: ( Enclosure ) Regular Wire of Net FE_OFN9_s_axi_bid_2  ( V3 )
Bounds : ( 30.636, 61.404 ) ( 30.708, 61.500 )


VIAENCLOSURE: ( Enclosure ) Regular Wire of Net CTS_71  ( V3 )
Bounds : ( 32.364, 61.404 ) ( 32.436, 61.500 )


VIAENCLOSURE: ( Enclosure ) Regular Wire of Net CTS_93  ( V3 )
Bounds : ( 35.676, 61.404 ) ( 35.748, 61.500 )


VIAENCLOSURE: ( Enclosure ) Regular Wire of Net CTS_92  ( V3 )
Bounds : ( 36.684, 61.404 ) ( 36.756, 61.500 )


VIAENCLOSURE: ( Enclosure ) Regular Wire of Net CTS_92  ( V5 )
Bounds : ( 36.672, 61.424 ) ( 36.768, 61.552 )


VIAENCLOSURE: ( Enclosure ) Regular Wire of Net s_axi_wdata[3]  ( V3 )
Bounds : ( 21.708, 63.708 ) ( 21.780, 63.804 )


VIAENCLOSURE: ( Enclosure ) Regular Wire of Net s_axi_wdata[4]  ( V3 )
Bounds : ( 25.884, 62.556 ) ( 25.956, 62.652 )


VIAENCLOSURE: ( Enclosure ) Regular Wire of Net bram_waddr_wire[1]  ( V3 )
Bounds : ( 21.996, 59.100 ) ( 22.068, 59.196 )


VIAENCLOSURE: ( Enclosure ) Regular Wire of Net s_axi_wdata[2]  ( V3 )
Bounds : ( 26.028, 59.100 ) ( 26.100, 59.196 )


VIAENCLOSURE: ( Enclosure ) Regular Wire of Net s_axi_wdata[10]  ( V3 )
Bounds : ( 28.044, 59.292 ) ( 28.116, 59.388 )


VIAENCLOSURE: ( Enclosure ) Regular Wire of Net s_axi_wdata[7]  ( V3 )
Bounds : ( 28.332, 60.828 ) ( 28.404, 60.924 )


VIAENCLOSURE: ( Enclosure ) Regular Wire of Net n_73  ( V5 )
Bounds : ( 27.168, 60.848 ) ( 27.264, 60.976 )


VIAENCLOSURE: ( Enclosure ) Regular Wire of Net n_28  ( V3 )
Bounds : ( 20.268, 61.404 ) ( 20.340, 61.500 )


VIAENCLOSURE: ( Enclosure ) Regular Wire of Net s_axi_wdata[5]  ( V3 )
Bounds : ( 24.876, 61.404 ) ( 24.948, 61.500 )


VIAENCLOSURE: ( Enclosure ) Regular Wire of Net n_73  ( V3 )
Bounds : ( 27.180, 61.404 ) ( 27.252, 61.500 )


VIAENCLOSURE: ( Enclosure ) Regular Wire of Net FE_OFN1_s_axi_awready  ( V3 )
Bounds : ( 28.764, 60.444 ) ( 28.836, 60.540 )


OFFGRID: ( Off Grid or Wrong Way ) Regular Wire of Net s_axi_bid[3]  ( M4 )
Bounds : ( 12.480, 74.688 ) ( 12.984, 75.024 )


VIAENCLOSURE: ( Enclosure ) Regular Wire of Net s_axi_wlast  ( V3 )
Bounds : ( 16.380, 67.740 ) ( 16.452, 67.836 )


WIDTH: ( WidthTable ) Regular Wire of Net s_axi_bid[3]  ( M4 )
Bounds : ( 12.480, 74.688 ) ( 12.984, 75.024 )


OFFGRID: ( Off Grid or Wrong Way ) Regular Wire of Net s_axi_wready  ( M3 )
Bounds : ( 0.000, 69.260 ) ( 0.220, 69.588 )


OFFGRID: ( Off Grid or Wrong Way ) Regular Wire of Net s_axi_wvalid  ( M3 )
Bounds : ( 0.000, 68.796 ) ( 0.220, 69.088 )


OFFGRID: ( Off Grid or Wrong Way ) Regular Wire of Net s_axi_wlast  ( M3 )
Bounds : ( 0.000, 67.856 ) ( 0.220, 68.292 )


OFFGRID: ( Off Grid or Wrong Way ) Regular Wire of Net s_axi_bid[4]  ( M4 )
Bounds : ( 4.992, 74.688 ) ( 5.640, 75.024 )


WIDTH: ( WidthTable ) Regular Wire of Net s_axi_wlast  ( M3 )
Bounds : ( 0.000, 67.856 ) ( 0.220, 68.292 )


WIDTH: ( WidthTable ) Regular Wire of Net s_axi_wvalid  ( M3 )
Bounds : ( 0.000, 68.796 ) ( 0.220, 69.088 )


WIDTH: ( WidthTable ) Regular Wire of Net s_axi_wready  ( M3 )
Bounds : ( 0.000, 69.260 ) ( 0.220, 69.588 )


WIDTH: ( WidthTable ) Regular Wire of Net s_axi_bid[4]  ( M4 )
Bounds : ( 4.992, 74.688 ) ( 5.640, 75.024 )


VIAENCLOSURE: ( Enclosure ) Regular Wire of Net s_axi_wdata[6]  ( V3 )
Bounds : ( 10.764, 61.404 ) ( 10.836, 61.500 )


VIAENCLOSURE: ( Enclosure ) Regular Wire of Net s_axi_wdata[31]  ( V3 )
Bounds : ( 11.196, 56.796 ) ( 11.268, 56.892 )


VIAENCLOSURE: ( Enclosure ) Regular Wire of Net FE_OFN17_s_axi_arready  ( V3 )
Bounds : ( 12.492, 56.796 ) ( 12.564, 56.892 )


VIAENCLOSURE: ( Enclosure ) Regular Wire of Net n_78  ( V3 )
Bounds : ( 15.084, 59.868 ) ( 15.156, 59.964 )


VIAENCLOSURE: ( Enclosure ) Regular Wire of Net n_362  ( V3 )
Bounds : ( 15.516, 56.796 ) ( 15.588, 56.892 )


VIAENCLOSURE: ( Enclosure ) Regular Wire of Net bram_re_wire  ( V3 )
Bounds : ( 16.380, 56.796 ) ( 16.452, 56.892 )


VIAENCLOSURE: ( Enclosure ) Regular Wire of Net u_axi_ctrl_n_464  ( V3 )
Bounds : ( 16.956, 57.180 ) ( 17.028, 57.276 )


VIAENCLOSURE: ( Enclosure ) Regular Wire of Net FE_OFN17_s_axi_arready  ( V5 )
Bounds : ( 12.480, 56.816 ) ( 12.576, 56.944 )


VIAENCLOSURE: ( Enclosure ) Regular Wire of Net n_78  ( V5 )
Bounds : ( 15.072, 59.696 ) ( 15.168, 59.824 )


VIAENCLOSURE: ( Enclosure ) Regular Wire of Net bram_re_wire  ( V5 )
Bounds : ( 16.368, 56.816 ) ( 16.464, 56.944 )


OFFGRID: ( Off Grid or Wrong Way ) Regular Wire of Net s_axi_wdata[5]  ( M3 )
Bounds : ( 0.000, 62.172 ) ( 0.220, 62.464 )


OFFGRID: ( Off Grid or Wrong Way ) Regular Wire of Net s_axi_wdata[3]  ( M3 )
Bounds : ( 0.000, 62.960 ) ( 0.220, 63.396 )


OFFGRID: ( Off Grid or Wrong Way ) Regular Wire of Net s_axi_wdata[2]  ( M3 )
Bounds : ( 0.000, 64.044 ) ( 0.220, 64.336 )


OFFGRID: ( Off Grid or Wrong Way ) Regular Wire of Net s_axi_wdata[0]  ( M3 )
Bounds : ( 0.000, 64.940 ) ( 0.220, 65.268 )


WIDTH: ( WidthTable ) Regular Wire of Net s_axi_wdata[5]  ( M3 )
Bounds : ( 0.000, 62.172 ) ( 0.220, 62.464 )


WIDTH: ( WidthTable ) Regular Wire of Net s_axi_wdata[4]  ( M3 )
Bounds : ( 0.000, 62.600 ) ( 0.220, 62.820 )


WIDTH: ( WidthTable ) Regular Wire of Net s_axi_wdata[3]  ( M3 )
Bounds : ( 0.000, 62.960 ) ( 0.220, 63.396 )


WIDTH: ( WidthTable ) Regular Wire of Net s_axi_wdata[2]  ( M3 )
Bounds : ( 0.000, 64.044 ) ( 0.220, 64.336 )


WIDTH: ( WidthTable ) Regular Wire of Net s_axi_wdata[1]  ( M3 )
Bounds : ( 0.000, 64.472 ) ( 0.220, 64.692 )


WIDTH: ( WidthTable ) Regular Wire of Net s_axi_wdata[0]  ( M3 )
Bounds : ( 0.000, 64.940 ) ( 0.220, 65.268 )


SPACING: ( ParallelRunLength Spacing ) Regular Wire of Net s_axi_wdata[8]  ( M3 )
Bounds : ( 0.220, 60.460 ) ( 0.252, 60.592 )


OFFGRID: ( Off Grid or Wrong Way ) Regular Wire of Net s_axi_wdata[9]  ( M3 )
Bounds : ( 0.000, 59.724 ) ( 0.220, 60.160 )


OFFGRID: ( Off Grid or Wrong Way ) Regular Wire of Net s_axi_wdata[8]  ( M3 )
Bounds : ( 0.000, 60.300 ) ( 0.220, 60.592 )


OFFGRID: ( Off Grid or Wrong Way ) Regular Wire of Net s_axi_wdata[7]  ( M3 )
Bounds : ( 0.000, 60.876 ) ( 0.220, 61.240 )


WIDTH: ( WidthTable ) Regular Wire of Net s_axi_wdata[10]  ( M3 )
Bounds : ( 0.000, 59.148 ) ( 0.220, 59.368 )


WIDTH: ( WidthTable ) Regular Wire of Net s_axi_wdata[9]  ( M3 )
Bounds : ( 0.000, 59.724 ) ( 0.220, 60.160 )


WIDTH: ( WidthTable ) Regular Wire of Net s_axi_wdata[8]  ( M3 )
Bounds : ( 0.000, 60.300 ) ( 0.220, 60.592 )


WIDTH: ( WidthTable ) Regular Wire of Net s_axi_wdata[7]  ( M3 )
Bounds : ( 0.000, 60.876 ) ( 0.220, 61.240 )


OFFGRID: ( Off Grid or Wrong Way ) Regular Wire of Net s_axi_wdata[13]  ( M3 )
Bounds : ( 0.000, 57.056 ) ( 0.220, 57.348 )


OFFGRID: ( Off Grid or Wrong Way ) Regular Wire of Net s_axi_wdata[12]  ( M3 )
Bounds : ( 0.000, 57.560 ) ( 0.220, 57.924 )


OFFGRID: ( Off Grid or Wrong Way ) Regular Wire of Net s_axi_wdata[11]  ( M3 )
Bounds : ( 0.000, 58.572 ) ( 0.220, 58.936 )


WIDTH: ( WidthTable ) Regular Wire of Net s_axi_wdata[13]  ( M3 )
Bounds : ( 0.000, 57.056 ) ( 0.220, 57.348 )


WIDTH: ( WidthTable ) Regular Wire of Net s_axi_wdata[12]  ( M3 )
Bounds : ( 0.000, 57.560 ) ( 0.220, 57.924 )


WIDTH: ( WidthTable ) Regular Wire of Net s_axi_wdata[11]  ( M3 )
Bounds : ( 0.000, 58.572 ) ( 0.220, 58.936 )


OFFGRID: ( Off Grid or Wrong Way ) Regular Wire of Net s_axi_wdata[6]  ( M3 )
Bounds : ( 0.000, 61.376 ) ( 0.220, 61.668 )


WIDTH: ( WidthTable ) Regular Wire of Net s_axi_wdata[6]  ( M3 )
Bounds : ( 0.000, 61.376 ) ( 0.220, 61.668 )


SPACING: ( ParallelRunLength Spacing ) Regular Wire of Net CTS_68 & Regular Wire of Net s_axi_wdata[30]  ( M5 )
Bounds : ( 32.352, 55.316 ) ( 32.448, 55.408 )


EndOfLine: ( EndOfLine Spacing ) Regular Wire of Net CTS_68 & Regular Wire of Net s_axi_wdata[30]  ( M5 )
Bounds : ( 32.352, 55.316 ) ( 32.448, 55.408 )


SHORT: ( Metal Short ) Regular Wire of Net CTS_65 & Regular Wire of Net s_axi_wdata[30]  ( M4 )
Bounds : ( 31.924, 56.256 ) ( 32.564, 56.256 )


SHORT: ( Metal Short ) Regular Wire of Net s_axi_wdata[29] & Regular Wire of Net CTS_68  ( M4 )
Bounds : ( 31.924, 55.176 ) ( 32.564, 55.176 )


CUTSPACING: ( Same Layer Cut Spacing ) Regular Wire of Net CTS_65 & Regular Wire of Net s_axi_wdata[30]  ( V4 )
Bounds : ( 32.232, 56.256 ) ( 32.352, 56.256 )


CUTSPACING: ( Same Layer Cut Spacing ) Regular Wire of Net s_axi_wdata[29] & Regular Wire of Net CTS_68  ( V4 )
Bounds : ( 32.232, 55.176 ) ( 32.352, 55.176 )


EndOfLine: ( EndOfLine Keepout ) Regular Wire of Net s_axi_wdata[30] & Regular Wire of Net CTS_65  ( M4 )
Bounds : ( 32.384, 56.256 ) ( 32.576, 56.256 )


EndOfLine: ( EndOfLine Keepout ) Regular Wire of Net s_axi_wdata[29] & Regular Wire of Net CTS_68  ( M4 )
Bounds : ( 32.384, 55.176 ) ( 32.576, 55.176 )


VIAENCLOSURE: ( Enclosure ) Regular Wire of Net CTS_68  ( V5 )
Bounds : ( 32.352, 55.088 ) ( 32.448, 55.216 )


VIAENCLOSURE: ( Enclosure ) Regular Wire of Net CTS_74  ( V5 )
Bounds : ( 32.136, 53.360 ) ( 32.232, 53.488 )


VIAENCLOSURE: ( Enclosure ) Regular Wire of Net CTS_71  ( V5 )
Bounds : ( 32.352, 53.936 ) ( 32.448, 54.064 )


EndOfLine: ( EndOfLine Keepout ) Regular Wire of Net CTS_71  ( M4 )
Bounds : ( 32.384, 54.096 ) ( 32.576, 54.096 )


CUTSPACING: ( Same Layer Cut Spacing ) Regular Wire of Net s_axi_wdata[28] & Regular Wire of Net CTS_71  ( V4 )
Bounds : ( 32.232, 54.096 ) ( 32.352, 54.096 )


SHORT: ( Metal Short ) Regular Wire of Net CTS_71 & Regular Wire of Net s_axi_wdata[28]  ( M4 )
Bounds : ( 31.924, 54.096 ) ( 32.564, 54.096 )


CUTSPACING: ( Same Layer Cut Spacing ) Regular Wire of Net CTS_74 & Regular Wire of Net s_axi_wdata[27]  ( V4 )
Bounds : ( 32.232, 53.016 ) ( 32.352, 53.016 )


VIAENCLOSURE: ( Enclosure ) Regular Wire of Net CTS_77  ( V5 )
Bounds : ( 32.352, 51.920 ) ( 32.448, 52.048 )


EndOfLine: ( EndOfLine Keepout ) Regular Wire of Net CTS_77  ( M4 )
Bounds : ( 32.384, 51.936 ) ( 32.576, 51.936 )


EndOfLine: ( EndOfLine Keepout ) Regular Wire of Net CTS_74  ( M4 )
Bounds : ( 32.384, 53.016 ) ( 32.576, 53.016 )


CUTSPACING: ( Same Layer Cut Spacing ) Regular Wire of Net s_axi_wdata[26] & Regular Wire of Net CTS_77  ( V4 )
Bounds : ( 32.232, 51.936 ) ( 32.352, 51.936 )


SHORT: ( Metal Short ) Regular Wire of Net CTS_77 & Regular Wire of Net s_axi_wdata[26]  ( M4 )
Bounds : ( 31.924, 51.936 ) ( 32.564, 51.936 )


SHORT: ( Metal Short ) Regular Wire of Net s_axi_wdata[27] & Regular Wire of Net CTS_74  ( M4 )
Bounds : ( 31.924, 53.016 ) ( 32.564, 53.016 )


VIAENCLOSURE: ( Enclosure ) Regular Wire of Net s_axi_wdata[28]  ( V5 )
Bounds : ( 29.760, 54.224 ) ( 29.856, 54.352 )


VIAENCLOSURE: ( Enclosure ) Regular Wire of Net CTS_80  ( V5 )
Bounds : ( 32.352, 50.768 ) ( 32.448, 50.896 )


EndOfLine: ( EndOfLine Keepout ) Regular Wire of Net CTS_80  ( M4 )
Bounds : ( 32.384, 50.856 ) ( 32.576, 50.856 )


CUTSPACING: ( Same Layer Cut Spacing ) Regular Wire of Net s_axi_wdata[25] & Regular Wire of Net CTS_80  ( V4 )
Bounds : ( 32.232, 50.856 ) ( 32.352, 50.856 )


SHORT: ( Metal Short ) Regular Wire of Net s_axi_wdata[25] & Regular Wire of Net CTS_80  ( M4 )
Bounds : ( 31.924, 50.856 ) ( 32.564, 50.856 )


SHORT: ( Metal Short ) Regular Wire of Net CTS_83 & Regular Wire of Net s_axi_wdata[24]  ( M4 )
Bounds : ( 31.924, 49.776 ) ( 32.564, 49.776 )


VIAENCLOSURE: ( Enclosure ) Regular Wire of Net CTS_83  ( V5 )
Bounds : ( 32.352, 50.192 ) ( 32.448, 50.320 )


EndOfLine: ( EndOfLine Keepout ) Regular Wire of Net CTS_83  ( M4 )
Bounds : ( 32.384, 49.776 ) ( 32.576, 49.776 )


CUTSPACING: ( Same Layer Cut Spacing ) Regular Wire of Net s_axi_wdata[24] & Regular Wire of Net CTS_83  ( V4 )
Bounds : ( 32.232, 49.776 ) ( 32.352, 49.776 )


VIAENCLOSURE: ( Enclosure ) Regular Wire of Net CTS_86  ( V5 )
Bounds : ( 32.136, 48.464 ) ( 32.232, 48.592 )


EndOfLine: ( EndOfLine Keepout ) Regular Wire of Net s_axi_wdata[23] & Regular Wire of Net CTS_86  ( M4 )
Bounds : ( 32.384, 48.696 ) ( 32.576, 48.696 )


CUTSPACING: ( Same Layer Cut Spacing ) Regular Wire of Net CTS_86 & Regular Wire of Net s_axi_wdata[23]  ( V4 )
Bounds : ( 32.232, 48.696 ) ( 32.352, 48.696 )


SHORT: ( Metal Short ) Regular Wire of Net s_axi_wdata[23] & Regular Wire of Net CTS_86  ( M4 )
Bounds : ( 31.924, 48.696 ) ( 32.564, 48.696 )


CUTSPACING: ( Same Layer Cut Spacing ) Regular Wire of Net s_axi_wdata[22] & Regular Wire of Net CTS_89  ( V4 )
Bounds : ( 32.232, 47.616 ) ( 32.352, 47.616 )


VIAENCLOSURE: ( Enclosure ) Regular Wire of Net CTS_89  ( V5 )
Bounds : ( 32.352, 47.312 ) ( 32.448, 47.440 )


EndOfLine: ( EndOfLine Keepout ) Regular Wire of Net CTS_89  ( M4 )
Bounds : ( 32.384, 47.616 ) ( 32.576, 47.616 )


EndOfLine: ( EndOfLine Keepout ) Regular Wire of Net CTS_89 & Regular Wire of Net s_axi_wdata[23]  ( M5 )
Bounds : ( 32.352, 47.756 ) ( 32.448, 47.920 )


SHORT: ( Metal Short ) Regular Wire of Net CTS_89 & Regular Wire of Net s_axi_wdata[22]  ( M4 )
Bounds : ( 31.924, 47.616 ) ( 32.564, 47.616 )


VIAENCLOSURE: ( Enclosure ) Regular Wire of Net s_axi_wdata[26]  ( V5 )
Bounds : ( 22.848, 52.208 ) ( 22.944, 52.336 )


VIAENCLOSURE: ( Enclosure ) Regular Wire of Net CTS_92  ( V5 )
Bounds : ( 32.136, 46.160 ) ( 32.232, 46.288 )


VIAENCLOSURE: ( Enclosure ) Regular Wire of Net n_54  ( V5 )
Bounds : ( 33.000, 46.736 ) ( 33.096, 46.864 )


EndOfLine: ( EndOfLine Keepout ) Regular Wire of Net s_axi_wdata[21] & Regular Wire of Net CTS_92  ( M4 )
Bounds : ( 32.384, 46.536 ) ( 32.576, 46.536 )


CUTSPACING: ( Same Layer Cut Spacing ) Regular Wire of Net CTS_92 & Regular Wire of Net s_axi_wdata[21]  ( V4 )
Bounds : ( 32.232, 46.536 ) ( 32.352, 46.536 )


SHORT: ( Metal Short ) Regular Wire of Net s_axi_wdata[21] & Regular Wire of Net CTS_92  ( M4 )
Bounds : ( 31.924, 46.536 ) ( 32.564, 46.536 )


EndOfLine: ( EndOfLine Spacing ) Regular Wire of Net CTS_92 & Regular Wire of Net s_axi_wdata[22]  ( M5 )
Bounds : ( 32.136, 46.676 ) ( 32.232, 46.768 )


SPACING: ( ParallelRunLength Spacing ) Regular Wire of Net CTS_92 & Regular Wire of Net s_axi_wdata[22]  ( M5 )
Bounds : ( 32.136, 46.676 ) ( 32.232, 46.768 )


VIAENCLOSURE: ( Enclosure ) Regular Wire of Net s_axi_wdata[20]  ( V5 )
Bounds : ( 32.136, 44.720 ) ( 32.232, 44.848 )


VIAENCLOSURE: ( Enclosure ) Regular Wire of Net CTS_95  ( V5 )
Bounds : ( 32.352, 45.296 ) ( 32.448, 45.424 )


EndOfLine: ( EndOfLine Keepout ) Regular Wire of Net CTS_95  ( M4 )
Bounds : ( 32.384, 45.456 ) ( 32.576, 45.456 )


CUTSPACING: ( Same Layer Cut Spacing ) Regular Wire of Net s_axi_wdata[20] & Regular Wire of Net CTS_95  ( V4 )
Bounds : ( 32.232, 45.456 ) ( 32.352, 45.456 )


SHORT: ( Metal Short ) Regular Wire of Net CTS_95 & Regular Wire of Net s_axi_wdata[20]  ( M4 )
Bounds : ( 31.924, 45.456 ) ( 32.564, 45.456 )


VIAENCLOSURE: ( Enclosure ) Regular Wire of Net s_axi_wdata[21]  ( V5 )
Bounds : ( 32.352, 45.872 ) ( 32.448, 46.000 )


VIAENCLOSURE: ( Enclosure ) Regular Wire of Net s_axi_wdata[30]  ( V5 )
Bounds : ( 30.408, 46.160 ) ( 30.504, 46.288 )


VIAENCLOSURE: ( Enclosure ) Regular Wire of Net CTS_98  ( V5 )
Bounds : ( 32.352, 44.432 ) ( 32.448, 44.560 )


EndOfLine: ( EndOfLine Keepout ) Regular Wire of Net CTS_98  ( M4 )
Bounds : ( 32.384, 44.376 ) ( 32.576, 44.376 )


CUTSPACING: ( Same Layer Cut Spacing ) Regular Wire of Net s_axi_wdata[19] & Regular Wire of Net CTS_98  ( V4 )
Bounds : ( 32.232, 44.376 ) ( 32.352, 44.376 )


SHORT: ( Metal Short ) Regular Wire of Net s_axi_wdata[19] & Regular Wire of Net CTS_98  ( M4 )
Bounds : ( 31.924, 44.376 ) ( 32.564, 44.376 )


SHORT: ( Metal Short ) Regular Wire of Net CTS_101 & Regular Wire of Net s_axi_wdata[18]  ( M4 )
Bounds : ( 31.924, 43.296 ) ( 32.564, 43.296 )


VIAENCLOSURE: ( Enclosure ) Regular Wire of Net CTS_103  ( V5 )
Bounds : ( 32.136, 42.416 ) ( 32.232, 42.544 )


VIAENCLOSURE: ( Enclosure ) Regular Wire of Net s_axi_wdata[18]  ( V5 )
Bounds : ( 32.136, 42.992 ) ( 32.232, 43.120 )


VIAENCLOSURE: ( Enclosure ) Regular Wire of Net CTS_101  ( V5 )
Bounds : ( 32.352, 43.280 ) ( 32.448, 43.408 )


EndOfLine: ( EndOfLine Keepout ) Regular Wire of Net CTS_101  ( M4 )
Bounds : ( 32.384, 43.296 ) ( 32.576, 43.296 )


CUTSPACING: ( Same Layer Cut Spacing ) Regular Wire of Net s_axi_wdata[18] & Regular Wire of Net CTS_101  ( V4 )
Bounds : ( 32.232, 43.296 ) ( 32.352, 43.296 )


VIAENCLOSURE: ( Enclosure ) Regular Wire of Net n_94  ( V5 )
Bounds : ( 36.024, 37.520 ) ( 36.120, 37.648 )


EndOfLine: ( EndOfLine Keepout ) Regular Wire of Net s_axi_wdata[17] & Regular Wire of Net CTS_103  ( M4 )
Bounds : ( 32.384, 42.216 ) ( 32.576, 42.216 )


SPACING: ( Corner Spacing ) Regular Wire of Net CTS_29 & Blockage of Cell u_sram_macro_u_sram_macro  ( M4 )
Bounds : ( 32.576, 41.232 ) ( 32.681, 41.331 )


EndOfLine: ( EndOfLine Spacing ) Regular Wire of Net CTS_29 & Blockage of Cell u_sram_macro_u_sram_macro  ( M4 )
Bounds : ( 32.576, 41.139 ) ( 32.599, 41.162 )


EndOfLine: ( EndOfLine Spacing ) Regular Wire of Net CTS_29 & Blockage of Cell u_sram_macro_u_sram_macro  ( M4 )
Bounds : ( 32.576, 41.232 ) ( 32.681, 41.331 )


SPACING: ( ParallelRunLength Spacing ) Regular Wire of Net CTS_29 & Blockage of Cell u_sram_macro_u_sram_macro  ( M4 )
Bounds : ( 32.576, 41.139 ) ( 32.599, 41.162 )


SPACING: ( ParallelRunLength Spacing ) Regular Wire of Net CTS_29 & Blockage of Cell u_sram_macro_u_sram_macro  ( M4 )
Bounds : ( 32.576, 41.232 ) ( 32.634, 41.235 )


CUTSPACING: ( Same Layer Cut Spacing ) Regular Wire of Net CTS_103 & Regular Wire of Net s_axi_wdata[17]  ( V4 )
Bounds : ( 32.232, 42.216 ) ( 32.352, 42.216 )


EndOfLine: ( EndOfLine Keepout ) Regular Wire of Net s_axi_wdata[16] & Regular Wire of Net CTS_29  ( M6 )
Bounds : ( 32.112, 41.120 ) ( 32.292, 41.152 )


SHORT: ( Metal Short ) Regular Wire of Net CTS_29 & Regular Wire of Net s_axi_wdata[16]  ( M4 )
Bounds : ( 31.928, 41.136 ) ( 32.112, 41.136 )


EndOfLine: ( EndOfLine Spacing ) Regular Wire of Net CTS_29 & Blockage of Cell u_sram_macro_u_sram_macro  ( M4 )
Bounds : ( 31.781, 41.114 ) ( 31.924, 41.136 )


EndOfLine: ( EndOfLine Spacing ) Regular Wire of Net CTS_29 & Blockage of Cell u_sram_macro_u_sram_macro  ( M4 )
Bounds : ( 31.877, 41.187 ) ( 31.924, 41.210 )


SPACING: ( ParallelRunLength Spacing ) Regular Wire of Net s_axi_wdata[16] & Blockage of Cell u_sram_macro_u_sram_macro  ( M4 )
Bounds : ( 31.877, 41.136 ) ( 31.928, 41.187 )


SPACING: ( ParallelRunLength Spacing ) Regular Wire of Net CTS_29 & Blockage of Cell u_sram_macro_u_sram_macro  ( M4 )
Bounds : ( 31.877, 41.187 ) ( 31.924, 41.210 )


OFFGRID: ( Off Grid or Wrong Way ) Regular Wire of Net CTS_29  ( M6 )
Bounds : ( 32.292, 41.120 ) ( 32.568, 41.248 )


VIAENCLOSURE: ( Enclosure ) Regular Wire of Net CTS_29  ( V5 )
Bounds : ( 32.352, 41.120 ) ( 32.448, 41.248 )


VIAENCLOSURE: ( Enclosure ) Regular Wire of Net s_axi_wdata[17]  ( V5 )
Bounds : ( 32.352, 42.128 ) ( 32.448, 42.256 )


SHORT: ( Metal Short ) Regular Wire of Net s_axi_wdata[17] & Regular Wire of Net CTS_103  ( M4 )
Bounds : ( 31.924, 42.216 ) ( 32.564, 42.216 )


SPACING: ( Corner Spacing ) Regular Wire of Net CTS_29 & Pin of Cell u_sram_macro_u_sram_macro  ( M4 )
Bounds : ( 32.561, 41.075 ) ( 32.599, 41.139 )


SPACING: ( Corner Spacing ) Regular Wire of Net CTS_29 & Blockage of Cell u_sram_macro_u_sram_macro  ( M4 )
Bounds : ( 32.561, 41.099 ) ( 32.634, 41.235 )


EndOfLine: ( EndOfLine Keepout ) Regular Wire of Net CTS_29 & Blockage of Cell u_sram_macro_u_sram_macro  ( M4 )
Bounds : ( 32.543, 41.067 ) ( 32.576, 41.136 )


SPACING: ( ParallelRunLength Spacing ) Regular Wire of Net CTS_29 & Blockage of Cell u_sram_macro_u_sram_macro  ( M4 )
Bounds : ( 32.543, 41.067 ) ( 32.576, 41.136 )


OFFGRID: ( Off Grid or Wrong Way ) Regular Wire of Net s_axi_wdata[16]  ( M6 )
Bounds : ( 31.716, 41.024 ) ( 32.112, 41.152 )


OFFGRID: ( Off Grid or Wrong Way ) Regular Wire of Net s_axi_wdata[16]  ( M5 )
Bounds : ( 31.972, 40.980 ) ( 32.068, 41.316 )


SPACING: ( Corner Spacing ) Regular Wire of Net s_axi_wdata[16] & Blockage of Cell u_sram_macro_u_sram_macro  ( M4 )
Bounds : ( 31.781, 41.090 ) ( 31.924, 41.136 )


SPACING: ( Corner Spacing ) Regular Wire of Net CTS_29 & Regular Wire of Net s_axi_wdata[16]  ( M4 )
Bounds : ( 31.877, 41.040 ) ( 31.928, 41.187 )


VIAENCLOSURE: ( Enclosure ) Regular Wire of Net s_axi_wdata[16]  ( V5 )
Bounds : ( 31.972, 41.024 ) ( 32.068, 41.152 )


EndOfLine: ( EndOfLine Keepout ) Regular Wire of Net CTS_29 & Pin of Cell u_sram_macro_u_sram_macro  ( M4 )
Bounds : ( 31.925, 41.099 ) ( 32.117, 41.136 )


SPACING: ( ParallelRunLength Spacing ) Regular Wire of Net s_axi_wdata[16] & Blockage of Cell u_sram_macro_u_sram_macro  ( M5 )
Bounds : ( 31.914, 40.980 ) ( 31.972, 41.316 )


SPACING: ( ParallelRunLength Spacing ) Regular Wire of Net s_axi_wdata[16] & Blockage of Cell u_sram_macro_u_sram_macro  ( M5 )
Bounds : ( 32.068, 40.980 ) ( 32.082, 41.316 )


SPACING: ( ParallelRunLength Spacing ) Regular Wire of Net CTS_29 & Blockage of Cell u_sram_macro_u_sram_macro  ( M5 )
Bounds : ( 32.298, 41.076 ) ( 32.352, 41.412 )


Geometric: ( Rect Only ) Regular Wire of Net s_axi_wdata[16]  ( M4 )
Bounds : ( 32.064, 41.040 ) ( 32.112, 41.136 )


Geometric: ( Rect Only ) Regular Wire of Net s_axi_wdata[16]  ( M4 )
Bounds : ( 31.928, 41.040 ) ( 31.976, 41.136 )


EndOfLine: ( EndOfLine Keepout ) Regular Wire of Net CTS_29 & Pin of Cell u_sram_macro_u_sram_macro  ( M4 )
Bounds : ( 32.369, 41.099 ) ( 32.561, 41.136 )


SPACING: ( ParallelRunLength Spacing ) Regular Wire of Net CTS_29 & Pin of Cell u_sram_macro_u_sram_macro  ( M4 )
Bounds : ( 31.925, 41.099 ) ( 32.561, 41.136 )


VIAENCLOSURE: ( Enclosure ) Regular Wire of Net u_axi_ctrl_ar_size_reg[0]  ( V5 )
Bounds : ( 28.896, 41.840 ) ( 28.992, 41.968 )


VIAENCLOSURE: ( Enclosure ) Regular Wire of Net n_94  ( V5 )
Bounds : ( 31.056, 37.520 ) ( 31.152, 37.648 )


VIAENCLOSURE: ( Enclosure ) Regular Wire of Net n_96  ( V5 )
Bounds : ( 29.112, 38.672 ) ( 29.208, 38.800 )


VIAENCLOSURE: ( Enclosure ) Regular Wire of Net n_93  ( V5 )
Bounds : ( 30.840, 39.248 ) ( 30.936, 39.376 )


VIAENCLOSURE: ( Enclosure ) Regular Wire of Net u_axi_ctrl_ar_len_reg[4]  ( V5 )
Bounds : ( 20.256, 43.280 ) ( 20.352, 43.408 )


VIAENCLOSURE: ( Enclosure ) Regular Wire of Net FE_OFN26_s_axi_rid_0  ( V5 )
Bounds : ( 26.304, 41.840 ) ( 26.400, 41.968 )


VIAENCLOSURE: ( Enclosure ) Regular Wire of Net n_151  ( V5 )
Bounds : ( 28.896, 47.024 ) ( 28.992, 47.152 )


VIAENCLOSURE: ( Enclosure ) Regular Wire of Net n_154  ( V3 )
Bounds : ( 15.084, 54.492 ) ( 15.156, 54.588 )


VIAENCLOSURE: ( Enclosure ) Regular Wire of Net n_216  ( V3 )
Bounds : ( 15.084, 55.836 ) ( 15.156, 55.932 )


VIAENCLOSURE: ( Enclosure ) Regular Wire of Net n_47  ( V3 )
Bounds : ( 15.948, 55.068 ) ( 16.020, 55.164 )


VIAENCLOSURE: ( Enclosure ) Regular Wire of Net n_284  ( V3 )
Bounds : ( 16.380, 54.492 ) ( 16.452, 54.588 )


VIAENCLOSURE: ( Enclosure ) Regular Wire of Net n_87  ( V3 )
Bounds : ( 16.812, 55.068 ) ( 16.884, 55.164 )


VIAENCLOSURE: ( Enclosure ) Regular Wire of Net s_axi_wdata[11]  ( V3 )
Bounds : ( 16.812, 56.220 ) ( 16.884, 56.316 )


VIAENCLOSURE: ( Enclosure ) Regular Wire of Net n_127  ( V3 )
Bounds : ( 16.956, 54.492 ) ( 17.028, 54.588 )


VIAENCLOSURE: ( Enclosure ) Regular Wire of Net n_35  ( V5 )
Bounds : ( 14.424, 54.512 ) ( 14.520, 54.640 )


VIAENCLOSURE: ( Enclosure ) Regular Wire of Net n_216  ( V5 )
Bounds : ( 15.072, 55.664 ) ( 15.168, 55.792 )


VIAENCLOSURE: ( Enclosure ) Regular Wire of Net n_47  ( V5 )
Bounds : ( 15.936, 54.800 ) ( 16.032, 54.928 )


VIAENCLOSURE: ( Enclosure ) Regular Wire of Net n_73  ( V3 )
Bounds : ( 15.084, 52.188 ) ( 15.156, 52.284 )


VIAENCLOSURE: ( Enclosure ) Regular Wire of Net n_221  ( V3 )
Bounds : ( 15.084, 52.764 ) ( 15.156, 52.860 )


VIAENCLOSURE: ( Enclosure ) Regular Wire of Net n_160  ( V3 )
Bounds : ( 16.236, 52.764 ) ( 16.308, 52.860 )


VIAENCLOSURE: ( Enclosure ) Regular Wire of Net n_10  ( V3 )
Bounds : ( 16.380, 52.188 ) ( 16.452, 52.284 )


VIAENCLOSURE: ( Enclosure ) Regular Wire of Net n_48  ( V3 )
Bounds : ( 16.812, 52.764 ) ( 16.884, 52.860 )


VIAENCLOSURE: ( Enclosure ) Regular Wire of Net n_221  ( V5 )
Bounds : ( 15.072, 52.784 ) ( 15.168, 52.912 )


VIAENCLOSURE: ( Enclosure ) Regular Wire of Net n_160  ( V5 )
Bounds : ( 15.936, 52.496 ) ( 16.032, 52.624 )


VIAENCLOSURE: ( Enclosure ) Regular Wire of Net n_10  ( V5 )
Bounds : ( 16.368, 52.496 ) ( 16.464, 52.624 )


VIAENCLOSURE: ( Enclosure ) Regular Wire of Net n_48  ( V5 )
Bounds : ( 16.800, 52.208 ) ( 16.896, 52.336 )


VIAENCLOSURE: ( Enclosure ) Regular Wire of Net n_74  ( V3 )
Bounds : ( 12.492, 54.492 ) ( 12.564, 54.588 )


VIAENCLOSURE: ( Enclosure ) Regular Wire of Net s_axi_wdata[12]  ( V3 )
Bounds : ( 10.332, 54.492 ) ( 10.404, 54.588 )


VIAENCLOSURE: ( Enclosure ) Regular Wire of Net FE_OFN9_s_axi_bid_2  ( V3 )
Bounds : ( 12.924, 55.068 ) ( 12.996, 55.164 )


VIAENCLOSURE: ( Enclosure ) Regular Wire of Net FE_OFN7_s_axi_bid_3  ( V3 )
Bounds : ( 13.788, 55.068 ) ( 13.860, 55.164 )


VIAENCLOSURE: ( Enclosure ) Regular Wire of Net n_285  ( V3 )
Bounds : ( 14.076, 56.220 ) ( 14.148, 56.316 )


VIAENCLOSURE: ( Enclosure ) Regular Wire of Net n_74  ( V5 )
Bounds : ( 12.480, 54.512 ) ( 12.576, 54.640 )


VIAENCLOSURE: ( Enclosure ) Regular Wire of Net n_285  ( V5 )
Bounds : ( 14.208, 56.240 ) ( 14.304, 56.368 )


VIAENCLOSURE: ( Enclosure ) Regular Wire of Net u_axi_ctrl_aw_size_reg[2]  ( V3 )
Bounds : ( 11.772, 52.764 ) ( 11.844, 52.860 )


VIAENCLOSURE: ( Enclosure ) Regular Wire of Net s_axi_wdata[15]  ( V3 )
Bounds : ( 10.764, 52.764 ) ( 10.836, 52.860 )


VIAENCLOSURE: ( Enclosure ) Regular Wire of Net s_axi_wdata[27]  ( V3 )
Bounds : ( 13.500, 52.380 ) ( 13.572, 52.476 )


VIAENCLOSURE: ( Enclosure ) Regular Wire of Net n_35  ( V3 )
Bounds : ( 14.364, 54.492 ) ( 14.436, 54.588 )


VIAENCLOSURE: ( Enclosure ) Regular Wire of Net n_151  ( V3 )
Bounds : ( 15.084, 50.460 ) ( 15.156, 50.556 )


VIAENCLOSURE: ( Enclosure ) Regular Wire of Net FE_OFN5_s_axi_bid_4  ( V3 )
Bounds : ( 15.948, 50.460 ) ( 16.020, 50.556 )


VIAENCLOSURE: ( Enclosure ) Regular Wire of Net n_211  ( V3 )
Bounds : ( 16.380, 51.420 ) ( 16.452, 51.516 )


VIAENCLOSURE: ( Enclosure ) Regular Wire of Net n_101  ( V3 )
Bounds : ( 16.812, 50.460 ) ( 16.884, 50.556 )


VIAENCLOSURE: ( Enclosure ) Regular Wire of Net n_151  ( V5 )
Bounds : ( 15.072, 50.192 ) ( 15.168, 50.320 )


VIAENCLOSURE: ( Enclosure ) Regular Wire of Net FE_OFN5_s_axi_bid_4  ( V5 )
Bounds : ( 15.936, 50.480 ) ( 16.032, 50.608 )


VIAENCLOSURE: ( Enclosure ) Regular Wire of Net n_211  ( V5 )
Bounds : ( 16.368, 51.344 ) ( 16.464, 51.472 )


VIAENCLOSURE: ( Enclosure ) Regular Wire of Net s_axi_wdata[21]  ( V3 )
Bounds : ( 15.516, 48.156 ) ( 15.588, 48.252 )


VIAENCLOSURE: ( Enclosure ) Regular Wire of Net n_54  ( V3 )
Bounds : ( 16.380, 47.196 ) ( 16.452, 47.292 )


VIAENCLOSURE: ( Enclosure ) Regular Wire of Net u_axi_ctrl_r_count[2]  ( V3 )
Bounds : ( 16.380, 48.156 ) ( 16.452, 48.252 )


VIAENCLOSURE: ( Enclosure ) Regular Wire of Net n_148  ( V3 )
Bounds : ( 16.812, 49.308 ) ( 16.884, 49.404 )


VIAENCLOSURE: ( Enclosure ) Regular Wire of Net n_128  ( V3 )
Bounds : ( 16.956, 48.540 ) ( 17.028, 48.636 )


VIAENCLOSURE: ( Enclosure ) Regular Wire of Net s_axi_wdata[21]  ( V5 )
Bounds : ( 15.504, 48.176 ) ( 15.600, 48.304 )


VIAENCLOSURE: ( Enclosure ) Regular Wire of Net u_axi_ctrl_r_count[3]  ( V5 )
Bounds : ( 15.936, 47.888 ) ( 16.032, 48.016 )


VIAENCLOSURE: ( Enclosure ) Regular Wire of Net n_148  ( V5 )
Bounds : ( 16.800, 49.040 ) ( 16.896, 49.168 )


VIAENCLOSURE: ( Enclosure ) Regular Wire of Net s_axi_wdata[8]  ( V3 )
Bounds : ( 12.492, 48.156 ) ( 12.564, 48.252 )


VIAENCLOSURE: ( Enclosure ) Regular Wire of Net u_axi_ctrl_r_count[3]  ( V3 )
Bounds : ( 12.924, 48.156 ) ( 12.996, 48.252 )


VIAENCLOSURE: ( Enclosure ) Regular Wire of Net s_axi_wdata[25]  ( V3 )
Bounds : ( 12.924, 50.460 ) ( 12.996, 50.556 )


VIAENCLOSURE: ( Enclosure ) Regular Wire of Net n_99  ( V3 )
Bounds : ( 13.788, 48.156 ) ( 13.860, 48.252 )


VIAENCLOSURE: ( Enclosure ) Regular Wire of Net s_axi_wdata[8]  ( V5 )
Bounds : ( 12.480, 47.312 ) ( 12.576, 47.440 )


VIAENCLOSURE: ( Enclosure ) Regular Wire of Net n_99  ( V5 )
Bounds : ( 13.776, 48.176 ) ( 13.872, 48.304 )


VIAENCLOSURE: ( Enclosure ) Regular Wire of Net s_axi_wdata[18]  ( V3 )
Bounds : ( 9.468, 52.188 ) ( 9.540, 52.284 )


VIAENCLOSURE: ( Enclosure ) Regular Wire of Net s_axi_wdata[18]  ( V5 )
Bounds : ( 9.456, 52.208 ) ( 9.552, 52.336 )


OFFGRID: ( Off Grid or Wrong Way ) Regular Wire of Net s_axi_wdata[16]  ( M3 )
Bounds : ( 0.000, 55.404 ) ( 0.220, 55.696 )


VIAENCLOSURE: ( Enclosure ) Regular Wire of Net s_axi_wdata[17]  ( V3 )
Bounds : ( 0.396, 55.068 ) ( 0.468, 55.164 )


VIAENCLOSURE: ( Enclosure ) Regular Wire of Net s_axi_wdata[17]  ( V5 )
Bounds : ( 0.384, 55.088 ) ( 0.480, 55.216 )


WIDTH: ( WidthTable ) Regular Wire of Net s_axi_wdata[17]  ( M3 )
Bounds : ( 0.000, 54.828 ) ( 0.220, 55.048 )


WIDTH: ( WidthTable ) Regular Wire of Net s_axi_wdata[16]  ( M3 )
Bounds : ( 0.000, 55.404 ) ( 0.220, 55.696 )


WIDTH: ( WidthTable ) Regular Wire of Net s_axi_wdata[15]  ( M3 )
Bounds : ( 0.000, 55.976 ) ( 0.220, 56.196 )


WIDTH: ( WidthTable ) Regular Wire of Net s_axi_wdata[19]  ( M3 )
Bounds : ( 0.000, 53.528 ) ( 0.220, 53.748 )


WIDTH: ( WidthTable ) Regular Wire of Net s_axi_wdata[20]  ( M3 )
Bounds : ( 0.000, 53.100 ) ( 0.220, 53.392 )


WIDTH: ( WidthTable ) Regular Wire of Net s_axi_wdata[21]  ( M3 )
Bounds : ( 0.000, 52.380 ) ( 0.220, 52.744 )


OFFGRID: ( Off Grid or Wrong Way ) Regular Wire of Net s_axi_wdata[21]  ( M3 )
Bounds : ( 0.000, 52.380 ) ( 0.220, 52.744 )


OFFGRID: ( Off Grid or Wrong Way ) Regular Wire of Net s_axi_wdata[20]  ( M3 )
Bounds : ( 0.000, 53.100 ) ( 0.220, 53.392 )


VIAENCLOSURE: ( Enclosure ) Regular Wire of Net s_axi_wdata[23]  ( V3 )
Bounds : ( 1.260, 52.188 ) ( 1.332, 52.284 )


VIAENCLOSURE: ( Enclosure ) Regular Wire of Net s_axi_wdata[19]  ( V3 )
Bounds : ( 1.692, 52.764 ) ( 1.764, 52.860 )


VIAENCLOSURE: ( Enclosure ) Regular Wire of Net s_axi_wdata[29]  ( V3 )
Bounds : ( 2.124, 52.764 ) ( 2.196, 52.860 )


WIDTH: ( WidthTable ) Regular Wire of Net s_axi_wdata[18]  ( M3 )
Bounds : ( 0.000, 54.252 ) ( 0.220, 54.472 )


VIAENCLOSURE: ( Enclosure ) Regular Wire of Net s_axi_wdata[22]  ( V3 )
Bounds : ( 7.308, 48.156 ) ( 7.380, 48.252 )


VIAENCLOSURE: ( Enclosure ) Regular Wire of Net s_axi_wdata[26]  ( V3 )
Bounds : ( 7.740, 48.156 ) ( 7.812, 48.252 )


VIAENCLOSURE: ( Enclosure ) Regular Wire of Net s_axi_wdata[28]  ( V3 )
Bounds : ( 7.740, 50.460 ) ( 7.812, 50.556 )


VIAENCLOSURE: ( Enclosure ) Regular Wire of Net s_axi_wdata[26]  ( V5 )
Bounds : ( 7.728, 48.752 ) ( 7.824, 48.880 )


VIAENCLOSURE: ( Enclosure ) Regular Wire of Net s_axi_wdata[28]  ( V5 )
Bounds : ( 7.728, 49.328 ) ( 7.824, 49.456 )


WIDTH: ( WidthTable ) Regular Wire of Net s_axi_wdata[24]  ( M3 )
Bounds : ( 0.000, 50.432 ) ( 0.220, 50.724 )


WIDTH: ( WidthTable ) Regular Wire of Net s_axi_wdata[25]  ( M3 )
Bounds : ( 0.000, 50.076 ) ( 0.220, 50.296 )


VIAENCLOSURE: ( Enclosure ) Regular Wire of Net s_axi_wdata[24]  ( V3 )
Bounds : ( 0.396, 50.460 ) ( 0.468, 50.556 )


OFFGRID: ( Off Grid or Wrong Way ) Regular Wire of Net s_axi_wdata[22]  ( M3 )
Bounds : ( 0.000, 51.512 ) ( 0.220, 51.876 )


OFFGRID: ( Off Grid or Wrong Way ) Regular Wire of Net s_axi_wdata[23]  ( M3 )
Bounds : ( 0.000, 50.900 ) ( 0.220, 51.300 )


OFFGRID: ( Off Grid or Wrong Way ) Regular Wire of Net s_axi_wdata[24]  ( M3 )
Bounds : ( 0.000, 50.432 ) ( 0.220, 50.724 )


WIDTH: ( WidthTable ) Regular Wire of Net s_axi_wdata[23]  ( M3 )
Bounds : ( 0.000, 50.900 ) ( 0.220, 51.300 )


WIDTH: ( WidthTable ) Regular Wire of Net s_axi_wdata[22]  ( M3 )
Bounds : ( 0.000, 51.512 ) ( 0.220, 51.876 )


WIDTH: ( WidthTable ) Regular Wire of Net s_axi_wdata[27]  ( M3 )
Bounds : ( 0.000, 48.560 ) ( 0.220, 48.852 )


WIDTH: ( WidthTable ) Regular Wire of Net s_axi_wdata[28]  ( M3 )
Bounds : ( 0.000, 47.984 ) ( 0.220, 48.276 )


WIDTH: ( WidthTable ) Regular Wire of Net s_axi_wdata[29]  ( M3 )
Bounds : ( 0.000, 47.336 ) ( 0.220, 47.700 )


OFFGRID: ( Off Grid or Wrong Way ) Regular Wire of Net s_axi_wdata[27]  ( M3 )
Bounds : ( 0.000, 48.560 ) ( 0.220, 48.852 )


OFFGRID: ( Off Grid or Wrong Way ) Regular Wire of Net s_axi_wdata[28]  ( M3 )
Bounds : ( 0.000, 47.984 ) ( 0.220, 48.276 )


OFFGRID: ( Off Grid or Wrong Way ) Regular Wire of Net s_axi_wdata[29]  ( M3 )
Bounds : ( 0.000, 47.336 ) ( 0.220, 47.700 )


OFFGRID: ( Off Grid or Wrong Way ) Regular Wire of Net s_axi_wdata[26]  ( M3 )
Bounds : ( 0.000, 49.356 ) ( 0.220, 49.792 )


WIDTH: ( WidthTable ) Regular Wire of Net s_axi_wdata[26]  ( M3 )
Bounds : ( 0.000, 49.356 ) ( 0.220, 49.792 )


VIAENCLOSURE: ( Enclosure ) Regular Wire of Net s_axi_wdata[30]  ( V3 )
Bounds : ( 16.812, 46.236 ) ( 16.884, 46.332 )


VIAENCLOSURE: ( Enclosure ) Regular Wire of Net n_26  ( V3 )
Bounds : ( 16.812, 45.276 ) ( 16.884, 45.372 )


VIAENCLOSURE: ( Enclosure ) Regular Wire of Net n_212  ( V3 )
Bounds : ( 16.956, 45.852 ) ( 17.028, 45.948 )


VIAENCLOSURE: ( Enclosure ) Regular Wire of Net n_26  ( V5 )
Bounds : ( 16.800, 45.296 ) ( 16.896, 45.424 )


VIAENCLOSURE: ( Enclosure ) Regular Wire of Net s_axi_wdata[30]  ( V5 )
Bounds : ( 16.800, 46.160 ) ( 16.896, 46.288 )


VIAENCLOSURE: ( Enclosure ) Regular Wire of Net n_50  ( V3 )
Bounds : ( 15.948, 45.852 ) ( 16.020, 45.948 )


VIAENCLOSURE: ( Enclosure ) Regular Wire of Net u_axi_ctrl_ar_len_reg[0]  ( V3 )
Bounds : ( 15.084, 45.852 ) ( 15.156, 45.948 )


VIAENCLOSURE: ( Enclosure ) Regular Wire of Net u_axi_ctrl_ar_len_reg[0]  ( V5 )
Bounds : ( 15.072, 45.872 ) ( 15.168, 46.000 )


VIAENCLOSURE: ( Enclosure ) Regular Wire of Net n_50  ( V5 )
Bounds : ( 15.936, 45.584 ) ( 16.032, 45.712 )


VIAENCLOSURE: ( Enclosure ) Regular Wire of Net n_54  ( V5 )
Bounds : ( 16.368, 46.736 ) ( 16.464, 46.864 )


VIAENCLOSURE: ( Enclosure ) Regular Wire of Net s_axi_arlen[7]  ( V3 )
Bounds : ( 15.084, 42.396 ) ( 15.156, 42.492 )


VIAENCLOSURE: ( Enclosure ) Regular Wire of Net FE_OFN26_s_axi_rid_0  ( V3 )
Bounds : ( 15.516, 43.548 ) ( 15.588, 43.644 )


VIAENCLOSURE: ( Enclosure ) Regular Wire of Net u_axi_ctrl_ar_len_reg[4]  ( V3 )
Bounds : ( 15.948, 43.548 ) ( 16.020, 43.644 )


VIAENCLOSURE: ( Enclosure ) Regular Wire of Net s_axi_awready  ( V3 )
Bounds : ( 15.948, 44.124 ) ( 16.020, 44.220 )


VIAENCLOSURE: ( Enclosure ) Regular Wire of Net u_axi_ctrl_ar_addr_reg[4]  ( V3 )
Bounds : ( 16.380, 44.124 ) ( 16.452, 44.220 )


VIAENCLOSURE: ( Enclosure ) Regular Wire of Net n_202  ( V3 )
Bounds : ( 16.812, 43.548 ) ( 16.884, 43.644 )


VIAENCLOSURE: ( Enclosure ) Regular Wire of Net n_207  ( V3 )
Bounds : ( 16.956, 42.588 ) ( 17.028, 42.684 )


VIAENCLOSURE: ( Enclosure ) Regular Wire of Net n_202  ( V5 )
Bounds : ( 16.800, 43.856 ) ( 16.896, 43.984 )


VIAENCLOSURE: ( Enclosure ) Regular Wire of Net n_145  ( V3 )
Bounds : ( 12.060, 45.852 ) ( 12.132, 45.948 )


VIAENCLOSURE: ( Enclosure ) Regular Wire of Net n_28  ( V3 )
Bounds : ( 13.788, 45.852 ) ( 13.860, 45.948 )


VIAENCLOSURE: ( Enclosure ) Regular Wire of Net n_145  ( V5 )
Bounds : ( 12.048, 45.584 ) ( 12.144, 45.712 )


VIAENCLOSURE: ( Enclosure ) Regular Wire of Net s_axi_wdata[15]  ( V5 )
Bounds : ( 13.344, 46.160 ) ( 13.440, 46.288 )


VIAENCLOSURE: ( Enclosure ) Regular Wire of Net n_91  ( V3 )
Bounds : ( 16.668, 41.052 ) ( 16.740, 41.148 )


VIAENCLOSURE: ( Enclosure ) Regular Wire of Net u_axi_ctrl_ar_size_reg[1]  ( V3 )
Bounds : ( 15.948, 41.820 ) ( 16.020, 41.916 )


VIAENCLOSURE: ( Enclosure ) Regular Wire of Net u_axi_ctrl_ar_size_reg[0]  ( V3 )
Bounds : ( 16.956, 41.436 ) ( 17.028, 41.532 )


VIAENCLOSURE: ( Enclosure ) Regular Wire of Net s_axi_arlen[7]  ( V5 )
Bounds : ( 15.072, 41.840 ) ( 15.168, 41.968 )


VIAENCLOSURE: ( Enclosure ) Regular Wire of Net rst_n  ( V5 )
Bounds : ( 15.936, 40.400 ) ( 16.032, 40.528 )


VIAENCLOSURE: ( Enclosure ) Regular Wire of Net u_axi_ctrl_ar_size_reg[1]  ( V5 )
Bounds : ( 15.936, 41.552 ) ( 16.032, 41.680 )


VIAENCLOSURE: ( Enclosure ) Regular Wire of Net n_93  ( V3 )
Bounds : ( 16.812, 39.324 ) ( 16.884, 39.420 )


VIAENCLOSURE: ( Enclosure ) Regular Wire of Net n_223  ( V3 )
Bounds : ( 16.812, 38.172 ) ( 16.884, 38.268 )


VIAENCLOSURE: ( Enclosure ) Regular Wire of Net rst_n  ( V3 )
Bounds : ( 15.948, 39.516 ) ( 16.020, 39.612 )


VIAENCLOSURE: ( Enclosure ) Regular Wire of Net u_axi_ctrl_ar_size_reg[2]  ( V5 )
Bounds : ( 16.800, 37.520 ) ( 16.896, 37.648 )


VIAENCLOSURE: ( Enclosure ) Regular Wire of Net n_94  ( V3 )
Bounds : ( 16.812, 37.788 ) ( 16.884, 37.884 )


VIAENCLOSURE: ( Enclosure ) Regular Wire of Net s_axi_arlen[5]  ( V3 )
Bounds : ( 13.356, 37.788 ) ( 13.428, 37.884 )


VIAENCLOSURE: ( Enclosure ) Regular Wire of Net u_axi_ctrl_ar_len_reg[5]  ( V3 )
Bounds : ( 14.220, 41.820 ) ( 14.292, 41.916 )


VIAENCLOSURE: ( Enclosure ) Regular Wire of Net s_axi_arlen[5]  ( V5 )
Bounds : ( 13.344, 38.096 ) ( 13.440, 38.224 )


VIAENCLOSURE: ( Enclosure ) Regular Wire of Net u_axi_ctrl_ar_len_reg[5]  ( V5 )
Bounds : ( 14.208, 41.552 ) ( 14.304, 41.680 )


VIAENCLOSURE: ( Enclosure ) Regular Wire of Net s_axi_wdata[20]  ( V3 )
Bounds : ( 6.444, 45.852 ) ( 6.516, 45.948 )


VIAENCLOSURE: ( Enclosure ) Regular Wire of Net s_axi_wdata[16]  ( V3 )
Bounds : ( 8.172, 44.124 ) ( 8.244, 44.220 )


VIAENCLOSURE: ( Enclosure ) Regular Wire of Net s_axi_wdata[20]  ( V5 )
Bounds : ( 6.432, 45.584 ) ( 6.528, 45.712 )


VIAENCLOSURE: ( Enclosure ) Regular Wire of Net s_axi_wdata[16]  ( V5 )
Bounds : ( 8.160, 43.856 ) ( 8.256, 43.984 )


WIDTH: ( WidthTable ) Regular Wire of Net s_axi_awready  ( M3 )
Bounds : ( 0.000, 45.756 ) ( 0.220, 45.976 )


OFFGRID: ( Off Grid or Wrong Way ) Regular Wire of Net s_axi_wdata[31]  ( M3 )
Bounds : ( 0.000, 46.112 ) ( 0.220, 46.404 )


OFFGRID: ( Off Grid or Wrong Way ) Regular Wire of Net s_axi_awvalid  ( M3 )
Bounds : ( 0.070, 45.322 ) ( 0.218, 45.394 )


VIAENCLOSURE: ( Enclosure ) Regular Wire of Net s_axi_wdata[9]  ( V3 )
Bounds : ( 1.692, 44.124 ) ( 1.764, 44.220 )


WIDTH: ( WidthTable ) Regular Wire of Net s_axi_awvalid  ( M3 )
Bounds : ( 0.000, 45.032 ) ( 0.220, 45.252 )


WIDTH: ( WidthTable ) Regular Wire of Net s_axi_wdata[31]  ( M3 )
Bounds : ( 0.000, 46.112 ) ( 0.220, 46.404 )


WIDTH: ( WidthTable ) Regular Wire of Net s_axi_wdata[30]  ( M3 )
Bounds : ( 0.000, 46.760 ) ( 0.220, 46.980 )


WIDTH: ( WidthTable ) Regular Wire of Net s_axi_awvalid  ( M3 )
Bounds : ( 0.070, 45.322 ) ( 0.218, 45.650 )


SPACING: ( ParallelRunLength Spacing ) Regular Wire of Net s_axi_awvalid  ( M3 )
Bounds : ( 0.070, 45.252 ) ( 0.218, 45.322 )


OFFGRID: ( Off Grid or Wrong Way ) Regular Wire of Net s_axi_wdata[14]  ( M3 )
Bounds : ( 0.000, 56.300 ) ( 0.220, 56.772 )


WIDTH: ( WidthTable ) Regular Wire of Net s_axi_wdata[14]  ( M3 )
Bounds : ( 0.000, 56.300 ) ( 0.220, 56.772 )


VIAENCLOSURE: ( Enclosure ) Regular Wire of Net s_axi_arlen[0]  ( V3 )
Bounds : ( 67.788, 37.212 ) ( 67.860, 37.308 )


VIAENCLOSURE: ( Enclosure ) Regular Wire of Net s_axi_arlen[2]  ( V3 )
Bounds : ( 75.564, 34.908 ) ( 75.636, 35.004 )


VIAENCLOSURE: ( Enclosure ) Regular Wire of Net s_axi_arlen[5]  ( V3 )
Bounds : ( 76.428, 35.484 ) ( 76.500, 35.580 )


VIAENCLOSURE: ( Enclosure ) Regular Wire of Net s_axi_arlen[0]  ( V5 )
Bounds : ( 67.776, 36.944 ) ( 67.872, 37.072 )


VIAENCLOSURE: ( Enclosure ) Regular Wire of Net s_axi_arlen[5]  ( V5 )
Bounds : ( 76.416, 35.504 ) ( 76.512, 35.632 )


OFFGRID: ( Off Grid or Wrong Way ) Regular Wire of Net s_axi_arsize[1]  ( M3 )
Bounds : ( 76.532, 32.076 ) ( 76.752, 32.512 )


OFFGRID: ( Off Grid or Wrong Way ) Regular Wire of Net s_axi_arsize[2]  ( M3 )
Bounds : ( 76.532, 31.500 ) ( 76.752, 31.936 )


OFFGRID: ( Off Grid or Wrong Way ) Regular Wire of Net s_axi_arlen[0]  ( M3 )
Bounds : ( 76.532, 30.924 ) ( 76.752, 31.288 )


OFFGRID: ( Off Grid or Wrong Way ) Regular Wire of Net s_axi_arlen[2]  ( M3 )
Bounds : ( 76.532, 29.772 ) ( 76.752, 30.064 )


OFFGRID: ( Off Grid or Wrong Way ) Regular Wire of Net s_axi_arlen[3]  ( M3 )
Bounds : ( 76.532, 28.976 ) ( 76.752, 29.268 )


OFFGRID: ( Off Grid or Wrong Way ) Regular Wire of Net s_axi_arlen[4]  ( M3 )
Bounds : ( 76.532, 28.476 ) ( 76.752, 28.840 )


WIDTH: ( WidthTable ) Regular Wire of Net s_axi_arlen[4]  ( M3 )
Bounds : ( 76.532, 28.476 ) ( 76.752, 28.840 )


WIDTH: ( WidthTable ) Regular Wire of Net s_axi_arlen[3]  ( M3 )
Bounds : ( 76.532, 28.976 ) ( 76.752, 29.268 )


WIDTH: ( WidthTable ) Regular Wire of Net s_axi_arlen[2]  ( M3 )
Bounds : ( 76.532, 29.772 ) ( 76.752, 30.064 )


WIDTH: ( WidthTable ) Regular Wire of Net s_axi_arlen[1]  ( M3 )
Bounds : ( 76.532, 30.200 ) ( 76.752, 30.420 )


WIDTH: ( WidthTable ) Regular Wire of Net s_axi_arlen[0]  ( M3 )
Bounds : ( 76.532, 30.924 ) ( 76.752, 31.288 )


WIDTH: ( WidthTable ) Regular Wire of Net s_axi_arsize[2]  ( M3 )
Bounds : ( 76.532, 31.500 ) ( 76.752, 31.936 )


WIDTH: ( WidthTable ) Regular Wire of Net s_axi_arsize[1]  ( M3 )
Bounds : ( 76.532, 32.076 ) ( 76.752, 32.512 )


VIAENCLOSURE: ( Enclosure ) Regular Wire of Net s_axi_araddr[1]  ( V3 )
Bounds : ( 68.220, 28.572 ) ( 68.292, 28.668 )


VIAENCLOSURE: ( Enclosure ) Regular Wire of Net s_axi_arsize[0]  ( V3 )
Bounds : ( 67.788, 30.876 ) ( 67.860, 30.972 )


VIAENCLOSURE: ( Enclosure ) Regular Wire of Net s_axi_arsize[0]  ( V5 )
Bounds : ( 67.776, 31.184 ) ( 67.872, 31.312 )


WIDTH: ( WidthTable ) Regular Wire of Net s_axi_arsize[0]  ( M3 )
Bounds : ( 76.532, 32.652 ) ( 76.752, 32.872 )


VIAENCLOSURE: ( Enclosure ) Regular Wire of Net n_6  ( V3 )
Bounds : ( 62.604, 35.484 ) ( 62.676, 35.580 )


VIAENCLOSURE: ( Enclosure ) Regular Wire of Net FE_OFN3_s_axi_wready  ( V3 )
Bounds : ( 63.468, 35.484 ) ( 63.540, 35.580 )


VIAENCLOSURE: ( Enclosure ) Regular Wire of Net n_78  ( V3 )
Bounds : ( 63.900, 37.212 ) ( 63.972, 37.308 )


VIAENCLOSURE: ( Enclosure ) Regular Wire of Net s_axi_araddr[4]  ( V3 )
Bounds : ( 64.764, 34.908 ) ( 64.836, 35.004 )


VIAENCLOSURE: ( Enclosure ) Regular Wire of Net FE_OFN15_s_axi_bvalid  ( V3 )
Bounds : ( 65.196, 37.212 ) ( 65.268, 37.308 )


VIAENCLOSURE: ( Enclosure ) Regular Wire of Net n_6  ( V5 )
Bounds : ( 62.592, 35.504 ) ( 62.688, 35.632 )


VIAENCLOSURE: ( Enclosure ) Regular Wire of Net n_282  ( V3 )
Bounds : ( 58.284, 36.252 ) ( 58.356, 36.348 )


VIAENCLOSURE: ( Enclosure ) Regular Wire of Net u_axi_ctrl_aw_addr_reg[0]  ( V3 )
Bounds : ( 58.284, 37.212 ) ( 58.356, 37.308 )


VIAENCLOSURE: ( Enclosure ) Regular Wire of Net CTS_12  ( V3 )
Bounds : ( 59.004, 37.212 ) ( 59.076, 37.308 )


VIAENCLOSURE: ( Enclosure ) Regular Wire of Net n_89  ( V3 )
Bounds : ( 59.580, 35.484 ) ( 59.652, 35.580 )


VIAENCLOSURE: ( Enclosure ) Regular Wire of Net s_axi_arsize[1]  ( V3 )
Bounds : ( 61.308, 33.180 ) ( 61.380, 33.276 )


VIAENCLOSURE: ( Enclosure ) Regular Wire of Net n_284  ( V3 )
Bounds : ( 61.308, 34.908 ) ( 61.380, 35.004 )


VIAENCLOSURE: ( Enclosure ) Regular Wire of Net n_96  ( V3 )
Bounds : ( 61.452, 37.212 ) ( 61.524, 37.308 )


VIAENCLOSURE: ( Enclosure ) Regular Wire of Net u_axi_ctrl_aw_addr_reg[0]  ( V5 )
Bounds : ( 58.272, 37.232 ) ( 58.368, 37.360 )


VIAENCLOSURE: ( Enclosure ) Regular Wire of Net n_89  ( V5 )
Bounds : ( 59.568, 36.368 ) ( 59.664, 36.496 )


VIAENCLOSURE: ( Enclosure ) Regular Wire of Net s_axi_arsize[2]  ( V3 )
Bounds : ( 62.604, 30.876 ) ( 62.676, 30.972 )


VIAENCLOSURE: ( Enclosure ) Regular Wire of Net n_78  ( V3 )
Bounds : ( 63.324, 28.572 ) ( 63.396, 28.668 )


VIAENCLOSURE: ( Enclosure ) Regular Wire of Net s_axi_rid[0]  ( V3 )
Bounds : ( 64.332, 30.684 ) ( 64.404, 30.780 )


VIAENCLOSURE: ( Enclosure ) Regular Wire of Net s_axi_arsize[2]  ( V5 )
Bounds : ( 62.592, 30.608 ) ( 62.688, 30.736 )


SHORT: ( Metal Short ) Regular Wire of Net s_axi_rid[2] & Pin of Cell FE_OFC25_s_axi_rid_1  ( M1 )
Bounds : ( 64.188, 30.276 ) ( 64.260, 30.348 )


SHORT: ( Metal Short ) Regular Wire of Net s_axi_rid[1] & Pin of Cell FE_OFC23_s_axi_rid_2  ( M1 )
Bounds : ( 64.440, 29.520 ) ( 64.512, 29.592 )


VIAENCLOSURE: ( Enclosure ) Regular Wire of Net FE_OFN23_s_axi_rid_2  ( V3 )
Bounds : ( 58.284, 32.412 ) ( 58.356, 32.508 )


VIAENCLOSURE: ( Enclosure ) Regular Wire of Net bram_waddr_wire[3]  ( V3 )
Bounds : ( 59.436, 30.876 ) ( 59.508, 30.972 )


VIAENCLOSURE: ( Enclosure ) Regular Wire of Net CTS_54  ( V3 )
Bounds : ( 59.580, 31.452 ) ( 59.652, 31.548 )


VIAENCLOSURE: ( Enclosure ) Regular Wire of Net n_104  ( V3 )
Bounds : ( 59.724, 32.028 ) ( 59.796, 32.124 )


VIAENCLOSURE: ( Enclosure ) Regular Wire of Net CTS_54  ( V5 )
Bounds : ( 59.568, 31.472 ) ( 59.664, 31.600 )


VIAENCLOSURE: ( Enclosure ) Regular Wire of Net s_axi_arsize[1]  ( V5 )
Bounds : ( 61.296, 32.336 ) ( 61.392, 32.464 )


VIAENCLOSURE: ( Enclosure ) Regular Wire of Net FE_OFN23_s_axi_rid_2  ( V3 )
Bounds : ( 58.284, 28.572 ) ( 58.356, 28.668 )


VIAENCLOSURE: ( Enclosure ) Regular Wire of Net CTS_20  ( V3 )
Bounds : ( 59.580, 28.572 ) ( 59.652, 28.668 )


VIAENCLOSURE: ( Enclosure ) Regular Wire of Net CTS_19  ( V3 )
Bounds : ( 60.732, 28.572 ) ( 60.804, 28.668 )


VIAENCLOSURE: ( Enclosure ) Regular Wire of Net n_73  ( V3 )
Bounds : ( 61.308, 28.572 ) ( 61.380, 28.668 )


VIAENCLOSURE: ( Enclosure ) Regular Wire of Net s_axi_awaddr[10]  ( V3 )
Bounds : ( 61.308, 29.148 ) ( 61.380, 29.244 )


VIAENCLOSURE: ( Enclosure ) Regular Wire of Net s_axi_awaddr[10]  ( V5 )
Bounds : ( 61.296, 29.168 ) ( 61.392, 29.296 )


SHORT: ( Metal Short ) Regular Wire of Net FE_OFN23_s_axi_rid_2 & Pin of Cell FE_OFC25_s_axi_rid_1  ( M1 )
Bounds : ( 58.176, 29.664 ) ( 58.248, 29.736 )


SHORT: ( Metal Short ) Regular Wire of Net FE_OFN24_s_axi_rid_1 & Pin of Cell FE_OFC23_s_axi_rid_2  ( M1 )
Bounds : ( 58.176, 30.088 ) ( 58.248, 30.176 )


OFFGRID: ( Off Grid or Wrong Way ) Regular Wire of Net s_axi_arlen[6]  ( M3 )
Bounds : ( 76.532, 27.140 ) ( 76.752, 27.396 )


OFFGRID: ( Off Grid or Wrong Way ) Regular Wire of Net s_axi_arlen[7]  ( M3 )
Bounds : ( 76.532, 26.528 ) ( 76.752, 26.820 )


OFFGRID: ( Off Grid or Wrong Way ) Regular Wire of Net s_axi_araddr[1]  ( M3 )
Bounds : ( 76.532, 25.596 ) ( 76.752, 25.888 )


OFFGRID: ( Off Grid or Wrong Way ) Regular Wire of Net s_axi_araddr[2]  ( M3 )
Bounds : ( 76.532, 25.020 ) ( 76.752, 25.456 )


OFFGRID: ( Off Grid or Wrong Way ) Regular Wire of Net s_axi_araddr[3]  ( M3 )
Bounds : ( 76.532, 24.444 ) ( 76.752, 24.808 )


OFFGRID: ( Off Grid or Wrong Way ) Regular Wire of Net s_axi_araddr[5]  ( M3 )
Bounds : ( 76.532, 23.148 ) ( 76.752, 23.584 )


WIDTH: ( WidthTable ) Regular Wire of Net s_axi_araddr[5]  ( M3 )
Bounds : ( 76.532, 23.148 ) ( 76.752, 23.584 )


WIDTH: ( WidthTable ) Regular Wire of Net s_axi_araddr[4]  ( M3 )
Bounds : ( 76.532, 23.720 ) ( 76.752, 23.940 )


WIDTH: ( WidthTable ) Regular Wire of Net s_axi_araddr[3]  ( M3 )
Bounds : ( 76.532, 24.444 ) ( 76.752, 24.808 )


WIDTH: ( WidthTable ) Regular Wire of Net s_axi_araddr[2]  ( M3 )
Bounds : ( 76.532, 25.020 ) ( 76.752, 25.456 )


WIDTH: ( WidthTable ) Regular Wire of Net s_axi_araddr[1]  ( M3 )
Bounds : ( 76.532, 25.596 ) ( 76.752, 25.888 )


WIDTH: ( WidthTable ) Regular Wire of Net s_axi_araddr[0]  ( M3 )
Bounds : ( 76.532, 26.172 ) ( 76.752, 26.392 )


WIDTH: ( WidthTable ) Regular Wire of Net s_axi_arlen[7]  ( M3 )
Bounds : ( 76.532, 26.528 ) ( 76.752, 26.820 )


WIDTH: ( WidthTable ) Regular Wire of Net s_axi_arlen[6]  ( M3 )
Bounds : ( 76.532, 27.140 ) ( 76.752, 27.396 )


VIAENCLOSURE: ( Enclosure ) Regular Wire of Net s_axi_arlen[3]  ( V3 )
Bounds : ( 67.788, 26.844 ) ( 67.860, 26.940 )


VIAENCLOSURE: ( Enclosure ) Regular Wire of Net s_axi_araddr[4]  ( V3 )
Bounds : ( 69.084, 26.268 ) ( 69.156, 26.364 )


VIAENCLOSURE: ( Enclosure ) Regular Wire of Net s_axi_arlen[3]  ( V5 )
Bounds : ( 67.776, 26.864 ) ( 67.872, 26.992 )


OFFGRID: ( Off Grid or Wrong Way ) Regular Wire of Net s_axi_araddr[11]  ( M3 )
Bounds : ( 76.532, 19.400 ) ( 76.752, 19.764 )


OFFGRID: ( Off Grid or Wrong Way ) Regular Wire of Net s_axi_araddr[10]  ( M3 )
Bounds : ( 76.532, 19.904 ) ( 76.752, 20.340 )


OFFGRID: ( Off Grid or Wrong Way ) Regular Wire of Net s_axi_araddr[9]  ( M3 )
Bounds : ( 76.532, 20.844 ) ( 76.752, 21.136 )


VIAENCLOSURE: ( Enclosure ) Regular Wire of Net s_axi_rid[3]  ( V3 )
Bounds : ( 69.948, 19.932 ) ( 70.020, 20.028 )


VIAENCLOSURE: ( Enclosure ) Regular Wire of Net s_axi_araddr[8]  ( V3 )
Bounds : ( 75.852, 20.508 ) ( 75.924, 20.604 )


WIDTH: ( WidthTable ) Regular Wire of Net s_axi_araddr[11]  ( M3 )
Bounds : ( 76.532, 19.400 ) ( 76.752, 19.764 )


WIDTH: ( WidthTable ) Regular Wire of Net s_axi_araddr[10]  ( M3 )
Bounds : ( 76.532, 19.904 ) ( 76.752, 20.340 )


WIDTH: ( WidthTable ) Regular Wire of Net s_axi_araddr[9]  ( M3 )
Bounds : ( 76.532, 20.844 ) ( 76.752, 21.136 )


WIDTH: ( WidthTable ) Regular Wire of Net s_axi_araddr[8]  ( M3 )
Bounds : ( 76.532, 21.272 ) ( 76.752, 21.492 )


WIDTH: ( WidthTable ) Regular Wire of Net s_axi_araddr[7]  ( M3 )
Bounds : ( 76.532, 21.996 ) ( 76.752, 22.216 )


WIDTH: ( WidthTable ) Regular Wire of Net s_axi_araddr[6]  ( M3 )
Bounds : ( 76.532, 22.572 ) ( 76.752, 22.792 )


VIAENCLOSURE: ( Enclosure ) Regular Wire of Net FE_OFN7_s_axi_bid_3  ( V3 )
Bounds : ( 63.036, 23.580 ) ( 63.108, 23.676 )


VIAENCLOSURE: ( Enclosure ) Regular Wire of Net FE_OFN24_s_axi_rid_1  ( V3 )
Bounds : ( 64.332, 26.268 ) ( 64.404, 26.364 )


VIAENCLOSURE: ( Enclosure ) Regular Wire of Net s_axi_arlen[7]  ( V3 )
Bounds : ( 65.196, 26.268 ) ( 65.268, 26.364 )


VIAENCLOSURE: ( Enclosure ) Regular Wire of Net FE_OFN24_s_axi_rid_1  ( V5 )
Bounds : ( 63.456, 26.000 ) ( 63.552, 26.128 )


VIAENCLOSURE: ( Enclosure ) Regular Wire of Net s_axi_arlen[7]  ( V5 )
Bounds : ( 65.184, 26.000 ) ( 65.280, 26.128 )


SHORT: ( Metal Short ) Regular Wire of Net FE_OFN24_s_axi_rid_1 & Pin of Cell FE_OFC20_s_axi_rid_4  ( M1 )
Bounds : ( 64.440, 23.608 ) ( 64.512, 23.696 )


VIAENCLOSURE: ( Enclosure ) Regular Wire of Net CTS_22  ( V3 )
Bounds : ( 58.860, 24.540 ) ( 58.932, 24.636 )


VIAENCLOSURE: ( Enclosure ) Regular Wire of Net n_156  ( V3 )
Bounds : ( 59.148, 24.924 ) ( 59.220, 25.020 )


VIAENCLOSURE: ( Enclosure ) Regular Wire of Net CTS_20  ( V3 )
Bounds : ( 59.724, 24.156 ) ( 59.796, 24.252 )


VIAENCLOSURE: ( Enclosure ) Regular Wire of Net CTS_33  ( V3 )
Bounds : ( 60.012, 27.036 ) ( 60.084, 27.132 )


VIAENCLOSURE: ( Enclosure ) Regular Wire of Net CTS_61  ( V3 )
Bounds : ( 61.596, 26.844 ) ( 61.668, 26.940 )


VIAENCLOSURE: ( Enclosure ) Regular Wire of Net CTS_60  ( V3 )
Bounds : ( 62.172, 27.036 ) ( 62.244, 27.132 )


VIAENCLOSURE: ( Enclosure ) Regular Wire of Net n_6  ( V3 )
Bounds : ( 62.604, 20.508 ) ( 62.676, 20.604 )


VIAENCLOSURE: ( Enclosure ) Regular Wire of Net n_196  ( V3 )
Bounds : ( 63.036, 22.236 ) ( 63.108, 22.332 )


VIAENCLOSURE: ( Enclosure ) Regular Wire of Net n_78  ( V3 )
Bounds : ( 63.900, 20.508 ) ( 63.972, 20.604 )


VIAENCLOSURE: ( Enclosure ) Regular Wire of Net n_6  ( V5 )
Bounds : ( 62.592, 20.528 ) ( 62.688, 20.656 )


VIAENCLOSURE: ( Enclosure ) Regular Wire of Net n_196  ( V5 )
Bounds : ( 63.024, 21.968 ) ( 63.120, 22.096 )


VIAENCLOSURE: ( Enclosure ) Regular Wire of Net n_78  ( V5 )
Bounds : ( 63.888, 19.664 ) ( 63.984, 19.792 )


VIAENCLOSURE: ( Enclosure ) Regular Wire of Net u_axi_ctrl_ar_addr_reg[9]  ( V3 )
Bounds : ( 61.308, 19.932 ) ( 61.380, 20.028 )


VIAENCLOSURE: ( Enclosure ) Regular Wire of Net CTS_4  ( V3 )
Bounds : ( 59.148, 21.468 ) ( 59.220, 21.564 )


VIAENCLOSURE: ( Enclosure ) Regular Wire of Net u_axi_ctrl_ar_addr_reg[10]  ( V3 )
Bounds : ( 58.716, 22.236 ) ( 58.788, 22.332 )


VIAENCLOSURE: ( Enclosure ) Regular Wire of Net CTS_4  ( V5 )
Bounds : ( 59.136, 21.392 ) ( 59.232, 21.520 )


OFFGRID: ( Off Grid or Wrong Way ) Regular Wire of Net s_axi_arlen[5]  ( M3 )
Bounds : ( 76.532, 27.608 ) ( 76.752, 27.972 )


WIDTH: ( WidthTable ) Regular Wire of Net s_axi_arlen[5]  ( M3 )
Bounds : ( 76.532, 27.608 ) ( 76.752, 27.972 )


VIAENCLOSURE: ( Enclosure ) Regular Wire of Net n_17  ( V3 )
Bounds : ( 54.540, 36.444 ) ( 54.612, 36.540 )


VIAENCLOSURE: ( Enclosure ) Regular Wire of Net CTS_42  ( V3 )
Bounds : ( 54.828, 35.484 ) ( 54.900, 35.580 )


VIAENCLOSURE: ( Enclosure ) Regular Wire of Net CTS_41  ( V3 )
Bounds : ( 56.268, 35.484 ) ( 56.340, 35.580 )


VIAENCLOSURE: ( Enclosure ) Regular Wire of Net n_282  ( V3 )
Bounds : ( 57.132, 36.252 ) ( 57.204, 36.348 )


VIAENCLOSURE: ( Enclosure ) Regular Wire of Net CTS_38  ( V3 )
Bounds : ( 57.420, 37.212 ) ( 57.492, 37.308 )


VIAENCLOSURE: ( Enclosure ) Regular Wire of Net CTS_42  ( V5 )
Bounds : ( 54.816, 35.504 ) ( 54.912, 35.632 )


VIAENCLOSURE: ( Enclosure ) Regular Wire of Net CTS_41  ( V5 )
Bounds : ( 56.112, 35.792 ) ( 56.208, 35.920 )


VIAENCLOSURE: ( Enclosure ) Regular Wire of Net CTS_38  ( V5 )
Bounds : ( 57.408, 36.944 ) ( 57.504, 37.072 )


VIAENCLOSURE: ( Enclosure ) Regular Wire of Net s_axi_araddr[1]  ( V3 )
Bounds : ( 53.388, 34.908 ) ( 53.460, 35.004 )


VIAENCLOSURE: ( Enclosure ) Regular Wire of Net n_181  ( V3 )
Bounds : ( 54.108, 33.180 ) ( 54.180, 33.276 )


VIAENCLOSURE: ( Enclosure ) Regular Wire of Net n_184  ( V3 )
Bounds : ( 55.260, 32.988 ) ( 55.332, 33.084 )


VIAENCLOSURE: ( Enclosure ) Regular Wire of Net n_29  ( V3 )
Bounds : ( 55.404, 33.948 ) ( 55.476, 34.044 )


VIAENCLOSURE: ( Enclosure ) Regular Wire of Net n_163  ( V3 )
Bounds : ( 55.980, 34.908 ) ( 56.052, 35.004 )


VIAENCLOSURE: ( Enclosure ) Regular Wire of Net n_34  ( V3 )
Bounds : ( 56.556, 34.908 ) ( 56.628, 35.004 )


VIAENCLOSURE: ( Enclosure ) Regular Wire of Net n_93  ( V3 )
Bounds : ( 57.420, 34.908 ) ( 57.492, 35.004 )


VIAENCLOSURE: ( Enclosure ) Regular Wire of Net n_163  ( V5 )
Bounds : ( 55.680, 34.928 ) ( 55.776, 35.056 )


VIAENCLOSURE: ( Enclosure ) Regular Wire of Net n_73  ( V3 )
Bounds : ( 52.236, 37.212 ) ( 52.308, 37.308 )


VIAENCLOSURE: ( Enclosure ) Regular Wire of Net CTS_47  ( V3 )
Bounds : ( 51.948, 35.484 ) ( 52.020, 35.580 )


VIAENCLOSURE: ( Enclosure ) Regular Wire of Net s_axi_arlen[0]  ( V3 )
Bounds : ( 50.940, 37.212 ) ( 51.012, 37.308 )


VIAENCLOSURE: ( Enclosure ) Regular Wire of Net s_axi_arlen[0]  ( V5 )
Bounds : ( 50.928, 36.656 ) ( 51.024, 36.784 )


VIAENCLOSURE: ( Enclosure ) Regular Wire of Net CTS_51  ( V5 )
Bounds : ( 51.360, 35.792 ) ( 51.456, 35.920 )


VIAENCLOSURE: ( Enclosure ) Regular Wire of Net CTS_47  ( V5 )
Bounds : ( 52.008, 35.504 ) ( 52.104, 35.632 )


VIAENCLOSURE: ( Enclosure ) Regular Wire of Net clk  ( V5 )
Bounds : ( 49.632, 35.216 ) ( 49.728, 35.344 )


VIAENCLOSURE: ( Enclosure ) Regular Wire of Net n_214  ( V5 )
Bounds : ( 48.984, 36.656 ) ( 49.080, 36.784 )


VIAENCLOSURE: ( Enclosure ) Regular Wire of Net n_216  ( V5 )
Bounds : ( 48.336, 35.504 ) ( 48.432, 35.632 )


VIAENCLOSURE: ( Enclosure ) Regular Wire of Net CTS_55  ( V3 )
Bounds : ( 49.644, 37.212 ) ( 49.716, 37.308 )


VIAENCLOSURE: ( Enclosure ) Regular Wire of Net clk  ( V3 )
Bounds : ( 49.644, 35.676 ) ( 49.716, 35.772 )


VIAENCLOSURE: ( Enclosure ) Regular Wire of Net n_214  ( V3 )
Bounds : ( 48.924, 37.212 ) ( 48.996, 37.308 )


VIAENCLOSURE: ( Enclosure ) Regular Wire of Net u_sram_macro_sram_addr[4]  ( V3 )
Bounds : ( 48.780, 35.484 ) ( 48.852, 35.580 )


VIAENCLOSURE: ( Enclosure ) Regular Wire of Net CTS_55  ( V5 )
Bounds : ( 49.632, 36.944 ) ( 49.728, 37.072 )


VIAENCLOSURE: ( Enclosure ) Regular Wire of Net n_216  ( V3 )
Bounds : ( 48.348, 34.908 ) ( 48.420, 35.004 )


VIAENCLOSURE: ( Enclosure ) Regular Wire of Net bram_waddr_wire[1]  ( V3 )
Bounds : ( 49.068, 33.180 ) ( 49.140, 33.276 )


VIAENCLOSURE: ( Enclosure ) Regular Wire of Net n_27  ( V3 )
Bounds : ( 49.644, 34.716 ) ( 49.716, 34.812 )


VIAENCLOSURE: ( Enclosure ) Regular Wire of Net CTS_53  ( V3 )
Bounds : ( 50.508, 33.180 ) ( 50.580, 33.276 )


VIAENCLOSURE: ( Enclosure ) Regular Wire of Net CTS_51  ( V3 )
Bounds : ( 51.372, 33.372 ) ( 51.444, 33.468 )


VIAENCLOSURE: ( Enclosure ) Regular Wire of Net CTS_43  ( V5 )
Bounds : ( 49.200, 34.928 ) ( 49.296, 35.056 )


VIAENCLOSURE: ( Enclosure ) Regular Wire of Net n_27  ( V5 )
Bounds : ( 49.632, 33.776 ) ( 49.728, 33.904 )


VIAENCLOSURE: ( Enclosure ) Regular Wire of Net CTS_53  ( V5 )
Bounds : ( 50.496, 32.912 ) ( 50.592, 33.040 )


VIAENCLOSURE: ( Enclosure ) Regular Wire of Net n_34  ( V5 )
Bounds : ( 50.496, 34.928 ) ( 50.592, 35.056 )


VIAENCLOSURE: ( Enclosure ) Regular Wire of Net CTS_43  ( V3 )
Bounds : ( 49.212, 35.100 ) ( 49.284, 35.196 )


VIAENCLOSURE: ( Enclosure ) Regular Wire of Net u_sram_macro_sram_addr[1]  ( V3 )
Bounds : ( 53.100, 32.220 ) ( 53.172, 32.316 )


Geometric: ( Rect Only ) Special Wire of Net VDD  ( M6 )
Bounds : ( 54.112, 31.712 ) ( 54.240, 31.776 )


Geometric: ( Rect Only ) Special Wire of Net VDD  ( M6 )
Bounds : ( 54.112, 31.296 ) ( 54.240, 31.360 )


Geometric: ( Rect Only ) Special Wire of Net VDD  ( M6 )
Bounds : ( 53.312, 31.712 ) ( 53.440, 31.776 )


Geometric: ( Rect Only ) Special Wire of Net VDD  ( M6 )
Bounds : ( 53.312, 31.296 ) ( 53.440, 31.360 )


Geometric: ( Rect Only ) Special Wire of Net VDD  ( M3 )
Bounds : ( 54.140, 31.464 ) ( 54.176, 31.536 )


Geometric: ( Rect Only ) Special Wire of Net VDD  ( M3 )
Bounds : ( 53.376, 31.464 ) ( 53.412, 31.536 )


VIAENCLOSURE: ( Enclosure ) Regular Wire of Net s_axi_araddr[4]  ( V3 )
Bounds : ( 54.108, 32.220 ) ( 54.180, 32.316 )


VIAENCLOSURE: ( Enclosure ) Regular Wire of Net n_92  ( V3 )
Bounds : ( 55.260, 30.876 ) ( 55.332, 30.972 )


VIAENCLOSURE: ( Enclosure ) Regular Wire of Net FE_OFN9_s_axi_bid_2  ( V3 )
Bounds : ( 56.556, 30.492 ) ( 56.628, 30.588 )


WIDTH: ( WidthTable ) Special Wire of Net VDD  ( M3 )
Bounds : ( 53.376, 31.464 ) ( 54.176, 31.572 )


Geometric: ( Rect Only ) Special Wire of Net VDD  ( M7 )
Bounds : ( 54.048, 29.632 ) ( 54.112, 29.760 )


Geometric: ( Rect Only ) Special Wire of Net VDD  ( M7 )
Bounds : ( 53.312, 29.200 ) ( 53.440, 29.264 )


Geometric: ( Rect Only ) Special Wire of Net VDD  ( M6 )
Bounds : ( 54.048, 29.696 ) ( 54.176, 29.760 )


Geometric: ( Rect Only ) Special Wire of Net VDD  ( M6 )
Bounds : ( 54.048, 29.280 ) ( 54.176, 29.344 )


Geometric: ( Rect Only ) Special Wire of Net VDD  ( M6 )
Bounds : ( 53.248, 29.696 ) ( 53.376, 29.760 )


Geometric: ( Rect Only ) Special Wire of Net VDD  ( M6 )
Bounds : ( 53.248, 29.280 ) ( 53.376, 29.344 )


VIAENCLOSURE: ( Enclosure ) Regular Wire of Net n_277  ( V3 )
Bounds : ( 55.260, 29.148 ) ( 55.332, 29.244 )


VIAENCLOSURE: ( Enclosure ) Regular Wire of Net FE_OFN26_s_axi_rid_0  ( V3 )
Bounds : ( 56.556, 28.572 ) ( 56.628, 28.668 )


VIAENCLOSURE: ( Enclosure ) Regular Wire of Net CTS_12  ( V3 )
Bounds : ( 57.420, 28.572 ) ( 57.492, 28.668 )


VIAENCLOSURE: ( Enclosure ) Regular Wire of Net n_277  ( V5 )
Bounds : ( 55.248, 28.880 ) ( 55.344, 29.008 )


WIDTH: ( WidthTable ) Special Wire of Net VDD  ( M7 )
Bounds : ( 53.376, 29.056 ) ( 54.112, 29.840 )


VIAENCLOSURE: ( Enclosure ) Regular Wire of Net CTS_52  ( V5 )
Bounds : ( 48.768, 30.896 ) ( 48.864, 31.024 )


VIAENCLOSURE: ( Enclosure ) Regular Wire of Net CTS_111  ( V3 )
Bounds : ( 51.948, 30.876 ) ( 52.020, 30.972 )


VIAENCLOSURE: ( Enclosure ) Regular Wire of Net bram_waddr_wire[2]  ( V3 )
Bounds : ( 49.644, 32.604 ) ( 49.716, 32.700 )


VIAENCLOSURE: ( Enclosure ) Regular Wire of Net CTS_52  ( V3 )
Bounds : ( 48.780, 30.876 ) ( 48.852, 30.972 )


VIAENCLOSURE: ( Enclosure ) Regular Wire of Net bram_waddr_wire[2]  ( V5 )
Bounds : ( 49.632, 32.336 ) ( 49.728, 32.464 )


VIAENCLOSURE: ( Enclosure ) Regular Wire of Net n_181  ( V5 )
Bounds : ( 52.224, 32.048 ) ( 52.320, 32.176 )


VIAENCLOSURE: ( Enclosure ) Regular Wire of Net CTS_27  ( V3 )
Bounds : ( 52.236, 29.148 ) ( 52.308, 29.244 )


VIAENCLOSURE: ( Enclosure ) Regular Wire of Net CTS_28  ( V3 )
Bounds : ( 51.804, 28.572 ) ( 51.876, 28.668 )


VIAENCLOSURE: ( Enclosure ) Regular Wire of Net n_77  ( V3 )
Bounds : ( 48.636, 29.148 ) ( 48.708, 29.244 )


VIAENCLOSURE: ( Enclosure ) Regular Wire of Net n_20  ( V3 )
Bounds : ( 48.636, 28.572 ) ( 48.708, 28.668 )


VIAENCLOSURE: ( Enclosure ) Regular Wire of Net CTS_27  ( V5 )
Bounds : ( 52.224, 29.168 ) ( 52.320, 29.296 )


WIDTH: ( WidthTable ) Special Wire of Net VDD  ( M6 )
Bounds : ( 52.688, 29.280 ) ( 54.864, 29.760 )


WIDTH: ( WidthTable ) Special Wire of Net VDD  ( M6 )
Bounds : ( 52.688, 31.296 ) ( 54.864, 31.776 )


VIAENCLOSURE: ( Enclosure ) Regular Wire of Net bram_waddr_wire[1]  ( V5 )
Bounds : ( 48.336, 32.624 ) ( 48.432, 32.752 )


VIAENCLOSURE: ( Enclosure ) Regular Wire of Net n_184  ( V5 )
Bounds : ( 38.400, 33.200 ) ( 38.496, 33.328 )


VIAENCLOSURE: ( Enclosure ) Regular Wire of Net n_17  ( V5 )
Bounds : ( 38.616, 35.792 ) ( 38.712, 35.920 )


VIAENCLOSURE: ( Enclosure ) Regular Wire of Net n_200  ( V3 )
Bounds : ( 47.484, 28.572 ) ( 47.556, 28.668 )


VIAENCLOSURE: ( Enclosure ) Regular Wire of Net n_147  ( V3 )
Bounds : ( 47.484, 28.956 ) ( 47.556, 29.052 )


VIAENCLOSURE: ( Enclosure ) Regular Wire of Net s_axi_awaddr[6]  ( V3 )
Bounds : ( 47.484, 29.916 ) ( 47.556, 30.012 )


VIAENCLOSURE: ( Enclosure ) Regular Wire of Net u_sram_macro_sram_addr[2]  ( V3 )
Bounds : ( 47.484, 34.908 ) ( 47.556, 35.004 )


VIAENCLOSURE: ( Enclosure ) Regular Wire of Net u_sram_macro_sram_banksel  ( V3 )
Bounds : ( 47.484, 37.212 ) ( 47.556, 37.308 )


VIAENCLOSURE: ( Enclosure ) Regular Wire of Net n_93  ( V5 )
Bounds : ( 39.264, 35.792 ) ( 39.360, 35.920 )


VIAENCLOSURE: ( Enclosure ) Regular Wire of Net n_29  ( V5 )
Bounds : ( 43.584, 34.064 ) ( 43.680, 34.192 )


VIAENCLOSURE: ( Enclosure ) Regular Wire of Net n_20  ( V5 )
Bounds : ( 46.176, 28.016 ) ( 46.272, 28.144 )


VIAENCLOSURE: ( Enclosure ) Regular Wire of Net u_sram_macro_sram_banksel  ( V5 )
Bounds : ( 47.256, 36.080 ) ( 47.352, 36.208 )


VIAENCLOSURE: ( Enclosure ) Regular Wire of Net s_axi_awid[0]  ( V3 )
Bounds : ( 47.916, 30.876 ) ( 47.988, 30.972 )


VIAENCLOSURE: ( Enclosure ) Regular Wire of Net n_180  ( V3 )
Bounds : ( 47.916, 33.180 ) ( 47.988, 33.276 )


VIAENCLOSURE: ( Enclosure ) Regular Wire of Net u_axi_ctrl_ar_size_reg[2]  ( V3 )
Bounds : ( 47.916, 37.212 ) ( 47.988, 37.308 )


VIAENCLOSURE: ( Enclosure ) Regular Wire of Net n_180  ( V5 )
Bounds : ( 47.904, 33.200 ) ( 48.000, 33.328 )


VIAENCLOSURE: ( Enclosure ) Regular Wire of Net u_axi_ctrl_ar_size_reg[2]  ( V5 )
Bounds : ( 47.904, 36.944 ) ( 48.000, 37.072 )


Geometric: ( Rect Only ) Special Wire of Net VDD  ( M3 )
Bounds : ( 54.140, 27.216 ) ( 54.212, 27.252 )


Geometric: ( Rect Only ) Special Wire of Net VDD  ( M3 )
Bounds : ( 53.340, 27.216 ) ( 53.412, 27.252 )


Geometric: ( Rect Only ) Special Wire of Net VDD  ( M6 )
Bounds : ( 53.312, 26.976 ) ( 53.440, 27.040 )


Geometric: ( Rect Only ) Special Wire of Net VDD  ( M6 )
Bounds : ( 53.312, 27.392 ) ( 53.440, 27.456 )


Geometric: ( Rect Only ) Special Wire of Net VDD  ( M6 )
Bounds : ( 54.112, 26.976 ) ( 54.240, 27.040 )


Geometric: ( Rect Only ) Special Wire of Net VDD  ( M6 )
Bounds : ( 54.112, 27.392 ) ( 54.240, 27.456 )


VIAENCLOSURE: ( Enclosure ) Regular Wire of Net n_145  ( V3 )
Bounds : ( 54.108, 26.076 ) ( 54.180, 26.172 )


VIAENCLOSURE: ( Enclosure ) Regular Wire of Net CTS_23  ( V3 )
Bounds : ( 57.132, 27.036 ) ( 57.204, 27.132 )


VIAENCLOSURE: ( Enclosure ) Regular Wire of Net FE_OFN26_s_axi_rid_0  ( V5 )
Bounds : ( 56.544, 26.864 ) ( 56.640, 26.992 )


WIDTH: ( WidthTable ) Special Wire of Net VDD  ( M3 )
Bounds : ( 53.376, 27.180 ) ( 54.176, 27.312 )


VIAENCLOSURE: ( Enclosure ) Regular Wire of Net FE_OFN30_s_axi_rvalid  ( V3 )
Bounds : ( 55.548, 24.540 ) ( 55.620, 24.636 )


VIAENCLOSURE: ( Enclosure ) Regular Wire of Net FE_OFN5_s_axi_bid_4  ( V3 )
Bounds : ( 56.988, 24.540 ) ( 57.060, 24.636 )


VIAENCLOSURE: ( Enclosure ) Regular Wire of Net FE_OFN5_s_axi_bid_4  ( V5 )
Bounds : ( 56.544, 24.272 ) ( 56.640, 24.400 )


Geometric: ( Rect Only ) Special Wire of Net VDD  ( M7 )
Bounds : ( 54.048, 25.312 ) ( 54.176, 25.376 )


Geometric: ( Rect Only ) Special Wire of Net VDD  ( M7 )
Bounds : ( 53.376, 24.816 ) ( 53.440, 24.944 )


Geometric: ( Rect Only ) Special Wire of Net VDD  ( M6 )
Bounds : ( 54.048, 25.376 ) ( 54.176, 25.440 )


Geometric: ( Rect Only ) Special Wire of Net VDD  ( M6 )
Bounds : ( 54.048, 24.960 ) ( 54.176, 25.024 )


Geometric: ( Rect Only ) Special Wire of Net VDD  ( M6 )
Bounds : ( 53.248, 25.376 ) ( 53.376, 25.440 )


Geometric: ( Rect Only ) Special Wire of Net VDD  ( M6 )
Bounds : ( 53.248, 24.960 ) ( 53.376, 25.024 )


Geometric: ( Rect Only ) Special Wire of Net VDD  ( M4 )
Bounds : ( 54.128, 25.056 ) ( 54.176, 25.152 )


Geometric: ( Rect Only ) Special Wire of Net VDD  ( M4 )
Bounds : ( 54.128, 24.960 ) ( 54.176, 25.056 )


OFFGRID: ( Off Grid or Wrong Way ) Special Wire of Net VDD  ( M4 )
Bounds : ( 52.960, 25.008 ) ( 54.592, 25.104 )


Geometric: ( Rect Only ) Special Wire of Net VDD  ( M3 )
Bounds : ( 53.340, 25.020 ) ( 53.412, 25.056 )


Geometric: ( Rect Only ) Special Wire of Net VDD  ( M3 )
Bounds : ( 53.340, 25.056 ) ( 53.412, 25.092 )


Geometric: ( Rect Only ) Special Wire of Net VDD  ( M3 )
Bounds : ( 54.140, 25.020 ) ( 54.212, 25.056 )


Geometric: ( Rect Only ) Special Wire of Net VDD  ( M3 )
Bounds : ( 54.140, 25.056 ) ( 54.212, 25.092 )


Geometric: ( Rect Only ) Special Wire of Net VDD  ( M4 )
Bounds : ( 53.376, 24.960 ) ( 53.424, 25.056 )


Geometric: ( Rect Only ) Special Wire of Net VDD  ( M4 )
Bounds : ( 53.376, 25.056 ) ( 53.424, 25.152 )


VIAENCLOSURE: ( Enclosure ) Regular Wire of Net clk  ( V3 )
Bounds : ( 53.100, 23.580 ) ( 53.172, 23.676 )


VIAENCLOSURE: ( Enclosure ) Regular Wire of Net CTS_15  ( V3 )
Bounds : ( 53.532, 24.156 ) ( 53.604, 24.252 )


VIAENCLOSURE: ( Enclosure ) Regular Wire of Net clk  ( V5 )
Bounds : ( 53.088, 23.984 ) ( 53.184, 24.112 )


VIAENCLOSURE: ( Enclosure ) Regular Wire of Net CTS_15  ( V5 )
Bounds : ( 53.520, 23.696 ) ( 53.616, 23.824 )


WIDTH: ( WidthTable ) Special Wire of Net VDD  ( M4 )
Bounds : ( 53.376, 24.792 ) ( 54.176, 25.152 )


WIDTH: ( WidthTable ) Special Wire of Net VDD  ( M7 )
Bounds : ( 53.376, 24.736 ) ( 54.112, 25.520 )


VIAENCLOSURE: ( Enclosure ) Regular Wire of Net n_78  ( V3 )
Bounds : ( 48.780, 26.844 ) ( 48.852, 26.940 )


VIAENCLOSURE: ( Enclosure ) Regular Wire of Net bram_waddr_wire[3]  ( V3 )
Bounds : ( 49.644, 26.268 ) ( 49.716, 26.364 )


VIAENCLOSURE: ( Enclosure ) Regular Wire of Net n_150  ( V3 )
Bounds : ( 49.788, 23.580 ) ( 49.860, 23.676 )


VIAENCLOSURE: ( Enclosure ) Regular Wire of Net u_sram_macro_sram_addr[5]  ( V3 )
Bounds : ( 50.940, 23.772 ) ( 51.012, 23.868 )


VIAENCLOSURE: ( Enclosure ) Regular Wire of Net FE_OFN78_n_77  ( V3 )
Bounds : ( 52.236, 25.692 ) ( 52.308, 25.788 )


VIAENCLOSURE: ( Enclosure ) Regular Wire of Net n_145  ( V5 )
Bounds : ( 48.768, 26.000 ) ( 48.864, 26.128 )


VIAENCLOSURE: ( Enclosure ) Regular Wire of Net n_78  ( V5 )
Bounds : ( 48.768, 27.152 ) ( 48.864, 27.280 )


VIAENCLOSURE: ( Enclosure ) Regular Wire of Net FE_OFN78_n_77  ( V5 )
Bounds : ( 52.224, 25.712 ) ( 52.320, 25.840 )


WIDTH: ( WidthTable ) Special Wire of Net VDD  ( M6 )
Bounds : ( 52.688, 24.960 ) ( 54.864, 25.440 )


WIDTH: ( WidthTable ) Special Wire of Net VDD  ( M6 )
Bounds : ( 52.688, 26.976 ) ( 54.864, 27.456 )


Geometric: ( Rect Only ) Special Wire of Net VDD  ( M3 )
Bounds : ( 53.340, 18.576 ) ( 53.412, 18.612 )


Geometric: ( Rect Only ) Special Wire of Net VDD  ( M3 )
Bounds : ( 54.140, 18.576 ) ( 54.212, 18.612 )


Geometric: ( Rect Only ) Special Wire of Net VDD  ( M6 )
Bounds : ( 53.376, 18.752 ) ( 53.440, 18.880 )


Geometric: ( Rect Only ) Special Wire of Net VDD  ( M6 )
Bounds : ( 54.112, 18.752 ) ( 54.176, 18.880 )


VIAENCLOSURE: ( Enclosure ) Regular Wire of Net u_axi_ctrl_ar_addr_reg[9]  ( V3 )
Bounds : ( 53.100, 19.932 ) ( 53.172, 20.028 )


VIAENCLOSURE: ( Enclosure ) Regular Wire of Net n_183  ( V3 )
Bounds : ( 53.100, 22.236 ) ( 53.172, 22.332 )


VIAENCLOSURE: ( Enclosure ) Regular Wire of Net n_218  ( V3 )
Bounds : ( 55.116, 20.508 ) ( 55.188, 20.604 )


VIAENCLOSURE: ( Enclosure ) Regular Wire of Net n_154  ( V3 )
Bounds : ( 57.420, 19.164 ) ( 57.492, 19.260 )


VIAENCLOSURE: ( Enclosure ) Regular Wire of Net n_183  ( V5 )
Bounds : ( 53.088, 22.256 ) ( 53.184, 22.384 )


VIAENCLOSURE: ( Enclosure ) Regular Wire of Net n_154  ( V5 )
Bounds : ( 57.408, 19.088 ) ( 57.504, 19.216 )


WIDTH: ( WidthTable ) Special Wire of Net VDD  ( M3 )
Bounds : ( 53.376, 18.540 ) ( 54.176, 18.672 )


VIAENCLOSURE: ( Enclosure ) Regular Wire of Net n_196  ( V3 )
Bounds : ( 50.508, 22.236 ) ( 50.580, 22.332 )


VIAENCLOSURE: ( Enclosure ) Regular Wire of Net n_228  ( V3 )
Bounds : ( 50.940, 22.236 ) ( 51.012, 22.332 )


VIAENCLOSURE: ( Enclosure ) Regular Wire of Net CTS_21  ( V3 )
Bounds : ( 51.516, 20.892 ) ( 51.588, 20.988 )


VIAENCLOSURE: ( Enclosure ) Regular Wire of Net u_axi_ctrl_ar_addr_reg[10]  ( V3 )
Bounds : ( 52.524, 21.852 ) ( 52.596, 21.948 )


VIAENCLOSURE: ( Enclosure ) Regular Wire of Net n_196  ( V5 )
Bounds : ( 50.496, 21.968 ) ( 50.592, 22.096 )


VIAENCLOSURE: ( Enclosure ) Regular Wire of Net CTS_119  ( V3 )
Bounds : ( 49.644, 21.468 ) ( 49.716, 21.564 )


VIAENCLOSURE: ( Enclosure ) Regular Wire of Net n_125  ( V3 )
Bounds : ( 48.780, 22.236 ) ( 48.852, 22.332 )


VIAENCLOSURE: ( Enclosure ) Regular Wire of Net s_axi_awaddr[7]  ( V3 )
Bounds : ( 49.644, 22.236 ) ( 49.716, 22.332 )


VIAENCLOSURE: ( Enclosure ) Regular Wire of Net n_125  ( V5 )
Bounds : ( 48.768, 22.256 ) ( 48.864, 22.384 )


VIAENCLOSURE: ( Enclosure ) Regular Wire of Net CTS_119  ( V5 )
Bounds : ( 49.632, 21.392 ) ( 49.728, 21.520 )


VIAENCLOSURE: ( Enclosure ) Regular Wire of Net s_axi_awaddr[7]  ( V5 )
Bounds : ( 49.632, 22.256 ) ( 49.728, 22.384 )


VIAENCLOSURE: ( Enclosure ) Regular Wire of Net n_114  ( V3 )
Bounds : ( 48.780, 18.972 ) ( 48.852, 19.068 )


VIAENCLOSURE: ( Enclosure ) Regular Wire of Net n_189  ( V3 )
Bounds : ( 49.644, 19.932 ) ( 49.716, 20.028 )


VIAENCLOSURE: ( Enclosure ) Regular Wire of Net CTS_38  ( V3 )
Bounds : ( 50.508, 18.588 ) ( 50.580, 18.684 )


VIAENCLOSURE: ( Enclosure ) Regular Wire of Net CTS_22  ( V3 )
Bounds : ( 52.668, 19.356 ) ( 52.740, 19.452 )


VIAENCLOSURE: ( Enclosure ) Regular Wire of Net n_114  ( V5 )
Bounds : ( 48.768, 19.376 ) ( 48.864, 19.504 )


VIAENCLOSURE: ( Enclosure ) Regular Wire of Net n_189  ( V5 )
Bounds : ( 49.632, 19.952 ) ( 49.728, 20.080 )


VIAENCLOSURE: ( Enclosure ) Regular Wire of Net CTS_38  ( V5 )
Bounds : ( 50.496, 18.512 ) ( 50.592, 18.640 )


WIDTH: ( WidthTable ) Special Wire of Net VDD  ( M6 )
Bounds : ( 52.688, 18.336 ) ( 54.864, 18.816 )


VIAENCLOSURE: ( Enclosure ) Regular Wire of Net n_141  ( V3 )
Bounds : ( 47.484, 19.164 ) ( 47.556, 19.260 )


VIAENCLOSURE: ( Enclosure ) Regular Wire of Net CTS_17  ( V3 )
Bounds : ( 47.916, 19.932 ) ( 47.988, 20.028 )


VIAENCLOSURE: ( Enclosure ) Regular Wire of Net u_sram_macro_sram_addr[3]  ( V3 )
Bounds : ( 47.916, 26.268 ) ( 47.988, 26.364 )


VIAENCLOSURE: ( Enclosure ) Regular Wire of Net n_226  ( V3 )
Bounds : ( 47.916, 26.844 ) ( 47.988, 26.940 )


VIAENCLOSURE: ( Enclosure ) Regular Wire of Net CTS_9  ( V3 )
Bounds : ( 47.916, 27.612 ) ( 47.988, 27.708 )


VIAENCLOSURE: ( Enclosure ) Regular Wire of Net n_226  ( V5 )
Bounds : ( 47.904, 26.864 ) ( 48.000, 26.992 )


VIAENCLOSURE: ( Enclosure ) Regular Wire of Net CTS_9  ( V5 )
Bounds : ( 47.904, 27.728 ) ( 48.000, 27.856 )


VIAENCLOSURE: ( Enclosure ) Regular Wire of Net FE_OFN26_s_axi_rid_0  ( V3 )
Bounds : ( 60.444, 18.204 ) ( 60.516, 18.300 )


VIAENCLOSURE: ( Enclosure ) Regular Wire of Net n_218  ( V3 )
Bounds : ( 58.284, 16.860 ) ( 58.356, 16.956 )


VIAENCLOSURE: ( Enclosure ) Regular Wire of Net CTS_63  ( V3 )
Bounds : ( 59.148, 13.596 ) ( 59.220, 13.692 )


VIAENCLOSURE: ( Enclosure ) Regular Wire of Net CTS_61  ( V3 )
Bounds : ( 61.452, 13.596 ) ( 61.524, 13.692 )


VIAENCLOSURE: ( Enclosure ) Regular Wire of Net CTS_124  ( V3 )
Bounds : ( 63.036, 14.940 ) ( 63.108, 15.036 )


VIAENCLOSURE: ( Enclosure ) Regular Wire of Net CTS_8  ( V3 )
Bounds : ( 64.332, 14.556 ) ( 64.404, 14.652 )


VIAENCLOSURE: ( Enclosure ) Regular Wire of Net CTS_63  ( V5 )
Bounds : ( 59.136, 13.616 ) ( 59.232, 13.744 )


VIAENCLOSURE: ( Enclosure ) Regular Wire of Net CTS_124  ( V5 )
Bounds : ( 63.024, 15.344 ) ( 63.120, 15.472 )


VIAENCLOSURE: ( Enclosure ) Regular Wire of Net CTS_8  ( V5 )
Bounds : ( 64.320, 14.480 ) ( 64.416, 14.608 )


VIAENCLOSURE: ( Enclosure ) Regular Wire of Net n_101  ( V3 )
Bounds : ( 60.444, 11.292 ) ( 60.516, 11.388 )


VIAENCLOSURE: ( Enclosure ) Regular Wire of Net rst_n  ( V3 )
Bounds : ( 65.196, 8.988 ) ( 65.268, 9.084 )


OFFGRID: ( Off Grid or Wrong Way ) Regular Wire of Net s_axi_arid[4]  ( M3 )
Bounds : ( 76.532, 4.640 ) ( 76.752, 4.932 )


OFFGRID: ( Off Grid or Wrong Way ) Regular Wire of Net s_axi_arid[3]  ( M3 )
Bounds : ( 76.532, 5.072 ) ( 76.752, 5.508 )


OFFGRID: ( Off Grid or Wrong Way ) Regular Wire of Net s_axi_arid[1]  ( M3 )
Bounds : ( 76.532, 6.440 ) ( 76.752, 6.804 )


OFFGRID: ( Off Grid or Wrong Way ) Regular Wire of Net s_axi_arid[0]  ( M3 )
Bounds : ( 76.532, 6.944 ) ( 76.752, 7.380 )


VIAENCLOSURE: ( Enclosure ) Regular Wire of Net rst_n  ( V3 )
Bounds : ( 65.196, 3.228 ) ( 65.268, 3.324 )


VIAENCLOSURE: ( Enclosure ) Regular Wire of Net s_axi_arid[2]  ( V3 )
Bounds : ( 72.972, 4.956 ) ( 73.044, 5.052 )


WIDTH: ( WidthTable ) Regular Wire of Net s_axi_arid[4]  ( M3 )
Bounds : ( 76.532, 4.640 ) ( 76.752, 4.932 )


WIDTH: ( WidthTable ) Regular Wire of Net s_axi_arid[3]  ( M3 )
Bounds : ( 76.532, 5.072 ) ( 76.752, 5.508 )


WIDTH: ( WidthTable ) Regular Wire of Net s_axi_arid[2]  ( M3 )
Bounds : ( 76.532, 5.864 ) ( 76.752, 6.084 )


WIDTH: ( WidthTable ) Regular Wire of Net s_axi_arid[1]  ( M3 )
Bounds : ( 76.532, 6.440 ) ( 76.752, 6.804 )


WIDTH: ( WidthTable ) Regular Wire of Net s_axi_arid[0]  ( M3 )
Bounds : ( 76.532, 6.944 ) ( 76.752, 7.380 )


Geometric: ( Rect Only ) Special Wire of Net VDD  ( M6 )
Bounds : ( 54.048, 16.736 ) ( 54.176, 16.800 )


Geometric: ( Rect Only ) Special Wire of Net VDD  ( M6 )
Bounds : ( 54.048, 16.320 ) ( 54.176, 16.384 )


Geometric: ( Rect Only ) Special Wire of Net VDD  ( M6 )
Bounds : ( 53.248, 16.736 ) ( 53.376, 16.800 )


Geometric: ( Rect Only ) Special Wire of Net VDD  ( M6 )
Bounds : ( 53.248, 16.320 ) ( 53.376, 16.384 )


Geometric: ( Rect Only ) Special Wire of Net VDD  ( M4 )
Bounds : ( 54.128, 16.416 ) ( 54.224, 16.464 )


Geometric: ( Rect Only ) Special Wire of Net VDD  ( M4 )
Bounds : ( 54.128, 16.368 ) ( 54.224, 16.416 )


Geometric: ( Rect Only ) Special Wire of Net VDD  ( M4 )
Bounds : ( 53.328, 16.416 ) ( 53.424, 16.464 )


Geometric: ( Rect Only ) Special Wire of Net VDD  ( M4 )
Bounds : ( 53.328, 16.368 ) ( 53.424, 16.416 )


Geometric: ( Rect Only ) Special Wire of Net VDD  ( M3 )
Bounds : ( 54.140, 16.416 ) ( 54.212, 16.452 )


Geometric: ( Rect Only ) Special Wire of Net VDD  ( M3 )
Bounds : ( 54.140, 16.380 ) ( 54.212, 16.416 )


Geometric: ( Rect Only ) Special Wire of Net VDD  ( M3 )
Bounds : ( 53.340, 16.416 ) ( 53.412, 16.452 )


Geometric: ( Rect Only ) Special Wire of Net VDD  ( M3 )
Bounds : ( 53.340, 16.380 ) ( 53.412, 16.416 )


OFFGRID: ( Off Grid or Wrong Way ) Special Wire of Net VDD  ( M4 )
Bounds : ( 52.960, 16.368 ) ( 54.592, 16.464 )


Geometric: ( Rect Only ) Special Wire of Net VDD  ( M7 )
Bounds : ( 53.376, 16.176 ) ( 53.440, 16.304 )


Geometric: ( Rect Only ) Special Wire of Net VDD  ( M7 )
Bounds : ( 54.048, 16.672 ) ( 54.176, 16.736 )


VIAENCLOSURE: ( Enclosure ) Regular Wire of Net u_sram_macro_sram_addr[7]  ( V3 )
Bounds : ( 53.820, 16.860 ) ( 53.892, 16.956 )


VIAENCLOSURE: ( Enclosure ) Regular Wire of Net u_sram_macro_sram_addr[8]  ( V3 )
Bounds : ( 54.828, 18.204 ) ( 54.900, 18.300 )


VIAENCLOSURE: ( Enclosure ) Regular Wire of Net FE_OFN28_s_axi_rlast  ( V3 )
Bounds : ( 56.556, 18.012 ) ( 56.628, 18.108 )


VIAENCLOSURE: ( Enclosure ) Regular Wire of Net FE_OFN28_s_axi_rlast  ( V5 )
Bounds : ( 56.544, 17.936 ) ( 56.640, 18.064 )


WIDTH: ( WidthTable ) Special Wire of Net VDD  ( M4 )
Bounds : ( 53.376, 16.152 ) ( 54.176, 16.512 )


WIDTH: ( WidthTable ) Special Wire of Net VDD  ( M7 )
Bounds : ( 53.376, 16.096 ) ( 54.112, 16.880 )


Geometric: ( Rect Only ) Special Wire of Net VDD  ( M6 )
Bounds : ( 53.312, 14.432 ) ( 53.440, 14.496 )


Geometric: ( Rect Only ) Special Wire of Net VDD  ( M6 )
Bounds : ( 53.312, 14.016 ) ( 53.440, 14.080 )


Geometric: ( Rect Only ) Special Wire of Net VDD  ( M3 )
Bounds : ( 54.140, 14.184 ) ( 54.176, 14.256 )


Geometric: ( Rect Only ) Special Wire of Net VDD  ( M3 )
Bounds : ( 53.376, 14.184 ) ( 53.412, 14.256 )


Geometric: ( Rect Only ) Special Wire of Net VDD  ( M6 )
Bounds : ( 54.112, 14.016 ) ( 54.240, 14.080 )


Geometric: ( Rect Only ) Special Wire of Net VDD  ( M6 )
Bounds : ( 54.112, 14.432 ) ( 54.240, 14.496 )


VIAENCLOSURE: ( Enclosure ) Regular Wire of Net CTS_1  ( V3 )
Bounds : ( 55.692, 14.748 ) ( 55.764, 14.844 )


VIAENCLOSURE: ( Enclosure ) Regular Wire of Net s_axi_rid[3]  ( V3 )
Bounds : ( 56.124, 13.596 ) ( 56.196, 13.692 )


VIAENCLOSURE: ( Enclosure ) Regular Wire of Net s_axi_araddr[8]  ( V3 )
Bounds : ( 57.420, 13.596 ) ( 57.492, 13.692 )


VIAENCLOSURE: ( Enclosure ) Regular Wire of Net CTS_1  ( V5 )
Bounds : ( 55.680, 14.768 ) ( 55.776, 14.896 )


WIDTH: ( WidthTable ) Special Wire of Net VDD  ( M3 )
Bounds : ( 53.376, 14.184 ) ( 54.176, 14.292 )


VIAENCLOSURE: ( Enclosure ) Regular Wire of Net CTS_42  ( V3 )
Bounds : ( 50.508, 14.364 ) ( 50.580, 14.460 )


VIAENCLOSURE: ( Enclosure ) Regular Wire of Net CTS_28  ( V3 )
Bounds : ( 51.948, 17.244 ) ( 52.020, 17.340 )


VIAENCLOSURE: ( Enclosure ) Regular Wire of Net CTS_8  ( V3 )
Bounds : ( 52.236, 14.364 ) ( 52.308, 14.460 )


VIAENCLOSURE: ( Enclosure ) Regular Wire of Net n_277  ( V3 )
Bounds : ( 52.236, 15.900 ) ( 52.308, 15.996 )


VIAENCLOSURE: ( Enclosure ) Regular Wire of Net n_125  ( V5 )
Bounds : ( 48.768, 15.920 ) ( 48.864, 16.048 )


VIAENCLOSURE: ( Enclosure ) Regular Wire of Net CTS_42  ( V5 )
Bounds : ( 50.496, 14.192 ) ( 50.592, 14.320 )


VIAENCLOSURE: ( Enclosure ) Regular Wire of Net CTS_8  ( V5 )
Bounds : ( 52.224, 14.192 ) ( 52.320, 14.320 )


VIAENCLOSURE: ( Enclosure ) Regular Wire of Net n_277  ( V5 )
Bounds : ( 52.224, 15.920 ) ( 52.320, 16.048 )


WIDTH: ( WidthTable ) Special Wire of Net VDD  ( M6 )
Bounds : ( 52.688, 14.016 ) ( 54.864, 14.496 )


WIDTH: ( WidthTable ) Special Wire of Net VDD  ( M6 )
Bounds : ( 52.688, 16.320 ) ( 54.864, 16.800 )


Geometric: ( Rect Only ) Special Wire of Net VDD  ( M4 )
Bounds : ( 54.128, 13.176 ) ( 54.176, 13.272 )


Geometric: ( Rect Only ) Special Wire of Net VDD  ( M4 )
Bounds : ( 54.128, 13.080 ) ( 54.176, 13.176 )


Geometric: ( Rect Only ) Special Wire of Net VDD  ( M4 )
Bounds : ( 53.376, 13.176 ) ( 53.424, 13.272 )


Geometric: ( Rect Only ) Special Wire of Net VDD  ( M4 )
Bounds : ( 53.376, 13.080 ) ( 53.424, 13.176 )


Geometric: ( Rect Only ) Special Wire of Net VDD  ( M3 )
Bounds : ( 54.140, 13.176 ) ( 54.212, 13.212 )


Geometric: ( Rect Only ) Special Wire of Net VDD  ( M3 )
Bounds : ( 54.140, 13.140 ) ( 54.212, 13.176 )


Geometric: ( Rect Only ) Special Wire of Net VDD  ( M3 )
Bounds : ( 53.340, 13.176 ) ( 53.412, 13.212 )


Geometric: ( Rect Only ) Special Wire of Net VDD  ( M3 )
Bounds : ( 53.340, 13.140 ) ( 53.412, 13.176 )


OFFGRID: ( Off Grid or Wrong Way ) Special Wire of Net VDD  ( M4 )
Bounds : ( 52.960, 13.128 ) ( 54.592, 13.224 )


Geometric: ( Rect Only ) Special Wire of Net VDD  ( M6 )
Bounds : ( 53.312, 12.864 ) ( 53.440, 12.928 )


Geometric: ( Rect Only ) Special Wire of Net VDD  ( M6 )
Bounds : ( 53.312, 13.280 ) ( 53.440, 13.344 )


Geometric: ( Rect Only ) Special Wire of Net VDD  ( M6 )
Bounds : ( 54.112, 12.864 ) ( 54.240, 12.928 )


Geometric: ( Rect Only ) Special Wire of Net VDD  ( M6 )
Bounds : ( 54.112, 13.280 ) ( 54.240, 13.344 )


VIAENCLOSURE: ( Enclosure ) Regular Wire of Net u_sram_macro_sram_addr[9]  ( V3 )
Bounds : ( 53.964, 11.868 ) ( 54.036, 11.964 )


VIAENCLOSURE: ( Enclosure ) Regular Wire of Net u_sram_macro_sram_addr[6]  ( V3 )
Bounds : ( 54.684, 11.868 ) ( 54.756, 11.964 )


VIAENCLOSURE: ( Enclosure ) Regular Wire of Net s_axi_awaddr[11]  ( V3 )
Bounds : ( 56.988, 9.564 ) ( 57.060, 9.660 )


WIDTH: ( WidthTable ) Special Wire of Net VDD  ( M4 )
Bounds : ( 53.376, 13.080 ) ( 54.176, 13.440 )


WIDTH: ( WidthTable ) Special Wire of Net VDD  ( M7 )
Bounds : ( 53.376, 12.784 ) ( 54.176, 13.496 )


VIAENCLOSURE: ( Enclosure ) Regular Wire of Net CTS_13  ( V3 )
Bounds : ( 49.644, 12.060 ) ( 49.716, 12.156 )


VIAENCLOSURE: ( Enclosure ) Regular Wire of Net CTS_5  ( V3 )
Bounds : ( 51.084, 12.444 ) ( 51.156, 12.540 )


VIAENCLOSURE: ( Enclosure ) Regular Wire of Net n_146  ( V3 )
Bounds : ( 51.804, 9.564 ) ( 51.876, 9.660 )


VIAENCLOSURE: ( Enclosure ) Regular Wire of Net CTS_13  ( V5 )
Bounds : ( 49.632, 12.176 ) ( 49.728, 12.304 )


SHORT: ( Metal Short ) Special Wire of Net VSS & Pin of Cell CTS_cmf_buf_00549  ( M1 )
Bounds : ( 48.816, 12.060 ) ( 49.896, 12.132 )


SHORT: ( Metal Short ) Special Wire of Net VSS & Pin of Cell CTS_cmf_buf_00378  ( M1 )
Bounds : ( 50.328, 12.060 ) ( 51.408, 12.132 )


WIDTH: ( WidthTable ) Special Wire of Net VDD  ( M6 )
Bounds : ( 52.688, 12.864 ) ( 54.864, 13.344 )


VIAENCLOSURE: ( Enclosure ) Regular Wire of Net n_77  ( V3 )
Bounds : ( 44.028, 13.596 ) ( 44.100, 13.692 )


VIAENCLOSURE: ( Enclosure ) Regular Wire of Net bram_waddr_wire[9]  ( V3 )
Bounds : ( 44.892, 13.596 ) ( 44.964, 13.692 )


Geometric: ( Rect Only ) Special Wire of Net VSS  ( M6 )
Bounds : ( 44.672, 11.936 ) ( 44.736, 12.064 )


Geometric: ( Rect Only ) Special Wire of Net VSS  ( M6 )
Bounds : ( 44.672, 12.416 ) ( 44.736, 12.544 )


Geometric: ( Rect Only ) Special Wire of Net VSS  ( M6 )
Bounds : ( 45.408, 11.936 ) ( 45.472, 12.064 )


Geometric: ( Rect Only ) Special Wire of Net VSS  ( M6 )
Bounds : ( 45.408, 12.416 ) ( 45.472, 12.544 )


Geometric: ( Rect Only ) Special Wire of Net VSS  ( M7 )
Bounds : ( 44.672, 12.352 ) ( 44.736, 12.480 )


Geometric: ( Rect Only ) Special Wire of Net VSS  ( M7 )
Bounds : ( 45.312, 11.920 ) ( 45.440, 11.984 )


VIAENCLOSURE: ( Enclosure ) Regular Wire of Net CTS_63  ( V3 )
Bounds : ( 43.596, 13.020 ) ( 43.668, 13.116 )


VIAENCLOSURE: ( Enclosure ) Regular Wire of Net CTS_31  ( V3 )
Bounds : ( 47.772, 12.828 ) ( 47.844, 12.924 )


VIAENCLOSURE: ( Enclosure ) Regular Wire of Net CTS_63  ( V5 )
Bounds : ( 43.584, 13.040 ) ( 43.680, 13.168 )


WIDTH: ( WidthTable ) Special Wire of Net VSS  ( M6 )
Bounds : ( 43.888, 12.000 ) ( 46.064, 12.480 )


WIDTH: ( WidthTable ) Special Wire of Net VSS  ( M7 )
Bounds : ( 44.672, 11.776 ) ( 45.376, 12.560 )


SHORT: ( Metal Short ) Special Wire of Net VSS & Pin of Cell CTS_ccl_a_buf_00112  ( M1 )
Bounds : ( 45.576, 12.060 ) ( 46.656, 12.132 )


VIAENCLOSURE: ( Enclosure ) Regular Wire of Net FE_OFN78_n_77  ( V3 )
Bounds : ( 38.412, 11.292 ) ( 38.484, 11.388 )


VIAENCLOSURE: ( Enclosure ) Regular Wire of Net CTS_35  ( V3 )
Bounds : ( 39.276, 12.828 ) ( 39.348, 12.924 )


VIAENCLOSURE: ( Enclosure ) Regular Wire of Net n_228  ( V3 )
Bounds : ( 40.428, 11.292 ) ( 40.500, 11.388 )


VIAENCLOSURE: ( Enclosure ) Regular Wire of Net CTS_39  ( V3 )
Bounds : ( 41.436, 12.444 ) ( 41.508, 12.540 )


VIAENCLOSURE: ( Enclosure ) Regular Wire of Net CTS_58  ( V3 )
Bounds : ( 42.732, 13.020 ) ( 42.804, 13.116 )


VIAENCLOSURE: ( Enclosure ) Regular Wire of Net CTS_35  ( V5 )
Bounds : ( 39.264, 12.752 ) ( 39.360, 12.880 )


VIAENCLOSURE: ( Enclosure ) Regular Wire of Net CTS_39  ( V5 )
Bounds : ( 41.424, 12.464 ) ( 41.520, 12.592 )


VIAENCLOSURE: ( Enclosure ) Regular Wire of Net u_sram_macro_sram_addr[6]  ( V5 )
Bounds : ( 42.504, 11.600 ) ( 42.600, 11.728 )


VIAENCLOSURE: ( Enclosure ) Regular Wire of Net CTS_58  ( V5 )
Bounds : ( 42.720, 13.040 ) ( 42.816, 13.168 )


VIAENCLOSURE: ( Enclosure ) Regular Wire of Net FE_OFN78_n_77  ( V5 )
Bounds : ( 38.400, 10.448 ) ( 38.496, 10.576 )


VIAENCLOSURE: ( Enclosure ) Regular Wire of Net s_axi_awid[0]  ( V3 )
Bounds : ( 42.012, 9.564 ) ( 42.084, 9.660 )


VIAENCLOSURE: ( Enclosure ) Regular Wire of Net bram_waddr_wire[8]  ( V3 )
Bounds : ( 39.132, 11.100 ) ( 39.204, 11.196 )


VIAENCLOSURE: ( Enclosure ) Regular Wire of Net u_axi_ctrl_ar_addr_reg[9]  ( V3 )
Bounds : ( 43.164, 11.292 ) ( 43.236, 11.388 )


VIAENCLOSURE: ( Enclosure ) Regular Wire of Net n_79  ( V3 )
Bounds : ( 47.916, 17.628 ) ( 47.988, 17.724 )


VIAENCLOSURE: ( Enclosure ) Regular Wire of Net CTS_31  ( V5 )
Bounds : ( 47.904, 12.752 ) ( 48.000, 12.880 )


SHORT: ( Metal Short ) Special Wire of Net VSS & Pin of Cell CTS_ccl_a_buf_00108  ( M1 )
Bounds : ( 47.304, 12.060 ) ( 48.384, 12.132 )


Geometric: ( Rect Only ) Regular Wire of Net rst_n  ( M4 )
Bounds : ( 49.440, 0.036 ) ( 49.536, 0.084 )


VIAENCLOSURE: ( Enclosure ) Regular Wire of Net rst_n  ( V3 )
Bounds : ( 50.508, 0.924 ) ( 50.580, 1.020 )


WIDTH: ( WidthTable ) Regular Wire of Net rst_n  ( M4 )
Bounds : ( 49.344, 0.000 ) ( 49.488, 0.372 )


WIDTH: ( WidthTable ) Regular Wire of Net rst_n  ( M4 )
Bounds : ( 49.344, 0.036 ) ( 50.712, 0.372 )


SHORT: ( Metal Short ) Special Wire of Net VSS & Pin of Cell g6769__8428  ( M1 )
Bounds : ( 52.272, 12.060 ) ( 64.059, 12.132 )


SHORT: ( Metal Short ) Special Wire of Net VDD & Pin of Cell CTS_cmf_buf_00549  ( M1 )
Bounds : ( 53.376, 13.140 ) ( 64.059, 13.212 )


Geometric: ( Rect Only ) Special Wire of Net VDD  ( M6 )
Bounds : ( 53.376, 18.272 ) ( 53.440, 18.400 )


Geometric: ( Rect Only ) Special Wire of Net VDD  ( M6 )
Bounds : ( 54.112, 18.272 ) ( 54.176, 18.400 )


Geometric: ( Rect Only ) Regular Wire of Net u_sram_macro_sram_addr[5]  ( M5 )
Bounds : ( 33.648, 33.216 ) ( 33.744, 33.264 )


Geometric: ( Rect Only ) Regular Wire of Net u_sram_macro_sram_addr[4]  ( M5 )
Bounds : ( 33.864, 36.300 ) ( 33.960, 36.348 )


Geometric: ( Rect Only ) Regular Wire of Net u_sram_macro_sram_addr[3]  ( M5 )
Bounds : ( 34.080, 36.300 ) ( 34.176, 36.348 )


Geometric: ( Rect Only ) Regular Wire of Net u_sram_macro_sram_addr[2]  ( M5 )
Bounds : ( 34.296, 35.824 ) ( 34.392, 35.872 )


Geometric: ( Rect Only ) Regular Wire of Net u_sram_macro_sram_addr[1]  ( M5 )
Bounds : ( 34.512, 33.216 ) ( 34.608, 33.264 )


Geometric: ( Rect Only ) Regular Wire of Net u_sram_macro_sram_addr[0]  ( M5 )
Bounds : ( 34.728, 36.300 ) ( 34.824, 36.348 )


VIAENCLOSURE: ( Enclosure ) Regular Wire of Net n_214  ( V5 )
Bounds : ( 31.380, 36.080 ) ( 31.476, 36.208 )


VIAENCLOSURE: ( Enclosure ) Regular Wire of Net u_sram_macro_sram_banksel  ( V5 )
Bounds : ( 31.972, 35.504 ) ( 32.068, 35.632 )


SHORT: ( Metal Short ) Regular Wire of Net clk & Blockage of Cell u_sram_macro_u_sram_macro  ( M5 )
Bounds : ( 31.248, 35.824 ) ( 31.260, 36.008 )


SPACING: ( ParallelRunLength Spacing ) Regular Wire of Net n_214 & Blockage of Cell u_sram_macro_u_sram_macro  ( M5 )
Bounds : ( 31.332, 36.036 ) ( 31.380, 36.242 )


SPACING: ( ParallelRunLength Spacing ) Regular Wire of Net n_214 & Blockage of Cell u_sram_macro_u_sram_macro  ( M5 )
Bounds : ( 31.476, 36.036 ) ( 31.554, 36.448 )


SPACING: ( ParallelRunLength Spacing ) Regular Wire of Net u_sram_macro_sram_banksel & Blockage of Cell u_sram_macro_u_sram_macro  ( M5 )
Bounds : ( 31.914, 35.460 ) ( 31.972, 36.448 )


SPACING: ( ParallelRunLength Spacing ) Regular Wire of Net u_sram_macro_sram_banksel & Blockage of Cell u_sram_macro_u_sram_macro  ( M5 )
Bounds : ( 32.068, 35.460 ) ( 32.082, 36.448 )


Geometric: ( Rect Only ) Regular Wire of Net n_214  ( M5 )
Bounds : ( 31.380, 36.036 ) ( 31.476, 36.084 )


Geometric: ( Rect Only ) Regular Wire of Net u_sram_macro_sram_banksel  ( M5 )
Bounds : ( 31.972, 35.460 ) ( 32.068, 35.508 )


VIAENCLOSURE: ( Enclosure ) Regular Wire of Net clk  ( V5 )
Bounds : ( 29.544, 36.080 ) ( 29.640, 36.208 )


VIAENCLOSURE: ( Enclosure ) Regular Wire of Net n_17  ( V5 )
Bounds : ( 29.544, 36.656 ) ( 29.640, 36.784 )


VIAENCLOSURE: ( Enclosure ) Regular Wire of Net bram_re_wire  ( V5 )
Bounds : ( 30.948, 36.944 ) ( 31.044, 37.072 )


Geometric: ( Rect Only ) Regular Wire of Net bram_re_wire  ( M5 )
Bounds : ( 30.948, 36.300 ) ( 31.044, 36.348 )


Geometric: ( Rect Only ) Regular Wire of Net clk  ( M5 )
Bounds : ( 31.164, 35.824 ) ( 31.260, 35.872 )


Geometric: ( Rect Only ) Regular Wire of Net clk  ( M5 )
Bounds : ( 31.164, 35.960 ) ( 31.260, 36.008 )


SPACING: ( ParallelRunLength Spacing ) Regular Wire of Net u_sram_macro_sram_addr[8] & Blockage of Cell u_sram_macro_u_sram_macro  ( M5 )
Bounds : ( 32.922, 32.944 ) ( 33.000, 33.660 )


VIAENCLOSURE: ( Enclosure ) Regular Wire of Net u_sram_macro_sram_addr[7]  ( V5 )
Bounds : ( 33.216, 33.200 ) ( 33.312, 33.328 )


VIAENCLOSURE: ( Enclosure ) Regular Wire of Net u_sram_macro_sram_addr[8]  ( V5 )
Bounds : ( 33.000, 33.488 ) ( 33.096, 33.616 )


SPACING: ( ParallelRunLength Spacing ) Regular Wire of Net u_sram_macro_sram_addr[8] & Blockage of Cell u_sram_macro_u_sram_macro  ( M5 )
Bounds : ( 33.096, 32.947 ) ( 33.191, 33.660 )


SPACING: ( ParallelRunLength Spacing ) Regular Wire of Net u_sram_macro_sram_addr[7] & Blockage of Cell u_sram_macro_u_sram_macro  ( M5 )
Bounds : ( 33.215, 33.156 ) ( 33.216, 33.372 )


EndOfLine: ( EndOfLine Keepout ) Regular Wire of Net u_sram_macro_sram_addr[8] & Blockage of Cell u_sram_macro_u_sram_macro  ( M5 )
Bounds : ( 33.096, 32.944 ) ( 33.191, 33.139 )


Geometric: ( Rect Only ) Regular Wire of Net u_sram_macro_sram_addr[6]  ( M5 )
Bounds : ( 33.432, 33.216 ) ( 33.528, 33.264 )


Geometric: ( Rect Only ) Regular Wire of Net u_sram_macro_sram_addr[7]  ( M5 )
Bounds : ( 33.216, 33.324 ) ( 33.312, 33.372 )


Geometric: ( Rect Only ) Regular Wire of Net u_sram_macro_sram_addr[8]  ( M5 )
Bounds : ( 33.000, 33.612 ) ( 33.096, 33.660 )


SHORT: ( Metal Short ) Regular Wire of Net u_sram_macro_sram_addr[9] & Blockage of Cell u_sram_macro_u_sram_macro  ( M5 )
Bounds : ( 32.296, 33.156 ) ( 32.298, 33.372 )


VIAENCLOSURE: ( Enclosure ) Regular Wire of Net u_sram_macro_sram_addr[9]  ( V5 )
Bounds : ( 32.296, 33.200 ) ( 32.392, 33.328 )


Geometric: ( Rect Only ) Regular Wire of Net u_sram_macro_sram_addr[9]  ( M5 )
Bounds : ( 32.296, 33.324 ) ( 32.392, 33.372 )


OFFGRID: ( Off Grid or Wrong Way ) Regular Wire of Net u_sram_macro_sram_banksel  ( M5 )
Bounds : ( 32.010, 33.207 ) ( 32.106, 36.448 )


OFFGRID: ( Off Grid or Wrong Way ) Regular Wire of Net u_sram_macro_sram_addr[9]  ( M5 )
Bounds : ( 32.334, 33.156 ) ( 32.430, 36.446 )


VIAENCLOSURE: ( Enclosure ) Regular Wire of Net u_sram_macro_sram_addr[8]  ( V5 )
Bounds : ( 34.944, 29.744 ) ( 35.040, 29.872 )


VIAENCLOSURE: ( Enclosure ) Regular Wire of Net s_axi_awaddr[6]  ( V5 )
Bounds : ( 35.808, 29.744 ) ( 35.904, 29.872 )


VIAENCLOSURE: ( Enclosure ) Regular Wire of Net n_104  ( V5 )
Bounds : ( 37.536, 32.336 ) ( 37.632, 32.464 )


VIAENCLOSURE: ( Enclosure ) Regular Wire of Net u_sram_macro_sram_addr[6]  ( V5 )
Bounds : ( 33.432, 31.760 ) ( 33.528, 31.888 )


VIAENCLOSURE: ( Enclosure ) Regular Wire of Net CTS_55  ( V5 )
Bounds : ( 32.352, 31.760 ) ( 32.448, 31.888 )


EndOfLine: ( EndOfLine Keepout ) Regular Wire of Net CTS_55  ( M4 )
Bounds : ( 32.384, 31.928 ) ( 32.576, 31.928 )


CUTSPACING: ( Same Layer Cut Spacing ) Regular Wire of Net s_axi_wdata[15] & Regular Wire of Net CTS_55  ( V4 )
Bounds : ( 32.232, 31.928 ) ( 32.352, 31.928 )


SHORT: ( Metal Short ) Regular Wire of Net s_axi_wdata[15] & Regular Wire of Net CTS_55  ( M4 )
Bounds : ( 31.924, 31.928 ) ( 32.564, 31.928 )


VIAENCLOSURE: ( Enclosure ) Regular Wire of Net CTS_52  ( V5 )
Bounds : ( 32.136, 30.896 ) ( 32.232, 31.024 )


EndOfLine: ( EndOfLine Keepout ) Regular Wire of Net s_axi_wdata[14] & Regular Wire of Net CTS_52  ( M4 )
Bounds : ( 32.384, 30.848 ) ( 32.576, 30.848 )


CUTSPACING: ( Same Layer Cut Spacing ) Regular Wire of Net CTS_52 & Regular Wire of Net s_axi_wdata[14]  ( V4 )
Bounds : ( 32.232, 30.848 ) ( 32.352, 30.848 )


SHORT: ( Metal Short ) Regular Wire of Net CTS_52 & Regular Wire of Net s_axi_wdata[14]  ( M4 )
Bounds : ( 31.924, 30.848 ) ( 32.564, 30.848 )


VIAENCLOSURE: ( Enclosure ) Regular Wire of Net s_axi_wdata[15]  ( V5 )
Bounds : ( 32.136, 31.472 ) ( 32.232, 31.600 )


VIAENCLOSURE: ( Enclosure ) Regular Wire of Net bram_waddr_wire[1]  ( V5 )
Bounds : ( 28.896, 32.048 ) ( 28.992, 32.176 )


VIAENCLOSURE: ( Enclosure ) Regular Wire of Net CTS_49  ( V5 )
Bounds : ( 32.352, 29.744 ) ( 32.448, 29.872 )


EndOfLine: ( EndOfLine Keepout ) Regular Wire of Net CTS_49  ( M4 )
Bounds : ( 32.384, 29.768 ) ( 32.576, 29.768 )


CUTSPACING: ( Same Layer Cut Spacing ) Regular Wire of Net s_axi_wdata[13] & Regular Wire of Net CTS_49  ( V4 )
Bounds : ( 32.232, 29.768 ) ( 32.352, 29.768 )


SHORT: ( Metal Short ) Regular Wire of Net s_axi_wdata[13] & Regular Wire of Net CTS_49  ( M4 )
Bounds : ( 31.924, 29.768 ) ( 32.564, 29.768 )


CUTSPACING: ( Same Layer Cut Spacing ) Regular Wire of Net s_axi_wdata[12] & Regular Wire of Net CTS_46  ( V4 )
Bounds : ( 32.232, 28.688 ) ( 32.352, 28.688 )


VIAENCLOSURE: ( Enclosure ) Regular Wire of Net CTS_46  ( V5 )
Bounds : ( 32.352, 28.880 ) ( 32.448, 29.008 )


EndOfLine: ( EndOfLine Keepout ) Regular Wire of Net CTS_46  ( M4 )
Bounds : ( 32.384, 28.688 ) ( 32.576, 28.688 )


SHORT: ( Metal Short ) Regular Wire of Net CTS_46 & Regular Wire of Net s_axi_wdata[12]  ( M4 )
Bounds : ( 31.924, 28.688 ) ( 32.564, 28.688 )


VIAENCLOSURE: ( Enclosure ) Regular Wire of Net n_184  ( V5 )
Bounds : ( 19.392, 29.168 ) ( 19.488, 29.296 )


VIAENCLOSURE: ( Enclosure ) Regular Wire of Net s_axi_arlen[3]  ( V5 )
Bounds : ( 25.440, 35.504 ) ( 25.536, 35.632 )


VIAENCLOSURE: ( Enclosure ) Regular Wire of Net n_226  ( V5 )
Bounds : ( 27.168, 34.064 ) ( 27.264, 34.192 )


VIAENCLOSURE: ( Enclosure ) Regular Wire of Net u_sram_macro_sram_addr[7]  ( V5 )
Bounds : ( 36.672, 24.560 ) ( 36.768, 24.688 )


VIAENCLOSURE: ( Enclosure ) Regular Wire of Net CTS_39  ( V5 )
Bounds : ( 32.136, 25.712 ) ( 32.232, 25.840 )


VIAENCLOSURE: ( Enclosure ) Regular Wire of Net CTS_43  ( V5 )
Bounds : ( 32.352, 27.440 ) ( 32.448, 27.568 )


EndOfLine: ( EndOfLine Keepout ) Regular Wire of Net s_axi_wdata[10] & Regular Wire of Net CTS_39  ( M4 )
Bounds : ( 32.384, 26.528 ) ( 32.576, 26.528 )


EndOfLine: ( EndOfLine Keepout ) Regular Wire of Net CTS_43  ( M4 )
Bounds : ( 32.384, 27.608 ) ( 32.576, 27.608 )


CUTSPACING: ( Same Layer Cut Spacing ) Regular Wire of Net CTS_39 & Regular Wire of Net s_axi_wdata[10]  ( V4 )
Bounds : ( 32.232, 26.528 ) ( 32.352, 26.528 )


CUTSPACING: ( Same Layer Cut Spacing ) Regular Wire of Net s_axi_wdata[11] & Regular Wire of Net CTS_43  ( V4 )
Bounds : ( 32.232, 27.608 ) ( 32.352, 27.608 )


SHORT: ( Metal Short ) Regular Wire of Net CTS_39 & Regular Wire of Net s_axi_wdata[10]  ( M4 )
Bounds : ( 31.924, 26.528 ) ( 32.564, 26.528 )


SHORT: ( Metal Short ) Regular Wire of Net s_axi_wdata[11] & Regular Wire of Net CTS_43  ( M4 )
Bounds : ( 31.924, 27.608 ) ( 32.564, 27.608 )


VIAENCLOSURE: ( Enclosure ) Regular Wire of Net CTS_35  ( V5 )
Bounds : ( 32.352, 25.136 ) ( 32.448, 25.264 )


EndOfLine: ( EndOfLine Keepout ) Regular Wire of Net s_axi_wdata[8] & Regular Wire of Net CTS_31  ( M4 )
Bounds : ( 32.384, 24.368 ) ( 32.576, 24.368 )


EndOfLine: ( EndOfLine Keepout ) Regular Wire of Net s_axi_wdata[9] & Regular Wire of Net CTS_35  ( M4 )
Bounds : ( 32.384, 25.448 ) ( 32.576, 25.448 )


EndOfLine: ( EndOfLine Keepout ) Regular Wire of Net CTS_31 & Regular Wire of Net s_axi_wdata[9]  ( M5 )
Bounds : ( 32.136, 24.508 ) ( 32.232, 24.688 )


CUTSPACING: ( Same Layer Cut Spacing ) Regular Wire of Net CTS_31 & Regular Wire of Net s_axi_wdata[8]  ( V4 )
Bounds : ( 32.232, 24.368 ) ( 32.352, 24.368 )


CUTSPACING: ( Same Layer Cut Spacing ) Regular Wire of Net s_axi_wdata[9] & Regular Wire of Net CTS_35  ( V4 )
Bounds : ( 32.232, 25.448 ) ( 32.352, 25.448 )


SHORT: ( Metal Short ) Regular Wire of Net CTS_31 & Regular Wire of Net s_axi_wdata[8]  ( M4 )
Bounds : ( 31.924, 24.368 ) ( 32.564, 24.368 )


SHORT: ( Metal Short ) Regular Wire of Net s_axi_wdata[9] & Regular Wire of Net CTS_35  ( M4 )
Bounds : ( 31.924, 25.448 ) ( 32.564, 25.448 )


EndOfLine: ( EndOfLine Keepout ) Regular Wire of Net s_axi_wdata[7] & Regular Wire of Net CTS_58  ( M4 )
Bounds : ( 32.384, 23.288 ) ( 32.576, 23.288 )


CUTSPACING: ( Same Layer Cut Spacing ) Regular Wire of Net CTS_58 & Regular Wire of Net s_axi_wdata[7]  ( V4 )
Bounds : ( 32.232, 23.288 ) ( 32.352, 23.288 )


SHORT: ( Metal Short ) Regular Wire of Net s_axi_wdata[7] & Regular Wire of Net CTS_58  ( M4 )
Bounds : ( 31.924, 23.288 ) ( 32.564, 23.288 )


VIAENCLOSURE: ( Enclosure ) Regular Wire of Net CTS_31  ( V5 )
Bounds : ( 32.136, 24.272 ) ( 32.232, 24.400 )


EndOfLine: ( EndOfLine Keepout ) Regular Wire of Net s_axi_wdata[9] & Regular Wire of Net CTS_39  ( M5 )
Bounds : ( 32.136, 25.492 ) ( 32.232, 25.668 )


VIAENCLOSURE: ( Enclosure ) Regular Wire of Net CTS_25  ( V5 )
Bounds : ( 32.352, 21.968 ) ( 32.448, 22.096 )


EndOfLine: ( EndOfLine Keepout ) Regular Wire of Net CTS_21  ( M4 )
Bounds : ( 32.384, 21.128 ) ( 32.576, 21.128 )


EndOfLine: ( EndOfLine Keepout ) Regular Wire of Net CTS_25  ( M4 )
Bounds : ( 32.384, 22.208 ) ( 32.576, 22.208 )


CUTSPACING: ( Same Layer Cut Spacing ) Regular Wire of Net s_axi_wdata[5] & Regular Wire of Net CTS_21  ( V4 )
Bounds : ( 32.232, 21.128 ) ( 32.352, 21.128 )


CUTSPACING: ( Same Layer Cut Spacing ) Regular Wire of Net s_axi_wdata[6] & Regular Wire of Net CTS_25  ( V4 )
Bounds : ( 32.232, 22.208 ) ( 32.352, 22.208 )


SHORT: ( Metal Short ) Regular Wire of Net s_axi_wdata[5] & Regular Wire of Net CTS_21  ( M4 )
Bounds : ( 31.924, 21.128 ) ( 32.564, 21.128 )


SHORT: ( Metal Short ) Regular Wire of Net CTS_25 & Regular Wire of Net s_axi_wdata[6]  ( M4 )
Bounds : ( 31.924, 22.208 ) ( 32.564, 22.208 )


SHORT: ( Metal Short ) Regular Wire of Net CTS_17 & Regular Wire of Net s_axi_wdata[4]  ( M4 )
Bounds : ( 31.924, 20.048 ) ( 32.564, 20.048 )


EndOfLine: ( EndOfLine Keepout ) Regular Wire of Net CTS_17 & Regular Wire of Net s_axi_wdata[5]  ( M4 )
Bounds : ( 32.308, 20.412 ) ( 32.312, 20.508 )


EndOfLine: ( EndOfLine Keepout ) Regular Wire of Net CTS_17  ( M4 )
Bounds : ( 32.384, 20.048 ) ( 32.576, 20.048 )


CUTSPACING: ( Same Layer Cut Spacing ) Regular Wire of Net s_axi_wdata[4] & Regular Wire of Net CTS_17  ( V4 )
Bounds : ( 32.232, 20.048 ) ( 32.352, 20.048 )


EndOfLine: ( EndOfLine Keepout ) Regular Wire of Net s_axi_wdata[3] & Regular Wire of Net CTS_13  ( M4 )
Bounds : ( 32.384, 18.968 ) ( 32.576, 18.968 )


CUTSPACING: ( Same Layer Cut Spacing ) Regular Wire of Net CTS_13 & Regular Wire of Net s_axi_wdata[3]  ( V4 )
Bounds : ( 32.232, 18.968 ) ( 32.352, 18.968 )


SHORT: ( Metal Short ) Regular Wire of Net s_axi_wdata[3] & Regular Wire of Net CTS_13  ( M4 )
Bounds : ( 31.924, 18.968 ) ( 32.564, 18.968 )


VIAENCLOSURE: ( Enclosure ) Regular Wire of Net CTS_58  ( V5 )
Bounds : ( 32.136, 23.120 ) ( 32.232, 23.248 )


VIAENCLOSURE: ( Enclosure ) Regular Wire of Net bram_waddr_wire[2]  ( V5 )
Bounds : ( 19.392, 22.832 ) ( 19.488, 22.960 )


VIAENCLOSURE: ( Enclosure ) Regular Wire of Net n_34  ( V5 )
Bounds : ( 23.712, 19.088 ) ( 23.808, 19.216 )


VIAENCLOSURE: ( Enclosure ) Regular Wire of Net s_axi_wdata[8]  ( V5 )
Bounds : ( 28.032, 24.848 ) ( 28.128, 24.976 )


VIAENCLOSURE: ( Enclosure ) Regular Wire of Net n_89  ( V3 )
Bounds : ( 14.652, 37.212 ) ( 14.724, 37.308 )


VIAENCLOSURE: ( Enclosure ) Regular Wire of Net u_axi_ctrl_ar_len_reg[3]  ( V3 )
Bounds : ( 15.516, 37.212 ) ( 15.588, 37.308 )


VIAENCLOSURE: ( Enclosure ) Regular Wire of Net s_axi_arsize[2]  ( V3 )
Bounds : ( 15.948, 35.484 ) ( 16.020, 35.580 )


VIAENCLOSURE: ( Enclosure ) Regular Wire of Net n_96  ( V3 )
Bounds : ( 15.948, 37.212 ) ( 16.020, 37.308 )


VIAENCLOSURE: ( Enclosure ) Regular Wire of Net n_225  ( V3 )
Bounds : ( 16.380, 35.484 ) ( 16.452, 35.580 )


VIAENCLOSURE: ( Enclosure ) Regular Wire of Net n_17  ( V3 )
Bounds : ( 16.812, 36.828 ) ( 16.884, 36.924 )


VIAENCLOSURE: ( Enclosure ) Regular Wire of Net u_axi_ctrl_ar_size_reg[2]  ( V3 )
Bounds : ( 16.812, 37.212 ) ( 16.884, 37.308 )


VIAENCLOSURE: ( Enclosure ) Regular Wire of Net n_89  ( V5 )
Bounds : ( 14.640, 36.944 ) ( 14.736, 37.072 )


VIAENCLOSURE: ( Enclosure ) Regular Wire of Net u_axi_ctrl_ar_len_reg[3]  ( V5 )
Bounds : ( 15.504, 37.232 ) ( 15.600, 37.360 )


VIAENCLOSURE: ( Enclosure ) Regular Wire of Net s_axi_arsize[2]  ( V5 )
Bounds : ( 15.936, 35.504 ) ( 16.032, 35.632 )


VIAENCLOSURE: ( Enclosure ) Regular Wire of Net n_92  ( V3 )
Bounds : ( 15.948, 33.180 ) ( 16.020, 33.276 )


VIAENCLOSURE: ( Enclosure ) Regular Wire of Net s_axi_arsize[1]  ( V3 )
Bounds : ( 16.812, 33.180 ) ( 16.884, 33.276 )


VIAENCLOSURE: ( Enclosure ) Regular Wire of Net n_226  ( V3 )
Bounds : ( 16.812, 34.140 ) ( 16.884, 34.236 )


VIAENCLOSURE: ( Enclosure ) Regular Wire of Net n_29  ( V3 )
Bounds : ( 16.812, 34.908 ) ( 16.884, 35.004 )


VIAENCLOSURE: ( Enclosure ) Regular Wire of Net s_axi_arsize[1]  ( V5 )
Bounds : ( 16.800, 33.200 ) ( 16.896, 33.328 )


VIAENCLOSURE: ( Enclosure ) Regular Wire of Net n_29  ( V5 )
Bounds : ( 16.800, 34.928 ) ( 16.896, 35.056 )


VIAENCLOSURE: ( Enclosure ) Regular Wire of Net s_axi_wdata[14]  ( V3 )
Bounds : ( 10.332, 37.212 ) ( 10.404, 37.308 )


VIAENCLOSURE: ( Enclosure ) Regular Wire of Net s_axi_arlen[3]  ( V3 )
Bounds : ( 12.924, 37.212 ) ( 12.996, 37.308 )


VIAENCLOSURE: ( Enclosure ) Regular Wire of Net n_146  ( V3 )
Bounds : ( 13.788, 33.180 ) ( 13.860, 33.276 )


VIAENCLOSURE: ( Enclosure ) Regular Wire of Net s_axi_arsize[0]  ( V3 )
Bounds : ( 13.788, 37.212 ) ( 13.860, 37.308 )


VIAENCLOSURE: ( Enclosure ) Regular Wire of Net n_6  ( V3 )
Bounds : ( 14.220, 34.908 ) ( 14.292, 35.004 )


VIAENCLOSURE: ( Enclosure ) Regular Wire of Net s_axi_arsize[0]  ( V5 )
Bounds : ( 13.776, 36.944 ) ( 13.872, 37.072 )


VIAENCLOSURE: ( Enclosure ) Regular Wire of Net n_6  ( V5 )
Bounds : ( 14.208, 35.792 ) ( 14.304, 35.920 )


VIAENCLOSURE: ( Enclosure ) Regular Wire of Net n_147  ( V3 )
Bounds : ( 15.516, 30.876 ) ( 15.588, 30.972 )


VIAENCLOSURE: ( Enclosure ) Regular Wire of Net n_27  ( V3 )
Bounds : ( 14.652, 30.876 ) ( 14.724, 30.972 )


VIAENCLOSURE: ( Enclosure ) Regular Wire of Net bram_waddr_wire[1]  ( V3 )
Bounds : ( 16.380, 30.876 ) ( 16.452, 30.972 )


VIAENCLOSURE: ( Enclosure ) Regular Wire of Net n_104  ( V3 )
Bounds : ( 16.812, 31.644 ) ( 16.884, 31.740 )


VIAENCLOSURE: ( Enclosure ) Regular Wire of Net n_27  ( V5 )
Bounds : ( 14.640, 30.896 ) ( 14.736, 31.024 )


VIAENCLOSURE: ( Enclosure ) Regular Wire of Net n_104  ( V5 )
Bounds : ( 16.800, 31.472 ) ( 16.896, 31.600 )


VIAENCLOSURE: ( Enclosure ) Regular Wire of Net n_183  ( V3 )
Bounds : ( 14.652, 28.572 ) ( 14.724, 28.668 )


VIAENCLOSURE: ( Enclosure ) Regular Wire of Net n_180  ( V3 )
Bounds : ( 16.380, 29.148 ) ( 16.452, 29.244 )


VIAENCLOSURE: ( Enclosure ) Regular Wire of Net n_200  ( V3 )
Bounds : ( 16.812, 28.572 ) ( 16.884, 28.668 )


VIAENCLOSURE: ( Enclosure ) Regular Wire of Net n_184  ( V3 )
Bounds : ( 16.956, 29.148 ) ( 17.028, 29.244 )


VIAENCLOSURE: ( Enclosure ) Regular Wire of Net n_183  ( V5 )
Bounds : ( 15.936, 28.016 ) ( 16.032, 28.144 )


VIAENCLOSURE: ( Enclosure ) Regular Wire of Net n_180  ( V5 )
Bounds : ( 16.368, 30.032 ) ( 16.464, 30.160 )


VIAENCLOSURE: ( Enclosure ) Regular Wire of Net u_axi_ctrl_aw_size_reg[2]  ( V3 )
Bounds : ( 11.772, 28.572 ) ( 11.844, 28.668 )


VIAENCLOSURE: ( Enclosure ) Regular Wire of Net bram_waddr_wire[0]  ( V3 )
Bounds : ( 12.492, 29.148 ) ( 12.564, 29.244 )


VIAENCLOSURE: ( Enclosure ) Regular Wire of Net n_20  ( V3 )
Bounds : ( 14.220, 29.148 ) ( 14.292, 29.244 )


VIAENCLOSURE: ( Enclosure ) Regular Wire of Net bram_waddr_wire[0]  ( V5 )
Bounds : ( 12.480, 29.456 ) ( 12.576, 29.584 )


VIAENCLOSURE: ( Enclosure ) Regular Wire of Net n_20  ( V5 )
Bounds : ( 14.208, 28.880 ) ( 14.304, 29.008 )


OFFGRID: ( Off Grid or Wrong Way ) Regular Wire of Net s_axi_awsize[2]  ( M3 )
Bounds : ( 0.000, 32.072 ) ( 0.220, 32.436 )


OFFGRID: ( Off Grid or Wrong Way ) Regular Wire of Net s_axi_awsize[1]  ( M3 )
Bounds : ( 0.000, 32.940 ) ( 0.220, 33.304 )


OFFGRID: ( Off Grid or Wrong Way ) Regular Wire of Net s_axi_awsize[0]  ( M3 )
Bounds : ( 0.000, 33.660 ) ( 0.220, 34.096 )


VIAENCLOSURE: ( Enclosure ) Regular Wire of Net s_axi_wdata[13]  ( V3 )
Bounds : ( 1.260, 37.212 ) ( 1.332, 37.308 )


WIDTH: ( WidthTable ) Regular Wire of Net s_axi_awsize[2]  ( M3 )
Bounds : ( 0.000, 32.072 ) ( 0.220, 32.436 )


WIDTH: ( WidthTable ) Regular Wire of Net s_axi_awsize[1]  ( M3 )
Bounds : ( 0.000, 32.940 ) ( 0.220, 33.304 )


WIDTH: ( WidthTable ) Regular Wire of Net s_axi_awsize[0]  ( M3 )
Bounds : ( 0.000, 33.660 ) ( 0.220, 34.096 )


VIAENCLOSURE: ( Enclosure ) Regular Wire of Net s_axi_awaddr[6]  ( V3 )
Bounds : ( 11.196, 24.540 ) ( 11.268, 24.636 )


VIAENCLOSURE: ( Enclosure ) Regular Wire of Net n_163  ( V3 )
Bounds : ( 15.948, 24.540 ) ( 16.020, 24.636 )


VIAENCLOSURE: ( Enclosure ) Regular Wire of Net n_150  ( V3 )
Bounds : ( 16.812, 24.540 ) ( 16.884, 24.636 )


VIAENCLOSURE: ( Enclosure ) Regular Wire of Net bram_waddr_wire[3]  ( V3 )
Bounds : ( 16.812, 26.268 ) ( 16.884, 26.364 )


VIAENCLOSURE: ( Enclosure ) Regular Wire of Net n_181  ( V3 )
Bounds : ( 16.812, 26.844 ) ( 16.884, 26.940 )


VIAENCLOSURE: ( Enclosure ) Regular Wire of Net s_axi_awaddr[6]  ( V5 )
Bounds : ( 11.184, 23.408 ) ( 11.280, 23.536 )


VIAENCLOSURE: ( Enclosure ) Regular Wire of Net n_163  ( V5 )
Bounds : ( 15.936, 23.984 ) ( 16.032, 24.112 )


VIAENCLOSURE: ( Enclosure ) Regular Wire of Net n_181  ( V5 )
Bounds : ( 16.800, 26.864 ) ( 16.896, 26.992 )


VIAENCLOSURE: ( Enclosure ) Regular Wire of Net FE_OFN24_s_axi_rid_1  ( V5 )
Bounds : ( 16.368, 22.256 ) ( 16.464, 22.384 )


VIAENCLOSURE: ( Enclosure ) Regular Wire of Net s_axi_arid[2]  ( V3 )
Bounds : ( 15.084, 22.236 ) ( 15.156, 22.332 )


VIAENCLOSURE: ( Enclosure ) Regular Wire of Net FE_OFN24_s_axi_rid_1  ( V3 )
Bounds : ( 16.380, 22.236 ) ( 16.452, 22.332 )


VIAENCLOSURE: ( Enclosure ) Regular Wire of Net bram_waddr_wire[2]  ( V3 )
Bounds : ( 16.812, 22.236 ) ( 16.884, 22.332 )


VIAENCLOSURE: ( Enclosure ) Regular Wire of Net n_114  ( V5 )
Bounds : ( 16.368, 19.376 ) ( 16.464, 19.504 )


VIAENCLOSURE: ( Enclosure ) Regular Wire of Net u_axi_ctrl_aw_addr_reg[0]  ( V5 )
Bounds : ( 15.072, 19.376 ) ( 15.168, 19.504 )


VIAENCLOSURE: ( Enclosure ) Regular Wire of Net u_axi_ctrl_aw_addr_reg[0]  ( V3 )
Bounds : ( 15.084, 19.356 ) ( 15.156, 19.452 )


VIAENCLOSURE: ( Enclosure ) Regular Wire of Net n_114  ( V3 )
Bounds : ( 16.380, 20.508 ) ( 16.452, 20.604 )


VIAENCLOSURE: ( Enclosure ) Regular Wire of Net s_axi_awaddr[10]  ( V3 )
Bounds : ( 9.900, 19.932 ) ( 9.972, 20.028 )


VIAENCLOSURE: ( Enclosure ) Regular Wire of Net s_axi_awaddr[10]  ( V5 )
Bounds : ( 9.888, 19.952 ) ( 9.984, 20.080 )


OFFGRID: ( Off Grid or Wrong Way ) Regular Wire of Net s_axi_awaddr[6]  ( M3 )
Bounds : ( 0.000, 23.292 ) ( 0.220, 23.584 )


OFFGRID: ( Off Grid or Wrong Way ) Regular Wire of Net s_axi_awaddr[4]  ( M3 )
Bounds : ( 0.000, 24.444 ) ( 0.220, 24.808 )


OFFGRID: ( Off Grid or Wrong Way ) Regular Wire of Net s_axi_awaddr[3]  ( M3 )
Bounds : ( 0.000, 25.020 ) ( 0.220, 25.456 )


OFFGRID: ( Off Grid or Wrong Way ) Regular Wire of Net s_axi_awaddr[0]  ( M3 )
Bounds : ( 0.000, 26.672 ) ( 0.220, 26.964 )


WIDTH: ( WidthTable ) Regular Wire of Net s_axi_awaddr[6]  ( M3 )
Bounds : ( 0.000, 23.292 ) ( 0.220, 23.584 )


WIDTH: ( WidthTable ) Regular Wire of Net s_axi_awaddr[5]  ( M3 )
Bounds : ( 0.000, 23.720 ) ( 0.220, 23.940 )


WIDTH: ( WidthTable ) Regular Wire of Net s_axi_awaddr[4]  ( M3 )
Bounds : ( 0.000, 24.444 ) ( 0.220, 24.808 )


WIDTH: ( WidthTable ) Regular Wire of Net s_axi_awaddr[3]  ( M3 )
Bounds : ( 0.000, 25.020 ) ( 0.220, 25.456 )


WIDTH: ( WidthTable ) Regular Wire of Net s_axi_awaddr[2]  ( M3 )
Bounds : ( 0.000, 25.592 ) ( 0.220, 25.812 )


WIDTH: ( WidthTable ) Regular Wire of Net s_axi_awaddr[1]  ( M3 )
Bounds : ( 0.000, 26.316 ) ( 0.220, 26.536 )


WIDTH: ( WidthTable ) Regular Wire of Net s_axi_awaddr[0]  ( M3 )
Bounds : ( 0.000, 26.672 ) ( 0.220, 26.964 )


OFFGRID: ( Off Grid or Wrong Way ) Regular Wire of Net s_axi_awaddr[7]  ( M3 )
Bounds : ( 0.000, 22.496 ) ( 0.220, 22.788 )


OFFGRID: ( Off Grid or Wrong Way ) Regular Wire of Net s_axi_awaddr[8]  ( M3 )
Bounds : ( 0.000, 21.996 ) ( 0.220, 22.360 )


OFFGRID: ( Off Grid or Wrong Way ) Regular Wire of Net s_axi_awaddr[10]  ( M3 )
Bounds : ( 0.000, 20.660 ) ( 0.220, 20.916 )


VIAENCLOSURE: ( Enclosure ) Regular Wire of Net s_axi_awaddr[7]  ( V3 )
Bounds : ( 2.124, 22.236 ) ( 2.196, 22.332 )


VIAENCLOSURE: ( Enclosure ) Regular Wire of Net s_axi_wdata[1]  ( V3 )
Bounds : ( 9.036, 19.932 ) ( 9.108, 20.028 )


VIAENCLOSURE: ( Enclosure ) Regular Wire of Net s_axi_awaddr[7]  ( V5 )
Bounds : ( 2.112, 21.968 ) ( 2.208, 22.096 )


WIDTH: ( WidthTable ) Regular Wire of Net s_axi_awaddr[11]  ( M3 )
Bounds : ( 0.000, 20.268 ) ( 0.220, 20.488 )


WIDTH: ( WidthTable ) Regular Wire of Net s_axi_awaddr[10]  ( M3 )
Bounds : ( 0.000, 20.660 ) ( 0.220, 20.916 )


WIDTH: ( WidthTable ) Regular Wire of Net s_axi_awaddr[9]  ( M3 )
Bounds : ( 0.000, 21.272 ) ( 0.220, 21.492 )


WIDTH: ( WidthTable ) Regular Wire of Net s_axi_awaddr[8]  ( M3 )
Bounds : ( 0.000, 21.996 ) ( 0.220, 22.360 )


WIDTH: ( WidthTable ) Regular Wire of Net s_axi_awaddr[7]  ( M3 )
Bounds : ( 0.000, 22.496 ) ( 0.220, 22.788 )


VIAENCLOSURE: ( Enclosure ) Regular Wire of Net CTS_9  ( V5 )
Bounds : ( 32.352, 17.936 ) ( 32.448, 18.064 )


VIAENCLOSURE: ( Enclosure ) Regular Wire of Net n_154  ( V5 )
Bounds : ( 32.784, 17.648 ) ( 32.880, 17.776 )


EndOfLine: ( EndOfLine Keepout ) Regular Wire of Net s_axi_wdata[1] & Regular Wire of Net CTS_5  ( M4 )
Bounds : ( 32.384, 16.808 ) ( 32.576, 16.808 )


EndOfLine: ( EndOfLine Keepout ) Regular Wire of Net CTS_9  ( M4 )
Bounds : ( 32.384, 17.888 ) ( 32.576, 17.888 )


CUTSPACING: ( Same Layer Cut Spacing ) Regular Wire of Net CTS_5 & Regular Wire of Net s_axi_wdata[1]  ( V4 )
Bounds : ( 32.232, 16.808 ) ( 32.352, 16.808 )


CUTSPACING: ( Same Layer Cut Spacing ) Regular Wire of Net s_axi_wdata[2] & Regular Wire of Net CTS_9  ( V4 )
Bounds : ( 32.232, 17.888 ) ( 32.352, 17.888 )


SHORT: ( Metal Short ) Regular Wire of Net s_axi_wdata[1] & Regular Wire of Net CTS_5  ( M4 )
Bounds : ( 31.924, 16.808 ) ( 32.564, 16.808 )


SHORT: ( Metal Short ) Regular Wire of Net CTS_9 & Regular Wire of Net s_axi_wdata[2]  ( M4 )
Bounds : ( 31.924, 17.888 ) ( 32.564, 17.888 )


VIAENCLOSURE: ( Enclosure ) Regular Wire of Net bram_waddr_wire[9]  ( V3 )
Bounds : ( 31.068, 13.596 ) ( 31.140, 13.692 )


VIAENCLOSURE: ( Enclosure ) Regular Wire of Net CTS_49  ( V3 )
Bounds : ( 31.500, 13.596 ) ( 31.572, 13.692 )


VIAENCLOSURE: ( Enclosure ) Regular Wire of Net n_175  ( V3 )
Bounds : ( 33.228, 13.596 ) ( 33.300, 13.692 )


VIAENCLOSURE: ( Enclosure ) Regular Wire of Net CTS_49  ( V5 )
Bounds : ( 31.488, 13.616 ) ( 31.584, 13.744 )


EndOfLine: ( EndOfLine Keepout ) Regular Wire of Net CTS_1  ( M4 )
Bounds : ( 32.384, 15.728 ) ( 32.576, 15.728 )


CUTSPACING: ( Same Layer Cut Spacing ) Regular Wire of Net s_axi_wdata[0] & Regular Wire of Net CTS_1  ( V4 )
Bounds : ( 32.232, 15.728 ) ( 32.352, 15.728 )


SHORT: ( Metal Short ) Regular Wire of Net CTS_1 & Regular Wire of Net s_axi_wdata[0]  ( M4 )
Bounds : ( 31.924, 15.728 ) ( 32.564, 15.728 )


VIAENCLOSURE: ( Enclosure ) Regular Wire of Net CTS_1  ( V5 )
Bounds : ( 32.352, 15.920 ) ( 32.448, 16.048 )


VIAENCLOSURE: ( Enclosure ) Regular Wire of Net FE_OFN23_s_axi_rid_2  ( V3 )
Bounds : ( 30.204, 11.292 ) ( 30.276, 11.388 )


VIAENCLOSURE: ( Enclosure ) Regular Wire of Net CTS_53  ( V3 )
Bounds : ( 33.228, 12.636 ) ( 33.300, 12.732 )


VIAENCLOSURE: ( Enclosure ) Regular Wire of Net CTS_25  ( V3 )
Bounds : ( 34.092, 12.444 ) ( 34.164, 12.540 )


VIAENCLOSURE: ( Enclosure ) Regular Wire of Net u_sram_macro_sram_addr[9]  ( V5 )
Bounds : ( 30.624, 9.872 ) ( 30.720, 10.000 )


VIAENCLOSURE: ( Enclosure ) Regular Wire of Net CTS_53  ( V5 )
Bounds : ( 33.216, 12.464 ) ( 33.312, 12.592 )


VIAENCLOSURE: ( Enclosure ) Regular Wire of Net CTS_25  ( V5 )
Bounds : ( 34.080, 13.040 ) ( 34.176, 13.168 )


VIAENCLOSURE: ( Enclosure ) Regular Wire of Net n_125  ( V3 )
Bounds : ( 21.564, 13.596 ) ( 21.636, 13.692 )


VIAENCLOSURE: ( Enclosure ) Regular Wire of Net clk  ( V5 )
Bounds : ( 27.168, 0.656 ) ( 27.264, 0.784 )


WIDTH: ( WidthTable ) Regular Wire of Net clk  ( M4 )
Bounds : ( 27.124, 0.000 ) ( 27.308, 0.336 )


VIAENCLOSURE: ( Enclosure ) Regular Wire of Net n_34  ( V3 )
Bounds : ( 15.948, 18.204 ) ( 16.020, 18.300 )


VIAENCLOSURE: ( Enclosure ) Regular Wire of Net CTS_119  ( V3 )
Bounds : ( 15.948, 15.708 ) ( 16.020, 15.804 )


VIAENCLOSURE: ( Enclosure ) Regular Wire of Net n_189  ( V3 )
Bounds : ( 15.948, 17.628 ) ( 16.020, 17.724 )


VIAENCLOSURE: ( Enclosure ) Regular Wire of Net FE_OFN78_n_77  ( V3 )
Bounds : ( 16.524, 15.900 ) ( 16.596, 15.996 )


VIAENCLOSURE: ( Enclosure ) Regular Wire of Net n_141  ( V3 )
Bounds : ( 17.100, 14.748 ) ( 17.172, 14.844 )


VIAENCLOSURE: ( Enclosure ) Regular Wire of Net CTS_119  ( V5 )
Bounds : ( 15.936, 15.920 ) ( 16.032, 16.048 )


VIAENCLOSURE: ( Enclosure ) Regular Wire of Net n_189  ( V5 )
Bounds : ( 15.936, 17.648 ) ( 16.032, 17.776 )


VIAENCLOSURE: ( Enclosure ) Regular Wire of Net bram_waddr_wire[8]  ( V3 )
Bounds : ( 13.356, 18.204 ) ( 13.428, 18.300 )


VIAENCLOSURE: ( Enclosure ) Regular Wire of Net n_79  ( V3 )
Bounds : ( 12.492, 17.628 ) ( 12.564, 17.724 )


VIAENCLOSURE: ( Enclosure ) Regular Wire of Net s_axi_wdata[0]  ( V3 )
Bounds : ( 12.348, 15.900 ) ( 12.420, 15.996 )


VIAENCLOSURE: ( Enclosure ) Regular Wire of Net s_axi_awaddr[11]  ( V3 )
Bounds : ( 0.396, 18.204 ) ( 0.468, 18.300 )


OFFGRID: ( Off Grid or Wrong Way ) Regular Wire of Net s_axi_awid[4]  ( M3 )
Bounds : ( 0.000, 4.784 ) ( 0.220, 5.076 )


OFFGRID: ( Off Grid or Wrong Way ) Regular Wire of Net s_axi_awid[3]  ( M3 )
Bounds : ( 0.000, 5.360 ) ( 0.220, 5.652 )


OFFGRID: ( Off Grid or Wrong Way ) Regular Wire of Net s_axi_awid[2]  ( M3 )
Bounds : ( 0.000, 6.300 ) ( 0.220, 6.592 )


OFFGRID: ( Off Grid or Wrong Way ) Regular Wire of Net s_axi_awid[1]  ( M3 )
Bounds : ( 0.000, 6.876 ) ( 0.220, 7.240 )


WIDTH: ( WidthTable ) Regular Wire of Net s_axi_awid[4]  ( M3 )
Bounds : ( 0.000, 4.784 ) ( 0.220, 5.076 )


WIDTH: ( WidthTable ) Regular Wire of Net s_axi_awid[3]  ( M3 )
Bounds : ( 0.000, 5.360 ) ( 0.220, 5.652 )


WIDTH: ( WidthTable ) Regular Wire of Net s_axi_awid[2]  ( M3 )
Bounds : ( 0.000, 6.300 ) ( 0.220, 6.592 )


WIDTH: ( WidthTable ) Regular Wire of Net s_axi_awid[1]  ( M3 )
Bounds : ( 0.000, 6.876 ) ( 0.220, 7.240 )


WIDTH: ( WidthTable ) Regular Wire of Net s_axi_awid[0]  ( M3 )
Bounds : ( 0.000, 7.452 ) ( 0.220, 7.672 )


VIAENCLOSURE: ( Enclosure ) Regular Wire of Net CTS_13  ( V5 )
Bounds : ( 32.136, 18.224 ) ( 32.232, 18.352 )


  Total Violations : 1000 Viols.
