###############################################################
#  Generated by:      Cadence Innovus 22.17-s086_1
#  OS:                Linux x86_64(Host ID vlsiktmt)
#  Generated on:      Mon Apr  6 12:41:14 2026
#  Design:            top_axi_ram
#  Command:           verify_drc -report ./verify_rpt/verify_drc.rpt
###############################################################

OFFGRID: ( Off Grid or Wrong Way ) Regular Wire of Net s_axi_arid[4]  ( M3 )
Bounds : ( 193.316, 4.568 ) ( 193.536, 4.932 )


OFFGRID: ( Off Grid or Wrong Way ) Regular Wire of Net s_axi_arid[3]  ( M3 )
Bounds : ( 193.316, 6.224 ) ( 193.536, 6.660 )


Geometric: ( Rect Only ) Special Wire of Net VSS  ( M5 )
Bounds : ( 112.304, 33.504 ) ( 112.400, 33.552 )


Geometric: ( Rect Only ) Special Wire of Net VSS  ( M5 )
Bounds : ( 112.304, 34.704 ) ( 112.400, 34.752 )


OFFGRID: ( Off Grid or Wrong Way ) Regular Wire of Net rst_n  ( M4 )
Bounds : ( 127.248, 0.000 ) ( 128.040, 0.420 )


Geometric: ( Rect Only ) Special Wire of Net VSS  ( M5 )
Bounds : ( 112.352, 0.976 ) ( 112.400, 1.072 )


WIDTH: ( WidthTable ) Special Wire of Net _FILLS_RESERVED  ( M7 )
Bounds : ( 76.848, 44.388 ) ( 78.848, 46.388 )


WIDTH: ( WidthTable ) Special Wire of Net _FILLS_RESERVED  ( M7 )
Bounds : ( 76.848, 41.988 ) ( 78.848, 43.988 )


WIDTH: ( WidthTable ) Special Wire of Net _FILLS_RESERVED  ( M7 )
Bounds : ( 76.848, 39.588 ) ( 78.848, 41.588 )


WIDTH: ( WidthTable ) Special Wire of Net _FILLS_RESERVED  ( M7 )
Bounds : ( 76.848, 37.188 ) ( 78.848, 39.188 )


Geometric: ( Rect Only ) Special Wire of Net VDD  ( M5 )
Bounds : ( 79.472, 36.432 ) ( 79.568, 36.480 )


Geometric: ( Rect Only ) Special Wire of Net VDD  ( M5 )
Bounds : ( 80.272, 36.432 ) ( 80.368, 36.480 )


WIDTH: ( WidthTable ) Special Wire of Net _FILLS_RESERVED  ( M7 )
Bounds : ( 84.136, 38.196 ) ( 86.136, 40.196 )


WIDTH: ( WidthTable ) Special Wire of Net _FILLS_RESERVED  ( M7 )
Bounds : ( 84.136, 40.596 ) ( 86.136, 42.596 )


WIDTH: ( WidthTable ) Special Wire of Net _FILLS_RESERVED  ( M7 )
Bounds : ( 84.136, 42.996 ) ( 86.136, 44.996 )


WIDTH: ( WidthTable ) Special Wire of Net _FILLS_RESERVED  ( M7 )
Bounds : ( 84.136, 45.396 ) ( 86.136, 47.396 )


WIDTH: ( WidthTable ) Special Wire of Net _FILLS_RESERVED  ( M7 )
Bounds : ( 88.936, 36.276 ) ( 90.168, 37.508 )


WIDTH: ( WidthTable ) Special Wire of Net _FILLS_RESERVED  ( M7 )
Bounds : ( 88.936, 37.908 ) ( 90.168, 39.140 )


WIDTH: ( WidthTable ) Special Wire of Net _FILLS_RESERVED  ( M7 )
Bounds : ( 88.936, 39.540 ) ( 90.168, 40.772 )


WIDTH: ( WidthTable ) Special Wire of Net _FILLS_RESERVED  ( M7 )
Bounds : ( 88.936, 41.172 ) ( 90.168, 42.404 )


WIDTH: ( WidthTable ) Special Wire of Net _FILLS_RESERVED  ( M7 )
Bounds : ( 88.936, 42.804 ) ( 90.168, 44.036 )


WIDTH: ( WidthTable ) Special Wire of Net _FILLS_RESERVED  ( M7 )
Bounds : ( 88.936, 44.436 ) ( 90.168, 45.668 )


WIDTH: ( WidthTable ) Special Wire of Net _FILLS_RESERVED  ( M7 )
Bounds : ( 88.936, 46.068 ) ( 90.168, 47.300 )


WIDTH: ( WidthTable ) Special Wire of Net _FILLS_RESERVED  ( M7 )
Bounds : ( 90.568, 36.356 ) ( 92.568, 38.356 )


WIDTH: ( WidthTable ) Special Wire of Net _FILLS_RESERVED  ( M7 )
Bounds : ( 90.568, 38.756 ) ( 92.568, 40.756 )


WIDTH: ( WidthTable ) Special Wire of Net _FILLS_RESERVED  ( M7 )
Bounds : ( 90.568, 41.156 ) ( 92.568, 43.156 )


WIDTH: ( WidthTable ) Special Wire of Net _FILLS_RESERVED  ( M7 )
Bounds : ( 90.568, 43.556 ) ( 92.568, 45.556 )


WIDTH: ( WidthTable ) Special Wire of Net _FILLS_RESERVED  ( M7 )
Bounds : ( 90.568, 26.756 ) ( 92.568, 28.756 )


WIDTH: ( WidthTable ) Special Wire of Net _FILLS_RESERVED  ( M7 )
Bounds : ( 90.568, 24.356 ) ( 92.568, 26.356 )


WIDTH: ( WidthTable ) Special Wire of Net _FILLS_RESERVED  ( M7 )
Bounds : ( 88.936, 34.644 ) ( 90.168, 35.876 )


WIDTH: ( WidthTable ) Special Wire of Net _FILLS_RESERVED  ( M7 )
Bounds : ( 88.936, 33.012 ) ( 90.168, 34.244 )


WIDTH: ( WidthTable ) Special Wire of Net _FILLS_RESERVED  ( M7 )
Bounds : ( 88.936, 31.380 ) ( 90.168, 32.612 )


WIDTH: ( WidthTable ) Special Wire of Net _FILLS_RESERVED  ( M7 )
Bounds : ( 88.936, 29.748 ) ( 90.168, 30.980 )


WIDTH: ( WidthTable ) Special Wire of Net _FILLS_RESERVED  ( M7 )
Bounds : ( 88.936, 28.116 ) ( 90.168, 29.348 )


WIDTH: ( WidthTable ) Special Wire of Net _FILLS_RESERVED  ( M7 )
Bounds : ( 88.936, 26.484 ) ( 90.168, 27.716 )


WIDTH: ( WidthTable ) Special Wire of Net _FILLS_RESERVED  ( M7 )
Bounds : ( 88.936, 24.852 ) ( 90.168, 26.084 )


WIDTH: ( WidthTable ) Special Wire of Net _FILLS_RESERVED  ( M7 )
Bounds : ( 90.568, 29.156 ) ( 92.568, 31.156 )


WIDTH: ( WidthTable ) Special Wire of Net _FILLS_RESERVED  ( M7 )
Bounds : ( 90.568, 31.556 ) ( 92.568, 33.556 )


WIDTH: ( WidthTable ) Special Wire of Net _FILLS_RESERVED  ( M7 )
Bounds : ( 90.568, 33.956 ) ( 92.568, 35.956 )


WIDTH: ( WidthTable ) Special Wire of Net VSS  ( M6 )
Bounds : ( 77.568, 33.504 ) ( 78.816, 34.752 )


Geometric: ( Rect Only ) Special Wire of Net VDD  ( M6 )
Bounds : ( 80.480, 35.392 ) ( 80.544, 35.520 )


Geometric: ( Rect Only ) Special Wire of Net VDD  ( M6 )
Bounds : ( 79.296, 35.392 ) ( 79.360, 35.520 )


Geometric: ( Rect Only ) Special Wire of Net VSS  ( M6 )
Bounds : ( 78.752, 34.464 ) ( 78.816, 34.592 )


Geometric: ( Rect Only ) Special Wire of Net VSS  ( M6 )
Bounds : ( 78.752, 33.664 ) ( 78.816, 33.792 )


Geometric: ( Rect Only ) Special Wire of Net VSS  ( M6 )
Bounds : ( 77.568, 34.464 ) ( 77.632, 34.592 )


Geometric: ( Rect Only ) Special Wire of Net VSS  ( M6 )
Bounds : ( 77.568, 33.664 ) ( 77.632, 33.792 )


Geometric: ( Rect Only ) Special Wire of Net VDD  ( M5 )
Bounds : ( 80.272, 35.232 ) ( 80.368, 35.280 )


Geometric: ( Rect Only ) Special Wire of Net VDD  ( M5 )
Bounds : ( 79.472, 35.232 ) ( 79.568, 35.280 )


Geometric: ( Rect Only ) Special Wire of Net VSS  ( M5 )
Bounds : ( 78.544, 34.704 ) ( 78.592, 34.712 )


Geometric: ( Rect Only ) Special Wire of Net VSS  ( M5 )
Bounds : ( 78.544, 33.504 ) ( 78.640, 33.552 )


Geometric: ( Rect Only ) Special Wire of Net VSS  ( M5 )
Bounds : ( 77.792, 34.704 ) ( 77.840, 34.712 )


Geometric: ( Rect Only ) Special Wire of Net VSS  ( M5 )
Bounds : ( 77.744, 33.504 ) ( 77.840, 33.552 )


WIDTH: ( WidthTable ) Special Wire of Net _FILLS_RESERVED  ( M7 )
Bounds : ( 76.848, 25.188 ) ( 78.848, 27.188 )


WIDTH: ( WidthTable ) Special Wire of Net _FILLS_RESERVED  ( M7 )
Bounds : ( 76.848, 27.588 ) ( 78.848, 29.588 )


WIDTH: ( WidthTable ) Special Wire of Net _FILLS_RESERVED  ( M7 )
Bounds : ( 76.848, 29.988 ) ( 78.848, 31.988 )


WIDTH: ( WidthTable ) Special Wire of Net _FILLS_RESERVED  ( M7 )
Bounds : ( 76.848, 32.388 ) ( 78.848, 34.388 )


WIDTH: ( WidthTable ) Special Wire of Net _FILLS_RESERVED  ( M7 )
Bounds : ( 84.136, 30.996 ) ( 86.136, 32.996 )


WIDTH: ( WidthTable ) Special Wire of Net _FILLS_RESERVED  ( M7 )
Bounds : ( 84.136, 28.596 ) ( 86.136, 30.596 )


WIDTH: ( WidthTable ) Special Wire of Net _FILLS_RESERVED  ( M7 )
Bounds : ( 84.136, 26.196 ) ( 86.136, 28.196 )


WIDTH: ( WidthTable ) Special Wire of Net _FILLS_RESERVED  ( M7 )
Bounds : ( 84.136, 33.396 ) ( 86.136, 35.396 )


WIDTH: ( WidthTable ) Special Wire of Net VDD  ( M6 )
Bounds : ( 79.296, 35.232 ) ( 80.544, 36.480 )


Geometric: ( Rect Only ) Special Wire of Net VDD  ( M6 )
Bounds : ( 80.480, 36.192 ) ( 80.544, 36.320 )


Geometric: ( Rect Only ) Special Wire of Net VDD  ( M6 )
Bounds : ( 79.296, 36.192 ) ( 79.360, 36.320 )


WIDTH: ( WidthTable ) Special Wire of Net _FILLS_RESERVED  ( M7 )
Bounds : ( 76.848, 34.788 ) ( 78.848, 36.788 )


WIDTH: ( WidthTable ) Special Wire of Net _FILLS_RESERVED  ( M7 )
Bounds : ( 84.136, 35.796 ) ( 86.136, 37.796 )


WIDTH: ( WidthTable ) Special Wire of Net _FILLS_RESERVED  ( M7 )
Bounds : ( 69.648, 38.388 ) ( 71.648, 40.388 )


WIDTH: ( WidthTable ) Special Wire of Net _FILLS_RESERVED  ( M7 )
Bounds : ( 67.248, 44.388 ) ( 69.248, 46.388 )


WIDTH: ( WidthTable ) Special Wire of Net _FILLS_RESERVED  ( M7 )
Bounds : ( 67.248, 41.988 ) ( 69.248, 43.988 )


WIDTH: ( WidthTable ) Special Wire of Net _FILLS_RESERVED  ( M7 )
Bounds : ( 67.248, 39.588 ) ( 69.248, 41.588 )


WIDTH: ( WidthTable ) Special Wire of Net _FILLS_RESERVED  ( M7 )
Bounds : ( 67.248, 37.188 ) ( 69.248, 39.188 )


WIDTH: ( WidthTable ) Special Wire of Net _FILLS_RESERVED  ( M7 )
Bounds : ( 64.848, 45.588 ) ( 66.848, 47.588 )


WIDTH: ( WidthTable ) Special Wire of Net _FILLS_RESERVED  ( M7 )
Bounds : ( 64.848, 43.188 ) ( 66.848, 45.188 )


WIDTH: ( WidthTable ) Special Wire of Net _FILLS_RESERVED  ( M7 )
Bounds : ( 64.848, 40.788 ) ( 66.848, 42.788 )


WIDTH: ( WidthTable ) Special Wire of Net _FILLS_RESERVED  ( M7 )
Bounds : ( 64.848, 38.388 ) ( 66.848, 40.388 )


WIDTH: ( WidthTable ) Special Wire of Net _FILLS_RESERVED  ( M7 )
Bounds : ( 61.200, 45.000 ) ( 63.200, 47.000 )


WIDTH: ( WidthTable ) Special Wire of Net _FILLS_RESERVED  ( M7 )
Bounds : ( 61.200, 42.600 ) ( 63.200, 44.600 )


WIDTH: ( WidthTable ) Special Wire of Net _FILLS_RESERVED  ( M7 )
Bounds : ( 61.200, 40.200 ) ( 63.200, 42.200 )


WIDTH: ( WidthTable ) Special Wire of Net _FILLS_RESERVED  ( M7 )
Bounds : ( 61.200, 37.800 ) ( 63.200, 39.800 )


WIDTH: ( WidthTable ) Special Wire of Net _FILLS_RESERVED  ( M7 )
Bounds : ( 69.648, 40.788 ) ( 71.648, 42.788 )


WIDTH: ( WidthTable ) Special Wire of Net _FILLS_RESERVED  ( M7 )
Bounds : ( 69.648, 43.188 ) ( 71.648, 45.188 )


WIDTH: ( WidthTable ) Special Wire of Net _FILLS_RESERVED  ( M7 )
Bounds : ( 69.648, 45.588 ) ( 71.648, 47.588 )


WIDTH: ( WidthTable ) Special Wire of Net _FILLS_RESERVED  ( M7 )
Bounds : ( 51.600, 40.200 ) ( 53.600, 42.200 )


WIDTH: ( WidthTable ) Special Wire of Net _FILLS_RESERVED  ( M7 )
Bounds : ( 51.600, 37.800 ) ( 53.600, 39.800 )


WIDTH: ( WidthTable ) Special Wire of Net _FILLS_RESERVED  ( M7 )
Bounds : ( 49.200, 43.800 ) ( 51.200, 45.800 )


WIDTH: ( WidthTable ) Special Wire of Net _FILLS_RESERVED  ( M7 )
Bounds : ( 49.200, 41.400 ) ( 51.200, 43.400 )


WIDTH: ( WidthTable ) Special Wire of Net _FILLS_RESERVED  ( M7 )
Bounds : ( 49.200, 39.000 ) ( 51.200, 41.000 )


WIDTH: ( WidthTable ) Special Wire of Net _FILLS_RESERVED  ( M7 )
Bounds : ( 49.200, 36.600 ) ( 51.200, 38.600 )


WIDTH: ( WidthTable ) Special Wire of Net _FILLS_RESERVED  ( M7 )
Bounds : ( 51.600, 42.600 ) ( 53.600, 44.600 )


WIDTH: ( WidthTable ) Special Wire of Net _FILLS_RESERVED  ( M7 )
Bounds : ( 51.600, 45.000 ) ( 53.600, 47.000 )


WIDTH: ( WidthTable ) Special Wire of Net _FILLS_RESERVED  ( M7 )
Bounds : ( 54.000, 36.600 ) ( 56.000, 38.600 )


WIDTH: ( WidthTable ) Special Wire of Net _FILLS_RESERVED  ( M7 )
Bounds : ( 54.000, 39.000 ) ( 56.000, 41.000 )


WIDTH: ( WidthTable ) Special Wire of Net _FILLS_RESERVED  ( M7 )
Bounds : ( 54.000, 41.400 ) ( 56.000, 43.400 )


WIDTH: ( WidthTable ) Special Wire of Net _FILLS_RESERVED  ( M7 )
Bounds : ( 54.000, 43.800 ) ( 56.000, 45.800 )


WIDTH: ( WidthTable ) Special Wire of Net _FILLS_RESERVED  ( M7 )
Bounds : ( 58.800, 39.000 ) ( 60.800, 41.000 )


WIDTH: ( WidthTable ) Special Wire of Net _FILLS_RESERVED  ( M7 )
Bounds : ( 58.800, 36.600 ) ( 60.800, 38.600 )


WIDTH: ( WidthTable ) Special Wire of Net _FILLS_RESERVED  ( M7 )
Bounds : ( 58.800, 41.400 ) ( 60.800, 43.400 )


WIDTH: ( WidthTable ) Special Wire of Net _FILLS_RESERVED  ( M7 )
Bounds : ( 58.800, 43.800 ) ( 60.800, 45.800 )


WIDTH: ( WidthTable ) Special Wire of Net _FILLS_RESERVED  ( M7 )
Bounds : ( 59.400, 46.200 ) ( 60.760, 47.560 )


WIDTH: ( WidthTable ) Special Wire of Net _FILLS_RESERVED  ( M7 )
Bounds : ( 69.648, 31.188 ) ( 71.648, 33.188 )


WIDTH: ( WidthTable ) Special Wire of Net _FILLS_RESERVED  ( M7 )
Bounds : ( 69.648, 28.788 ) ( 71.648, 30.788 )


WIDTH: ( WidthTable ) Special Wire of Net _FILLS_RESERVED  ( M7 )
Bounds : ( 69.648, 26.388 ) ( 71.648, 28.388 )


WIDTH: ( WidthTable ) Special Wire of Net _FILLS_RESERVED  ( M7 )
Bounds : ( 67.248, 32.388 ) ( 69.248, 34.388 )


WIDTH: ( WidthTable ) Special Wire of Net _FILLS_RESERVED  ( M7 )
Bounds : ( 67.248, 29.988 ) ( 69.248, 31.988 )


WIDTH: ( WidthTable ) Special Wire of Net _FILLS_RESERVED  ( M7 )
Bounds : ( 67.248, 27.588 ) ( 69.248, 29.588 )


WIDTH: ( WidthTable ) Special Wire of Net _FILLS_RESERVED  ( M7 )
Bounds : ( 67.248, 25.188 ) ( 69.248, 27.188 )


WIDTH: ( WidthTable ) Special Wire of Net _FILLS_RESERVED  ( M7 )
Bounds : ( 64.848, 33.588 ) ( 66.848, 35.588 )


WIDTH: ( WidthTable ) Special Wire of Net _FILLS_RESERVED  ( M7 )
Bounds : ( 64.848, 31.188 ) ( 66.848, 33.188 )


WIDTH: ( WidthTable ) Special Wire of Net _FILLS_RESERVED  ( M7 )
Bounds : ( 64.848, 28.788 ) ( 66.848, 30.788 )


WIDTH: ( WidthTable ) Special Wire of Net _FILLS_RESERVED  ( M7 )
Bounds : ( 64.848, 26.388 ) ( 66.848, 28.388 )


WIDTH: ( WidthTable ) Special Wire of Net _FILLS_RESERVED  ( M7 )
Bounds : ( 61.200, 33.000 ) ( 63.200, 35.000 )


WIDTH: ( WidthTable ) Special Wire of Net _FILLS_RESERVED  ( M7 )
Bounds : ( 61.200, 30.600 ) ( 63.200, 32.600 )


WIDTH: ( WidthTable ) Special Wire of Net _FILLS_RESERVED  ( M7 )
Bounds : ( 61.200, 28.200 ) ( 63.200, 30.200 )


WIDTH: ( WidthTable ) Special Wire of Net _FILLS_RESERVED  ( M7 )
Bounds : ( 61.200, 25.800 ) ( 63.200, 27.800 )


WIDTH: ( WidthTable ) Special Wire of Net _FILLS_RESERVED  ( M7 )
Bounds : ( 69.648, 33.588 ) ( 71.648, 35.588 )


WIDTH: ( WidthTable ) Special Wire of Net _FILLS_RESERVED  ( M7 )
Bounds : ( 51.600, 33.000 ) ( 53.600, 35.000 )


WIDTH: ( WidthTable ) Special Wire of Net _FILLS_RESERVED  ( M7 )
Bounds : ( 51.600, 30.600 ) ( 53.600, 32.600 )


WIDTH: ( WidthTable ) Special Wire of Net _FILLS_RESERVED  ( M7 )
Bounds : ( 51.600, 28.200 ) ( 53.600, 30.200 )


WIDTH: ( WidthTable ) Special Wire of Net _FILLS_RESERVED  ( M7 )
Bounds : ( 51.600, 25.800 ) ( 53.600, 27.800 )


WIDTH: ( WidthTable ) Special Wire of Net _FILLS_RESERVED  ( M7 )
Bounds : ( 49.200, 34.200 ) ( 51.200, 36.200 )


WIDTH: ( WidthTable ) Special Wire of Net _FILLS_RESERVED  ( M7 )
Bounds : ( 54.000, 24.600 ) ( 56.000, 26.600 )


WIDTH: ( WidthTable ) Special Wire of Net _FILLS_RESERVED  ( M7 )
Bounds : ( 54.000, 27.000 ) ( 56.000, 29.000 )


WIDTH: ( WidthTable ) Special Wire of Net _FILLS_RESERVED  ( M7 )
Bounds : ( 54.000, 29.400 ) ( 56.000, 31.400 )


WIDTH: ( WidthTable ) Special Wire of Net _FILLS_RESERVED  ( M7 )
Bounds : ( 54.000, 31.800 ) ( 56.000, 33.800 )


WIDTH: ( WidthTable ) Special Wire of Net _FILLS_RESERVED  ( M7 )
Bounds : ( 54.000, 34.200 ) ( 56.000, 36.200 )


WIDTH: ( WidthTable ) Special Wire of Net _FILLS_RESERVED  ( M7 )
Bounds : ( 58.800, 34.200 ) ( 60.800, 36.200 )


WIDTH: ( WidthTable ) Special Wire of Net _FILLS_RESERVED  ( M7 )
Bounds : ( 58.800, 31.800 ) ( 60.800, 33.800 )


WIDTH: ( WidthTable ) Special Wire of Net _FILLS_RESERVED  ( M7 )
Bounds : ( 58.800, 29.400 ) ( 60.800, 31.400 )


WIDTH: ( WidthTable ) Special Wire of Net _FILLS_RESERVED  ( M7 )
Bounds : ( 58.800, 27.000 ) ( 60.800, 29.000 )


WIDTH: ( WidthTable ) Special Wire of Net _FILLS_RESERVED  ( M7 )
Bounds : ( 58.800, 24.600 ) ( 60.800, 26.600 )


WIDTH: ( WidthTable ) Special Wire of Net _FILLS_RESERVED  ( M7 )
Bounds : ( 51.600, 35.400 ) ( 53.600, 37.400 )


WIDTH: ( WidthTable ) Special Wire of Net _FILLS_RESERVED  ( M7 )
Bounds : ( 61.200, 35.400 ) ( 63.200, 37.400 )


WIDTH: ( WidthTable ) Special Wire of Net _FILLS_RESERVED  ( M7 )
Bounds : ( 64.848, 35.988 ) ( 66.848, 37.988 )


WIDTH: ( WidthTable ) Special Wire of Net _FILLS_RESERVED  ( M7 )
Bounds : ( 67.248, 34.788 ) ( 69.248, 36.788 )


WIDTH: ( WidthTable ) Special Wire of Net _FILLS_RESERVED  ( M7 )
Bounds : ( 69.648, 35.988 ) ( 71.648, 37.988 )


WIDTH: ( WidthTable ) Special Wire of Net _FILLS_RESERVED  ( M7 )
Bounds : ( 72.048, 25.188 ) ( 74.048, 27.188 )


WIDTH: ( WidthTable ) Special Wire of Net _FILLS_RESERVED  ( M7 )
Bounds : ( 72.048, 27.588 ) ( 74.048, 29.588 )


WIDTH: ( WidthTable ) Special Wire of Net _FILLS_RESERVED  ( M7 )
Bounds : ( 72.048, 29.988 ) ( 74.048, 31.988 )


WIDTH: ( WidthTable ) Special Wire of Net _FILLS_RESERVED  ( M7 )
Bounds : ( 72.048, 32.388 ) ( 74.048, 34.388 )


WIDTH: ( WidthTable ) Special Wire of Net _FILLS_RESERVED  ( M7 )
Bounds : ( 72.048, 34.788 ) ( 74.048, 36.788 )


WIDTH: ( WidthTable ) Special Wire of Net _FILLS_RESERVED  ( M7 )
Bounds : ( 72.048, 37.188 ) ( 74.048, 39.188 )


WIDTH: ( WidthTable ) Special Wire of Net _FILLS_RESERVED  ( M7 )
Bounds : ( 72.048, 39.588 ) ( 74.048, 41.588 )


WIDTH: ( WidthTable ) Special Wire of Net _FILLS_RESERVED  ( M7 )
Bounds : ( 72.048, 41.988 ) ( 74.048, 43.988 )


WIDTH: ( WidthTable ) Special Wire of Net _FILLS_RESERVED  ( M7 )
Bounds : ( 72.048, 44.388 ) ( 74.048, 46.388 )


WIDTH: ( WidthTable ) Special Wire of Net _FILLS_RESERVED  ( M6 )
Bounds : ( 92.400, 12.736 ) ( 93.960, 14.296 )


WIDTH: ( WidthTable ) Special Wire of Net _FILLS_RESERVED  ( M6 )
Bounds : ( 94.416, 15.864 ) ( 96.276, 17.724 )


WIDTH: ( WidthTable ) Special Wire of Net _FILLS_RESERVED  ( M7 )
Bounds : ( 75.600, 19.800 ) ( 76.960, 21.160 )


WIDTH: ( WidthTable ) Special Wire of Net _FILLS_RESERVED  ( M7 )
Bounds : ( 76.744, 13.524 ) ( 78.744, 15.524 )


WIDTH: ( WidthTable ) Special Wire of Net _FILLS_RESERVED  ( M7 )
Bounds : ( 76.744, 15.924 ) ( 78.744, 17.924 )


WIDTH: ( WidthTable ) Special Wire of Net _FILLS_RESERVED  ( M7 )
Bounds : ( 77.400, 19.800 ) ( 78.632, 21.032 )


WIDTH: ( WidthTable ) Special Wire of Net _FILLS_RESERVED  ( M7 )
Bounds : ( 84.136, 14.196 ) ( 86.136, 16.196 )


WIDTH: ( WidthTable ) Special Wire of Net _FILLS_RESERVED  ( M7 )
Bounds : ( 84.136, 16.596 ) ( 86.136, 18.596 )


WIDTH: ( WidthTable ) Special Wire of Net _FILLS_RESERVED  ( M7 )
Bounds : ( 84.136, 18.996 ) ( 86.136, 20.996 )


WIDTH: ( WidthTable ) Special Wire of Net _FILLS_RESERVED  ( M7 )
Bounds : ( 84.136, 21.396 ) ( 86.136, 23.396 )


WIDTH: ( WidthTable ) Special Wire of Net _FILLS_RESERVED  ( M7 )
Bounds : ( 88.936, 13.428 ) ( 90.168, 14.660 )


WIDTH: ( WidthTable ) Special Wire of Net _FILLS_RESERVED  ( M7 )
Bounds : ( 88.936, 15.060 ) ( 90.168, 16.292 )


WIDTH: ( WidthTable ) Special Wire of Net _FILLS_RESERVED  ( M7 )
Bounds : ( 88.936, 16.692 ) ( 90.168, 17.924 )


WIDTH: ( WidthTable ) Special Wire of Net _FILLS_RESERVED  ( M7 )
Bounds : ( 88.936, 18.324 ) ( 90.168, 19.556 )


WIDTH: ( WidthTable ) Special Wire of Net _FILLS_RESERVED  ( M7 )
Bounds : ( 88.936, 19.956 ) ( 90.168, 21.188 )


WIDTH: ( WidthTable ) Special Wire of Net _FILLS_RESERVED  ( M7 )
Bounds : ( 88.936, 21.588 ) ( 90.168, 22.820 )


WIDTH: ( WidthTable ) Special Wire of Net _FILLS_RESERVED  ( M7 )
Bounds : ( 90.568, 12.356 ) ( 92.568, 14.356 )


WIDTH: ( WidthTable ) Special Wire of Net _FILLS_RESERVED  ( M7 )
Bounds : ( 90.568, 14.756 ) ( 92.568, 16.756 )


WIDTH: ( WidthTable ) Special Wire of Net _FILLS_RESERVED  ( M7 )
Bounds : ( 90.568, 17.156 ) ( 92.568, 19.156 )


WIDTH: ( WidthTable ) Special Wire of Net _FILLS_RESERVED  ( M7 )
Bounds : ( 90.568, 19.556 ) ( 92.568, 21.556 )


WIDTH: ( WidthTable ) Special Wire of Net _FILLS_RESERVED  ( M7 )
Bounds : ( 90.568, 21.956 ) ( 92.568, 23.956 )


WIDTH: ( WidthTable ) Special Wire of Net _FILLS_RESERVED  ( M7 )
Bounds : ( 93.960, 12.600 ) ( 95.960, 14.600 )


WIDTH: ( WidthTable ) Special Wire of Net _FILLS_RESERVED  ( M7 )
Bounds : ( 93.960, 15.000 ) ( 95.960, 17.000 )


WIDTH: ( WidthTable ) Special Wire of Net _FILLS_RESERVED  ( M6 )
Bounds : ( 87.032, 6.316 ) ( 87.992, 7.276 )


WIDTH: ( WidthTable ) Special Wire of Net _FILLS_RESERVED  ( M6 )
Bounds : ( 89.492, 6.316 ) ( 90.452, 7.276 )


WIDTH: ( WidthTable ) Special Wire of Net _FILLS_RESERVED  ( M6 )
Bounds : ( 91.952, 6.316 ) ( 92.912, 7.276 )


WIDTH: ( WidthTable ) Special Wire of Net _FILLS_RESERVED  ( M7 )
Bounds : ( 87.600, 6.996 ) ( 89.600, 8.996 )


WIDTH: ( WidthTable ) Special Wire of Net _FILLS_RESERVED  ( M7 )
Bounds : ( 90.000, 8.196 ) ( 92.000, 10.196 )


WIDTH: ( WidthTable ) Special Wire of Net _FILLS_RESERVED  ( M7 )
Bounds : ( 93.960, 7.800 ) ( 95.960, 9.800 )


VIAENCLOSURE: ( Enclosure ) Regular Wire of Net CTS_62  ( V3 )
Bounds : ( 91.548, 1.740 ) ( 91.620, 1.836 )


VIAENCLOSURE: ( Enclosure ) Regular Wire of Net u_sram_macro_macro_q[0][5]  ( V3 )
Bounds : ( 92.268, 1.932 ) ( 92.340, 2.028 )


VIAENCLOSURE: ( Enclosure ) Regular Wire of Net u_sram_macro_macro_q[0][6]  ( V3 )
Bounds : ( 93.852, 1.932 ) ( 93.924, 2.028 )


VIAENCLOSURE: ( Enclosure ) Regular Wire of Net u_sram_macro_macro_q[0][1]  ( V3 )
Bounds : ( 95.004, 1.932 ) ( 95.076, 2.028 )


VIAENCLOSURE: ( Enclosure ) Regular Wire of Net u_sram_macro_macro_q[0][3]  ( V3 )
Bounds : ( 95.868, 3.660 ) ( 95.940, 3.756 )


WIDTH: ( WidthTable ) Special Wire of Net _FILLS_RESERVED  ( M6 )
Bounds : ( 92.912, 3.984 ) ( 93.572, 4.644 )


WIDTH: ( WidthTable ) Special Wire of Net _FILLS_RESERVED  ( M6 )
Bounds : ( 95.072, 3.984 ) ( 95.732, 4.644 )


WIDTH: ( WidthTable ) Special Wire of Net _FILLS_RESERVED  ( M7 )
Bounds : ( 93.960, 0.600 ) ( 95.960, 2.600 )


WIDTH: ( WidthTable ) Special Wire of Net _FILLS_RESERVED  ( M7 )
Bounds : ( 93.960, 3.000 ) ( 95.960, 5.000 )


VIAENCLOSURE: ( Enclosure ) Regular Wire of Net s_axi_araddr[11]  ( V3 )
Bounds : ( 85.932, 1.740 ) ( 86.004, 1.836 )


VIAENCLOSURE: ( Enclosure ) Regular Wire of Net n_253  ( V3 )
Bounds : ( 86.796, 3.660 ) ( 86.868, 3.756 )


VIAENCLOSURE: ( Enclosure ) Regular Wire of Net CTS_11  ( V3 )
Bounds : ( 89.676, 1.356 ) ( 89.748, 1.452 )


WIDTH: ( WidthTable ) Special Wire of Net _FILLS_RESERVED  ( M5 )
Bounds : ( 87.516, 1.500 ) ( 87.876, 1.860 )


WIDTH: ( WidthTable ) Special Wire of Net _FILLS_RESERVED  ( M6 )
Bounds : ( 86.244, 4.208 ) ( 86.604, 4.568 )


WIDTH: ( WidthTable ) Special Wire of Net _FILLS_RESERVED  ( M6 )
Bounds : ( 88.104, 4.208 ) ( 88.464, 4.568 )


WIDTH: ( WidthTable ) Special Wire of Net _FILLS_RESERVED  ( M7 )
Bounds : ( 88.200, 3.000 ) ( 89.304, 4.104 )


VIAENCLOSURE: ( Enclosure ) Regular Wire of Net u_sram_macro_macro_q[0][0]  ( V3 )
Bounds : ( 90.684, 1.932 ) ( 90.756, 2.028 )


WIDTH: ( WidthTable ) Special Wire of Net _FILLS_RESERVED  ( M7 )
Bounds : ( 88.848, 0.600 ) ( 90.848, 2.600 )


WIDTH: ( WidthTable ) Special Wire of Net _FILLS_RESERVED  ( M7 )
Bounds : ( 90.000, 3.000 ) ( 91.104, 4.104 )


WIDTH: ( WidthTable ) Special Wire of Net _FILLS_RESERVED  ( M7 )
Bounds : ( 87.600, 4.596 ) ( 89.600, 6.596 )


WIDTH: ( WidthTable ) Special Wire of Net _FILLS_RESERVED  ( M7 )
Bounds : ( 90.000, 5.796 ) ( 92.000, 7.796 )


WIDTH: ( WidthTable ) Special Wire of Net _FILLS_RESERVED  ( M7 )
Bounds : ( 93.960, 5.400 ) ( 95.960, 7.400 )


WIDTH: ( WidthTable ) Special Wire of Net _FILLS_RESERVED  ( M6 )
Bounds : ( 74.732, 6.316 ) ( 75.692, 7.276 )


WIDTH: ( WidthTable ) Special Wire of Net _FILLS_RESERVED  ( M6 )
Bounds : ( 77.192, 6.316 ) ( 78.152, 7.276 )


WIDTH: ( WidthTable ) Special Wire of Net _FILLS_RESERVED  ( M6 )
Bounds : ( 79.652, 6.316 ) ( 80.612, 7.276 )


WIDTH: ( WidthTable ) Special Wire of Net _FILLS_RESERVED  ( M6 )
Bounds : ( 82.112, 6.316 ) ( 83.072, 7.276 )


WIDTH: ( WidthTable ) Special Wire of Net _FILLS_RESERVED  ( M7 )
Bounds : ( 80.400, 8.196 ) ( 82.400, 10.196 )


WIDTH: ( WidthTable ) Special Wire of Net _FILLS_RESERVED  ( M6 )
Bounds : ( 80.664, 4.208 ) ( 81.024, 4.568 )


VIAENCLOSURE: ( Enclosure ) Regular Wire of Net FE_OFN67_n_254  ( V5 )
Bounds : ( 79.008, 3.536 ) ( 79.104, 3.664 )


VIAENCLOSURE: ( Enclosure ) Regular Wire of Net FE_PHN146_bram_waddr_wire_9  ( V3 )
Bounds : ( 81.612, 3.660 ) ( 81.684, 3.756 )


VIAENCLOSURE: ( Enclosure ) Regular Wire of Net s_axi_araddr[9]  ( V3 )
Bounds : ( 81.180, 3.660 ) ( 81.252, 3.756 )


VIAENCLOSURE: ( Enclosure ) Regular Wire of Net FE_OFN67_n_254  ( V3 )
Bounds : ( 79.020, 3.660 ) ( 79.092, 3.756 )


WIDTH: ( WidthTable ) Special Wire of Net _FILLS_RESERVED  ( M6 )
Bounds : ( 82.524, 4.208 ) ( 82.884, 4.568 )


WIDTH: ( WidthTable ) Special Wire of Net VDD  ( M6 )
Bounds : ( 79.296, 1.456 ) ( 80.544, 2.704 )


VIAENCLOSURE: ( Enclosure ) Regular Wire of Net CTS_276  ( V3 )
Bounds : ( 83.772, 1.356 ) ( 83.844, 1.452 )


VIAENCLOSURE: ( Enclosure ) Regular Wire of Net u_sram_macro_sram_addr[9]  ( V3 )
Bounds : ( 82.188, 1.356 ) ( 82.260, 1.452 )


Geometric: ( Rect Only ) Special Wire of Net VDD  ( M6 )
Bounds : ( 80.480, 2.416 ) ( 80.544, 2.544 )


Geometric: ( Rect Only ) Special Wire of Net VDD  ( M6 )
Bounds : ( 80.480, 1.616 ) ( 80.544, 1.744 )


Geometric: ( Rect Only ) Special Wire of Net VDD  ( M6 )
Bounds : ( 79.296, 2.416 ) ( 79.360, 2.544 )


Geometric: ( Rect Only ) Special Wire of Net VDD  ( M6 )
Bounds : ( 79.296, 1.616 ) ( 79.360, 1.744 )


Geometric: ( Rect Only ) Special Wire of Net VSS  ( M6 )
Bounds : ( 78.752, 0.736 ) ( 78.816, 0.864 )


Geometric: ( Rect Only ) Special Wire of Net VSS  ( M6 )
Bounds : ( 78.752, -0.064 ) ( 78.816, 0.064 )


Geometric: ( Rect Only ) Special Wire of Net VDD  ( M5 )
Bounds : ( 80.272, 2.656 ) ( 80.320, 2.752 )


Geometric: ( Rect Only ) Special Wire of Net VDD  ( M5 )
Bounds : ( 79.520, 2.656 ) ( 79.568, 2.752 )


WIDTH: ( WidthTable ) Special Wire of Net _FILLS_RESERVED  ( M7 )
Bounds : ( 81.648, 0.600 ) ( 83.648, 2.600 )


Geometric: ( Rect Only ) Special Wire of Net VSS  ( M5 )
Bounds : ( 77.792, 0.976 ) ( 77.840, 1.072 )


Geometric: ( Rect Only ) Special Wire of Net VSS  ( M5 )
Bounds : ( 78.544, 0.976 ) ( 78.592, 1.072 )


Geometric: ( Rect Only ) Special Wire of Net VSS  ( M6 )
Bounds : ( 77.568, -0.064 ) ( 77.632, 0.064 )


Geometric: ( Rect Only ) Special Wire of Net VSS  ( M6 )
Bounds : ( 77.568, 0.736 ) ( 77.632, 0.864 )


VIAENCLOSURE: ( Enclosure ) Regular Wire of Net FE_PHN833_bram_waddr_wire_7  ( V3 )
Bounds : ( 72.972, 1.932 ) ( 73.044, 2.028 )


VIAENCLOSURE: ( Enclosure ) Regular Wire of Net FE_PHN141_bram_waddr_wire_8  ( V3 )
Bounds : ( 75.708, 1.356 ) ( 75.780, 1.452 )


VIAENCLOSURE: ( Enclosure ) Regular Wire of Net s_axi_araddr[10]  ( V3 )
Bounds : ( 76.860, 1.356 ) ( 76.932, 1.452 )


WIDTH: ( WidthTable ) Special Wire of Net _FILLS_RESERVED  ( M7 )
Bounds : ( 80.400, 5.796 ) ( 82.400, 7.796 )


WIDTH: ( WidthTable ) Special Wire of Net _FILLS_RESERVED  ( M6 )
Bounds : ( 84.384, 4.208 ) ( 84.744, 4.568 )


WIDTH: ( WidthTable ) Special Wire of Net _FILLS_RESERVED  ( M6 )
Bounds : ( 84.572, 6.316 ) ( 85.532, 7.276 )


WIDTH: ( WidthTable ) Special Wire of Net _FILLS_RESERVED  ( M7 )
Bounds : ( 84.048, 0.600 ) ( 86.048, 2.600 )


WIDTH: ( WidthTable ) Special Wire of Net _FILLS_RESERVED  ( M7 )
Bounds : ( 84.136, 11.796 ) ( 86.136, 13.796 )


WIDTH: ( WidthTable ) Special Wire of Net _FILLS_RESERVED  ( M7 )
Bounds : ( 88.936, 11.796 ) ( 90.168, 13.028 )


WIDTH: ( WidthTable ) Special Wire of Net _FILLS_RESERVED  ( M7 )
Bounds : ( 93.960, 10.200 ) ( 95.960, 12.200 )


WIDTH: ( WidthTable ) Special Wire of Net _FILLS_RESERVED  ( M7 )
Bounds : ( 51.600, 13.800 ) ( 53.600, 15.800 )


WIDTH: ( WidthTable ) Special Wire of Net _FILLS_RESERVED  ( M7 )
Bounds : ( 51.600, 16.200 ) ( 53.600, 18.200 )


WIDTH: ( WidthTable ) Special Wire of Net _FILLS_RESERVED  ( M7 )
Bounds : ( 51.600, 18.600 ) ( 53.600, 20.600 )


WIDTH: ( WidthTable ) Special Wire of Net _FILLS_RESERVED  ( M7 )
Bounds : ( 51.600, 21.000 ) ( 53.600, 23.000 )


WIDTH: ( WidthTable ) Special Wire of Net _FILLS_RESERVED  ( M7 )
Bounds : ( 54.000, 12.600 ) ( 56.000, 14.600 )


WIDTH: ( WidthTable ) Special Wire of Net _FILLS_RESERVED  ( M7 )
Bounds : ( 54.000, 15.000 ) ( 56.000, 17.000 )


WIDTH: ( WidthTable ) Special Wire of Net _FILLS_RESERVED  ( M7 )
Bounds : ( 54.000, 17.400 ) ( 56.000, 19.400 )


WIDTH: ( WidthTable ) Special Wire of Net _FILLS_RESERVED  ( M7 )
Bounds : ( 54.000, 19.800 ) ( 56.000, 21.800 )


WIDTH: ( WidthTable ) Special Wire of Net _FILLS_RESERVED  ( M7 )
Bounds : ( 58.800, 12.600 ) ( 60.800, 14.600 )


WIDTH: ( WidthTable ) Special Wire of Net _FILLS_RESERVED  ( M7 )
Bounds : ( 58.800, 15.000 ) ( 60.800, 17.000 )


WIDTH: ( WidthTable ) Special Wire of Net _FILLS_RESERVED  ( M7 )
Bounds : ( 58.800, 17.400 ) ( 60.800, 19.400 )


WIDTH: ( WidthTable ) Special Wire of Net _FILLS_RESERVED  ( M7 )
Bounds : ( 58.800, 19.800 ) ( 60.800, 21.800 )


WIDTH: ( WidthTable ) Special Wire of Net _FILLS_RESERVED  ( M7 )
Bounds : ( 61.200, 13.800 ) ( 63.200, 15.800 )


WIDTH: ( WidthTable ) Special Wire of Net _FILLS_RESERVED  ( M7 )
Bounds : ( 61.200, 16.200 ) ( 63.200, 18.200 )


WIDTH: ( WidthTable ) Special Wire of Net _FILLS_RESERVED  ( M7 )
Bounds : ( 61.200, 18.600 ) ( 63.200, 20.600 )


WIDTH: ( WidthTable ) Special Wire of Net _FILLS_RESERVED  ( M7 )
Bounds : ( 61.200, 21.000 ) ( 63.200, 23.000 )


WIDTH: ( WidthTable ) Special Wire of Net _FILLS_RESERVED  ( M7 )
Bounds : ( 69.648, 21.588 ) ( 71.648, 23.588 )


WIDTH: ( WidthTable ) Special Wire of Net _FILLS_RESERVED  ( M6 )
Bounds : ( 69.812, 6.316 ) ( 70.772, 7.276 )


WIDTH: ( WidthTable ) Special Wire of Net _FILLS_RESERVED  ( M6 )
Bounds : ( 67.352, 6.316 ) ( 68.312, 7.276 )


WIDTH: ( WidthTable ) Special Wire of Net _FILLS_RESERVED  ( M6 )
Bounds : ( 64.892, 6.316 ) ( 65.852, 7.276 )


WIDTH: ( WidthTable ) Special Wire of Net _FILLS_RESERVED  ( M6 )
Bounds : ( 62.432, 6.316 ) ( 63.392, 7.276 )


WIDTH: ( WidthTable ) Special Wire of Net _FILLS_RESERVED  ( M7 )
Bounds : ( 61.200, 6.600 ) ( 63.200, 8.600 )


WIDTH: ( WidthTable ) Special Wire of Net _FILLS_RESERVED  ( M7 )
Bounds : ( 61.200, 9.000 ) ( 63.200, 11.000 )


WIDTH: ( WidthTable ) Special Wire of Net _FILLS_RESERVED  ( M7 )
Bounds : ( 69.648, 0.600 ) ( 71.648, 2.600 )


WIDTH: ( WidthTable ) Special Wire of Net _FILLS_RESERVED  ( M7 )
Bounds : ( 67.248, 1.800 ) ( 69.248, 3.800 )


WIDTH: ( WidthTable ) Special Wire of Net _FILLS_RESERVED  ( M6 )
Bounds : ( 71.160, 3.984 ) ( 71.820, 4.644 )


VIAENCLOSURE: ( Enclosure ) Regular Wire of Net clk  ( V3 )
Bounds : ( 67.356, 1.932 ) ( 67.428, 2.028 )


VIAENCLOSURE: ( Enclosure ) Regular Wire of Net u_sram_macro_sram_addr[8]  ( V3 )
Bounds : ( 71.532, 3.660 ) ( 71.604, 3.756 )


WIDTH: ( WidthTable ) Special Wire of Net _FILLS_RESERVED  ( M6 )
Bounds : ( 66.840, 3.984 ) ( 67.500, 4.644 )


WIDTH: ( WidthTable ) Special Wire of Net _FILLS_RESERVED  ( M6 )
Bounds : ( 69.000, 3.984 ) ( 69.660, 4.644 )


WIDTH: ( WidthTable ) Special Wire of Net _FILLS_RESERVED  ( M7 )
Bounds : ( 61.200, 1.800 ) ( 63.200, 3.800 )


OFFGRID: ( Off Grid or Wrong Way ) Regular Wire of Net clk  ( M4 )
Bounds : ( 65.496, 0.000 ) ( 66.144, 0.420 )


VIAENCLOSURE: ( Enclosure ) Regular Wire of Net n_248  ( V3 )
Bounds : ( 65.196, 3.660 ) ( 65.268, 3.756 )


VIAENCLOSURE: ( Enclosure ) Regular Wire of Net n_248  ( V5 )
Bounds : ( 65.184, 4.688 ) ( 65.280, 4.816 )


WIDTH: ( WidthTable ) Special Wire of Net _FILLS_RESERVED  ( M4 )
Bounds : ( 62.336, 1.504 ) ( 62.696, 1.864 )


WIDTH: ( WidthTable ) Regular Wire of Net clk  ( M4 )
Bounds : ( 65.496, 0.000 ) ( 66.144, 0.420 )


WIDTH: ( WidthTable ) Special Wire of Net _FILLS_RESERVED  ( M6 )
Bounds : ( 62.432, 3.984 ) ( 63.092, 4.644 )


WIDTH: ( WidthTable ) Special Wire of Net _FILLS_RESERVED  ( M7 )
Bounds : ( 61.200, 4.200 ) ( 63.200, 6.200 )


WIDTH: ( WidthTable ) Special Wire of Net _FILLS_RESERVED  ( M7 )
Bounds : ( 51.600, 6.600 ) ( 53.600, 8.600 )


WIDTH: ( WidthTable ) Special Wire of Net _FILLS_RESERVED  ( M7 )
Bounds : ( 51.600, 9.000 ) ( 53.600, 11.000 )


WIDTH: ( WidthTable ) Special Wire of Net _FILLS_RESERVED  ( M7 )
Bounds : ( 54.000, 7.800 ) ( 56.000, 9.800 )


VIAENCLOSURE: ( Enclosure ) Regular Wire of Net CTS_250  ( V3 )
Bounds : ( 55.116, 2.124 ) ( 55.188, 2.220 )


VIAENCLOSURE: ( Enclosure ) Regular Wire of Net FE_PHN4032_FE_OFN58_n_318  ( V3 )
Bounds : ( 56.412, 3.660 ) ( 56.484, 3.756 )


VIAENCLOSURE: ( Enclosure ) Regular Wire of Net FE_PHN3712_FE_OFN327_n_325  ( V3 )
Bounds : ( 56.988, 1.356 ) ( 57.060, 1.452 )


VIAENCLOSURE: ( Enclosure ) Regular Wire of Net FE_PHN3776_FE_OFN58_n_318  ( V3 )
Bounds : ( 58.428, 3.660 ) ( 58.500, 3.756 )


WIDTH: ( WidthTable ) Special Wire of Net _FILLS_RESERVED  ( M4 )
Bounds : ( 58.616, 1.504 ) ( 58.976, 1.864 )


VIAENCLOSURE: ( Enclosure ) Regular Wire of Net FE_PHN3432_FE_OFN327_n_325  ( V3 )
Bounds : ( 50.076, 1.932 ) ( 50.148, 2.028 )


VIAENCLOSURE: ( Enclosure ) Regular Wire of Net FE_PHN3905_FE_OFN327_n_325  ( V3 )
Bounds : ( 51.804, 3.660 ) ( 51.876, 3.756 )


VIAENCLOSURE: ( Enclosure ) Regular Wire of Net u_sram_macro_sram_addr[7]  ( V3 )
Bounds : ( 53.964, 3.660 ) ( 54.036, 3.756 )


WIDTH: ( WidthTable ) Special Wire of Net _FILLS_RESERVED  ( M7 )
Bounds : ( 51.600, 1.800 ) ( 53.600, 3.800 )


WIDTH: ( WidthTable ) Special Wire of Net _FILLS_RESERVED  ( M7 )
Bounds : ( 54.000, 0.600 ) ( 56.000, 2.600 )


WIDTH: ( WidthTable ) Special Wire of Net _FILLS_RESERVED  ( M7 )
Bounds : ( 54.000, 3.000 ) ( 56.000, 5.000 )


WIDTH: ( WidthTable ) Special Wire of Net _FILLS_RESERVED  ( M7 )
Bounds : ( 51.600, 4.200 ) ( 53.600, 6.200 )


WIDTH: ( WidthTable ) Special Wire of Net _FILLS_RESERVED  ( M7 )
Bounds : ( 54.000, 5.400 ) ( 56.000, 7.400 )


WIDTH: ( WidthTable ) Special Wire of Net _FILLS_RESERVED  ( M4 )
Bounds : ( 60.128, 3.364 ) ( 61.088, 4.324 )


WIDTH: ( WidthTable ) Special Wire of Net _FILLS_RESERVED  ( M4 )
Bounds : ( 60.476, 1.504 ) ( 60.836, 1.864 )


WIDTH: ( WidthTable ) Special Wire of Net _FILLS_RESERVED  ( M7 )
Bounds : ( 58.800, 0.600 ) ( 60.800, 2.600 )


WIDTH: ( WidthTable ) Special Wire of Net _FILLS_RESERVED  ( M7 )
Bounds : ( 58.800, 3.000 ) ( 60.800, 5.000 )


WIDTH: ( WidthTable ) Special Wire of Net _FILLS_RESERVED  ( M7 )
Bounds : ( 58.800, 5.400 ) ( 60.800, 7.400 )


WIDTH: ( WidthTable ) Special Wire of Net _FILLS_RESERVED  ( M7 )
Bounds : ( 58.800, 7.800 ) ( 60.800, 9.800 )


WIDTH: ( WidthTable ) Special Wire of Net _FILLS_RESERVED  ( M7 )
Bounds : ( 51.600, 11.400 ) ( 53.600, 13.400 )


WIDTH: ( WidthTable ) Special Wire of Net _FILLS_RESERVED  ( M7 )
Bounds : ( 54.000, 10.200 ) ( 56.000, 12.200 )


WIDTH: ( WidthTable ) Special Wire of Net _FILLS_RESERVED  ( M7 )
Bounds : ( 58.800, 10.200 ) ( 60.800, 12.200 )


WIDTH: ( WidthTable ) Special Wire of Net _FILLS_RESERVED  ( M7 )
Bounds : ( 61.200, 11.400 ) ( 63.200, 13.400 )


WIDTH: ( WidthTable ) Special Wire of Net _FILLS_RESERVED  ( M6 )
Bounds : ( 72.272, 6.316 ) ( 73.232, 7.276 )


WIDTH: ( WidthTable ) Special Wire of Net _FILLS_RESERVED  ( M7 )
Bounds : ( 72.048, 1.800 ) ( 74.048, 3.800 )


WIDTH: ( WidthTable ) Special Wire of Net _FILLS_RESERVED  ( M7 )
Bounds : ( 51.600, 23.400 ) ( 53.600, 25.400 )


WIDTH: ( WidthTable ) Special Wire of Net _FILLS_RESERVED  ( M7 )
Bounds : ( 54.000, 22.200 ) ( 56.000, 24.200 )


WIDTH: ( WidthTable ) Special Wire of Net _FILLS_RESERVED  ( M7 )
Bounds : ( 58.800, 22.200 ) ( 60.800, 24.200 )


WIDTH: ( WidthTable ) Special Wire of Net _FILLS_RESERVED  ( M7 )
Bounds : ( 61.200, 23.400 ) ( 63.200, 25.400 )


WIDTH: ( WidthTable ) Special Wire of Net _FILLS_RESERVED  ( M7 )
Bounds : ( 64.848, 23.988 ) ( 66.848, 25.988 )


WIDTH: ( WidthTable ) Special Wire of Net _FILLS_RESERVED  ( M7 )
Bounds : ( 67.248, 22.788 ) ( 69.248, 24.788 )


WIDTH: ( WidthTable ) Special Wire of Net _FILLS_RESERVED  ( M7 )
Bounds : ( 69.648, 23.988 ) ( 71.648, 25.988 )


WIDTH: ( WidthTable ) Special Wire of Net _FILLS_RESERVED  ( M7 )
Bounds : ( 72.048, 22.788 ) ( 74.048, 24.788 )


WIDTH: ( WidthTable ) Special Wire of Net _FILLS_RESERVED  ( M7 )
Bounds : ( 76.848, 22.788 ) ( 78.848, 24.788 )


WIDTH: ( WidthTable ) Special Wire of Net _FILLS_RESERVED  ( M7 )
Bounds : ( 84.136, 23.796 ) ( 86.136, 25.796 )


WIDTH: ( WidthTable ) Special Wire of Net _FILLS_RESERVED  ( M7 )
Bounds : ( 88.936, 23.220 ) ( 90.168, 24.452 )


Geometric: ( Rect Only ) Special Wire of Net VDD  ( M5 )
Bounds : ( 45.128, 36.432 ) ( 45.224, 36.480 )


Geometric: ( Rect Only ) Special Wire of Net VDD  ( M5 )
Bounds : ( 45.928, 36.432 ) ( 46.024, 36.480 )


WIDTH: ( WidthTable ) Special Wire of Net _FILLS_RESERVED  ( M6 )
Bounds : ( 43.072, 44.460 ) ( 44.932, 46.320 )


WIDTH: ( WidthTable ) Special Wire of Net _FILLS_RESERVED  ( M7 )
Bounds : ( 37.672, 36.376 ) ( 39.672, 38.376 )


WIDTH: ( WidthTable ) Special Wire of Net _FILLS_RESERVED  ( M7 )
Bounds : ( 37.672, 38.776 ) ( 39.672, 40.776 )


WIDTH: ( WidthTable ) Special Wire of Net _FILLS_RESERVED  ( M7 )
Bounds : ( 37.672, 41.176 ) ( 39.672, 43.176 )


WIDTH: ( WidthTable ) Special Wire of Net _FILLS_RESERVED  ( M7 )
Bounds : ( 37.672, 43.576 ) ( 39.672, 45.576 )


WIDTH: ( WidthTable ) Special Wire of Net _FILLS_RESERVED  ( M7 )
Bounds : ( 37.672, 45.976 ) ( 39.672, 47.976 )


WIDTH: ( WidthTable ) Special Wire of Net _FILLS_RESERVED  ( M7 )
Bounds : ( 40.072, 37.576 ) ( 42.072, 39.576 )


WIDTH: ( WidthTable ) Special Wire of Net _FILLS_RESERVED  ( M7 )
Bounds : ( 40.072, 39.976 ) ( 42.072, 41.976 )


WIDTH: ( WidthTable ) Special Wire of Net _FILLS_RESERVED  ( M7 )
Bounds : ( 40.072, 42.376 ) ( 42.072, 44.376 )


WIDTH: ( WidthTable ) Special Wire of Net _FILLS_RESERVED  ( M7 )
Bounds : ( 40.072, 44.776 ) ( 42.072, 46.776 )


WIDTH: ( WidthTable ) Special Wire of Net _FILLS_RESERVED  ( M7 )
Bounds : ( 44.872, 37.576 ) ( 46.872, 39.576 )


WIDTH: ( WidthTable ) Special Wire of Net _FILLS_RESERVED  ( M7 )
Bounds : ( 44.872, 39.976 ) ( 46.872, 41.976 )


WIDTH: ( WidthTable ) Special Wire of Net _FILLS_RESERVED  ( M7 )
Bounds : ( 44.872, 42.376 ) ( 46.872, 44.376 )


WIDTH: ( WidthTable ) Special Wire of Net _FILLS_RESERVED  ( M7 )
Bounds : ( 44.872, 44.776 ) ( 46.872, 46.776 )


VIAENCLOSURE: ( Enclosure ) Regular Wire of Net FE_PHN2213_bram_waddr_wire_9  ( V3 )
Bounds : ( 30.636, 42.828 ) ( 30.708, 42.924 )


VIAENCLOSURE: ( Enclosure ) Regular Wire of Net FE_PHN1767_u_sram_macro_sram_addr_0  ( V3 )
Bounds : ( 32.364, 42.828 ) ( 32.436, 42.924 )


VIAENCLOSURE: ( Enclosure ) Regular Wire of Net FE_PHN1103_u_sram_macro_sram_addr_13  ( V3 )
Bounds : ( 33.228, 45.132 ) ( 33.300, 45.228 )


VIAENCLOSURE: ( Enclosure ) Regular Wire of Net s_axi_araddr[14]  ( V3 )
Bounds : ( 34.956, 44.556 ) ( 35.028, 44.652 )


VIAENCLOSURE: ( Enclosure ) Regular Wire of Net s_axi_araddr[15]  ( V3 )
Bounds : ( 35.820, 42.828 ) ( 35.892, 42.924 )


VIAENCLOSURE: ( Enclosure ) Regular Wire of Net n_253  ( V3 )
Bounds : ( 35.820, 44.748 ) ( 35.892, 44.844 )


WIDTH: ( WidthTable ) Special Wire of Net _FILLS_RESERVED  ( M4 )
Bounds : ( 34.424, 47.112 ) ( 34.784, 47.472 )


WIDTH: ( WidthTable ) Special Wire of Net _FILLS_RESERVED  ( M7 )
Bounds : ( 30.472, 42.376 ) ( 32.472, 44.376 )


WIDTH: ( WidthTable ) Special Wire of Net _FILLS_RESERVED  ( M7 )
Bounds : ( 30.472, 44.776 ) ( 32.472, 46.776 )


WIDTH: ( WidthTable ) Special Wire of Net _FILLS_RESERVED  ( M7 )
Bounds : ( 32.872, 43.576 ) ( 34.872, 45.576 )


WIDTH: ( WidthTable ) Special Wire of Net _FILLS_RESERVED  ( M7 )
Bounds : ( 32.872, 45.976 ) ( 34.872, 47.976 )


VIAENCLOSURE: ( Enclosure ) Regular Wire of Net FE_PHN2071_n_219  ( V3 )
Bounds : ( 25.452, 46.860 ) ( 25.524, 46.956 )


VIAENCLOSURE: ( Enclosure ) Regular Wire of Net FE_PHN1308_n_219  ( V3 )
Bounds : ( 27.612, 46.860 ) ( 27.684, 46.956 )


VIAENCLOSURE: ( Enclosure ) Regular Wire of Net n_248  ( V3 )
Bounds : ( 29.340, 46.860 ) ( 29.412, 46.956 )


WIDTH: ( WidthTable ) Special Wire of Net _FILLS_RESERVED  ( M4 )
Bounds : ( 25.712, 44.424 ) ( 26.072, 44.784 )


WIDTH: ( WidthTable ) Special Wire of Net _FILLS_RESERVED  ( M4 )
Bounds : ( 27.572, 44.424 ) ( 27.932, 44.784 )


WIDTH: ( WidthTable ) Special Wire of Net _FILLS_RESERVED  ( M4 )
Bounds : ( 29.432, 44.424 ) ( 29.792, 44.784 )


WIDTH: ( WidthTable ) Special Wire of Net _FILLS_RESERVED  ( M7 )
Bounds : ( 25.672, 42.376 ) ( 27.672, 44.376 )


WIDTH: ( WidthTable ) Special Wire of Net _FILLS_RESERVED  ( M7 )
Bounds : ( 25.672, 44.776 ) ( 27.672, 46.776 )


VIAENCLOSURE: ( Enclosure ) Regular Wire of Net FE_PHN943_bram_waddr_wire_8  ( V3 )
Bounds : ( 30.636, 40.524 ) ( 30.708, 40.620 )


VIAENCLOSURE: ( Enclosure ) Regular Wire of Net FE_PHN1057_bram_waddr_wire_9  ( V3 )
Bounds : ( 33.084, 40.524 ) ( 33.156, 40.620 )


VIAENCLOSURE: ( Enclosure ) Regular Wire of Net FE_PHN1270_bram_waddr_wire_8  ( V3 )
Bounds : ( 33.228, 38.220 ) ( 33.300, 38.316 )


VIAENCLOSURE: ( Enclosure ) Regular Wire of Net FE_PHN1167_bram_waddr_wire_9  ( V3 )
Bounds : ( 34.380, 38.220 ) ( 34.452, 38.316 )


VIAENCLOSURE: ( Enclosure ) Regular Wire of Net FE_PHN208_n_320  ( V3 )
Bounds : ( 34.956, 38.220 ) ( 35.028, 38.316 )


VIAENCLOSURE: ( Enclosure ) Regular Wire of Net FE_PHN141_bram_waddr_wire_8  ( V3 )
Bounds : ( 35.820, 40.524 ) ( 35.892, 40.620 )


WIDTH: ( WidthTable ) Special Wire of Net _FILLS_RESERVED  ( M7 )
Bounds : ( 30.472, 37.576 ) ( 32.472, 39.576 )


WIDTH: ( WidthTable ) Special Wire of Net _FILLS_RESERVED  ( M7 )
Bounds : ( 30.472, 39.976 ) ( 32.472, 41.976 )


WIDTH: ( WidthTable ) Special Wire of Net _FILLS_RESERVED  ( M7 )
Bounds : ( 32.872, 36.376 ) ( 34.872, 38.376 )


WIDTH: ( WidthTable ) Special Wire of Net _FILLS_RESERVED  ( M7 )
Bounds : ( 32.872, 38.776 ) ( 34.872, 40.776 )


VIAENCLOSURE: ( Enclosure ) Regular Wire of Net FE_PHN2214_bram_waddr_wire_8  ( V3 )
Bounds : ( 25.596, 40.524 ) ( 25.668, 40.620 )


VIAENCLOSURE: ( Enclosure ) Regular Wire of Net FE_PHN1646_n_204  ( V3 )
Bounds : ( 26.892, 36.492 ) ( 26.964, 36.588 )


VIAENCLOSURE: ( Enclosure ) Regular Wire of Net FE_PHN2414_bram_waddr_wire_8  ( V3 )
Bounds : ( 28.908, 39.180 ) ( 28.980, 39.276 )


VIAENCLOSURE: ( Enclosure ) Regular Wire of Net FE_PHN595_bram_waddr_wire_9  ( V3 )
Bounds : ( 28.908, 41.292 ) ( 28.980, 41.388 )


VIAENCLOSURE: ( Enclosure ) Regular Wire of Net FE_PHN593_bram_waddr_wire_8  ( V3 )
Bounds : ( 29.628, 40.524 ) ( 29.700, 40.620 )


WIDTH: ( WidthTable ) Special Wire of Net _FILLS_RESERVED  ( M7 )
Bounds : ( 25.672, 37.576 ) ( 27.672, 39.576 )


WIDTH: ( WidthTable ) Special Wire of Net _FILLS_RESERVED  ( M7 )
Bounds : ( 25.672, 39.976 ) ( 27.672, 41.976 )


VIAENCLOSURE: ( Enclosure ) Regular Wire of Net FE_PHN1962_n_219  ( V3 )
Bounds : ( 26.748, 42.252 ) ( 26.820, 42.348 )


VIAENCLOSURE: ( Enclosure ) Regular Wire of Net FE_PHN146_bram_waddr_wire_9  ( V3 )
Bounds : ( 34.956, 42.252 ) ( 35.028, 42.348 )


WIDTH: ( WidthTable ) Special Wire of Net _FILLS_RESERVED  ( M7 )
Bounds : ( 32.872, 41.176 ) ( 34.872, 43.176 )


Geometric: ( Rect Only ) Special Wire of Net VSS  ( M5 )
Bounds : ( 43.400, 33.504 ) ( 43.496, 33.552 )


Geometric: ( Rect Only ) Special Wire of Net VSS  ( M5 )
Bounds : ( 43.400, 34.704 ) ( 43.496, 34.752 )


Geometric: ( Rect Only ) Special Wire of Net VSS  ( M5 )
Bounds : ( 44.200, 33.504 ) ( 44.296, 33.552 )


Geometric: ( Rect Only ) Special Wire of Net VSS  ( M5 )
Bounds : ( 44.200, 34.704 ) ( 44.296, 34.752 )


Geometric: ( Rect Only ) Special Wire of Net VDD  ( M5 )
Bounds : ( 45.176, 35.184 ) ( 45.224, 35.192 )


Geometric: ( Rect Only ) Special Wire of Net VDD  ( M5 )
Bounds : ( 45.928, 35.184 ) ( 45.976, 35.192 )


Geometric: ( Rect Only ) Special Wire of Net VSS  ( M6 )
Bounds : ( 43.224, 33.664 ) ( 43.288, 33.792 )


Geometric: ( Rect Only ) Special Wire of Net VSS  ( M6 )
Bounds : ( 43.224, 34.464 ) ( 43.288, 34.592 )


Geometric: ( Rect Only ) Special Wire of Net VSS  ( M6 )
Bounds : ( 44.408, 33.664 ) ( 44.472, 33.792 )


Geometric: ( Rect Only ) Special Wire of Net VSS  ( M6 )
Bounds : ( 44.408, 34.464 ) ( 44.472, 34.592 )


Geometric: ( Rect Only ) Special Wire of Net VDD  ( M6 )
Bounds : ( 44.952, 35.392 ) ( 45.016, 35.520 )


Geometric: ( Rect Only ) Special Wire of Net VDD  ( M6 )
Bounds : ( 46.136, 35.392 ) ( 46.200, 35.520 )


WIDTH: ( WidthTable ) Special Wire of Net VSS  ( M6 )
Bounds : ( 43.224, 33.504 ) ( 44.472, 34.752 )


WIDTH: ( WidthTable ) Special Wire of Net _FILLS_RESERVED  ( M7 )
Bounds : ( 37.672, 24.600 ) ( 39.672, 26.600 )


WIDTH: ( WidthTable ) Special Wire of Net _FILLS_RESERVED  ( M7 )
Bounds : ( 37.672, 27.000 ) ( 39.672, 29.000 )


WIDTH: ( WidthTable ) Special Wire of Net _FILLS_RESERVED  ( M7 )
Bounds : ( 37.672, 29.400 ) ( 39.672, 31.400 )


WIDTH: ( WidthTable ) Special Wire of Net _FILLS_RESERVED  ( M7 )
Bounds : ( 37.672, 33.976 ) ( 39.672, 35.976 )


WIDTH: ( WidthTable ) Special Wire of Net _FILLS_RESERVED  ( M7 )
Bounds : ( 40.072, 25.800 ) ( 42.072, 27.800 )


WIDTH: ( WidthTable ) Special Wire of Net _FILLS_RESERVED  ( M7 )
Bounds : ( 40.072, 28.200 ) ( 42.072, 30.200 )


WIDTH: ( WidthTable ) Special Wire of Net _FILLS_RESERVED  ( M7 )
Bounds : ( 40.072, 30.600 ) ( 42.072, 32.600 )


WIDTH: ( WidthTable ) Special Wire of Net _FILLS_RESERVED  ( M7 )
Bounds : ( 44.872, 25.800 ) ( 46.872, 27.800 )


WIDTH: ( WidthTable ) Special Wire of Net _FILLS_RESERVED  ( M7 )
Bounds : ( 44.872, 28.200 ) ( 46.872, 30.200 )


WIDTH: ( WidthTable ) Special Wire of Net _FILLS_RESERVED  ( M7 )
Bounds : ( 45.600, 31.800 ) ( 46.832, 33.032 )


VIAENCLOSURE: ( Enclosure ) Regular Wire of Net FE_PHN1416_n_201  ( V3 )
Bounds : ( 30.492, 30.924 ) ( 30.564, 31.020 )


VIAENCLOSURE: ( Enclosure ) Regular Wire of Net FE_PHN1494_bram_waddr_wire_2  ( V3 )
Bounds : ( 34.092, 33.612 ) ( 34.164, 33.708 )


VIAENCLOSURE: ( Enclosure ) Regular Wire of Net u_sram_macro_sram_addr[7]  ( V3 )
Bounds : ( 34.956, 35.916 ) ( 35.028, 36.012 )


WIDTH: ( WidthTable ) Special Wire of Net _FILLS_RESERVED  ( M7 )
Bounds : ( 30.472, 30.600 ) ( 32.472, 32.600 )


WIDTH: ( WidthTable ) Special Wire of Net _FILLS_RESERVED  ( M7 )
Bounds : ( 32.872, 33.976 ) ( 34.872, 35.976 )


VIAENCLOSURE: ( Enclosure ) Regular Wire of Net FE_PHN2071_n_219  ( V3 )
Bounds : ( 25.020, 31.884 ) ( 25.092, 31.980 )


VIAENCLOSURE: ( Enclosure ) Regular Wire of Net FE_PHN1934_bram_waddr_wire_4  ( V3 )
Bounds : ( 25.884, 31.884 ) ( 25.956, 31.980 )


VIAENCLOSURE: ( Enclosure ) Regular Wire of Net FE_PHN1717_bram_waddr_wire_7  ( V3 )
Bounds : ( 25.884, 33.612 ) ( 25.956, 33.708 )


VIAENCLOSURE: ( Enclosure ) Regular Wire of Net FE_PHN1701_bram_waddr_wire_4  ( V3 )
Bounds : ( 27.036, 35.916 ) ( 27.108, 36.012 )


VIAENCLOSURE: ( Enclosure ) Regular Wire of Net FE_PHN985_n_204  ( V3 )
Bounds : ( 28.908, 31.884 ) ( 28.980, 31.980 )


VIAENCLOSURE: ( Enclosure ) Regular Wire of Net FE_PHN1100_n_209  ( V3 )
Bounds : ( 28.908, 33.612 ) ( 28.980, 33.708 )


VIAENCLOSURE: ( Enclosure ) Regular Wire of Net FE_PHN3627_bram_waddr_wire_9  ( V3 )
Bounds : ( 28.908, 35.916 ) ( 28.980, 36.012 )


VIAENCLOSURE: ( Enclosure ) Regular Wire of Net FE_PHN1697_bram_waddr_wire_2  ( V3 )
Bounds : ( 30.060, 31.884 ) ( 30.132, 31.980 )


VIAENCLOSURE: ( Enclosure ) Regular Wire of Net FE_PHN1057_bram_waddr_wire_9  ( V3 )
Bounds : ( 31.068, 24.972 ) ( 31.140, 25.068 )


VIAENCLOSURE: ( Enclosure ) Regular Wire of Net FE_PHN1826_bram_waddr_wire_1  ( V3 )
Bounds : ( 31.500, 28.812 ) ( 31.572, 28.908 )


VIAENCLOSURE: ( Enclosure ) Regular Wire of Net FE_PHN2029_bram_waddr_wire_6  ( V3 )
Bounds : ( 32.364, 24.972 ) ( 32.436, 25.068 )


VIAENCLOSURE: ( Enclosure ) Regular Wire of Net FE_PHN1767_u_sram_macro_sram_addr_0  ( V3 )
Bounds : ( 32.364, 25.548 ) ( 32.436, 25.644 )


VIAENCLOSURE: ( Enclosure ) Regular Wire of Net FE_PHN3776_FE_OFN58_n_318  ( V3 )
Bounds : ( 34.524, 24.972 ) ( 34.596, 25.068 )


VIAENCLOSURE: ( Enclosure ) Regular Wire of Net FE_PHN1498_bram_waddr_wire_6  ( V3 )
Bounds : ( 34.524, 29.772 ) ( 34.596, 29.868 )


VIAENCLOSURE: ( Enclosure ) Regular Wire of Net FE_PHN833_bram_waddr_wire_7  ( V3 )
Bounds : ( 35.820, 26.892 ) ( 35.892, 26.988 )


WIDTH: ( WidthTable ) Special Wire of Net _FILLS_RESERVED  ( M7 )
Bounds : ( 30.472, 25.800 ) ( 32.472, 27.800 )


WIDTH: ( WidthTable ) Special Wire of Net _FILLS_RESERVED  ( M7 )
Bounds : ( 32.872, 24.600 ) ( 34.872, 26.600 )


WIDTH: ( WidthTable ) Special Wire of Net _FILLS_RESERVED  ( M7 )
Bounds : ( 32.872, 27.000 ) ( 34.872, 29.000 )


VIAENCLOSURE: ( Enclosure ) Regular Wire of Net FE_PHN593_bram_waddr_wire_8  ( V3 )
Bounds : ( 25.452, 26.892 ) ( 25.524, 26.988 )


VIAENCLOSURE: ( Enclosure ) Regular Wire of Net FE_PHN2214_bram_waddr_wire_8  ( V3 )
Bounds : ( 26.316, 24.396 ) ( 26.388, 24.492 )


VIAENCLOSURE: ( Enclosure ) Regular Wire of Net FE_PHN595_bram_waddr_wire_9  ( V3 )
Bounds : ( 28.044, 25.548 ) ( 28.116, 25.644 )


VIAENCLOSURE: ( Enclosure ) Regular Wire of Net FE_PHN1962_n_219  ( V3 )
Bounds : ( 28.620, 29.964 ) ( 28.692, 30.060 )


VIAENCLOSURE: ( Enclosure ) Regular Wire of Net FE_PHN3523_n_320  ( V3 )
Bounds : ( 28.908, 24.972 ) ( 28.980, 25.068 )


WIDTH: ( WidthTable ) Special Wire of Net _FILLS_RESERVED  ( M7 )
Bounds : ( 25.672, 25.800 ) ( 27.672, 27.800 )


WIDTH: ( WidthTable ) Special Wire of Net _FILLS_RESERVED  ( M7 )
Bounds : ( 25.672, 28.200 ) ( 27.672, 30.200 )


WIDTH: ( WidthTable ) Special Wire of Net _FILLS_RESERVED  ( M7 )
Bounds : ( 30.472, 28.200 ) ( 32.472, 30.200 )


WIDTH: ( WidthTable ) Special Wire of Net _FILLS_RESERVED  ( M7 )
Bounds : ( 32.872, 29.400 ) ( 34.872, 31.400 )


Geometric: ( Rect Only ) Special Wire of Net VDD  ( M6 )
Bounds : ( 44.952, 36.192 ) ( 45.016, 36.320 )


Geometric: ( Rect Only ) Special Wire of Net VDD  ( M6 )
Bounds : ( 46.136, 36.192 ) ( 46.200, 36.320 )


WIDTH: ( WidthTable ) Special Wire of Net VDD  ( M6 )
Bounds : ( 44.952, 35.232 ) ( 46.200, 36.480 )


WIDTH: ( WidthTable ) Special Wire of Net _FILLS_RESERVED  ( M7 )
Bounds : ( 25.672, 35.176 ) ( 27.672, 37.176 )


WIDTH: ( WidthTable ) Special Wire of Net _FILLS_RESERVED  ( M7 )
Bounds : ( 30.472, 35.176 ) ( 32.472, 37.176 )


WIDTH: ( WidthTable ) Special Wire of Net _FILLS_RESERVED  ( M7 )
Bounds : ( 40.072, 35.176 ) ( 42.072, 37.176 )


WIDTH: ( WidthTable ) Special Wire of Net _FILLS_RESERVED  ( M7 )
Bounds : ( 44.872, 35.176 ) ( 46.872, 37.176 )


VIAENCLOSURE: ( Enclosure ) Regular Wire of Net s_axi_awaddr[15]  ( V3 )
Bounds : ( 20.268, 42.828 ) ( 20.340, 42.924 )


VIAENCLOSURE: ( Enclosure ) Regular Wire of Net FE_PHN3897_n_219  ( V3 )
Bounds : ( 20.700, 47.628 ) ( 20.772, 47.724 )


VIAENCLOSURE: ( Enclosure ) Regular Wire of Net FE_PHN2636_bram_waddr_wire_4  ( V3 )
Bounds : ( 21.564, 42.828 ) ( 21.636, 42.924 )


VIAENCLOSURE: ( Enclosure ) Regular Wire of Net s_axi_awaddr[10]  ( V3 )
Bounds : ( 21.996, 47.052 ) ( 22.068, 47.148 )


VIAENCLOSURE: ( Enclosure ) Regular Wire of Net s_axi_awaddr[11]  ( V3 )
Bounds : ( 23.292, 46.860 ) ( 23.364, 46.956 )


WIDTH: ( WidthTable ) Special Wire of Net _FILLS_RESERVED  ( M4 )
Bounds : ( 14.552, 44.424 ) ( 14.912, 44.784 )


WIDTH: ( WidthTable ) Special Wire of Net _FILLS_RESERVED  ( M4 )
Bounds : ( 16.412, 44.424 ) ( 16.772, 44.784 )


WIDTH: ( WidthTable ) Special Wire of Net _FILLS_RESERVED  ( M4 )
Bounds : ( 18.272, 44.424 ) ( 18.632, 44.784 )


WIDTH: ( WidthTable ) Special Wire of Net _FILLS_RESERVED  ( M4 )
Bounds : ( 20.132, 44.424 ) ( 20.492, 44.784 )


WIDTH: ( WidthTable ) Special Wire of Net _FILLS_RESERVED  ( M4 )
Bounds : ( 21.992, 44.424 ) ( 22.352, 44.784 )


Geometric: ( Rect Only ) Special Wire of Net VDD  ( M5 )
Bounds : ( 18.452, 36.432 ) ( 18.524, 36.480 )


Geometric: ( Rect Only ) Special Wire of Net VDD  ( M5 )
Bounds : ( 19.628, 36.432 ) ( 19.700, 36.480 )


VIAENCLOSURE: ( Enclosure ) Regular Wire of Net FE_PHN188_n_227  ( V3 )
Bounds : ( 19.692, 40.716 ) ( 19.764, 40.812 )


VIAENCLOSURE: ( Enclosure ) Regular Wire of Net s_axi_wdata[7]  ( V3 )
Bounds : ( 20.700, 36.492 ) ( 20.772, 36.588 )


VIAENCLOSURE: ( Enclosure ) Regular Wire of Net FE_PHN3767_n_215  ( V3 )
Bounds : ( 21.996, 40.716 ) ( 22.068, 40.812 )


VIAENCLOSURE: ( Enclosure ) Regular Wire of Net FE_PHN3740_bram_waddr_wire_4  ( V3 )
Bounds : ( 22.428, 38.220 ) ( 22.500, 38.316 )


VIAENCLOSURE: ( Enclosure ) Regular Wire of Net FE_PHN2452_n_227  ( V3 )
Bounds : ( 23.292, 40.140 ) ( 23.364, 40.236 )


VIAENCLOSURE: ( Enclosure ) Regular Wire of Net FE_PDN350_bram_waddr_wire_3  ( V3 )
Bounds : ( 12.492, 38.796 ) ( 12.564, 38.892 )


VIAENCLOSURE: ( Enclosure ) Regular Wire of Net FE_PHN647_n_226  ( V3 )
Bounds : ( 13.212, 40.524 ) ( 13.284, 40.620 )


VIAENCLOSURE: ( Enclosure ) Regular Wire of Net FE_PHN2454_n_213  ( V3 )
Bounds : ( 14.076, 39.372 ) ( 14.148, 39.468 )


VIAENCLOSURE: ( Enclosure ) Regular Wire of Net FE_PHN3625_bram_waddr_wire_8  ( V3 )
Bounds : ( 15.084, 39.372 ) ( 15.156, 39.468 )


VIAENCLOSURE: ( Enclosure ) Regular Wire of Net FE_PHN410_n_226  ( V3 )
Bounds : ( 15.084, 40.524 ) ( 15.156, 40.620 )


VIAENCLOSURE: ( Enclosure ) Regular Wire of Net FE_PDN350_bram_waddr_wire_3  ( V5 )
Bounds : ( 12.480, 38.672 ) ( 12.576, 38.800 )


WIDTH: ( WidthTable ) Special Wire of Net _FILLS_RESERVED  ( M6 )
Bounds : ( 14.136, 37.756 ) ( 14.796, 38.416 )


VIAENCLOSURE: ( Enclosure ) Regular Wire of Net FE_PHN4098_n_219  ( V3 )
Bounds : ( 15.516, 42.252 ) ( 15.588, 42.348 )


VIAENCLOSURE: ( Enclosure ) Regular Wire of Net FE_PHN4154_n_227  ( V3 )
Bounds : ( 22.428, 42.252 ) ( 22.500, 42.348 )


WIDTH: ( WidthTable ) Special Wire of Net _FILLS_RESERVED  ( M5 )
Bounds : ( 8.028, 47.792 ) ( 8.388, 48.152 )


WIDTH: ( WidthTable ) Special Wire of Net _FILLS_RESERVED  ( M5 )
Bounds : ( 6.732, 45.332 ) ( 7.692, 46.292 )


WIDTH: ( WidthTable ) Special Wire of Net _FILLS_RESERVED  ( M5 )
Bounds : ( 6.732, 42.872 ) ( 7.692, 43.832 )


WIDTH: ( WidthTable ) Special Wire of Net _FILLS_RESERVED  ( M4 )
Bounds : ( 10.140, 46.728 ) ( 10.500, 47.088 )


WIDTH: ( WidthTable ) Special Wire of Net _FILLS_RESERVED  ( M4 )
Bounds : ( 7.980, 46.152 ) ( 8.640, 46.812 )


WIDTH: ( WidthTable ) Special Wire of Net _FILLS_RESERVED  ( M4 )
Bounds : ( 7.340, 42.696 ) ( 7.700, 43.056 )


WIDTH: ( WidthTable ) Special Wire of Net _FILLS_RESERVED  ( M5 )
Bounds : ( 9.192, 43.124 ) ( 10.152, 44.084 )


WIDTH: ( WidthTable ) Special Wire of Net _FILLS_RESERVED  ( M7 )
Bounds : ( 10.200, 42.960 ) ( 10.920, 43.680 )


WIDTH: ( WidthTable ) Special Wire of Net _FILLS_RESERVED  ( M7 )
Bounds : ( 10.200, 44.080 ) ( 10.920, 44.800 )


WIDTH: ( WidthTable ) Special Wire of Net _FILLS_RESERVED  ( M7 )
Bounds : ( 10.200, 45.200 ) ( 10.920, 45.920 )


WIDTH: ( WidthTable ) Special Wire of Net _FILLS_RESERVED  ( M7 )
Bounds : ( 10.200, 46.320 ) ( 10.920, 47.040 )


WIDTH: ( WidthTable ) Special Wire of Net _FILLS_RESERVED  ( M4 )
Bounds : ( 5.480, 42.696 ) ( 5.840, 43.056 )


WIDTH: ( WidthTable ) Special Wire of Net _FILLS_RESERVED  ( M4 )
Bounds : ( 3.660, 46.152 ) ( 4.320, 46.812 )


WIDTH: ( WidthTable ) Special Wire of Net _FILLS_RESERVED  ( M4 )
Bounds : ( 1.500, 46.152 ) ( 2.160, 46.812 )


WIDTH: ( WidthTable ) Regular Wire of Net s_axi_awaddr[11]  ( M3 )
Bounds : ( 0.000, 47.624 ) ( 0.220, 47.988 )


WIDTH: ( WidthTable ) Regular Wire of Net s_axi_awaddr[12]  ( M3 )
Bounds : ( 0.000, 45.896 ) ( 0.220, 46.260 )


WIDTH: ( WidthTable ) Regular Wire of Net s_axi_awaddr[13]  ( M3 )
Bounds : ( 0.000, 44.204 ) ( 0.220, 44.532 )


WIDTH: ( WidthTable ) Regular Wire of Net s_axi_awaddr[14]  ( M3 )
Bounds : ( 0.000, 42.732 ) ( 0.220, 43.096 )


VIAENCLOSURE: ( Enclosure ) Regular Wire of Net s_axi_wdata[8]  ( V3 )
Bounds : ( 5.148, 44.556 ) ( 5.220, 44.652 )


OFFGRID: ( Off Grid or Wrong Way ) Regular Wire of Net s_axi_awaddr[11]  ( M3 )
Bounds : ( 0.000, 47.624 ) ( 0.220, 47.988 )


OFFGRID: ( Off Grid or Wrong Way ) Regular Wire of Net s_axi_awaddr[14]  ( M3 )
Bounds : ( 0.000, 42.732 ) ( 0.220, 43.096 )


OFFGRID: ( Off Grid or Wrong Way ) Regular Wire of Net s_axi_awaddr[13]  ( M3 )
Bounds : ( 0.000, 44.204 ) ( 0.220, 44.532 )


OFFGRID: ( Off Grid or Wrong Way ) Regular Wire of Net s_axi_awaddr[12]  ( M3 )
Bounds : ( 0.000, 45.896 ) ( 0.220, 46.260 )


WIDTH: ( WidthTable ) Special Wire of Net _FILLS_RESERVED  ( M7 )
Bounds : ( 0.600, 44.400 ) ( 2.600, 46.400 )


WIDTH: ( WidthTable ) Special Wire of Net _FILLS_RESERVED  ( M7 )
Bounds : ( 3.000, 43.200 ) ( 5.000, 45.200 )


WIDTH: ( WidthTable ) Special Wire of Net _FILLS_RESERVED  ( M7 )
Bounds : ( 3.000, 45.600 ) ( 5.000, 47.600 )


WIDTH: ( WidthTable ) Special Wire of Net _FILLS_RESERVED  ( M4 )
Bounds : ( 5.820, 46.152 ) ( 6.480, 46.812 )


WIDTH: ( WidthTable ) Special Wire of Net _FILLS_RESERVED  ( M7 )
Bounds : ( 5.400, 44.400 ) ( 7.400, 46.400 )


WIDTH: ( WidthTable ) Special Wire of Net _FILLS_RESERVED  ( M5 )
Bounds : ( 6.732, 40.412 ) ( 7.692, 41.372 )


WIDTH: ( WidthTable ) Special Wire of Net _FILLS_RESERVED  ( M5 )
Bounds : ( 6.732, 37.952 ) ( 7.692, 38.912 )


WIDTH: ( WidthTable ) Special Wire of Net _FILLS_RESERVED  ( M4 )
Bounds : ( 7.080, 38.360 ) ( 7.440, 38.720 )


VIAENCLOSURE: ( Enclosure ) Regular Wire of Net bram_waddr_wire[3]  ( V5 )
Bounds : ( 11.616, 40.400 ) ( 11.712, 40.528 )


VIAENCLOSURE: ( Enclosure ) Regular Wire of Net bram_waddr_wire[3]  ( V3 )
Bounds : ( 11.196, 40.524 ) ( 11.268, 40.620 )


VIAENCLOSURE: ( Enclosure ) Regular Wire of Net FE_PHN1308_n_219  ( V3 )
Bounds : ( 10.764, 38.220 ) ( 10.836, 38.316 )


VIAENCLOSURE: ( Enclosure ) Regular Wire of Net s_axi_wdata[6]  ( V3 )
Bounds : ( 9.468, 40.524 ) ( 9.540, 40.620 )


WIDTH: ( WidthTable ) Special Wire of Net _FILLS_RESERVED  ( M7 )
Bounds : ( 0.600, 39.600 ) ( 2.600, 41.600 )


WIDTH: ( WidthTable ) Special Wire of Net _FILLS_RESERVED  ( M7 )
Bounds : ( 0.600, 37.200 ) ( 2.600, 39.200 )


WIDTH: ( WidthTable ) Special Wire of Net _FILLS_RESERVED  ( M4 )
Bounds : ( 5.220, 38.360 ) ( 5.580, 38.720 )


WIDTH: ( WidthTable ) Special Wire of Net _FILLS_RESERVED  ( M4 )
Bounds : ( 3.360, 38.360 ) ( 3.720, 38.720 )


WIDTH: ( WidthTable ) Special Wire of Net _FILLS_RESERVED  ( M4 )
Bounds : ( 1.500, 38.360 ) ( 1.860, 38.720 )


WIDTH: ( WidthTable ) Special Wire of Net _FILLS_RESERVED  ( M3 )
Bounds : ( 4.560, 37.720 ) ( 5.424, 38.584 )


WIDTH: ( WidthTable ) Regular Wire of Net s_axi_awaddr[15]  ( M3 )
Bounds : ( 0.000, 41.004 ) ( 0.220, 41.440 )


Geometric: ( Rect Only ) Special Wire of Net VDD  ( M5 )
Bounds : ( 2.432, 36.432 ) ( 2.528, 36.480 )


Geometric: ( Rect Only ) Special Wire of Net VDD  ( M5 )
Bounds : ( 1.632, 36.432 ) ( 1.728, 36.480 )


OFFGRID: ( Off Grid or Wrong Way ) Regular Wire of Net s_axi_awaddr[15]  ( M3 )
Bounds : ( 0.000, 41.004 ) ( 0.220, 41.440 )


WIDTH: ( WidthTable ) Special Wire of Net _FILLS_RESERVED  ( M7 )
Bounds : ( 3.000, 38.400 ) ( 5.000, 40.400 )


WIDTH: ( WidthTable ) Special Wire of Net _FILLS_RESERVED  ( M2 )
Bounds : ( 5.736, 38.076 ) ( 6.600, 38.940 )


WIDTH: ( WidthTable ) Special Wire of Net _FILLS_RESERVED  ( M7 )
Bounds : ( 5.400, 37.200 ) ( 7.400, 39.200 )


WIDTH: ( WidthTable ) Special Wire of Net _FILLS_RESERVED  ( M7 )
Bounds : ( 5.400, 39.600 ) ( 7.400, 41.600 )


VIAENCLOSURE: ( Enclosure ) Regular Wire of Net s_axi_awaddr[15]  ( V3 )
Bounds : ( 3.852, 42.252 ) ( 3.924, 42.348 )


WIDTH: ( WidthTable ) Special Wire of Net _FILLS_RESERVED  ( M7 )
Bounds : ( 0.600, 42.000 ) ( 2.600, 44.000 )


WIDTH: ( WidthTable ) Special Wire of Net _FILLS_RESERVED  ( M7 )
Bounds : ( 3.000, 40.800 ) ( 5.000, 42.800 )


WIDTH: ( WidthTable ) Special Wire of Net _FILLS_RESERVED  ( M7 )
Bounds : ( 5.400, 42.000 ) ( 7.400, 44.000 )


WIDTH: ( WidthTable ) Special Wire of Net _FILLS_RESERVED  ( M7 )
Bounds : ( 11.320, 43.572 ) ( 13.320, 45.572 )


WIDTH: ( WidthTable ) Special Wire of Net _FILLS_RESERVED  ( M7 )
Bounds : ( 11.320, 45.972 ) ( 13.320, 47.972 )


Geometric: ( Rect Only ) Special Wire of Net VDD  ( M6 )
Bounds : ( 18.388, 35.456 ) ( 18.516, 35.520 )


Geometric: ( Rect Only ) Special Wire of Net VDD  ( M5 )
Bounds : ( 19.628, 35.232 ) ( 19.700, 35.280 )


Geometric: ( Rect Only ) Special Wire of Net VDD  ( M5 )
Bounds : ( 18.452, 35.232 ) ( 18.524, 35.280 )


Geometric: ( Rect Only ) Special Wire of Net VDD  ( M6 )
Bounds : ( 19.636, 35.456 ) ( 19.764, 35.520 )


VIAENCLOSURE: ( Enclosure ) Regular Wire of Net FE_PHN3632_bram_waddr_wire_5  ( V3 )
Bounds : ( 21.996, 33.804 ) ( 22.068, 33.900 )


VIAENCLOSURE: ( Enclosure ) Regular Wire of Net FE_PHN2918_bram_waddr_wire_5  ( V3 )
Bounds : ( 23.580, 34.188 ) ( 23.652, 34.284 )


VIAENCLOSURE: ( Enclosure ) Regular Wire of Net FE_PHN3632_bram_waddr_wire_5  ( V5 )
Bounds : ( 21.984, 33.200 ) ( 22.080, 33.328 )


VIAENCLOSURE: ( Enclosure ) Regular Wire of Net FE_PHN2918_bram_waddr_wire_5  ( V5 )
Bounds : ( 23.712, 32.912 ) ( 23.808, 33.040 )


Geometric: ( Rect Only ) Special Wire of Net VSS  ( M6 )
Bounds : ( 17.556, 34.464 ) ( 17.684, 34.528 )


Geometric: ( Rect Only ) Special Wire of Net VSS  ( M6 )
Bounds : ( 17.556, 33.728 ) ( 17.684, 33.792 )


Geometric: ( Rect Only ) Special Wire of Net VSS  ( M6 )
Bounds : ( 16.308, 34.464 ) ( 16.436, 34.528 )


Geometric: ( Rect Only ) Special Wire of Net VSS  ( M6 )
Bounds : ( 16.308, 33.728 ) ( 16.436, 33.792 )


Geometric: ( Rect Only ) Special Wire of Net VSS  ( M5 )
Bounds : ( 17.548, 34.704 ) ( 17.620, 34.752 )


Geometric: ( Rect Only ) Special Wire of Net VSS  ( M5 )
Bounds : ( 17.548, 33.504 ) ( 17.620, 33.552 )


Geometric: ( Rect Only ) Special Wire of Net VSS  ( M5 )
Bounds : ( 16.372, 34.704 ) ( 16.444, 34.752 )


Geometric: ( Rect Only ) Special Wire of Net VSS  ( M5 )
Bounds : ( 16.372, 33.504 ) ( 16.444, 33.552 )


VIAENCLOSURE: ( Enclosure ) Regular Wire of Net FE_PHN3682_bram_waddr_wire_4  ( V3 )
Bounds : ( 13.932, 33.612 ) ( 14.004, 33.708 )


VIAENCLOSURE: ( Enclosure ) Regular Wire of Net FE_PHN3444_bram_waddr_wire_4  ( V3 )
Bounds : ( 16.092, 34.956 ) ( 16.164, 35.052 )


VIAENCLOSURE: ( Enclosure ) Regular Wire of Net FE_PHN3144_bram_waddr_wire_4  ( V3 )
Bounds : ( 16.236, 34.188 ) ( 16.308, 34.284 )


WIDTH: ( WidthTable ) Special Wire of Net _FILLS_RESERVED  ( M6 )
Bounds : ( 13.792, 31.264 ) ( 14.752, 32.224 )


WIDTH: ( WidthTable ) Special Wire of Net VSS  ( M6 )
Bounds : ( 16.372, 33.504 ) ( 17.620, 34.752 )


WIDTH: ( WidthTable ) Special Wire of Net _FILLS_RESERVED  ( M7 )
Bounds : ( 14.824, 31.800 ) ( 16.824, 33.800 )


WIDTH: ( WidthTable ) Special Wire of Net _FILLS_RESERVED  ( M7 )
Bounds : ( 14.824, 34.200 ) ( 16.824, 36.200 )


WIDTH: ( WidthTable ) Special Wire of Net _FILLS_RESERVED  ( M7 )
Bounds : ( 17.224, 30.600 ) ( 19.224, 32.600 )


WIDTH: ( WidthTable ) Special Wire of Net _FILLS_RESERVED  ( M7 )
Bounds : ( 17.224, 33.000 ) ( 19.224, 35.000 )


VIAENCLOSURE: ( Enclosure ) Regular Wire of Net FE_PHN3721_n_320  ( V3 )
Bounds : ( 12.636, 25.548 ) ( 12.708, 25.644 )


VIAENCLOSURE: ( Enclosure ) Regular Wire of Net FE_PHN3618_bram_waddr_wire_2  ( V3 )
Bounds : ( 14.220, 24.972 ) ( 14.292, 25.068 )


VIAENCLOSURE: ( Enclosure ) Regular Wire of Net FE_PHN2454_n_213  ( V3 )
Bounds : ( 14.940, 27.276 ) ( 15.012, 27.372 )


WIDTH: ( WidthTable ) Special Wire of Net _FILLS_RESERVED  ( M4 )
Bounds : ( 13.928, 28.872 ) ( 15.188, 30.132 )


WIDTH: ( WidthTable ) Special Wire of Net _FILLS_RESERVED  ( M4 )
Bounds : ( 16.688, 28.872 ) ( 17.948, 30.132 )


WIDTH: ( WidthTable ) Special Wire of Net _FILLS_RESERVED  ( M4 )
Bounds : ( 19.448, 28.872 ) ( 20.708, 30.132 )


WIDTH: ( WidthTable ) Special Wire of Net _FILLS_RESERVED  ( M6 )
Bounds : ( 16.564, 26.404 ) ( 18.124, 27.964 )


WIDTH: ( WidthTable ) Special Wire of Net _FILLS_RESERVED  ( M6 )
Bounds : ( 19.624, 24.460 ) ( 19.984, 24.820 )


WIDTH: ( WidthTable ) Special Wire of Net _FILLS_RESERVED  ( M6 )
Bounds : ( 21.484, 24.460 ) ( 21.844, 24.820 )


WIDTH: ( WidthTable ) Special Wire of Net _FILLS_RESERVED  ( M7 )
Bounds : ( 14.824, 24.600 ) ( 16.824, 26.600 )


WIDTH: ( WidthTable ) Special Wire of Net _FILLS_RESERVED  ( M7 )
Bounds : ( 14.824, 27.000 ) ( 16.824, 29.000 )


WIDTH: ( WidthTable ) Special Wire of Net _FILLS_RESERVED  ( M7 )
Bounds : ( 17.224, 25.800 ) ( 19.224, 27.800 )


WIDTH: ( WidthTable ) Special Wire of Net _FILLS_RESERVED  ( M7 )
Bounds : ( 14.824, 29.400 ) ( 16.824, 31.400 )


WIDTH: ( WidthTable ) Special Wire of Net _FILLS_RESERVED  ( M7 )
Bounds : ( 17.224, 28.200 ) ( 19.224, 30.200 )


WIDTH: ( WidthTable ) Special Wire of Net _FILLS_RESERVED  ( M6 )
Bounds : ( 10.140, 31.264 ) ( 10.800, 31.924 )


WIDTH: ( WidthTable ) Special Wire of Net _FILLS_RESERVED  ( M6 )
Bounds : ( 7.980, 31.264 ) ( 8.640, 31.924 )


WIDTH: ( WidthTable ) Special Wire of Net _FILLS_RESERVED  ( M4 )
Bounds : ( 8.940, 31.632 ) ( 9.300, 31.992 )


WIDTH: ( WidthTable ) Special Wire of Net _FILLS_RESERVED  ( M4 )
Bounds : ( 7.080, 31.632 ) ( 7.440, 31.992 )


WIDTH: ( WidthTable ) Special Wire of Net _FILLS_RESERVED  ( M3 )
Bounds : ( 6.928, 30.764 ) ( 7.480, 31.316 )


VIAENCLOSURE: ( Enclosure ) Regular Wire of Net FE_PHN1275_bram_waddr_wire_9  ( V3 )
Bounds : ( 10.764, 33.612 ) ( 10.836, 33.708 )


WIDTH: ( WidthTable ) Special Wire of Net _FILLS_RESERVED  ( M7 )
Bounds : ( 10.200, 30.480 ) ( 11.816, 32.096 )


WIDTH: ( WidthTable ) Special Wire of Net _FILLS_RESERVED  ( M7 )
Bounds : ( 10.200, 32.496 ) ( 11.816, 34.112 )


WIDTH: ( WidthTable ) Special Wire of Net _FILLS_RESERVED  ( M7 )
Bounds : ( 10.200, 34.512 ) ( 11.816, 36.128 )


WIDTH: ( WidthTable ) Special Wire of Net _FILLS_RESERVED  ( M7 )
Bounds : ( 0.600, 32.400 ) ( 2.600, 34.400 )


WIDTH: ( WidthTable ) Special Wire of Net _FILLS_RESERVED  ( M6 )
Bounds : ( 3.660, 31.264 ) ( 4.320, 31.924 )


WIDTH: ( WidthTable ) Special Wire of Net _FILLS_RESERVED  ( M6 )
Bounds : ( 1.500, 31.264 ) ( 2.160, 31.924 )


WIDTH: ( WidthTable ) Special Wire of Net _FILLS_RESERVED  ( M4 )
Bounds : ( 5.220, 31.632 ) ( 5.580, 31.992 )


WIDTH: ( WidthTable ) Special Wire of Net _FILLS_RESERVED  ( M4 )
Bounds : ( 3.360, 31.632 ) ( 3.720, 31.992 )


WIDTH: ( WidthTable ) Special Wire of Net _FILLS_RESERVED  ( M4 )
Bounds : ( 1.500, 31.632 ) ( 1.860, 31.992 )


WIDTH: ( WidthTable ) Special Wire of Net _FILLS_RESERVED  ( M3 )
Bounds : ( 4.560, 32.992 ) ( 5.424, 33.856 )


Geometric: ( Rect Only ) Special Wire of Net VSS  ( M5 )
Bounds : ( 0.752, 33.504 ) ( 0.848, 33.552 )


Geometric: ( Rect Only ) Special Wire of Net VSS  ( M5 )
Bounds : ( 0.752, 34.704 ) ( 0.848, 34.752 )


Geometric: ( Rect Only ) Special Wire of Net VDD  ( M5 )
Bounds : ( 1.632, 35.232 ) ( 1.728, 35.280 )


Geometric: ( Rect Only ) Special Wire of Net VDD  ( M5 )
Bounds : ( 2.432, 35.232 ) ( 2.528, 35.280 )


Geometric: ( Rect Only ) Special Wire of Net VSS  ( M6 )
Bounds : ( 0.960, 33.728 ) ( 1.088, 33.792 )


Geometric: ( Rect Only ) Special Wire of Net VSS  ( M6 )
Bounds : ( 0.960, 34.464 ) ( 1.088, 34.528 )


Geometric: ( Rect Only ) Special Wire of Net VDD  ( M6 )
Bounds : ( 2.640, 35.456 ) ( 2.768, 35.520 )


VIAENCLOSURE: ( Enclosure ) Regular Wire of Net s_axi_wdata[1]  ( V3 )
Bounds : ( 2.988, 33.612 ) ( 3.060, 33.708 )


WIDTH: ( WidthTable ) Special Wire of Net _FILLS_RESERVED  ( M3 )
Bounds : ( 4.560, 30.628 ) ( 5.424, 31.492 )


WIDTH: ( WidthTable ) Special Wire of Net _FILLS_RESERVED  ( M7 )
Bounds : ( 3.000, 33.600 ) ( 5.000, 35.600 )


WIDTH: ( WidthTable ) Special Wire of Net _FILLS_RESERVED  ( M5 )
Bounds : ( 5.004, 31.920 ) ( 8.364, 35.280 )


WIDTH: ( WidthTable ) Special Wire of Net _FILLS_RESERVED  ( M6 )
Bounds : ( 5.820, 31.264 ) ( 6.480, 31.924 )


WIDTH: ( WidthTable ) Special Wire of Net _FILLS_RESERVED  ( M7 )
Bounds : ( 5.400, 32.400 ) ( 7.400, 34.400 )


WIDTH: ( WidthTable ) Special Wire of Net _FILLS_RESERVED  ( M3 )
Bounds : ( 4.560, 28.264 ) ( 5.424, 29.128 )


WIDTH: ( WidthTable ) Special Wire of Net _FILLS_RESERVED  ( M3 )
Bounds : ( 4.560, 25.900 ) ( 5.424, 26.764 )


VIAENCLOSURE: ( Enclosure ) Regular Wire of Net FE_PHN3620_bram_waddr_wire_1  ( V3 )
Bounds : ( 10.332, 27.276 ) ( 10.404, 27.372 )


VIAENCLOSURE: ( Enclosure ) Regular Wire of Net FE_OFN327_n_325  ( V3 )
Bounds : ( 9.900, 25.548 ) ( 9.972, 25.644 )


VIAENCLOSURE: ( Enclosure ) Regular Wire of Net s_axi_awid[3]  ( V3 )
Bounds : ( 1.260, 27.852 ) ( 1.332, 27.948 )


WIDTH: ( WidthTable ) Special Wire of Net _FILLS_RESERVED  ( M3 )
Bounds : ( 6.928, 24.608 ) ( 7.480, 25.160 )


WIDTH: ( WidthTable ) Special Wire of Net _FILLS_RESERVED  ( M3 )
Bounds : ( 6.928, 26.660 ) ( 7.480, 27.212 )


WIDTH: ( WidthTable ) Special Wire of Net _FILLS_RESERVED  ( M3 )
Bounds : ( 6.928, 28.712 ) ( 7.480, 29.264 )


WIDTH: ( WidthTable ) Special Wire of Net _FILLS_RESERVED  ( M4 )
Bounds : ( 2.888, 28.872 ) ( 4.148, 30.132 )


WIDTH: ( WidthTable ) Special Wire of Net _FILLS_RESERVED  ( M4 )
Bounds : ( 5.648, 28.872 ) ( 6.908, 30.132 )


WIDTH: ( WidthTable ) Special Wire of Net _FILLS_RESERVED  ( M4 )
Bounds : ( 8.408, 28.872 ) ( 9.668, 30.132 )


WIDTH: ( WidthTable ) Special Wire of Net _FILLS_RESERVED  ( M7 )
Bounds : ( 0.600, 25.200 ) ( 2.600, 27.200 )


WIDTH: ( WidthTable ) Special Wire of Net _FILLS_RESERVED  ( M7 )
Bounds : ( 0.600, 27.600 ) ( 2.600, 29.600 )


WIDTH: ( WidthTable ) Special Wire of Net _FILLS_RESERVED  ( M7 )
Bounds : ( 5.400, 25.200 ) ( 7.400, 27.200 )


WIDTH: ( WidthTable ) Special Wire of Net _FILLS_RESERVED  ( M7 )
Bounds : ( 5.400, 27.600 ) ( 7.400, 29.600 )


WIDTH: ( WidthTable ) Special Wire of Net _FILLS_RESERVED  ( M7 )
Bounds : ( 10.200, 24.432 ) ( 11.816, 26.048 )


WIDTH: ( WidthTable ) Special Wire of Net _FILLS_RESERVED  ( M7 )
Bounds : ( 10.200, 26.448 ) ( 11.816, 28.064 )


WIDTH: ( WidthTable ) Special Wire of Net _FILLS_RESERVED  ( M7 )
Bounds : ( 10.200, 28.464 ) ( 11.816, 30.080 )


WIDTH: ( WidthTable ) Special Wire of Net _FILLS_RESERVED  ( M5 )
Bounds : ( 5.004, 27.660 ) ( 7.764, 30.420 )


WIDTH: ( WidthTable ) Special Wire of Net _FILLS_RESERVED  ( M7 )
Bounds : ( 0.600, 30.000 ) ( 2.600, 32.000 )


WIDTH: ( WidthTable ) Special Wire of Net _FILLS_RESERVED  ( M7 )
Bounds : ( 5.400, 30.000 ) ( 7.400, 32.000 )


WIDTH: ( WidthTable ) Special Wire of Net _FILLS_RESERVED  ( M4 )
Bounds : ( 11.168, 28.872 ) ( 12.428, 30.132 )


Geometric: ( Rect Only ) Special Wire of Net VDD  ( M6 )
Bounds : ( 2.640, 36.192 ) ( 2.768, 36.256 )


Geometric: ( Rect Only ) Special Wire of Net VDD  ( M6 )
Bounds : ( 18.388, 36.192 ) ( 18.516, 36.256 )


Geometric: ( Rect Only ) Special Wire of Net VDD  ( M6 )
Bounds : ( 19.636, 36.192 ) ( 19.764, 36.256 )


WIDTH: ( WidthTable ) Special Wire of Net _FILLS_RESERVED  ( M3 )
Bounds : ( 4.560, 35.356 ) ( 5.424, 36.220 )


WIDTH: ( WidthTable ) Special Wire of Net _FILLS_RESERVED  ( M4 )
Bounds : ( 1.500, 35.208 ) ( 3.060, 36.768 )


WIDTH: ( WidthTable ) Special Wire of Net _FILLS_RESERVED  ( M4 )
Bounds : ( 9.476, 35.208 ) ( 10.736, 36.468 )


WIDTH: ( WidthTable ) Special Wire of Net VDD  ( M6 )
Bounds : ( 1.456, 35.232 ) ( 2.704, 36.480 )


WIDTH: ( WidthTable ) Special Wire of Net VDD  ( M6 )
Bounds : ( 18.452, 35.232 ) ( 19.700, 36.480 )


WIDTH: ( WidthTable ) Special Wire of Net _FILLS_RESERVED  ( M7 )
Bounds : ( 0.600, 34.800 ) ( 2.600, 36.800 )


WIDTH: ( WidthTable ) Special Wire of Net _FILLS_RESERVED  ( M7 )
Bounds : ( 3.000, 36.000 ) ( 5.000, 38.000 )


WIDTH: ( WidthTable ) Special Wire of Net _FILLS_RESERVED  ( M7 )
Bounds : ( 5.400, 34.800 ) ( 7.400, 36.800 )


WIDTH: ( WidthTable ) Special Wire of Net _FILLS_RESERVED  ( M7 )
Bounds : ( 17.224, 35.400 ) ( 19.224, 37.400 )


VIAENCLOSURE: ( Enclosure ) Regular Wire of Net FE_PHN2416_bram_waddr_wire_4  ( V3 )
Bounds : ( 24.156, 42.252 ) ( 24.228, 42.348 )


WIDTH: ( WidthTable ) Special Wire of Net _FILLS_RESERVED  ( M4 )
Bounds : ( 23.852, 44.424 ) ( 24.212, 44.784 )


WIDTH: ( WidthTable ) Special Wire of Net _FILLS_RESERVED  ( M7 )
Bounds : ( 37.672, 12.600 ) ( 39.672, 14.600 )


WIDTH: ( WidthTable ) Special Wire of Net _FILLS_RESERVED  ( M7 )
Bounds : ( 37.672, 15.000 ) ( 39.672, 17.000 )


WIDTH: ( WidthTable ) Special Wire of Net _FILLS_RESERVED  ( M7 )
Bounds : ( 37.672, 17.400 ) ( 39.672, 19.400 )


WIDTH: ( WidthTable ) Special Wire of Net _FILLS_RESERVED  ( M7 )
Bounds : ( 37.672, 19.800 ) ( 39.672, 21.800 )


WIDTH: ( WidthTable ) Special Wire of Net _FILLS_RESERVED  ( M7 )
Bounds : ( 40.072, 13.800 ) ( 42.072, 15.800 )


WIDTH: ( WidthTable ) Special Wire of Net _FILLS_RESERVED  ( M7 )
Bounds : ( 40.072, 16.200 ) ( 42.072, 18.200 )


WIDTH: ( WidthTable ) Special Wire of Net _FILLS_RESERVED  ( M7 )
Bounds : ( 40.072, 18.600 ) ( 42.072, 20.600 )


WIDTH: ( WidthTable ) Special Wire of Net _FILLS_RESERVED  ( M7 )
Bounds : ( 40.072, 21.000 ) ( 42.072, 23.000 )


WIDTH: ( WidthTable ) Special Wire of Net _FILLS_RESERVED  ( M7 )
Bounds : ( 44.872, 13.800 ) ( 46.872, 15.800 )


WIDTH: ( WidthTable ) Special Wire of Net _FILLS_RESERVED  ( M7 )
Bounds : ( 44.872, 16.200 ) ( 46.872, 18.200 )


WIDTH: ( WidthTable ) Special Wire of Net _FILLS_RESERVED  ( M7 )
Bounds : ( 44.872, 18.600 ) ( 46.872, 20.600 )


WIDTH: ( WidthTable ) Special Wire of Net _FILLS_RESERVED  ( M7 )
Bounds : ( 44.872, 21.000 ) ( 46.872, 23.000 )


VIAENCLOSURE: ( Enclosure ) Regular Wire of Net FE_PHN2213_bram_waddr_wire_9  ( V3 )
Bounds : ( 30.636, 20.940 ) ( 30.708, 21.036 )


VIAENCLOSURE: ( Enclosure ) Regular Wire of Net FE_PHN1167_bram_waddr_wire_9  ( V3 )
Bounds : ( 31.932, 18.636 ) ( 32.004, 18.732 )


VIAENCLOSURE: ( Enclosure ) Regular Wire of Net n_248  ( V3 )
Bounds : ( 32.364, 20.940 ) ( 32.436, 21.036 )


VIAENCLOSURE: ( Enclosure ) Regular Wire of Net FE_PHN4033_n_320  ( V3 )
Bounds : ( 33.660, 18.636 ) ( 33.732, 18.732 )


VIAENCLOSURE: ( Enclosure ) Regular Wire of Net FE_PHN4032_FE_OFN58_n_318  ( V3 )
Bounds : ( 33.660, 19.212 ) ( 33.732, 19.308 )


VIAENCLOSURE: ( Enclosure ) Regular Wire of Net FE_PHN3432_FE_OFN327_n_325  ( V3 )
Bounds : ( 35.532, 18.636 ) ( 35.604, 18.732 )


VIAENCLOSURE: ( Enclosure ) Regular Wire of Net n_248  ( V5 )
Bounds : ( 31.920, 20.816 ) ( 32.016, 20.944 )


WIDTH: ( WidthTable ) Special Wire of Net _FILLS_RESERVED  ( M7 )
Bounds : ( 30.472, 18.600 ) ( 32.472, 20.600 )


WIDTH: ( WidthTable ) Special Wire of Net _FILLS_RESERVED  ( M7 )
Bounds : ( 30.472, 21.000 ) ( 32.472, 23.000 )


WIDTH: ( WidthTable ) Special Wire of Net _FILLS_RESERVED  ( M7 )
Bounds : ( 32.872, 19.800 ) ( 34.872, 21.800 )


VIAENCLOSURE: ( Enclosure ) Regular Wire of Net FE_PHN3441_bram_waddr_wire_6  ( V3 )
Bounds : ( 26.748, 23.244 ) ( 26.820, 23.340 )


VIAENCLOSURE: ( Enclosure ) Regular Wire of Net FE_PHN2228_bram_waddr_wire_6  ( V3 )
Bounds : ( 28.476, 23.244 ) ( 28.548, 23.340 )


VIAENCLOSURE: ( Enclosure ) Regular Wire of Net FE_PHN3297_bram_waddr_wire_1  ( V3 )
Bounds : ( 29.052, 23.244 ) ( 29.124, 23.340 )


VIAENCLOSURE: ( Enclosure ) Regular Wire of Net FE_PHN3303_bram_waddr_wire_6  ( V3 )
Bounds : ( 24.444, 20.940 ) ( 24.516, 21.036 )


VIAENCLOSURE: ( Enclosure ) Regular Wire of Net FE_PHN3906_FE_OFN58_n_318  ( V3 )
Bounds : ( 25.452, 20.940 ) ( 25.524, 21.036 )


VIAENCLOSURE: ( Enclosure ) Regular Wire of Net FE_PHN3470_n_215  ( V3 )
Bounds : ( 26.748, 19.212 ) ( 26.820, 19.308 )


VIAENCLOSURE: ( Enclosure ) Regular Wire of Net FE_PHN3120_bram_waddr_wire_6  ( V3 )
Bounds : ( 27.036, 20.940 ) ( 27.108, 21.036 )


VIAENCLOSURE: ( Enclosure ) Regular Wire of Net FE_PHN2414_bram_waddr_wire_8  ( V3 )
Bounds : ( 27.612, 20.556 ) ( 27.684, 20.652 )


VIAENCLOSURE: ( Enclosure ) Regular Wire of Net FE_PHN2326_bram_waddr_wire_6  ( V3 )
Bounds : ( 29.196, 19.212 ) ( 29.268, 19.308 )


VIAENCLOSURE: ( Enclosure ) Regular Wire of Net FE_PHN943_bram_waddr_wire_8  ( V3 )
Bounds : ( 29.772, 20.940 ) ( 29.844, 21.036 )


VIAENCLOSURE: ( Enclosure ) Regular Wire of Net FE_PHN2174_n_215  ( V3 )
Bounds : ( 30.060, 19.212 ) ( 30.132, 19.308 )


WIDTH: ( WidthTable ) Special Wire of Net _FILLS_RESERVED  ( M7 )
Bounds : ( 25.672, 18.600 ) ( 27.672, 20.600 )


WIDTH: ( WidthTable ) Special Wire of Net _FILLS_RESERVED  ( M7 )
Bounds : ( 25.672, 21.000 ) ( 27.672, 23.000 )


VIAENCLOSURE: ( Enclosure ) Regular Wire of Net FE_PHN2234_bram_waddr_wire_2  ( V3 )
Bounds : ( 32.364, 16.908 ) ( 32.436, 17.004 )


VIAENCLOSURE: ( Enclosure ) Regular Wire of Net FE_PHN3433_FE_OFN58_n_318  ( V3 )
Bounds : ( 33.228, 16.908 ) ( 33.300, 17.004 )


VIAENCLOSURE: ( Enclosure ) Regular Wire of Net FE_PHN3440_bram_waddr_wire_2  ( V3 )
Bounds : ( 34.524, 14.604 ) ( 34.596, 14.700 )


VIAENCLOSURE: ( Enclosure ) Regular Wire of Net FE_PHN2321_bram_waddr_wire_2  ( V3 )
Bounds : ( 35.100, 12.300 ) ( 35.172, 12.396 )


VIAENCLOSURE: ( Enclosure ) Regular Wire of Net FE_PHN3511_u_sram_macro_sram_addr_0  ( V3 )
Bounds : ( 35.820, 16.332 ) ( 35.892, 16.428 )


WIDTH: ( WidthTable ) Special Wire of Net _FILLS_RESERVED  ( M7 )
Bounds : ( 30.472, 13.800 ) ( 32.472, 15.800 )


WIDTH: ( WidthTable ) Special Wire of Net _FILLS_RESERVED  ( M7 )
Bounds : ( 32.872, 12.600 ) ( 34.872, 14.600 )


WIDTH: ( WidthTable ) Special Wire of Net _FILLS_RESERVED  ( M7 )
Bounds : ( 32.872, 15.000 ) ( 34.872, 17.000 )


VIAENCLOSURE: ( Enclosure ) Regular Wire of Net FE_PHN2830_bram_waddr_wire_5  ( V3 )
Bounds : ( 24.588, 16.908 ) ( 24.660, 17.004 )


VIAENCLOSURE: ( Enclosure ) Regular Wire of Net FE_PHN2622_bram_waddr_wire_1  ( V3 )
Bounds : ( 25.308, 16.332 ) ( 25.380, 16.428 )


VIAENCLOSURE: ( Enclosure ) Regular Wire of Net FE_PHN3023_bram_waddr_wire_6  ( V3 )
Bounds : ( 26.892, 16.332 ) ( 26.964, 16.428 )


VIAENCLOSURE: ( Enclosure ) Regular Wire of Net FE_PHN3358_bram_waddr_wire_2  ( V3 )
Bounds : ( 27.900, 16.332 ) ( 27.972, 16.428 )


VIAENCLOSURE: ( Enclosure ) Regular Wire of Net FE_PHN3359_bram_waddr_wire_1  ( V3 )
Bounds : ( 29.628, 16.908 ) ( 29.700, 17.004 )


WIDTH: ( WidthTable ) Special Wire of Net _FILLS_RESERVED  ( M7 )
Bounds : ( 25.672, 13.800 ) ( 27.672, 15.800 )


WIDTH: ( WidthTable ) Special Wire of Net _FILLS_RESERVED  ( M7 )
Bounds : ( 25.672, 16.200 ) ( 27.672, 18.200 )


WIDTH: ( WidthTable ) Special Wire of Net _FILLS_RESERVED  ( M7 )
Bounds : ( 30.472, 16.200 ) ( 32.472, 18.200 )


WIDTH: ( WidthTable ) Special Wire of Net _FILLS_RESERVED  ( M7 )
Bounds : ( 32.872, 17.400 ) ( 34.872, 19.400 )


WIDTH: ( WidthTable ) Special Wire of Net _FILLS_RESERVED  ( M7 )
Bounds : ( 43.288, 6.600 ) ( 45.288, 8.600 )


WIDTH: ( WidthTable ) Special Wire of Net _FILLS_RESERVED  ( M7 )
Bounds : ( 45.688, 7.800 ) ( 47.688, 9.800 )


VIAENCLOSURE: ( Enclosure ) Regular Wire of Net FE_PHN3433_FE_OFN58_n_318  ( V3 )
Bounds : ( 47.484, 3.660 ) ( 47.556, 3.756 )


VIAENCLOSURE: ( Enclosure ) Regular Wire of Net FE_PHN3840_FE_OFN58_n_318  ( V3 )
Bounds : ( 46.908, 3.660 ) ( 46.980, 3.756 )


VIAENCLOSURE: ( Enclosure ) Regular Wire of Net FE_PHN3721_n_320  ( V3 )
Bounds : ( 46.044, 3.660 ) ( 46.116, 3.756 )


WIDTH: ( WidthTable ) Special Wire of Net _FILLS_RESERVED  ( M7 )
Bounds : ( 45.688, 3.000 ) ( 47.688, 5.000 )


WIDTH: ( WidthTable ) Special Wire of Net VDD  ( M6 )
Bounds : ( 44.952, 1.456 ) ( 46.200, 2.704 )


VIAENCLOSURE: ( Enclosure ) Regular Wire of Net FE_PHN3434_n_320  ( V3 )
Bounds : ( 47.484, 1.356 ) ( 47.556, 1.452 )


Geometric: ( Rect Only ) Special Wire of Net VDD  ( M6 )
Bounds : ( 46.136, 2.416 ) ( 46.200, 2.544 )


Geometric: ( Rect Only ) Special Wire of Net VDD  ( M6 )
Bounds : ( 46.136, 1.616 ) ( 46.200, 1.744 )


Geometric: ( Rect Only ) Special Wire of Net VDD  ( M6 )
Bounds : ( 44.952, 2.416 ) ( 45.016, 2.544 )


Geometric: ( Rect Only ) Special Wire of Net VDD  ( M6 )
Bounds : ( 44.952, 1.616 ) ( 45.016, 1.744 )


Geometric: ( Rect Only ) Special Wire of Net VSS  ( M6 )
Bounds : ( 44.408, 0.736 ) ( 44.472, 0.864 )


Geometric: ( Rect Only ) Special Wire of Net VSS  ( M6 )
Bounds : ( 44.408, -0.064 ) ( 44.472, 0.064 )


Geometric: ( Rect Only ) Special Wire of Net VSS  ( M6 )
Bounds : ( 43.224, 0.736 ) ( 43.288, 0.864 )


Geometric: ( Rect Only ) Special Wire of Net VSS  ( M6 )
Bounds : ( 43.224, -0.064 ) ( 43.288, 0.064 )


Geometric: ( Rect Only ) Special Wire of Net VDD  ( M5 )
Bounds : ( 45.928, 2.656 ) ( 45.976, 2.752 )


Geometric: ( Rect Only ) Special Wire of Net VDD  ( M5 )
Bounds : ( 45.176, 2.656 ) ( 45.224, 2.752 )


Geometric: ( Rect Only ) Special Wire of Net VSS  ( M5 )
Bounds : ( 44.200, 0.976 ) ( 44.248, 1.072 )


Geometric: ( Rect Only ) Special Wire of Net VSS  ( M5 )
Bounds : ( 43.448, 0.976 ) ( 43.496, 1.072 )


WIDTH: ( WidthTable ) Special Wire of Net _FILLS_RESERVED  ( M7 )
Bounds : ( 45.688, 0.600 ) ( 47.688, 2.600 )


WIDTH: ( WidthTable ) Special Wire of Net _FILLS_RESERVED  ( M7 )
Bounds : ( 43.288, 1.800 ) ( 45.288, 3.800 )


VIAENCLOSURE: ( Enclosure ) Regular Wire of Net FE_PHN4033_n_320  ( V3 )
Bounds : ( 39.708, 1.356 ) ( 39.780, 1.452 )


VIAENCLOSURE: ( Enclosure ) Regular Wire of Net FE_PHN3523_n_320  ( V3 )
Bounds : ( 40.572, 3.660 ) ( 40.644, 3.756 )


VIAENCLOSURE: ( Enclosure ) Regular Wire of Net FE_PHN3440_bram_waddr_wire_2  ( V3 )
Bounds : ( 42.012, 1.356 ) ( 42.084, 1.452 )


WIDTH: ( WidthTable ) Special Wire of Net _FILLS_RESERVED  ( M4 )
Bounds : ( 36.428, 3.912 ) ( 36.788, 4.272 )


WIDTH: ( WidthTable ) Special Wire of Net _FILLS_RESERVED  ( M4 )
Bounds : ( 38.288, 3.912 ) ( 38.648, 4.272 )


VIAENCLOSURE: ( Enclosure ) Regular Wire of Net FE_PHN3511_u_sram_macro_sram_addr_0  ( V3 )
Bounds : ( 42.300, 3.660 ) ( 42.372, 3.756 )


WIDTH: ( WidthTable ) Special Wire of Net _FILLS_RESERVED  ( M7 )
Bounds : ( 43.288, 4.200 ) ( 45.288, 6.200 )


WIDTH: ( WidthTable ) Special Wire of Net _FILLS_RESERVED  ( M7 )
Bounds : ( 45.688, 5.400 ) ( 47.688, 7.400 )


VIAENCLOSURE: ( Enclosure ) Regular Wire of Net FE_PHN3906_FE_OFN58_n_318  ( V3 )
Bounds : ( 30.636, 9.996 ) ( 30.708, 10.092 )


VIAENCLOSURE: ( Enclosure ) Regular Wire of Net FE_PHN3840_FE_OFN58_n_318  ( V3 )
Bounds : ( 34.092, 7.692 ) ( 34.164, 7.788 )


VIAENCLOSURE: ( Enclosure ) Regular Wire of Net n_326  ( V3 )
Bounds : ( 35.388, 10.572 ) ( 35.460, 10.668 )


VIAENCLOSURE: ( Enclosure ) Regular Wire of Net FE_PHN3905_FE_OFN327_n_325  ( V3 )
Bounds : ( 35.676, 8.268 ) ( 35.748, 8.364 )


WIDTH: ( WidthTable ) Special Wire of Net _FILLS_RESERVED  ( M7 )
Bounds : ( 31.288, 7.800 ) ( 33.288, 9.800 )


VIAENCLOSURE: ( Enclosure ) Regular Wire of Net FE_PHN3144_bram_waddr_wire_4  ( V3 )
Bounds : ( 25.884, 10.572 ) ( 25.956, 10.668 )


VIAENCLOSURE: ( Enclosure ) Regular Wire of Net FE_PHN2228_bram_waddr_wire_6  ( V3 )
Bounds : ( 29.052, 9.996 ) ( 29.124, 10.092 )


VIAENCLOSURE: ( Enclosure ) Regular Wire of Net FE_PHN2622_bram_waddr_wire_1  ( V3 )
Bounds : ( 25.452, 7.692 ) ( 25.524, 7.788 )


VIAENCLOSURE: ( Enclosure ) Regular Wire of Net FE_PHN3120_bram_waddr_wire_6  ( V3 )
Bounds : ( 27.612, 7.692 ) ( 27.684, 7.788 )


VIAENCLOSURE: ( Enclosure ) Regular Wire of Net FE_PHN3023_bram_waddr_wire_6  ( V3 )
Bounds : ( 28.044, 8.268 ) ( 28.116, 8.364 )


WIDTH: ( WidthTable ) Special Wire of Net _FILLS_RESERVED  ( M7 )
Bounds : ( 28.888, 6.600 ) ( 30.888, 8.600 )


VIAENCLOSURE: ( Enclosure ) Regular Wire of Net FE_PHN3434_n_320  ( V3 )
Bounds : ( 25.452, 1.356 ) ( 25.524, 1.452 )


VIAENCLOSURE: ( Enclosure ) Regular Wire of Net FE_PHN3359_bram_waddr_wire_1  ( V3 )
Bounds : ( 26.316, 4.620 ) ( 26.388, 4.716 )


VIAENCLOSURE: ( Enclosure ) Regular Wire of Net FE_PHN3358_bram_waddr_wire_2  ( V3 )
Bounds : ( 28.044, 1.932 ) ( 28.116, 2.028 )


VIAENCLOSURE: ( Enclosure ) Regular Wire of Net FE_PHN3297_bram_waddr_wire_1  ( V3 )
Bounds : ( 30.636, 1.356 ) ( 30.708, 1.452 )


VIAENCLOSURE: ( Enclosure ) Regular Wire of Net FE_PHN2321_bram_waddr_wire_2  ( V3 )
Bounds : ( 34.812, 3.660 ) ( 34.884, 3.756 )


WIDTH: ( WidthTable ) Special Wire of Net _FILLS_RESERVED  ( M5 )
Bounds : ( 32.868, 1.500 ) ( 33.228, 1.860 )


WIDTH: ( WidthTable ) Special Wire of Net _FILLS_RESERVED  ( M5 )
Bounds : ( 32.868, 3.360 ) ( 33.228, 3.720 )


WIDTH: ( WidthTable ) Special Wire of Net _FILLS_RESERVED  ( M7 )
Bounds : ( 28.888, 1.800 ) ( 30.888, 3.800 )


WIDTH: ( WidthTable ) Special Wire of Net _FILLS_RESERVED  ( M7 )
Bounds : ( 31.288, 0.600 ) ( 33.288, 2.600 )


WIDTH: ( WidthTable ) Special Wire of Net _FILLS_RESERVED  ( M7 )
Bounds : ( 31.288, 3.000 ) ( 33.288, 5.000 )


VIAENCLOSURE: ( Enclosure ) Regular Wire of Net FE_PHN3303_bram_waddr_wire_6  ( V3 )
Bounds : ( 25.452, 5.964 ) ( 25.524, 6.060 )


VIAENCLOSURE: ( Enclosure ) Regular Wire of Net FE_PHN2029_bram_waddr_wire_6  ( V3 )
Bounds : ( 27.900, 5.964 ) ( 27.972, 6.060 )


VIAENCLOSURE: ( Enclosure ) Regular Wire of Net CTS_250  ( V3 )
Bounds : ( 30.492, 5.964 ) ( 30.564, 6.060 )


WIDTH: ( WidthTable ) Special Wire of Net _FILLS_RESERVED  ( M7 )
Bounds : ( 28.888, 4.200 ) ( 30.888, 6.200 )


WIDTH: ( WidthTable ) Special Wire of Net _FILLS_RESERVED  ( M7 )
Bounds : ( 31.288, 5.400 ) ( 33.288, 7.400 )


WIDTH: ( WidthTable ) Special Wire of Net _FILLS_RESERVED  ( M7 )
Bounds : ( 36.088, 0.600 ) ( 38.088, 2.600 )


WIDTH: ( WidthTable ) Special Wire of Net _FILLS_RESERVED  ( M7 )
Bounds : ( 36.088, 3.000 ) ( 38.088, 5.000 )


WIDTH: ( WidthTable ) Special Wire of Net _FILLS_RESERVED  ( M7 )
Bounds : ( 36.088, 5.400 ) ( 38.088, 7.400 )


WIDTH: ( WidthTable ) Special Wire of Net _FILLS_RESERVED  ( M7 )
Bounds : ( 36.088, 7.800 ) ( 38.088, 9.800 )


WIDTH: ( WidthTable ) Special Wire of Net _FILLS_RESERVED  ( M7 )
Bounds : ( 25.672, 11.400 ) ( 27.672, 13.400 )


WIDTH: ( WidthTable ) Special Wire of Net _FILLS_RESERVED  ( M7 )
Bounds : ( 30.472, 11.400 ) ( 32.472, 13.400 )


WIDTH: ( WidthTable ) Special Wire of Net _FILLS_RESERVED  ( M7 )
Bounds : ( 32.872, 10.200 ) ( 34.872, 12.200 )


WIDTH: ( WidthTable ) Special Wire of Net _FILLS_RESERVED  ( M7 )
Bounds : ( 37.672, 10.200 ) ( 39.672, 12.200 )


WIDTH: ( WidthTable ) Special Wire of Net _FILLS_RESERVED  ( M7 )
Bounds : ( 40.072, 11.400 ) ( 42.072, 13.400 )


WIDTH: ( WidthTable ) Special Wire of Net _FILLS_RESERVED  ( M7 )
Bounds : ( 44.872, 11.400 ) ( 46.872, 13.400 )


VIAENCLOSURE: ( Enclosure ) Regular Wire of Net FE_PHN2452_n_227  ( V3 )
Bounds : ( 22.428, 23.244 ) ( 22.500, 23.340 )


VIAENCLOSURE: ( Enclosure ) Regular Wire of Net FE_PDN349_bram_waddr_wire_3  ( V5 )
Bounds : ( 21.984, 22.832 ) ( 22.080, 22.960 )


VIAENCLOSURE: ( Enclosure ) Regular Wire of Net FE_PHN3034_bram_waddr_wire_5  ( V3 )
Bounds : ( 21.996, 19.404 ) ( 22.068, 19.500 )


VIAENCLOSURE: ( Enclosure ) Regular Wire of Net FE_PHN2636_bram_waddr_wire_4  ( V3 )
Bounds : ( 21.564, 20.940 ) ( 21.636, 21.036 )


VIAENCLOSURE: ( Enclosure ) Regular Wire of Net FE_PHN3712_FE_OFN327_n_325  ( V3 )
Bounds : ( 21.132, 18.636 ) ( 21.204, 18.732 )


VIAENCLOSURE: ( Enclosure ) Regular Wire of Net FE_PHN2848_n_248  ( V3 )
Bounds : ( 20.412, 20.940 ) ( 20.484, 21.036 )


VIAENCLOSURE: ( Enclosure ) Regular Wire of Net FE_PHN2527_bram_waddr_wire_7  ( V3 )
Bounds : ( 23.004, 20.940 ) ( 23.076, 21.036 )


VIAENCLOSURE: ( Enclosure ) Regular Wire of Net FE_PHN2227_bram_waddr_wire_1  ( V3 )
Bounds : ( 23.724, 19.596 ) ( 23.796, 19.692 )


VIAENCLOSURE: ( Enclosure ) Regular Wire of Net FE_PHN3034_bram_waddr_wire_5  ( V5 )
Bounds : ( 21.984, 19.664 ) ( 22.080, 19.792 )


WIDTH: ( WidthTable ) Special Wire of Net _FILLS_RESERVED  ( M4 )
Bounds : ( 18.404, 18.888 ) ( 18.764, 19.248 )


VIAENCLOSURE: ( Enclosure ) Regular Wire of Net FE_PDN350_bram_waddr_wire_3  ( V3 )
Bounds : ( 12.492, 21.708 ) ( 12.564, 21.804 )


VIAENCLOSURE: ( Enclosure ) Regular Wire of Net FE_PHN647_n_226  ( V3 )
Bounds : ( 13.356, 20.940 ) ( 13.428, 21.036 )


VIAENCLOSURE: ( Enclosure ) Regular Wire of Net FE_PHN410_n_226  ( V3 )
Bounds : ( 14.796, 23.244 ) ( 14.868, 23.340 )


VIAENCLOSURE: ( Enclosure ) Regular Wire of Net FE_PDN349_bram_waddr_wire_3  ( V3 )
Bounds : ( 17.388, 23.244 ) ( 17.460, 23.340 )


VIAENCLOSURE: ( Enclosure ) Regular Wire of Net FE_PDN350_bram_waddr_wire_3  ( V5 )
Bounds : ( 12.480, 21.680 ) ( 12.576, 21.808 )


WIDTH: ( WidthTable ) Special Wire of Net _FILLS_RESERVED  ( M4 )
Bounds : ( 12.824, 18.888 ) ( 13.184, 19.248 )


WIDTH: ( WidthTable ) Special Wire of Net _FILLS_RESERVED  ( M4 )
Bounds : ( 14.684, 18.888 ) ( 15.044, 19.248 )


WIDTH: ( WidthTable ) Special Wire of Net _FILLS_RESERVED  ( M4 )
Bounds : ( 14.984, 20.752 ) ( 15.344, 21.112 )


WIDTH: ( WidthTable ) Special Wire of Net _FILLS_RESERVED  ( M4 )
Bounds : ( 16.544, 18.888 ) ( 16.904, 19.248 )


WIDTH: ( WidthTable ) Special Wire of Net _FILLS_RESERVED  ( M4 )
Bounds : ( 16.844, 20.752 ) ( 17.204, 21.112 )


WIDTH: ( WidthTable ) Special Wire of Net _FILLS_RESERVED  ( M6 )
Bounds : ( 12.208, 18.784 ) ( 13.468, 20.044 )


WIDTH: ( WidthTable ) Special Wire of Net _FILLS_RESERVED  ( M6 )
Bounds : ( 14.968, 18.784 ) ( 16.228, 20.044 )


WIDTH: ( WidthTable ) Special Wire of Net _FILLS_RESERVED  ( M7 )
Bounds : ( 14.824, 19.800 ) ( 16.824, 21.800 )


WIDTH: ( WidthTable ) Special Wire of Net _FILLS_RESERVED  ( M7 )
Bounds : ( 17.224, 21.000 ) ( 19.224, 23.000 )


WIDTH: ( WidthTable ) Special Wire of Net _FILLS_RESERVED  ( M7 )
Bounds : ( 17.400, 18.600 ) ( 19.400, 20.600 )


VIAENCLOSURE: ( Enclosure ) Regular Wire of Net FE_PHN2526_bram_waddr_wire_6  ( V3 )
Bounds : ( 13.356, 16.908 ) ( 13.428, 17.004 )


VIAENCLOSURE: ( Enclosure ) Regular Wire of Net FE_PHN3549_bram_waddr_wire_1  ( V3 )
Bounds : ( 15.516, 16.332 ) ( 15.588, 16.428 )


VIAENCLOSURE: ( Enclosure ) Regular Wire of Net FE_PHN2174_n_215  ( V3 )
Bounds : ( 23.292, 12.300 ) ( 23.364, 12.396 )


VIAENCLOSURE: ( Enclosure ) Regular Wire of Net FE_PHN3231_bram_waddr_wire_1  ( V3 )
Bounds : ( 23.292, 16.332 ) ( 23.364, 16.428 )


WIDTH: ( WidthTable ) Special Wire of Net _FILLS_RESERVED  ( M4 )
Bounds : ( 17.340, 12.168 ) ( 18.900, 13.728 )


WIDTH: ( WidthTable ) Special Wire of Net _FILLS_RESERVED  ( M7 )
Bounds : ( 12.600, 13.800 ) ( 14.600, 15.800 )


WIDTH: ( WidthTable ) Special Wire of Net _FILLS_RESERVED  ( M7 )
Bounds : ( 17.400, 13.800 ) ( 19.400, 15.800 )


WIDTH: ( WidthTable ) Special Wire of Net _FILLS_RESERVED  ( M7 )
Bounds : ( 12.600, 16.200 ) ( 14.600, 18.200 )


WIDTH: ( WidthTable ) Special Wire of Net _FILLS_RESERVED  ( M7 )
Bounds : ( 17.400, 16.200 ) ( 19.400, 18.200 )


VIAENCLOSURE: ( Enclosure ) Regular Wire of Net FE_PHN2145_bram_waddr_wire_6  ( V3 )
Bounds : ( 9.036, 18.636 ) ( 9.108, 18.732 )


VIAENCLOSURE: ( Enclosure ) Regular Wire of Net FE_PHN3610_n_320  ( V3 )
Bounds : ( 10.332, 19.212 ) ( 10.404, 19.308 )


VIAENCLOSURE: ( Enclosure ) Regular Wire of Net FE_PHN2038_bram_waddr_wire_2  ( V3 )
Bounds : ( 11.196, 18.636 ) ( 11.268, 18.732 )


WIDTH: ( WidthTable ) Special Wire of Net _FILLS_RESERVED  ( M3 )
Bounds : ( 4.560, 18.808 ) ( 5.424, 19.672 )


WIDTH: ( WidthTable ) Special Wire of Net _FILLS_RESERVED  ( M3 )
Bounds : ( 4.560, 21.172 ) ( 5.424, 22.036 )


WIDTH: ( WidthTable ) Special Wire of Net _FILLS_RESERVED  ( M3 )
Bounds : ( 6.928, 18.452 ) ( 7.480, 19.004 )


WIDTH: ( WidthTable ) Special Wire of Net _FILLS_RESERVED  ( M3 )
Bounds : ( 6.928, 20.504 ) ( 7.480, 21.056 )


WIDTH: ( WidthTable ) Special Wire of Net _FILLS_RESERVED  ( M3 )
Bounds : ( 6.928, 22.556 ) ( 7.480, 23.108 )


WIDTH: ( WidthTable ) Special Wire of Net _FILLS_RESERVED  ( M4 )
Bounds : ( 6.364, 18.588 ) ( 7.024, 19.248 )


WIDTH: ( WidthTable ) Special Wire of Net _FILLS_RESERVED  ( M5 )
Bounds : ( 4.572, 19.140 ) ( 7.332, 21.900 )


WIDTH: ( WidthTable ) Special Wire of Net _FILLS_RESERVED  ( M6 )
Bounds : ( 3.928, 18.784 ) ( 5.188, 20.044 )


WIDTH: ( WidthTable ) Special Wire of Net _FILLS_RESERVED  ( M6 )
Bounds : ( 6.688, 18.784 ) ( 7.948, 20.044 )


WIDTH: ( WidthTable ) Special Wire of Net _FILLS_RESERVED  ( M6 )
Bounds : ( 9.448, 18.784 ) ( 10.708, 20.044 )


WIDTH: ( WidthTable ) Special Wire of Net _FILLS_RESERVED  ( M7 )
Bounds : ( 0.600, 20.400 ) ( 2.600, 22.400 )


WIDTH: ( WidthTable ) Special Wire of Net _FILLS_RESERVED  ( M7 )
Bounds : ( 3.600, 18.600 ) ( 4.960, 19.960 )


WIDTH: ( WidthTable ) Special Wire of Net _FILLS_RESERVED  ( M7 )
Bounds : ( 5.400, 20.400 ) ( 7.400, 22.400 )


WIDTH: ( WidthTable ) Special Wire of Net _FILLS_RESERVED  ( M7 )
Bounds : ( 8.400, 18.600 ) ( 9.760, 19.960 )


WIDTH: ( WidthTable ) Special Wire of Net _FILLS_RESERVED  ( M7 )
Bounds : ( 10.200, 20.400 ) ( 11.816, 22.016 )


WIDTH: ( WidthTable ) Special Wire of Net _FILLS_RESERVED  ( M7 )
Bounds : ( 10.200, 22.416 ) ( 11.816, 24.032 )


VIAENCLOSURE: ( Enclosure ) Regular Wire of Net FE_PHN2144_bram_waddr_wire_1  ( V3 )
Bounds : ( 10.332, 16.908 ) ( 10.404, 17.004 )


WIDTH: ( WidthTable ) Special Wire of Net _FILLS_RESERVED  ( M2 )
Bounds : ( 3.716, 16.728 ) ( 4.112, 17.124 )


WIDTH: ( WidthTable ) Special Wire of Net _FILLS_RESERVED  ( M2 )
Bounds : ( 5.612, 16.728 ) ( 6.008, 17.124 )


WIDTH: ( WidthTable ) Special Wire of Net _FILLS_RESERVED  ( M2 )
Bounds : ( 7.508, 16.728 ) ( 7.904, 17.124 )


WIDTH: ( WidthTable ) Special Wire of Net _FILLS_RESERVED  ( M2 )
Bounds : ( 8.576, 14.676 ) ( 9.128, 15.228 )


WIDTH: ( WidthTable ) Special Wire of Net _FILLS_RESERVED  ( M3 )
Bounds : ( 4.560, 14.080 ) ( 5.424, 14.944 )


WIDTH: ( WidthTable ) Special Wire of Net _FILLS_RESERVED  ( M3 )
Bounds : ( 4.560, 16.444 ) ( 5.424, 17.308 )


WIDTH: ( WidthTable ) Special Wire of Net _FILLS_RESERVED  ( M3 )
Bounds : ( 6.928, 16.400 ) ( 7.480, 16.952 )


WIDTH: ( WidthTable ) Special Wire of Net _FILLS_RESERVED  ( M3 )
Bounds : ( 7.696, 14.036 ) ( 8.560, 14.900 )


WIDTH: ( WidthTable ) Special Wire of Net _FILLS_RESERVED  ( M4 )
Bounds : ( 1.500, 16.128 ) ( 2.460, 17.088 )


WIDTH: ( WidthTable ) Special Wire of Net _FILLS_RESERVED  ( M4 )
Bounds : ( 3.960, 16.128 ) ( 4.920, 17.088 )


WIDTH: ( WidthTable ) Special Wire of Net _FILLS_RESERVED  ( M4 )
Bounds : ( 6.420, 16.128 ) ( 7.380, 17.088 )


WIDTH: ( WidthTable ) Special Wire of Net _FILLS_RESERVED  ( M5 )
Bounds : ( 4.572, 14.880 ) ( 7.332, 17.640 )


WIDTH: ( WidthTable ) Special Wire of Net _FILLS_RESERVED  ( M7 )
Bounds : ( 0.600, 12.600 ) ( 2.600, 14.600 )


WIDTH: ( WidthTable ) Special Wire of Net _FILLS_RESERVED  ( M7 )
Bounds : ( 0.600, 15.000 ) ( 2.600, 17.000 )


WIDTH: ( WidthTable ) Special Wire of Net _FILLS_RESERVED  ( M7 )
Bounds : ( 5.400, 12.600 ) ( 7.400, 14.600 )


WIDTH: ( WidthTable ) Special Wire of Net _FILLS_RESERVED  ( M7 )
Bounds : ( 5.400, 15.000 ) ( 7.400, 17.000 )


WIDTH: ( WidthTable ) Special Wire of Net _FILLS_RESERVED  ( M7 )
Bounds : ( 0.600, 17.400 ) ( 2.600, 19.400 )


WIDTH: ( WidthTable ) Special Wire of Net _FILLS_RESERVED  ( M7 )
Bounds : ( 5.400, 17.400 ) ( 7.400, 19.400 )


WIDTH: ( WidthTable ) Special Wire of Net _FILLS_RESERVED  ( M7 )
Bounds : ( 10.200, 12.600 ) ( 12.200, 14.600 )


WIDTH: ( WidthTable ) Special Wire of Net _FILLS_RESERVED  ( M7 )
Bounds : ( 10.200, 15.000 ) ( 12.200, 17.000 )


WIDTH: ( WidthTable ) Special Wire of Net _FILLS_RESERVED  ( M7 )
Bounds : ( 10.200, 17.400 ) ( 12.200, 19.400 )


VIAENCLOSURE: ( Enclosure ) Regular Wire of Net FE_PHN2918_bram_waddr_wire_5  ( V3 )
Bounds : ( 20.268, 10.572 ) ( 20.340, 10.668 )


VIAENCLOSURE: ( Enclosure ) Regular Wire of Net FE_PHN3470_n_215  ( V3 )
Bounds : ( 21.564, 7.692 ) ( 21.636, 7.788 )


VIAENCLOSURE: ( Enclosure ) Regular Wire of Net FE_PHN3441_bram_waddr_wire_6  ( V3 )
Bounds : ( 22.428, 7.692 ) ( 22.500, 7.788 )


VIAENCLOSURE: ( Enclosure ) Regular Wire of Net FE_PHN2527_bram_waddr_wire_7  ( V3 )
Bounds : ( 22.860, 9.804 ) ( 22.932, 9.900 )


VIAENCLOSURE: ( Enclosure ) Regular Wire of Net FE_PHN2918_bram_waddr_wire_5  ( V5 )
Bounds : ( 20.256, 10.736 ) ( 20.352, 10.864 )


VIAENCLOSURE: ( Enclosure ) Regular Wire of Net FE_PHN2526_bram_waddr_wire_6  ( V3 )
Bounds : ( 13.356, 8.076 ) ( 13.428, 8.172 )


VIAENCLOSURE: ( Enclosure ) Regular Wire of Net FE_PHN3549_bram_waddr_wire_1  ( V3 )
Bounds : ( 15.516, 6.924 ) ( 15.588, 7.020 )


VIAENCLOSURE: ( Enclosure ) Regular Wire of Net FE_PHN3444_bram_waddr_wire_4  ( V3 )
Bounds : ( 15.804, 10.572 ) ( 15.876, 10.668 )


WIDTH: ( WidthTable ) Special Wire of Net _FILLS_RESERVED  ( M6 )
Bounds : ( 13.648, 9.064 ) ( 15.208, 10.624 )


WIDTH: ( WidthTable ) Special Wire of Net _FILLS_RESERVED  ( M7 )
Bounds : ( 12.600, 6.600 ) ( 14.600, 8.600 )


WIDTH: ( WidthTable ) Special Wire of Net _FILLS_RESERVED  ( M7 )
Bounds : ( 12.600, 9.000 ) ( 14.600, 11.000 )


WIDTH: ( WidthTable ) Special Wire of Net _FILLS_RESERVED  ( M6 )
Bounds : ( 16.708, 9.064 ) ( 18.268, 10.624 )


WIDTH: ( WidthTable ) Special Wire of Net _FILLS_RESERVED  ( M7 )
Bounds : ( 17.400, 6.600 ) ( 19.400, 8.600 )


WIDTH: ( WidthTable ) Special Wire of Net _FILLS_RESERVED  ( M7 )
Bounds : ( 17.400, 9.000 ) ( 19.400, 11.000 )


VIAENCLOSURE: ( Enclosure ) Regular Wire of Net FE_PHN2227_bram_waddr_wire_1  ( V3 )
Bounds : ( 23.724, 3.852 ) ( 23.796, 3.948 )


Geometric: ( Rect Only ) Special Wire of Net VDD  ( M6 )
Bounds : ( 19.636, 2.416 ) ( 19.764, 2.480 )


Geometric: ( Rect Only ) Special Wire of Net VDD  ( M6 )
Bounds : ( 19.636, 1.680 ) ( 19.764, 1.744 )


Geometric: ( Rect Only ) Special Wire of Net VDD  ( M6 )
Bounds : ( 18.388, 2.416 ) ( 18.516, 2.480 )


Geometric: ( Rect Only ) Special Wire of Net VDD  ( M6 )
Bounds : ( 18.388, 1.680 ) ( 18.516, 1.744 )


Geometric: ( Rect Only ) Special Wire of Net VDD  ( M5 )
Bounds : ( 19.628, 2.656 ) ( 19.676, 2.752 )


Geometric: ( Rect Only ) Special Wire of Net VDD  ( M5 )
Bounds : ( 18.476, 2.656 ) ( 18.524, 2.752 )


WIDTH: ( WidthTable ) Special Wire of Net _FILLS_RESERVED  ( M4 )
Bounds : ( 19.736, 1.504 ) ( 20.396, 2.164 )


WIDTH: ( WidthTable ) Special Wire of Net _FILLS_RESERVED  ( M4 )
Bounds : ( 20.168, 3.664 ) ( 20.828, 4.324 )


WIDTH: ( WidthTable ) Special Wire of Net _FILLS_RESERVED  ( M4 )
Bounds : ( 21.896, 1.504 ) ( 22.556, 2.164 )


WIDTH: ( WidthTable ) Special Wire of Net _FILLS_RESERVED  ( M5 )
Bounds : ( 21.200, 1.500 ) ( 22.160, 2.460 )


WIDTH: ( WidthTable ) Special Wire of Net VDD  ( M6 )
Bounds : ( 18.452, 1.456 ) ( 19.700, 2.704 )


WIDTH: ( WidthTable ) Special Wire of Net _FILLS_RESERVED  ( M7 )
Bounds : ( 21.688, 0.600 ) ( 23.688, 2.600 )


WIDTH: ( WidthTable ) Special Wire of Net _FILLS_RESERVED  ( M7 )
Bounds : ( 21.688, 3.000 ) ( 23.688, 5.000 )


VIAENCLOSURE: ( Enclosure ) Regular Wire of Net FE_PHN1270_bram_waddr_wire_8  ( V3 )
Bounds : ( 15.948, 1.932 ) ( 16.020, 2.028 )


VIAENCLOSURE: ( Enclosure ) Regular Wire of Net FE_PHN3625_bram_waddr_wire_8  ( V3 )
Bounds : ( 15.084, 1.356 ) ( 15.156, 1.452 )


VIAENCLOSURE: ( Enclosure ) Regular Wire of Net FE_PHN3618_bram_waddr_wire_2  ( V3 )
Bounds : ( 14.220, 4.812 ) ( 14.292, 4.908 )


VIAENCLOSURE: ( Enclosure ) Regular Wire of Net FE_PHN3627_bram_waddr_wire_9  ( V3 )
Bounds : ( 12.924, 1.932 ) ( 12.996, 2.028 )


Geometric: ( Rect Only ) Special Wire of Net VSS  ( M6 )
Bounds : ( 17.556, 0.736 ) ( 17.684, 0.800 )


Geometric: ( Rect Only ) Special Wire of Net VSS  ( M6 )
Bounds : ( 17.556, 0.000 ) ( 17.684, 0.064 )


Geometric: ( Rect Only ) Special Wire of Net VSS  ( M6 )
Bounds : ( 16.308, 0.736 ) ( 16.436, 0.800 )


Geometric: ( Rect Only ) Special Wire of Net VSS  ( M6 )
Bounds : ( 16.308, 0.000 ) ( 16.436, 0.064 )


Geometric: ( Rect Only ) Special Wire of Net VSS  ( M5 )
Bounds : ( 17.548, 0.976 ) ( 17.596, 1.072 )


Geometric: ( Rect Only ) Special Wire of Net VSS  ( M5 )
Bounds : ( 16.396, 0.976 ) ( 16.444, 1.072 )


WIDTH: ( WidthTable ) Special Wire of Net _FILLS_RESERVED  ( M4 )
Bounds : ( 15.848, 3.664 ) ( 16.508, 4.324 )


WIDTH: ( WidthTable ) Special Wire of Net _FILLS_RESERVED  ( M7 )
Bounds : ( 12.600, 1.800 ) ( 14.600, 3.800 )


WIDTH: ( WidthTable ) Special Wire of Net _FILLS_RESERVED  ( M4 )
Bounds : ( 17.576, 1.504 ) ( 18.236, 2.164 )


WIDTH: ( WidthTable ) Special Wire of Net _FILLS_RESERVED  ( M4 )
Bounds : ( 18.008, 3.664 ) ( 18.668, 4.324 )


WIDTH: ( WidthTable ) Special Wire of Net _FILLS_RESERVED  ( M7 )
Bounds : ( 17.400, 1.800 ) ( 19.400, 3.800 )


VIAENCLOSURE: ( Enclosure ) Regular Wire of Net FE_PHN3682_bram_waddr_wire_4  ( V3 )
Bounds : ( 13.644, 5.964 ) ( 13.716, 6.060 )


VIAENCLOSURE: ( Enclosure ) Regular Wire of Net FE_PHN2326_bram_waddr_wire_6  ( V3 )
Bounds : ( 20.556, 5.964 ) ( 20.628, 6.060 )


WIDTH: ( WidthTable ) Special Wire of Net _FILLS_RESERVED  ( M7 )
Bounds : ( 12.600, 4.200 ) ( 14.600, 6.200 )


WIDTH: ( WidthTable ) Special Wire of Net _FILLS_RESERVED  ( M7 )
Bounds : ( 17.400, 4.200 ) ( 19.400, 6.200 )


WIDTH: ( WidthTable ) Special Wire of Net _FILLS_RESERVED  ( M7 )
Bounds : ( 21.688, 5.400 ) ( 23.688, 7.400 )


WIDTH: ( WidthTable ) Special Wire of Net _FILLS_RESERVED  ( M3 )
Bounds : ( 7.696, 9.308 ) ( 8.560, 10.172 )


WIDTH: ( WidthTable ) Special Wire of Net _FILLS_RESERVED  ( M2 )
Bounds : ( 6.776, 9.280 ) ( 7.796, 10.300 )


VIAENCLOSURE: ( Enclosure ) Regular Wire of Net FE_PHN3610_n_320  ( V3 )
Bounds : ( 11.484, 7.692 ) ( 11.556, 7.788 )


VIAENCLOSURE: ( Enclosure ) Regular Wire of Net FE_PHN2038_bram_waddr_wire_2  ( V3 )
Bounds : ( 11.196, 10.572 ) ( 11.268, 10.668 )


VIAENCLOSURE: ( Enclosure ) Regular Wire of Net FE_PHN2145_bram_waddr_wire_6  ( V3 )
Bounds : ( 9.036, 7.692 ) ( 9.108, 7.788 )


WIDTH: ( WidthTable ) Special Wire of Net _FILLS_RESERVED  ( M3 )
Bounds : ( 4.560, 9.352 ) ( 5.424, 10.216 )


WIDTH: ( WidthTable ) Special Wire of Net _FILLS_RESERVED  ( M3 )
Bounds : ( 2.544, 9.352 ) ( 2.940, 9.748 )


WIDTH: ( WidthTable ) Regular Wire of Net s_axi_awid[1]  ( M3 )
Bounds : ( 0.000, 10.188 ) ( 0.220, 10.408 )


WIDTH: ( WidthTable ) Regular Wire of Net s_axi_awid[2]  ( M3 )
Bounds : ( 0.000, 8.096 ) ( 0.220, 8.532 )


WIDTH: ( WidthTable ) Regular Wire of Net s_axi_awid[3]  ( M3 )
Bounds : ( 0.000, 6.732 ) ( 0.220, 7.168 )


VIAENCLOSURE: ( Enclosure ) Regular Wire of Net s_axi_awid[3]  ( V3 )
Bounds : ( 1.260, 7.692 ) ( 1.332, 7.788 )


OFFGRID: ( Off Grid or Wrong Way ) Regular Wire of Net s_axi_awid[2]  ( M3 )
Bounds : ( 0.000, 8.096 ) ( 0.220, 8.532 )


OFFGRID: ( Off Grid or Wrong Way ) Regular Wire of Net s_axi_awid[3]  ( M3 )
Bounds : ( 0.000, 6.732 ) ( 0.220, 7.168 )


WIDTH: ( WidthTable ) Special Wire of Net _FILLS_RESERVED  ( M4 )
Bounds : ( 2.888, 7.632 ) ( 3.848, 8.592 )


WIDTH: ( WidthTable ) Special Wire of Net _FILLS_RESERVED  ( M7 )
Bounds : ( 0.600, 7.800 ) ( 2.600, 9.800 )


WIDTH: ( WidthTable ) Special Wire of Net _FILLS_RESERVED  ( M4 )
Bounds : ( 5.348, 7.632 ) ( 6.308, 8.592 )


WIDTH: ( WidthTable ) Special Wire of Net _FILLS_RESERVED  ( M5 )
Bounds : ( 4.572, 6.360 ) ( 7.332, 9.120 )


WIDTH: ( WidthTable ) Special Wire of Net _FILLS_RESERVED  ( M7 )
Bounds : ( 5.400, 7.800 ) ( 7.400, 9.800 )


WIDTH: ( WidthTable ) Special Wire of Net _FILLS_RESERVED  ( M3 )
Bounds : ( 7.696, 4.492 ) ( 7.936, 4.732 )


WIDTH: ( WidthTable ) Special Wire of Net _FILLS_RESERVED  ( M3 )
Bounds : ( 6.360, 1.504 ) ( 7.848, 2.992 )


VIAENCLOSURE: ( Enclosure ) Regular Wire of Net FE_PHN1275_bram_waddr_wire_9  ( V3 )
Bounds : ( 10.764, 1.932 ) ( 10.836, 2.028 )


VIAENCLOSURE: ( Enclosure ) Regular Wire of Net FE_PHN2144_bram_waddr_wire_1  ( V3 )
Bounds : ( 10.332, 4.044 ) ( 10.404, 4.140 )


VIAENCLOSURE: ( Enclosure ) Regular Wire of Net FE_PHN3620_bram_waddr_wire_1  ( V3 )
Bounds : ( 9.468, 3.660 ) ( 9.540, 3.756 )


WIDTH: ( WidthTable ) Special Wire of Net _FILLS_RESERVED  ( M4 )
Bounds : ( 7.080, 1.504 ) ( 7.440, 1.864 )


WIDTH: ( WidthTable ) Special Wire of Net _FILLS_RESERVED  ( M4 )
Bounds : ( 7.920, 5.256 ) ( 8.580, 5.916 )


WIDTH: ( WidthTable ) Special Wire of Net _FILLS_RESERVED  ( M4 )
Bounds : ( 5.220, 1.504 ) ( 5.580, 1.864 )


WIDTH: ( WidthTable ) Special Wire of Net _FILLS_RESERVED  ( M4 )
Bounds : ( 3.360, 1.504 ) ( 3.720, 1.864 )


WIDTH: ( WidthTable ) Special Wire of Net _FILLS_RESERVED  ( M4 )
Bounds : ( 1.500, 1.504 ) ( 1.860, 1.864 )


WIDTH: ( WidthTable ) Regular Wire of Net s_axi_awid[4]  ( M3 )
Bounds : ( 0.000, 5.004 ) ( 0.220, 5.476 )


Geometric: ( Rect Only ) Special Wire of Net VDD  ( M6 )
Bounds : ( 2.640, 2.416 ) ( 2.768, 2.480 )


Geometric: ( Rect Only ) Special Wire of Net VDD  ( M6 )
Bounds : ( 2.640, 1.680 ) ( 2.768, 1.744 )


Geometric: ( Rect Only ) Special Wire of Net VSS  ( M6 )
Bounds : ( 0.960, 0.736 ) ( 1.088, 0.800 )


Geometric: ( Rect Only ) Special Wire of Net VSS  ( M6 )
Bounds : ( 0.960, 0.000 ) ( 1.088, 0.064 )


Geometric: ( Rect Only ) Special Wire of Net VDD  ( M5 )
Bounds : ( 2.432, 2.656 ) ( 2.480, 2.752 )


Geometric: ( Rect Only ) Special Wire of Net VDD  ( M5 )
Bounds : ( 1.680, 2.656 ) ( 1.728, 2.752 )


Geometric: ( Rect Only ) Special Wire of Net VSS  ( M5 )
Bounds : ( 0.752, 0.976 ) ( 0.800, 1.072 )


Geometric: ( Rect Only ) Special Wire of Net VSS  ( M5 )
Bounds : ( 0.000, 0.976 ) ( 0.048, 1.072 )


OFFGRID: ( Off Grid or Wrong Way ) Regular Wire of Net s_axi_awid[4]  ( M3 )
Bounds : ( 0.000, 5.004 ) ( 0.220, 5.476 )


WIDTH: ( WidthTable ) Special Wire of Net VDD  ( M6 )
Bounds : ( 1.456, 1.456 ) ( 2.704, 2.704 )


WIDTH: ( WidthTable ) Special Wire of Net _FILLS_RESERVED  ( M7 )
Bounds : ( 0.600, 0.600 ) ( 2.600, 2.600 )


WIDTH: ( WidthTable ) Special Wire of Net _FILLS_RESERVED  ( M7 )
Bounds : ( 0.600, 3.000 ) ( 2.600, 5.000 )


WIDTH: ( WidthTable ) Special Wire of Net _FILLS_RESERVED  ( M2 )
Bounds : ( 5.268, 1.504 ) ( 6.600, 2.836 )


WIDTH: ( WidthTable ) Special Wire of Net _FILLS_RESERVED  ( M4 )
Bounds : ( 5.760, 3.364 ) ( 6.120, 3.724 )


WIDTH: ( WidthTable ) Special Wire of Net _FILLS_RESERVED  ( M4 )
Bounds : ( 5.760, 5.256 ) ( 6.420, 5.916 )


WIDTH: ( WidthTable ) Special Wire of Net _FILLS_RESERVED  ( M5 )
Bounds : ( 4.204, 1.500 ) ( 7.564, 4.860 )


WIDTH: ( WidthTable ) Special Wire of Net _FILLS_RESERVED  ( M7 )
Bounds : ( 5.400, 0.600 ) ( 7.400, 2.600 )


WIDTH: ( WidthTable ) Special Wire of Net _FILLS_RESERVED  ( M7 )
Bounds : ( 5.400, 3.000 ) ( 7.400, 5.000 )


WIDTH: ( WidthTable ) Special Wire of Net _FILLS_RESERVED  ( M4 )
Bounds : ( 10.080, 5.640 ) ( 10.440, 6.000 )


WIDTH: ( WidthTable ) Special Wire of Net _FILLS_RESERVED  ( M7 )
Bounds : ( 0.600, 5.400 ) ( 2.600, 7.400 )


WIDTH: ( WidthTable ) Special Wire of Net _FILLS_RESERVED  ( M7 )
Bounds : ( 5.400, 5.400 ) ( 7.400, 7.400 )


WIDTH: ( WidthTable ) Special Wire of Net _FILLS_RESERVED  ( M7 )
Bounds : ( 10.200, 0.600 ) ( 12.200, 2.600 )


WIDTH: ( WidthTable ) Special Wire of Net _FILLS_RESERVED  ( M7 )
Bounds : ( 10.200, 3.000 ) ( 12.200, 5.000 )


WIDTH: ( WidthTable ) Special Wire of Net _FILLS_RESERVED  ( M7 )
Bounds : ( 10.200, 5.400 ) ( 12.200, 7.400 )


WIDTH: ( WidthTable ) Special Wire of Net _FILLS_RESERVED  ( M7 )
Bounds : ( 10.200, 7.800 ) ( 12.200, 9.800 )


OFFGRID: ( Off Grid or Wrong Way ) Regular Wire of Net s_axi_awid[0]  ( M3 )
Bounds : ( 0.000, 11.916 ) ( 0.220, 12.280 )


WIDTH: ( WidthTable ) Regular Wire of Net s_axi_awid[0]  ( M3 )
Bounds : ( 0.000, 11.916 ) ( 0.220, 12.280 )


WIDTH: ( WidthTable ) Special Wire of Net _FILLS_RESERVED  ( M3 )
Bounds : ( 4.560, 11.716 ) ( 5.424, 12.580 )


WIDTH: ( WidthTable ) Special Wire of Net _FILLS_RESERVED  ( M3 )
Bounds : ( 7.696, 11.672 ) ( 8.560, 12.536 )


WIDTH: ( WidthTable ) Special Wire of Net _FILLS_RESERVED  ( M5 )
Bounds : ( 4.572, 10.620 ) ( 7.332, 13.380 )


WIDTH: ( WidthTable ) Special Wire of Net _FILLS_RESERVED  ( M7 )
Bounds : ( 0.600, 10.200 ) ( 2.600, 12.200 )


WIDTH: ( WidthTable ) Special Wire of Net _FILLS_RESERVED  ( M7 )
Bounds : ( 5.400, 10.200 ) ( 7.400, 12.200 )


WIDTH: ( WidthTable ) Special Wire of Net _FILLS_RESERVED  ( M7 )
Bounds : ( 10.200, 10.200 ) ( 12.200, 12.200 )


WIDTH: ( WidthTable ) Special Wire of Net _FILLS_RESERVED  ( M7 )
Bounds : ( 12.600, 11.400 ) ( 14.600, 13.400 )


WIDTH: ( WidthTable ) Special Wire of Net _FILLS_RESERVED  ( M7 )
Bounds : ( 17.400, 11.400 ) ( 19.400, 13.400 )


VIAENCLOSURE: ( Enclosure ) Regular Wire of Net FE_PHN2416_bram_waddr_wire_4  ( V3 )
Bounds : ( 24.156, 23.244 ) ( 24.228, 23.340 )


VIAENCLOSURE: ( Enclosure ) Regular Wire of Net FE_PHN2234_bram_waddr_wire_2  ( V3 )
Bounds : ( 24.156, 5.964 ) ( 24.228, 6.060 )


VIAENCLOSURE: ( Enclosure ) Regular Wire of Net FE_PHN3231_bram_waddr_wire_1  ( V3 )
Bounds : ( 24.156, 7.308 ) ( 24.228, 7.404 )


WIDTH: ( WidthTable ) Special Wire of Net _FILLS_RESERVED  ( M7 )
Bounds : ( 24.088, 1.800 ) ( 26.088, 3.800 )


WIDTH: ( WidthTable ) Special Wire of Net _FILLS_RESERVED  ( M7 )
Bounds : ( 24.088, 4.200 ) ( 26.088, 6.200 )


WIDTH: ( WidthTable ) Special Wire of Net _FILLS_RESERVED  ( M7 )
Bounds : ( 24.088, 6.600 ) ( 26.088, 8.600 )


WIDTH: ( WidthTable ) Special Wire of Net _FILLS_RESERVED  ( M3 )
Bounds : ( 4.560, 23.536 ) ( 5.424, 24.400 )


WIDTH: ( WidthTable ) Special Wire of Net _FILLS_RESERVED  ( M5 )
Bounds : ( 5.004, 23.400 ) ( 7.764, 26.160 )


WIDTH: ( WidthTable ) Special Wire of Net _FILLS_RESERVED  ( M7 )
Bounds : ( 0.600, 22.800 ) ( 2.600, 24.800 )


WIDTH: ( WidthTable ) Special Wire of Net _FILLS_RESERVED  ( M7 )
Bounds : ( 5.400, 22.800 ) ( 7.400, 24.800 )


WIDTH: ( WidthTable ) Special Wire of Net _FILLS_RESERVED  ( M7 )
Bounds : ( 14.824, 22.200 ) ( 16.824, 24.200 )


WIDTH: ( WidthTable ) Special Wire of Net _FILLS_RESERVED  ( M7 )
Bounds : ( 17.224, 23.400 ) ( 19.224, 25.400 )


WIDTH: ( WidthTable ) Special Wire of Net _FILLS_RESERVED  ( M7 )
Bounds : ( 25.672, 23.400 ) ( 27.672, 25.400 )


WIDTH: ( WidthTable ) Special Wire of Net _FILLS_RESERVED  ( M7 )
Bounds : ( 30.472, 23.400 ) ( 32.472, 25.400 )


WIDTH: ( WidthTable ) Special Wire of Net _FILLS_RESERVED  ( M7 )
Bounds : ( 32.872, 22.200 ) ( 34.872, 24.200 )


WIDTH: ( WidthTable ) Special Wire of Net _FILLS_RESERVED  ( M7 )
Bounds : ( 37.672, 22.200 ) ( 39.672, 24.200 )


WIDTH: ( WidthTable ) Special Wire of Net _FILLS_RESERVED  ( M7 )
Bounds : ( 40.072, 23.400 ) ( 42.072, 25.400 )


WIDTH: ( WidthTable ) Special Wire of Net _FILLS_RESERVED  ( M7 )
Bounds : ( 44.872, 23.400 ) ( 46.872, 25.400 )


WIDTH: ( WidthTable ) Special Wire of Net _FILLS_RESERVED  ( M7 )
Bounds : ( 47.272, 10.200 ) ( 48.760, 11.688 )


WIDTH: ( WidthTable ) Special Wire of Net _FILLS_RESERVED  ( M7 )
Bounds : ( 47.272, 12.088 ) ( 48.760, 13.576 )


WIDTH: ( WidthTable ) Special Wire of Net _FILLS_RESERVED  ( M7 )
Bounds : ( 47.272, 13.976 ) ( 48.760, 15.464 )


WIDTH: ( WidthTable ) Special Wire of Net _FILLS_RESERVED  ( M7 )
Bounds : ( 47.272, 15.864 ) ( 48.760, 17.352 )


WIDTH: ( WidthTable ) Special Wire of Net _FILLS_RESERVED  ( M7 )
Bounds : ( 47.272, 17.752 ) ( 48.760, 19.240 )


WIDTH: ( WidthTable ) Special Wire of Net _FILLS_RESERVED  ( M7 )
Bounds : ( 47.272, 19.640 ) ( 48.760, 21.128 )


WIDTH: ( WidthTable ) Special Wire of Net _FILLS_RESERVED  ( M7 )
Bounds : ( 47.272, 21.528 ) ( 48.760, 23.016 )


WIDTH: ( WidthTable ) Special Wire of Net _FILLS_RESERVED  ( M7 )
Bounds : ( 47.272, 23.416 ) ( 48.760, 24.904 )


WIDTH: ( WidthTable ) Special Wire of Net _FILLS_RESERVED  ( M7 )
Bounds : ( 47.272, 25.304 ) ( 48.760, 26.792 )


WIDTH: ( WidthTable ) Special Wire of Net _FILLS_RESERVED  ( M7 )
Bounds : ( 47.272, 27.192 ) ( 48.760, 28.680 )


WIDTH: ( WidthTable ) Special Wire of Net _FILLS_RESERVED  ( M7 )
Bounds : ( 47.272, 29.080 ) ( 48.760, 30.568 )


WIDTH: ( WidthTable ) Special Wire of Net _FILLS_RESERVED  ( M7 )
Bounds : ( 47.272, 31.800 ) ( 48.760, 33.288 )


WIDTH: ( WidthTable ) Special Wire of Net _FILLS_RESERVED  ( M7 )
Bounds : ( 47.272, 33.976 ) ( 48.760, 35.464 )


WIDTH: ( WidthTable ) Special Wire of Net _FILLS_RESERVED  ( M7 )
Bounds : ( 47.272, 35.864 ) ( 48.760, 37.352 )


WIDTH: ( WidthTable ) Special Wire of Net _FILLS_RESERVED  ( M7 )
Bounds : ( 47.272, 37.752 ) ( 48.760, 39.240 )


WIDTH: ( WidthTable ) Special Wire of Net _FILLS_RESERVED  ( M7 )
Bounds : ( 47.272, 39.640 ) ( 48.760, 41.128 )


WIDTH: ( WidthTable ) Special Wire of Net _FILLS_RESERVED  ( M7 )
Bounds : ( 47.272, 41.528 ) ( 48.760, 43.016 )


WIDTH: ( WidthTable ) Special Wire of Net _FILLS_RESERVED  ( M7 )
Bounds : ( 47.272, 43.416 ) ( 48.760, 44.904 )


WIDTH: ( WidthTable ) Special Wire of Net _FILLS_RESERVED  ( M7 )
Bounds : ( 47.272, 45.304 ) ( 48.760, 46.792 )


WIDTH: ( WidthTable ) Special Wire of Net _FILLS_RESERVED  ( M6 )
Bounds : ( 26.400, 47.852 ) ( 28.560, 50.012 )


WIDTH: ( WidthTable ) Special Wire of Net _FILLS_RESERVED  ( M6 )
Bounds : ( 30.060, 47.852 ) ( 32.220, 50.012 )


WIDTH: ( WidthTable ) Special Wire of Net _FILLS_RESERVED  ( M6 )
Bounds : ( 33.720, 47.852 ) ( 35.880, 50.012 )


WIDTH: ( WidthTable ) Special Wire of Net _FILLS_RESERVED  ( M6 )
Bounds : ( 37.380, 47.852 ) ( 39.540, 50.012 )


WIDTH: ( WidthTable ) Special Wire of Net _FILLS_RESERVED  ( M6 )
Bounds : ( 41.040, 47.852 ) ( 43.200, 50.012 )


WIDTH: ( WidthTable ) Special Wire of Net _FILLS_RESERVED  ( M7 )
Bounds : ( 0.600, 46.800 ) ( 2.600, 48.800 )


WIDTH: ( WidthTable ) Special Wire of Net _FILLS_RESERVED  ( M7 )
Bounds : ( 3.000, 48.000 ) ( 5.000, 50.000 )


WIDTH: ( WidthTable ) Special Wire of Net _FILLS_RESERVED  ( M7 )
Bounds : ( 5.400, 46.800 ) ( 7.400, 48.800 )


WIDTH: ( WidthTable ) Special Wire of Net _FILLS_RESERVED  ( M7 )
Bounds : ( 47.272, 47.192 ) ( 48.760, 48.680 )


WIDTH: ( WidthTable ) Special Wire of Net _FILLS_RESERVED  ( M7 )
Bounds : ( 61.200, 48.000 ) ( 61.920, 48.720 )


WIDTH: ( WidthTable ) Special Wire of Net _FILLS_RESERVED  ( M7 )
Bounds : ( 67.248, 46.788 ) ( 69.248, 48.788 )


WIDTH: ( WidthTable ) Special Wire of Net _FILLS_RESERVED  ( M7 )
Bounds : ( 72.048, 46.788 ) ( 74.048, 48.788 )


WIDTH: ( WidthTable ) Special Wire of Net _FILLS_RESERVED  ( M7 )
Bounds : ( 76.848, 46.788 ) ( 78.848, 48.788 )


OFFGRID: ( Off Grid or Wrong Way ) Special Wire of Net VDD  ( M6 )
Bounds : ( 1.456, 1.680 ) ( 191.856, 2.480 )


WIDTH: ( WidthTable ) Special Wire of Net VDD  ( M6 )
Bounds : ( 1.456, 1.680 ) ( 191.856, 2.480 )


WIDTH: ( WidthTable ) Special Wire of Net VDD  ( M6 )
Bounds : ( 1.456, 35.456 ) ( 191.856, 36.256 )


OFFGRID: ( Off Grid or Wrong Way ) Special Wire of Net VDD  ( M5 )
Bounds : ( 1.680, 1.456 ) ( 2.480, 191.712 )


OFFGRID: ( Off Grid or Wrong Way ) Special Wire of Net VDD  ( M5 )
Bounds : ( 18.476, 1.456 ) ( 19.676, 191.712 )


WIDTH: ( WidthTable ) Special Wire of Net VDD  ( M5 )
Bounds : ( 1.680, 1.456 ) ( 2.480, 191.712 )


WIDTH: ( WidthTable ) Special Wire of Net VDD  ( M5 )
Bounds : ( 18.476, 1.456 ) ( 19.676, 191.712 )


WIDTH: ( WidthTable ) Special Wire of Net VDD  ( M5 )
Bounds : ( 45.176, 1.456 ) ( 45.976, 191.712 )


WIDTH: ( WidthTable ) Special Wire of Net VDD  ( M5 )
Bounds : ( 79.520, 1.456 ) ( 80.320, 191.712 )


OFFGRID: ( Off Grid or Wrong Way ) Special Wire of Net VSS  ( M5 )
Bounds : ( 0.000, -0.224 ) ( 0.800, 193.392 )


OFFGRID: ( Off Grid or Wrong Way ) Special Wire of Net VSS  ( M5 )
Bounds : ( 16.396, -0.224 ) ( 17.596, 193.392 )


SHORT: ( Out Of Die ) Special Wire of Net VSS  ( M5 )
Bounds : ( 16.372, -0.224 ) ( 17.620, 0.000 )


SHORT: ( Out Of Die ) Special Wire of Net VSS  ( M5 )
Bounds : ( 43.224, -0.224 ) ( 44.472, 0.000 )


SHORT: ( Out Of Die ) Special Wire of Net VSS  ( M6 )
Bounds : ( 16.372, -0.224 ) ( 17.620, 0.000 )


SHORT: ( Out Of Die ) Special Wire of Net VSS  ( M6 )
Bounds : ( 43.224, -0.224 ) ( 44.472, 0.000 )


WIDTH: ( WidthTable ) Special Wire of Net VSS  ( M5 )
Bounds : ( 0.000, -0.224 ) ( 0.800, 193.392 )


WIDTH: ( WidthTable ) Special Wire of Net VSS  ( M5 )
Bounds : ( 16.396, -0.224 ) ( 17.596, 193.392 )


WIDTH: ( WidthTable ) Special Wire of Net VSS  ( M5 )
Bounds : ( 43.448, -0.224 ) ( 44.248, 193.392 )


WIDTH: ( WidthTable ) Special Wire of Net VSS  ( M6 )
Bounds : ( 16.372, -0.224 ) ( 17.620, 1.024 )


WIDTH: ( WidthTable ) Special Wire of Net VSS  ( M6 )
Bounds : ( 43.224, -0.224 ) ( 44.472, 1.024 )


SHORT: ( Out Of Die ) Special Wire of Net VSS  ( M5 )
Bounds : ( 77.568, -0.224 ) ( 78.816, 0.000 )


SHORT: ( Out Of Die ) Special Wire of Net VSS  ( M6 )
Bounds : ( 77.568, -0.224 ) ( 78.816, 0.000 )


WIDTH: ( WidthTable ) Special Wire of Net VSS  ( M5 )
Bounds : ( 77.792, -0.224 ) ( 78.592, 193.392 )


WIDTH: ( WidthTable ) Special Wire of Net VSS  ( M6 )
Bounds : ( 77.568, -0.224 ) ( 78.816, 1.024 )


SHORT: ( Out Of Die ) Special Wire of Net VSS  ( M5 )
Bounds : ( -0.224, 33.504 ) ( 0.000, 34.752 )


Geometric: ( Rect Only ) Special Wire of Net VSS  ( M5 )
Bounds : ( -0.048, 34.704 ) ( 0.048, 34.752 )


Geometric: ( Rect Only ) Special Wire of Net VSS  ( M5 )
Bounds : ( -0.048, 33.504 ) ( 0.048, 33.552 )


SHORT: ( Out Of Die ) Special Wire of Net VSS  ( M6 )
Bounds : ( -0.224, 33.504 ) ( 0.000, 34.752 )


WIDTH: ( WidthTable ) Special Wire of Net VSS  ( M6 )
Bounds : ( -0.224, 33.504 ) ( 1.024, 34.752 )


WIDTH: ( WidthTable ) Special Wire of Net VSS  ( M6 )
Bounds : ( -0.224, 33.728 ) ( 193.536, 34.528 )


OFFGRID: ( Off Grid or Wrong Way ) Special Wire of Net VSS  ( M6 )
Bounds : ( -0.224, 0.000 ) ( 193.536, 0.800 )


WIDTH: ( WidthTable ) Special Wire of Net VSS  ( M6 )
Bounds : ( -0.224, 0.000 ) ( 193.536, 0.800 )


SHORT: ( Out Of Die ) Special Wire of Net VSS  ( M5 )
Bounds : ( -0.224, -0.224 ) ( 1.024, 1.024 )


SHORT: ( Out Of Die ) Special Wire of Net VSS  ( M6 )
Bounds : ( -0.224, -0.224 ) ( 1.024, 1.024 )


WIDTH: ( WidthTable ) Special Wire of Net VSS  ( M6 )
Bounds : ( -0.224, -0.224 ) ( 1.024, 1.024 )


  Total Violations : 1000 Viols.
