Cadence Genus(TM) Synthesis Solution.
Copyright 2024 Cadence Design Systems, Inc. All rights reserved worldwide.
Cadence and the Cadence logo are registered trademarks and Genus is a trademark
of Cadence Design Systems, Inc. in the United States and other countries.

[18:31:28.222137] Configured Lic search path (22.01-s003): 5280@172.28.10.187

Version: 22.17-s071_1, built Wed Sep 11 22:37:05 PDT 2024
Options: -files tcl/genus.tcl 
Date:    Wed Apr 08 18:31:28 2026
Host:    vlsiktmt (x86_64 w/Linux 3.10.0-1160.119.1.el7.x86_64) (1core*2cpus*3physical cpus*Intel(R) Xeon(R) Gold 5218 CPU @ 2.30GHz 22528KB) (32780644KB)
PID:     7711
OS:      CentOS Linux release 7.9.2009 (Core)

Checking out license: Genus_Synthesis
[18:31:28.337466] Periodic Lic check successful
[18:31:28.337490] Feature usage summary:
[18:31:28.337490] Genus_Synthesis



***********************************************************************************************************
***********************************************************************************************************



Finished executable startup (1 second elapsed).

Loading tool scripts...
Finished loading tool scripts (15 seconds elapsed).

#@ Processing -files option
@genus 1> source tcl/genus.tcl
#@ Begin verbose source ./tcl/genus.tcl
@file(genus.tcl) 1: set ASAP7_DIR "../../Asap7/asap7"
@file(genus.tcl) 2: set LIB_PATH "${ASAP7_DIR}/asap7sc7p5t_28/LIB/CCS"
@file(genus.tcl) 3: set LEF_PATH "${ASAP7_DIR}/asap7sc7p5t_28/LEF/scaled"
@file(genus.tcl) 4: set TOP Adder32
@file(genus.tcl) 5: set SYNFILE "Adder32.v"
@file(genus.tcl) 7: if {![file exists ./outputs]} { file mkdir outputs }
@file(genus.tcl) 8: if {![file exists ./reports]} { file mkdir reports }
@file(genus.tcl) 10: set_db / .init_lib_search_path ${LIB_PATH}
  Setting attribute of root '/': 'init_lib_search_path' = ../../Asap7/asap7/asap7sc7p5t_28/LIB/CCS
@file(genus.tcl) 11: set_db / .script_search_path {./tcl}
  Setting attribute of root '/': 'script_search_path' = ./tcl
@file(genus.tcl) 12: set_db / .init_hdl_search_path {./rtl}
  Setting attribute of root '/': 'init_hdl_search_path' = ./rtl
@file(genus.tcl) 14: set_db / .hdl_unconnected_value 0
  Setting attribute of root '/': 'hdl_unconnected_value' = 0
@file(genus.tcl) 16: set MY_LIB [glob ${LIB_PATH}/*_TT_ccs_*.lib]
@file(genus.tcl) 17: set_db library $MY_LIB

  Message Summary for Library all 20 libraries:
  *********************************************
  An unsupported construct was detected in this library. [LBR-40]: 40
  *********************************************
 
Info    : Created nominal operating condition. [LBR-412]
        : Operating condition '_nominal_' was created for the PVT values (1.000000, 0.700000, 25.000000) in library 'asap7sc7p5t_SIMPLE_SRAM_TT_ccs_211120.lib'.
        : The nominal operating condition is represented, either by the nominal PVT values specified in the library source (via nom_process,nom_voltage and nom_temperature respectively), or by the default PVT values (1.0,1.0,1.0).
Info    : Created nominal operating condition. [LBR-412]
        : Operating condition '_nominal_' was created for the PVT values (1.000000, 0.700000, 25.000000) in library 'asap7sc7p5t_SIMPLE_SLVT_TT_ccs_211120.lib'.
Info    : Created nominal operating condition. [LBR-412]
        : Operating condition '_nominal_' was created for the PVT values (1.000000, 0.700000, 25.000000) in library 'asap7sc7p5t_SIMPLE_RVT_TT_ccs_211120.lib'.
Info    : Created nominal operating condition. [LBR-412]
        : Operating condition '_nominal_' was created for the PVT values (1.000000, 0.700000, 25.000000) in library 'asap7sc7p5t_SIMPLE_LVT_TT_ccs_211120.lib'.
Info    : Created nominal operating condition. [LBR-412]
        : Operating condition '_nominal_' was created for the PVT values (1.000000, 0.700000, 25.000000) in library 'asap7sc7p5t_SEQ_SRAM_TT_ccs_220123.lib'.
Info    : Created nominal operating condition. [LBR-412]
        : Operating condition '_nominal_' was created for the PVT values (1.000000, 0.700000, 25.000000) in library 'asap7sc7p5t_SEQ_SLVT_TT_ccs_220123.lib'.
Info    : Created nominal operating condition. [LBR-412]
        : Operating condition '_nominal_' was created for the PVT values (1.000000, 0.700000, 25.000000) in library 'asap7sc7p5t_SEQ_RVT_TT_ccs_220123.lib'.
Info    : Created nominal operating condition. [LBR-412]
        : Operating condition '_nominal_' was created for the PVT values (1.000000, 0.700000, 25.000000) in library 'asap7sc7p5t_SEQ_LVT_TT_ccs_220123.lib'.
Info    : Created nominal operating condition. [LBR-412]
        : Operating condition '_nominal_' was created for the PVT values (1.000000, 0.700000, 25.000000) in library 'asap7sc7p5t_OA_SRAM_TT_ccs_211120.lib'.
Info    : Created nominal operating condition. [LBR-412]
        : Operating condition '_nominal_' was created for the PVT values (1.000000, 0.700000, 25.000000) in library 'asap7sc7p5t_OA_SLVT_TT_ccs_211120.lib'.
Info    : Created nominal operating condition. [LBR-412]
        : Operating condition '_nominal_' was created for the PVT values (1.000000, 0.700000, 25.000000) in library 'asap7sc7p5t_OA_RVT_TT_ccs_211120.lib'.
Info    : Created nominal operating condition. [LBR-412]
        : Operating condition '_nominal_' was created for the PVT values (1.000000, 0.700000, 25.000000) in library 'asap7sc7p5t_OA_LVT_TT_ccs_211120.lib'.
Info    : Created nominal operating condition. [LBR-412]
        : Operating condition '_nominal_' was created for the PVT values (1.000000, 0.700000, 25.000000) in library 'asap7sc7p5t_INVBUF_SRAM_TT_ccs_220122.lib'.
Info    : Created nominal operating condition. [LBR-412]
        : Operating condition '_nominal_' was created for the PVT values (1.000000, 0.700000, 25.000000) in library 'asap7sc7p5t_INVBUF_SLVT_TT_ccs_220122.lib'.
Info    : Created nominal operating condition. [LBR-412]
        : Operating condition '_nominal_' was created for the PVT values (1.000000, 0.700000, 25.000000) in library 'asap7sc7p5t_INVBUF_RVT_TT_ccs_220122.lib'.
Info    : Created nominal operating condition. [LBR-412]
        : Operating condition '_nominal_' was created for the PVT values (1.000000, 0.700000, 25.000000) in library 'asap7sc7p5t_INVBUF_LVT_TT_ccs_220122.lib'.
Info    : Created nominal operating condition. [LBR-412]
        : Operating condition '_nominal_' was created for the PVT values (1.000000, 0.700000, 25.000000) in library 'asap7sc7p5t_AO_SRAM_TT_ccs_211120.lib'.
Info    : Created nominal operating condition. [LBR-412]
        : Operating condition '_nominal_' was created for the PVT values (1.000000, 0.700000, 25.000000) in library 'asap7sc7p5t_AO_LVT_TT_ccs_211120.lib'.
Info    : Created nominal operating condition. [LBR-412]
        : Operating condition '_nominal_' was created for the PVT values (1.000000, 0.700000, 25.000000) in library 'asap7sc7p5t_AO_SLVT_TT_ccs_211120.lib'.
Info    : Created nominal operating condition. [LBR-412]
        : Operating condition '_nominal_' was created for the PVT values (1.000000, 0.700000, 25.000000) in library 'asap7sc7p5t_AO_RVT_TT_ccs_211120.lib'.
  Setting attribute of root '/': 'library' = ../../Asap7/asap7/asap7sc7p5t_28/LIB/CCS/asap7sc7p5t_SIMPLE_SRAM_TT_ccs_211120.lib ../../Asap7/asap7/asap7sc7p5t_28/LIB/CCS/asap7sc7p5t_SIMPLE_SLVT_TT_ccs_211120.lib ../../Asap7/asap7/asap7sc7p5t_28/LIB/CCS/asap7sc7p5t_SIMPLE_RVT_TT_ccs_211120.lib ../../Asap7/asap7/asap7sc7p5t_28/LIB/CCS/asap7sc7p5t_SIMPLE_LVT_TT_ccs_211120.lib ../../Asap7/asap7/asap7sc7p5t_28/LIB/CCS/asap7sc7p5t_SEQ_SRAM_TT_ccs_220123.lib ../../Asap7/asap7/asap7sc7p5t_28/LIB/CCS/asap7sc7p5t_SEQ_SLVT_TT_ccs_220123.lib ../../Asap7/asap7/asap7sc7p5t_28/LIB/CCS/asap7sc7p5t_SEQ_RVT_TT_ccs_220123.lib ../../Asap7/asap7/asap7sc7p5t_28/LIB/CCS/asap7sc7p5t_SEQ_LVT_TT_ccs_220123.lib ../../Asap7/asap7/asap7sc7p5t_28/LIB/CCS/asap7sc7p5t_OA_SRAM_TT_ccs_211120.lib ../../Asap7/asap7/asap7sc7p5t_28/LIB/CCS/asap7sc7p5t_OA_SLVT_TT_ccs_211120.lib ../../Asap7/asap7/asap7sc7p5t_28/LIB/CCS/asap7sc7p5t_OA_RVT_TT_ccs_211120.lib ../../Asap7/asap7/asap7sc7p5t_28/LIB/CCS/asap7sc7p5t_OA_LVT_TT_ccs_211120.lib ../../Asap7/asap7/asap7sc7p5t_28/LIB/CCS/asap7sc7p5t_INVBUF_SRAM_TT_ccs_220122.lib ../../Asap7/asap7/asap7sc7p5t_28/LIB/CCS/asap7sc7p5t_INVBUF_SLVT_TT_ccs_220122.lib ../../Asap7/asap7/asap7sc7p5t_28/LIB/CCS/asap7sc7p5t_INVBUF_RVT_TT_ccs_220122.lib ../../Asap7/asap7/asap7sc7p5t_28/LIB/CCS/asap7sc7p5t_INVBUF_LVT_TT_ccs_220122.lib ../../Asap7/asap7/asap7sc7p5t_28/LIB/CCS/asap7sc7p5t_AO_SRAM_TT_ccs_211120.lib ../../Asap7/asap7/asap7sc7p5t_28/LIB/CCS/asap7sc7p5t_AO_LVT_TT_ccs_211120.lib ../../Asap7/asap7/asap7sc7p5t_28/LIB/CCS/asap7sc7p5t_AO_SLVT_TT_ccs_211120.lib ../../Asap7/asap7/asap7sc7p5t_28/LIB/CCS/asap7sc7p5t_AO_RVT_TT_ccs_211120.lib
@file(genus.tcl) 18: create_library_set -name libset -timing $MY_LIB
@file(genus.tcl) 20: create_rc_corner -name rccorner -pre_route_res 1 -post_route_res 1 \
-pre_route_cap 1 -post_route_cap 1 -post_route_cross_cap 1 \
-pre_route_clock_res 0 -pre_route_clock_cap 0 -temperature 25
@file(genus.tcl) 24: create_opcond -name opcond -process 1.0 -voltage 0.7 -temperature 25
@file(genus.tcl) 25: create_timing_condition -name timecond -library_sets libset -opcond opcond
@file(genus.tcl) 26: create_delay_corner -name corner -timing_condition timecond -rc_corner rccorner
@file(genus.tcl) 27: create_constraint_mode -name mode_normal -sdc_files ./tcl/constraint.sdc
@file(genus.tcl) 28: create_analysis_view -name tt -constraint_mode mode_normal -delay_corner corner
@file(genus.tcl) 29: set_analysis_view -setup {tt} -hold {tt}
@file(genus.tcl) 31: set_db / .hdl_track_filename_row_col true
Info   : Enabled hdl_track_filename_row_col attribute.
       : Setting this attribute to 'true' can have an impact on the run time. Use this attribute only when filename, line number, and column information are needed in reports.
  Setting attribute of root '/': 'hdl_track_filename_row_col' = true
@file(genus.tcl) 32: set_db / .lp_insert_clock_gating false
  Setting attribute of root '/': 'lp_insert_clock_gating' = false
@file(genus.tcl) 37: read_hdl ${SYNFILE}
@file(genus.tcl) 38: elaborate ${TOP}
  Libraries have 668 usable logic and 92 usable sequential lib-cells.
Info    : Elaborating Design. [ELAB-1]
        : Elaborating top-level block 'Adder32' from file './rtl/Adder32.v'.
Info    : Done Elaborating Design. [ELAB-3]
        : Done elaborating 'Adder32'.
Checking for analog nets...
Check completed for analog nets.
Checking for source RTL...
Check completed for source RTL.
Running Unified Mux Engine Tricks...
Completed Unified Mux Engine Tricks

Stage: post_elab
-------------------------------------------------------
| Trick             | Accepts | Rejects | Runtime (s) | 
-------------------------------------------------------
| ume_constant_bmux |       0 |       0 |        0.00 | 
| ume_merge         |       0 |       0 |        0.00 | 
| ume_ssm           |       0 |       0 |        0.00 | 
| ume_cse           |       0 |       0 |        0.00 | 
| ume_shrink        |       0 |       0 |        0.00 | 
| ume_sweep         |       0 |       0 |        0.00 | 
-------------------------------------------------------
Starting optimize datapath shifters [v1.0] (stage: post_elab, startdef: Adder32, recur: true)
Completed optimize datapath shifters (accepts: 0, rejects: 0, runtime: 0.000s)
Starting clip mux common data inputs [v1.0] (stage: post_elab, startdef: Adder32, recur: true)
Completed clip mux common data inputs (accepts: 0, rejects: 0, runtime: 0.000s)
Starting clip the non-user hierarchies [v2.0] (stage: post_elab, startdef: Adder32, recur: true)
Completed clip the non-user hierarchies (accepts: 0, rejects: 0, runtime: 0.000s)
Starting basic netlist cleanup [v1.0] (stage: post_elab, startdef: Adder32, recur: true)
Completed basic netlist cleanup (accepts: 0, rejects: 0, runtime: 0.000s)

Stage: post_elab
--------------------------------------------------------------------
| Transform                      | Accepts | Rejects | Runtime (s) | 
--------------------------------------------------------------------
| hlo_optimize_datapath_shifters |       0 |       0 |        0.00 | 
| hlo_clip_mux_input             |       0 |       0 |        0.00 | 
| hlo_clip                       |       0 |       0 |        0.00 | 
| hlo_cleanup                    |       0 |       0 |        0.00 | 
--------------------------------------------------------------------
UM:   flow.cputime  flow.realtime  timing.setup.tns  timing.setup.wns  snapshot
UM:*                                                                   elaborate
@file(genus.tcl) 39: uniquify ${TOP}
Info    : The given (sub)design is already uniquified. [TUI-296]
        : design:Adder32.
        : Try running the 'edit_netlist uniquify' command on the parent hierarchy of this (sub)design, if there exists any.
@file(genus.tcl) 41: check_design -unresolved


 	 Check Design Report (c)
	 ------------------- 

  Unresolved References & Empty Modules
  ------------------------------------- 
No unresolved references in design 'Adder32'

No empty modules in design 'Adder32'

  Done Checking the design.
@file(genus.tcl) 42: report_metric -format html -file reports/sequencer.html
@file(genus.tcl) 44: init_design
Started checking and loading power intent for design Adder32...
===============================================================
No power intent for design 'Adder32'.
Completed checking and loading power intent for design Adder32 (runtime:0.00s memory_usage:0.00M peak_memory:0.00M).
====================================================================================================================
#
# Reading SDC ./tcl/constraint.sdc for view:tt (constraint_mode:mode_normal)
#
Statistics for commands executed by read_sdc:
 "all_clocks"               - successful      5 , failed      0 (runtime  0.00)
 "all_inputs"               - successful      8 , failed      0 (runtime  0.00)
 "all_outputs"              - successful      6 , failed      0 (runtime  0.00)
 "create_clock"             - successful      1 , failed      0 (runtime  0.01)
 "get_ports"                - successful      7 , failed      0 (runtime  0.01)
 "remove_from_collection"   - successful      8 , failed      0 (runtime  0.00)
 "set_clock_latency"        - successful      2 , failed      0 (runtime  0.00)
 "set_clock_transition"     - successful      2 , failed      0 (runtime  0.00)
 "set_clock_uncertainty"    - successful      1 , failed      0 (runtime  0.00)
 "set_input_delay"          - successful      4 , failed      0 (runtime  0.01)
 "set_input_transition"     - successful      2 , failed      0 (runtime  0.02)
 "set_load"                 - successful      2 , failed      0 (runtime  0.01)
 "set_max_fanout"           - successful      1 , failed      0 (runtime  0.01)
 "set_output_delay"         - successful      4 , failed      0 (runtime  0.00)
read_sdc completed in 00:00:00 (hh:mm:ss)
  Setting attribute of root '/': 'read_qrc_tech_file_rc_corner' = true
@file(genus.tcl) 67: set_db / .syn_generic_effort high
  Setting attribute of root '/': 'syn_generic_effort' = high
@file(genus.tcl) 68: syn_generic

Stage: pre_early_cg
-----------------------------------------------
| Transform | Accepts | Rejects | Runtime (s) | 
-----------------------------------------------
-----------------------------------------------
Mapping ChipWare ICG instances in Adder32
Found 0 unmapped ChipWare ICG instances
Mapped 0 of 0 ChipWare ICG instances
##Generic Timing Info for library domain: _default_ typical gate delay: 16.7 ps std_slew: 4.8 ps std_load: 1.0 fF
Starting mux data reorder optimization [v1.0] (stage: pre_to_gen_setup, startdef: Adder32, recur: true)
Completed mux data reorder optimization (accepts: 0, rejects: 0, runtime: 0.000s)

Stage: pre_to_gen_setup
-----------------------------------------------------
| Transform       | Accepts | Rejects | Runtime (s) | 
-----------------------------------------------------
| hlo_mux_reorder |       0 |       0 |        0.00 | 
-----------------------------------------------------
Running DP early constant propagation (netlist Adder32)...
...done running DP early constant propagation (0 seconds CPU time, netlist Adder32).
Info    : Synthesizing. [SYNTH-1]
        : Synthesizing 'Adder32' to generic gates using 'high' effort.
Running Synthesis Turbo Flow Version 2.
PBS_Generic-Start - Elapsed_Time 0, CPU_Time 0.0
stamp 'PBS_Generic-Start' being created for table 'pbs_debug'

  Total Time (Wall) |  Stage Time (Wall)  |   % (Wall)   |    Date - Time     |  Memory   | Stage
--------------------+---------------------+--------------+--------------------+-----------+----------------------
 00:01:07(00:00:38) |  00:00:00(00:00:00) |   0.0(  0.0) |   18:32:15 (Apr08) |  660.3 MB | PBS_Generic-Start
--------------------+---------------------+--------------+--------------------+-----------+----------------------
Number of threads: 8 * 1   (id: pbs_debug, time_info v1.57)
Info: (*N*) indicates data that was populated from previously saved time_info database
Info: CPU time includes time of parent + longest thread
Info    : Partition Based Synthesis execution skipped. [PHYS-752]
        : Design size is less than the partition size '100000' for distributed generic optimization to kick in.
Starting mux data reorder optimization [v1.0] (stage: pre_to_gen_setup, startdef: Adder32, recur: true)
Completed mux data reorder optimization (accepts: 0, rejects: 0, runtime: 0.000s)

Stage: pre_to_gen_setup
-----------------------------------------------------
| Transform       | Accepts | Rejects | Runtime (s) | 
-----------------------------------------------------
| hlo_mux_reorder |       0 |       0 |        0.00 | 
-----------------------------------------------------
Starting mux data reorder optimization [v1.0] (stage: post_to_gen_setup, startdef: Adder32, recur: true)
Completed mux data reorder optimization (accepts: 0, rejects: 0, runtime: 0.000s)

Stage: post_to_gen_setup
-----------------------------------------------------
| Transform       | Accepts | Rejects | Runtime (s) | 
-----------------------------------------------------
| hlo_mux_reorder |       0 |       0 |        0.00 | 
-----------------------------------------------------
Running Unified Mux Engine Tricks...
Completed Unified Mux Engine Tricks

Stage: pre_hlo_rtlopt
-----------------------------------------------
| Trick     | Accepts | Rejects | Runtime (s) | 
-----------------------------------------------
| ume_ssm   |       0 |       0 |        0.00 | 
| ume_sweep |       0 |       0 |        0.00 | 
| ume_share |       0 |       0 |        0.00 | 
-----------------------------------------------
Begin SDR optimization 
  FRC fixing completed.
  Setting attribute of root '/': 'hier_sandbox_support_folded' = 1
#Special hiers formed inside Adder32 = 0
  Setting attribute of root '/': 'hier_sandbox_support_folded' = 0
No special hier is found 
End SDR optimization 
Starting recase case-box optimization [v1.0] (stage: pre_rtlopt, startdef: Adder32, recur: true)
Completed recase case-box optimization (accepts: 0, rejects: 0, runtime: 0.001s)
Starting infer macro optimization [v1.0] (stage: pre_rtlopt, startdef: Adder32, recur: true)
Completed infer macro optimization (accepts: 0, rejects: 0, runtime: 0.001s)
Starting decode mux sandwich optimization [v2.0] (stage: pre_rtlopt, startdef: Adder32, recur: true)
Completed decode mux sandwich optimization (accepts: 0, rejects: 0, runtime: 0.000s)
Starting decode mux optimization [v1.0] (stage: pre_rtlopt, startdef: Adder32, recur: true)
Completed decode mux optimization (accepts: 0, rejects: 0, runtime: 0.000s)
Starting chop wide muxes [v1.0] (stage: pre_rtlopt, startdef: Adder32, recur: true)
Completed chop wide muxes (accepts: 0, rejects: 0, runtime: 0.000s)
Starting common data mux cascade opt [v1.0] (stage: pre_rtlopt, startdef: Adder32, recur: true)
Completed common data mux cascade opt (accepts: 0, rejects: 0, runtime: 0.000s)
Starting mux input consolidation [v1.0] (stage: pre_rtlopt, startdef: Adder32, recur: true)
Completed mux input consolidation (accepts: 0, rejects: 0, runtime: 0.000s)
Starting constant-data mux optimization [v1.0] (stage: pre_rtlopt, startdef: Adder32, recur: true)
Completed constant-data mux optimization (accepts: 0, rejects: 0, runtime: 0.000s)
Starting chain-to-tree inequality transform [v2.0] (stage: pre_rtlopt, startdef: Adder32, recur: true)
Completed chain-to-tree inequality transform (accepts: 0, rejects: 0, runtime: 0.001s)
Starting reconvergence optimization [v1.0] (stage: pre_rtlopt, startdef: Adder32, recur: true)
Completed reconvergence optimization (accepts: 0, rejects: 0, runtime: 0.000s)
Starting logic restructure optimization [v1.0] (stage: pre_rtlopt, startdef: Adder32, recur: true)
Completed logic restructure optimization (accepts: 0, rejects: 0, runtime: 0.000s)
Starting identity transform [v3.0] (stage: pre_rtlopt, startdef: Adder32, recur: true)
Completed identity transform (accepts: 0, rejects: 0, runtime: 0.000s)
Starting reduce operator chain [v1.0] (stage: pre_rtlopt, startdef: Adder32, recur: true)
Completed reduce operator chain (accepts: 0, rejects: 0, runtime: 0.000s)
Starting common data mux cascade opt [v1.0] (stage: pre_rtlopt, startdef: Adder32, recur: true)
Completed common data mux cascade opt (accepts: 0, rejects: 0, runtime: 0.000s)
Starting mux input consolidation [v1.0] (stage: pre_rtlopt, startdef: Adder32, recur: true)
Completed mux input consolidation (accepts: 0, rejects: 0, runtime: 0.000s)
Starting optimize datapath elements [v1.0] (stage: pre_rtlopt, startdef: Adder32, recur: true)
Completed optimize datapath elements (accepts: 0, rejects: 0, runtime: 0.000s)
Starting datapath recasting [v1.0] (stage: pre_rtlopt, startdef: Adder32, recur: true)
Completed datapath recasting (accepts: 0, rejects: 0, runtime: 0.000s)
Starting word-level redundancy removal [v1.0] (stage: pre_rtlopt, startdef: Adder32, recur: true)
Completed word-level redundancy removal (accepts: 0, rejects: 0, runtime: 0.001s)
Starting clip mux common data inputs [v1.0] (stage: pre_rtlopt, startdef: Adder32, recur: true)
Completed clip mux common data inputs (accepts: 0, rejects: 0, runtime: 0.000s)
Starting clip the non-user hierarchies [v2.0] (stage: pre_rtlopt, startdef: Adder32, recur: true)
Completed clip the non-user hierarchies (accepts: 0, rejects: 0, runtime: 0.000s)
Starting basic netlist cleanup [v1.0] (stage: pre_rtlopt, startdef: Adder32, recur: true)
Completed basic netlist cleanup (accepts: 0, rejects: 0, runtime: 0.000s)

Stage: pre_rtlopt
-----------------------------------------------------------------
| Transform                   | Accepts | Rejects | Runtime (s) | 
-----------------------------------------------------------------
| hlo_recase_casebox          |       0 |       0 |        0.00 | 
| hlo_infer_macro             |       0 |       0 |        0.00 | 
| hlo_decode_mux_sandwich     |       0 |       0 |        0.00 | 
| hlo_mux_decode              |       0 |       0 |        0.00 | 
| hlo_chop_mux                |       0 |       0 |        0.00 | 
| hlo_mux_cascade_opt         |       0 |       0 |        0.00 | 
| hlo_mux_consolidation       |       0 |       0 |        0.00 | 
| hlo_constant_mux_opt        |       0 |       0 |        0.00 | 
| hlo_inequality_transform    |       0 |       0 |        0.00 | 
| hlo_reconv_opt              |       0 |       0 |        0.00 | 
| hlo_restructure             |       0 |       0 |        0.00 | 
| hlo_identity_transform      |       0 |       0 |        0.00 | 
| hlo_reduce_operator_chain   |       0 |       0 |        0.00 | 
| hlo_mux_cascade_opt         |       0 |       0 |        0.00 | 
| hlo_mux_consolidation       |       0 |       0 |        0.00 | 
| hlo_optimize_datapath       |       0 |       0 |        0.00 | 
| hlo_datapath_recast         |       0 |       0 |        0.00 | 
| hlo_redundancy_removal_word |       0 |       0 |        0.00 | 
| hlo_clip_mux_input          |       0 |       0 |        0.00 | 
| hlo_clip                    |       0 |       0 |        0.00 | 
| hlo_cleanup                 |       0 |       0 |        0.00 | 
-----------------------------------------------------------------
Running Unified Mux Engine Tricks...
Completed Unified Mux Engine Tricks

Stage: post_hlo_rtlopt
-------------------------------------------------
| Trick       | Accepts | Rejects | Runtime (s) | 
-------------------------------------------------
| ume_runtime |       0 |       0 |        0.00 | 
-------------------------------------------------
Number of big hc bmuxes before = 0
  FRC fixing completed.
Info    : Pre-processed datapath logic. [DPOPT-6]
        : No pre-processing optimizations applied to datapath logic in 'Adder32'.
Info    : Optimizing datapath logic. [DPOPT-1]
        : Optimizing datapath logic in 'Adder32'.
Info    : Implementing datapath configurations. [DPOPT-3]
        : Implementing datapath configurations for 'CDN_DP_region_0_0'
CSAGen Prep Share:0 Re-Write:0 Speculation: 0
MaxCSA: Successfully built Maximal CSA Expression Expr0
CDN_DP_region_0_0 level = 0 loads = 0 drivers = 0
CDN_DP_region_0_0_c0 in Adder32: area: 31087152 ,dp = 1 mux = 0 sg = slow         worst_clk_period: -1.0000 
    wns: 1463  norm_wns:  -1.0000 
    fail_endp: -1 
    tns:  37120  tns_per_endp:  -1.0000   norm_tns_per_endp:  -1.0000 
    tns_sense_max:  -1.0000  tns_sense_avg:  -1.0000   tns_sense_num: -1
 skipped
CDN_DP_region_0_0_c1 in Adder32: area: 31087152 ,dp = 1 mux = 0 sg = fast         worst_clk_period: -1.0000 
    wns: 1463  norm_wns:  -1.0000 
    fail_endp: -1 
    tns:  37120  tns_per_endp:  -1.0000   norm_tns_per_endp:  -1.0000 
    tns_sense_max:  -1.0000  tns_sense_avg:  -1.0000   tns_sense_num: -1
 is current best
CDN_DP_region_0_0_c2 in Adder32: area: 31087152 ,dp = 1 mux = 0 sg = very_slow    worst_clk_period: -1.0000 
    wns: 1463  norm_wns:  -1.0000 
    fail_endp: -1 
    tns:  37120  tns_per_endp:  -1.0000   norm_tns_per_endp:  -1.0000 
    tns_sense_max:  -1.0000  tns_sense_avg:  -1.0000   tns_sense_num: -1
 is current best
CDN_DP_region_0_0_c3 in Adder32: area: 31087152 ,dp = 1 mux = 0 sg = very_fast    worst_clk_period: -1.0000 
    wns: 1463  norm_wns:  -1.0000 
    fail_endp: -1 
    tns:  37120  tns_per_endp:  -1.0000   norm_tns_per_endp:  -1.0000 
    tns_sense_max:  -1.0000  tns_sense_avg:  -1.0000   tns_sense_num: -1
 is current best
CDN_DP_region_0_0_c4 in Adder32: area: 31087152 ,dp = 1 mux = 0 sg = very_fast    worst_clk_period: -1.0000 
    wns: 1463  norm_wns:  -1.0000 
    fail_endp: -1 
    tns:  37120  tns_per_endp:  -1.0000   norm_tns_per_endp:  -1.0000 
    tns_sense_max:  -1.0000  tns_sense_avg:  -1.0000   tns_sense_num: -1
 is current best
CDN_DP_region_0_0_c5 in Adder32: area: 31087152 ,dp = 1 mux = 0 sg = very_fast    worst_clk_period: -1.0000 
    wns: 1463  norm_wns:  -1.0000 
    fail_endp: -1 
    tns:  37120  tns_per_endp:  -1.0000   norm_tns_per_endp:  -1.0000 
    tns_sense_max:  -1.0000  tns_sense_avg:  -1.0000   tns_sense_num: -1
 is current best
CDN_DP_region_0_0_c6 in Adder32: area: 31087152 ,dp = 1 mux = 0 sg = very_fast    worst_clk_period: -1.0000 
    wns: 1463  norm_wns:  -1.0000 
    fail_endp: -1 
    tns:  37120  tns_per_endp:  -1.0000   norm_tns_per_endp:  -1.0000 
    tns_sense_max:  -1.0000  tns_sense_avg:  -1.0000   tns_sense_num: -1
 is current best
CDN_DP_region_0_0_c7 in Adder32: area: 31087152 ,dp = 1 mux = 0 sg = very_fast    worst_clk_period: -1.0000 
    wns: 1463  norm_wns:  -1.0000 
    fail_endp: -1 
    tns:  37120  tns_per_endp:  -1.0000   norm_tns_per_endp:  -1.0000 
    tns_sense_max:  -1.0000  tns_sense_avg:  -1.0000   tns_sense_num: -1
 is current best
Best config: CDN_DP_region_0_0_c7 in Adder32: area: 31087152 ,dp = 1 mux = 0 sg = very_fast    worst_clk_period: -1.0000 
    wns: 1463  norm_wns:  -1.0000 
    fail_endp: -1 
    tns:  37120  tns_per_endp:  -1.0000   norm_tns_per_endp:  -1.0000 
    tns_sense_max:  -1.0000  tns_sense_avg:  -1.0000   tns_sense_num: -1
  Smallest config area : 31087152.  Fastest config wns;  1463
##>+----------------------------------------------------------------------------------------------------------------------------------------------------------------+
##>Summary table of configs (Best config is CDN_DP_region_0_0_c7)
##>+----------------------------------------------------------------------------------------------------------------------------------------------------------------+
##>                     0                  1                  2                  3                  4                  5                  6                  7            
##>+----------------------------------------------------------------------------------------------------------------------------------------------------------------+
##>           Area         31087152           31087152           31087152           31087152           31087152           31087152           31087152           31087152  
##>            WNS          -146.30            -146.30            -146.30            -146.30            -146.30            -146.30            -146.30            -146.30  
##>            TNS            37120              37120              37120              37120              37120              37120              37120              37120  
##>    Num Rewrite                0                  0                  0                  0                  0                  0                  0                  0  
##>     Num Factor                0                  0                  0                  0                  0                  0                  0                  0  
##>      Num Share                0                  0                  0                  0                  0                  0                  0                  0  
##>   Num CmultCse                0                  0                  0                  0                  0                  0                  0                  0  
##>   Num Downsize                0                  0                  0                  0                  0                  0                  0                  0  
##>  Num Speculate                0                  0                  0                  0                  0                  0                  0                  0  
##>     Runtime(s)                0                  0                  0                  0                  0                  0                  0                  0  
+----------------------------------------------------------------------------------------------------------------------------------------------------------------+
##>
##>
##>+-----------------------------------------------------------------------------------------------------------------------------------------------------------------------------------------------------+
##>Optimization Step DEBUG Table for config CDN_DP_region_0_0_c7
##>
##>                          Step                        Area   (  % Chg)         WNS (Change)          TNS (Change)                Power   (  % Chg)        Runtime (s)        Comment                   
##>+-----------------------------------------------------------------------------------------------------------------------------------------------------------------------------------------------------+
##>EquationExtraction              START               31087152 (       )     -146.30 (        )      37120 (        )                    0 (       )              
##> rewrite                        START               68000544 (+118.74)     -147.20 (   -0.90)      37408 (     288)                    0 (  +0.00)              (a,ar) Expr0_from --> Expr0_to
##>                                  END               62257536 (  -8.45)     -147.20 (   +0.00)      37408 (       0)                    0 (  +0.00)           0  
##>                                  END               31087152 (  +0.00)     -146.30 (   +0.00)      37120 (       0)                    0 (  +0.00)           0  
##>createMaxCarrySave              START               31087152 (  +0.00)     -146.30 (   +0.00)      37120 (       0)                    0 (  +0.00)              
##> datapath_rewrite_one_def       START               31087152 (  +0.00)     -146.30 (   +0.00)      37120 (       0)                    0 (  +0.00)              
##>                                  END               31087152 (  +0.00)     -146.30 (   +0.00)      37120 (       0)                    0 (  +0.00)           0  
##> csa_opto                       START               31087152 (  +0.00)     -146.30 (   +0.00)      37120 (       0)                    0 (  +0.00)              
##>                                  END               31087152 (  +0.00)     -146.30 (   +0.00)      37120 (       0)                    0 (  +0.00)           0  
##>                                  END               31087152 (  +0.00)     -146.30 (   +0.00)      37120 (       0)                    0 (  +0.00)           0  
##>canonicalize_by_names           START               31087152 (  +0.00)     -146.30 (   +0.00)      37120 (       0)                    0 (  +0.00)              
##>                                  END               31087152 (  +0.00)     -146.30 (   +0.00)      37120 (       0)                    0 (  +0.00)           0  
##>datapath_rewrite_post_csa_one_  START               31087152 (  +0.00)     -146.30 (   +0.00)      37120 (       0)                    0 (  +0.00)              
##>                                  END               31087152 (  +0.00)     -146.30 (   +0.00)      37120 (       0)                    0 (  +0.00)           0  
##>datapath_csa_factoring_one_gde  START               31087152 (  +0.00)     -146.30 (   +0.00)      37120 (       0)                    0 (  +0.00)              
##>                                  END               31087152 (  +0.00)     -146.30 (   +0.00)      37120 (       0)                    0 (  +0.00)           0  
##>dpopt_share_one_def             START               31087152 (  +0.00)     -146.30 (   +0.00)      37120 (       0)                    0 (  +0.00)              
##>                                  END               31087152 (  +0.00)     -146.30 (   +0.00)      37120 (       0)                    0 (  +0.00)           0  
##>datapath_rewrite_post_share     START               31087152 (  +0.00)     -146.30 (   +0.00)      37120 (       0)                    0 (  +0.00)              
##>                                  END               31087152 (  +0.00)     -146.30 (   +0.00)      37120 (       0)                    0 (  +0.00)           0  
##>dp_combine_const_mult_with_com  START               31087152 (  +0.00)     -146.30 (   +0.00)      37120 (       0)                    0 (  +0.00)              
##>                                  END               31087152 (  +0.00)     -146.30 (   +0.00)      37120 (       0)                    0 (  +0.00)           0  
##>dp_operator_level_decompositio  START               31087152 (  +0.00)     -146.30 (   +0.00)      37120 (       0)                    0 (  +0.00)              
##>                                  END               31087152 (  +0.00)     -146.30 (   +0.00)      37120 (       0)                    0 (  +0.00)           0  
##>selective_flatten_dp_config     START               31087152 (  +0.00)     -146.30 (   +0.00)      37120 (       0)                    0 (  +0.00)              
##>                                  END               31087152 (  +0.00)     -146.30 (   +0.00)      37120 (       0)                    0 (  +0.00)           0  
##>createMaxCarrySave              START               31087152 (  +0.00)     -146.30 (   +0.00)      37120 (       0)                    0 (  +0.00)              
##> datapath_rewrite_one_def       START               31087152 (  +0.00)     -146.30 (   +0.00)      37120 (       0)                    0 (  +0.00)              
##>  fast_cse_elim                 START               31087152 (  +0.00)     -146.30 (   +0.00)      37120 (       0)                    0 (  +0.00)              
##>                                  END               31087152 (  +0.00)     -146.30 (   +0.00)      37120 (       0)                    0 (  +0.00)           0  
##>  fast_cse_elim                 START               31087152 (  +0.00)     -146.30 (   +0.00)      37120 (       0)                    0 (  +0.00)              
##>                                  END               31087152 (  +0.00)     -146.30 (   +0.00)      37120 (       0)                    0 (  +0.00)           0  
##>                                  END               31087152 (  +0.00)     -146.30 (   +0.00)      37120 (       0)                    0 (  +0.00)           0  
##> csa_opto                       START               31087152 (  +0.00)     -146.30 (   +0.00)      37120 (       0)                    0 (  +0.00)              
##>                                  END               31087152 (  +0.00)     -146.30 (   +0.00)      37120 (       0)                    0 (  +0.00)           0  
##>                                  END               31087152 (  +0.00)     -146.30 (   +0.00)      37120 (       0)                    0 (  +0.00)           0  
##>context_based_simplify          START               31087152 (  +0.00)     -146.30 (   +0.00)      37120 (       0)                    0 (  +0.00)              
##>                                  END               31087152 (  +0.00)     -146.30 (   +0.00)      37120 (       0)                    0 (  +0.00)           0  
##>group_csa_final_adder_dp        START               31087152 (  +0.00)     -146.30 (   +0.00)      37120 (       0)                    0 (  +0.00)              
##>                                  END               31087152 (  +0.00)     -146.30 (   +0.00)      37120 (       0)                    0 (  +0.00)           0  
##>dpopt_flatten_critical_muxes_i  START               31087152 (  +0.00)     -146.30 (   +0.00)      37120 (       0)                    0 (  +0.00)              
##>                                  END               31087152 (  +0.00)     -146.30 (   +0.00)      37120 (       0)                    0 (  +0.00)           0  
##>create_score                    START               31087152 (  +0.00)     -146.30 (   +0.00)      37120 (       0)                    0 (  +0.00)              
##>                                  END               31087152 (  +0.00)     -146.30 (   +0.00)      37120 (       0)                    0 (  +0.00)           0  
##>+-----------------------------------------------------------------------------------------------------------------------------------------------------------------------------------------------------+
Committed config: CDN_DP_region_0_0_c7
Info    : Done implementing datapath configurations. [DPOPT-4]
        : Selected 'very_fast' configuration 7 for module 'CDN_DP_region_0_0_c7'.
          Optimizations applied to 'very_fast' configuration:
            rewriting(0), factoring(0), sharing(0), cmultcse(0), downsizing(0), speculation(0)
Info:  Ungrouped 0 dp-cluster instances.  0 cluster instances were left intact, to aid verification.
Info    : Done optimizing datapath logic. [DPOPT-2]
        : Done optimizing datapath logic in 'Adder32'.
  FRC checking completed.
Number of big hc bmuxes after = 0
Starting bit-level redundancy removal [v1.0] (stage: post_rtlopt, startdef: Adder32, recur: true)
Completed bit-level redundancy removal (accepts: 0, rejects: 0, runtime: 0.001s)
Starting logic reduction [v1.0] (stage: post_rtlopt, startdef: Adder32, recur: true)
Completed logic reduction (accepts: 0, rejects: 0, runtime: 0.000s)
Starting mux data reorder optimization [v1.0] (stage: post_rtlopt, startdef: Adder32, recur: true)
Completed mux data reorder optimization (accepts: 0, rejects: 0, runtime: 0.000s)

Stage: post_rtlopt
----------------------------------------------------------------
| Transform                  | Accepts | Rejects | Runtime (s) | 
----------------------------------------------------------------
| hlo_redundancy_removal_bit |       0 |       0 |        0.00 | 
| hlo_logic_reduction        |       0 |       0 |        0.00 | 
| hlo_mux_reorder            |       0 |       0 |        0.00 | 
----------------------------------------------------------------
Starting mux speculation [v1.0] (stage: post_muxopt, startdef: Adder32, recur: true)
Starting speculation optimization
Completed speculation optimization (accepts:0)
Completed mux speculation (accepts: 0, rejects: 0, runtime: 0.010s)

Stage: post_muxopt
-----------------------------------------------------
| Transform       | Accepts | Rejects | Runtime (s) | 
-----------------------------------------------------
| hlo_speculation |       0 |       0 |        0.01 | 
-----------------------------------------------------
==================================
Stage : to_generic 
==================================
  =================
   Message Summary
  =================
-----------------------------------------------------------------------------------------------------------
|   Id   |Sev |Count|                                    Message Text                                     |
-----------------------------------------------------------------------------------------------------------
|CWD-19  |Info|    2|An implementation was inferred.                                                      |
|DPOPT-1 |Info|    1|Optimizing datapath logic.                                                           |
|DPOPT-2 |Info|    1|Done optimizing datapath logic.                                                      |
|DPOPT-3 |Info|    1|Implementing datapath configurations.                                                |
|DPOPT-4 |Info|    1|Done implementing datapath configurations.                                           |
|DPOPT-6 |Info|    1|Pre-processed datapath logic.                                                        |
|ELAB-1  |Info|    1|Elaborating Design.                                                                  |
|ELAB-3  |Info|    1|Done Elaborating Design.                                                             |
|LBR-40  |Info|   40|An unsupported construct was detected in this library.                               |
|        |    |     |Check to see if this construct is really needed for synthesis. Many liberty          |
|        |    |     | constructs are not actually required.                                               |
|LBR-155 |Info|    8|Mismatch in unateness between 'timing_sense' attribute and the function.             |
|        |    |     |The 'timing_sense' attribute will be respected.                                      |
|LBR-162 |Info|   68|Both 'pos_unate' and 'neg_unate' timing_sense arcs have been processed.              |
|        |    |     |Setting the 'timing_sense' to non_unate.                                             |
|LBR-412 |Info|   20|Created nominal operating condition.                                                 |
|        |    |     |The nominal operating condition is represented, either by the nominal PVT values     |
|        |    |     | specified in the library source                                                     |
|        |    |     | (via nom_process,nom_voltage and nom_temperature respectively)                      |
|        |    |     | , or by the default PVT values (1.0,1.0,1.0).                                       |
|PHYS-752|Info|    1|Partition Based Synthesis execution skipped.                                         |
|SYNTH-1 |Info|    1|Synthesizing.                                                                        |
|TIM-1000|Info|    1|Multimode clock gating check is disabled.                                            |
|TUI-296 |Info|    1|The given (sub)design is already uniquified.                                         |
|        |    |     |Try running the 'edit_netlist uniquify' command on the parent hierarchy of this (sub)|
|        |    |     | design, if there exists any.                                                        |
-----------------------------------------------------------------------------------------------------------
Mapper: Libraries have:
	domain _default_: 668 combo usable cells and 92 sequential usable cells
Warning : Not obtained requested number of super thread servers. [ST-136]
        : The tool is running on a 2 cpu machine.
        : The requested number of cpus are not available on machine.
Multi-threaded constant propagation [1|0] ...
Multi-threaded Virtual Mapping    (2 threads per ST process, 2 of 2 CPUs usable)
==================================
Stage : first_condense 
==================================
  =================
   Message Summary
  =================
---------------------------------------------------------------------------------
|  Id  |  Sev  |Count|                       Message Text                       |
---------------------------------------------------------------------------------
|ST-136|Warning|    1|Not obtained requested number of super thread servers.    |
|      |       |     |The requested number of cpus are not available on machine.|
---------------------------------------------------------------------------------
 
Global mapping target info
==========================
Cost Group 'CLK' target slack:  -117 ps
Target path end-point (Pin: oS_reg[18]/d)


State Retention Synthesis Status
================================

Category                        Flops   Percentage
--------------------------------------------------
Total instances                    32        100.0
Excluded from State Retention      32        100.0
    - Will not convert             32        100.0
      - Preserved                   0          0.0
      - Power intent excluded      32        100.0
    - Could not convert             0          0.0
      - Scan type                   0          0.0
      - No suitable cell            0          0.0
State Retention instances           0          0.0
--------------------------------------------------

PBS_Generic_Opt-Post - Elapsed_Time 4, CPU_Time 3.7497299999999996
stamp 'PBS_Generic_Opt-Post' being created for table 'pbs_debug'

  Total Time (Wall) |  Stage Time (Wall)  |   % (Wall)   |    Date - Time     |  Memory   | Stage
--------------------+---------------------+--------------+--------------------+-----------+----------------------
 00:01:07(00:00:38) |  00:00:00(00:00:00) |   0.0(  0.0) |   18:32:15 (Apr08) |  660.3 MB | PBS_Generic-Start
--------------------+---------------------+--------------+--------------------+-----------+----------------------
 00:01:10(00:00:42) |  00:00:03(00:00:04) | 100.0(100.0) |   18:32:19 (Apr08) |  660.3 MB | PBS_Generic_Opt-Post
--------------------+---------------------+--------------+--------------------+-----------+----------------------
Number of threads: 8 * 1   (id: pbs_debug, time_info v1.57)
Info: (*N*) indicates data that was populated from previously saved time_info database
Info: CPU time includes time of parent + longest thread
PBS_Generic-Postgen HBO Optimizations - Elapsed_Time 0, CPU_Time 0.0
stamp 'PBS_Generic-Postgen HBO Optimizations' being created for table 'pbs_debug'

  Total Time (Wall) |  Stage Time (Wall)  |   % (Wall)   |    Date - Time     |  Memory   | Stage
--------------------+---------------------+--------------+--------------------+-----------+----------------------
 00:01:07(00:00:38) |  00:00:00(00:00:00) |   0.0(  0.0) |   18:32:15 (Apr08) |  660.3 MB | PBS_Generic-Start
--------------------+---------------------+--------------+--------------------+-----------+----------------------
 00:01:10(00:00:42) |  00:00:03(00:00:04) | 100.0(100.0) |   18:32:19 (Apr08) |  660.3 MB | PBS_Generic_Opt-Post
--------------------+---------------------+--------------+--------------------+-----------+----------------------
 00:01:10(00:00:42) |  00:00:00(00:00:00) |   0.0(  0.0) |   18:32:19 (Apr08) |  660.3 MB | PBS_Generic-Postgen HBO Optimizations
--------------------+---------------------+--------------+--------------------+-----------+----------------------
Number of threads: 8 * 1   (id: pbs_debug, time_info v1.57)
Info: (*N*) indicates data that was populated from previously saved time_info database
Info: CPU time includes time of parent + longest thread
##>=================== Cadence Confidential (Generic-Logical) ===================
##>=================== Cadence Confidential (Generic-Logical) ===================
##>Main Thread Summary:
##>----------------------------------------------------------------------------------------
##>STEP                           Elapsed       WNS       TNS     Insts      Area    Memory
##>----------------------------------------------------------------------------------------
##>G:Initial                            0         -         -       458        40       660
##>G:Setup                              0         -         -         -         -         -
##>G:Early Clock Gating                 0         -         -         -         -         -
##>G:Launch ST                          0         -         -         -         -         -
##>G:Design Partition                   0         -         -         -         -         -
##>G:Create Partition Netlists          0         -         -         -         -         -
##>G:Init Power                         0         -         -         -         -         -
##>G:Budgeting                          0         -         -         -         -         -
##>G:Derenv-DB                          0         -         -         -         -         -
##>G:Debug Outputs                      0         -         -         -         -         -
##>G:ST loading                         0         -         -         -         -         -
##>G:Distributed                        0         -         -         -         -         -
##>G:Timer                              0         -         -         -         -         -
##>G:Assembly                           0         -         -         -         -         -
##>G:DFT                                0         -         -         -         -         -
##>G:Const Prop                         0         -         -       417        41       660
##>G:PostGen Opt                        0         -         -       417        41       660
##>G:Early Clock Gating Cleanup         0         -         -         -         -         -
##>G:Misc                               4
##>----------------------------------------------------------------------------------------
##>Total Elapsed                        4
##>========================================================================================
Info    : Done synthesizing. [SYNTH-2]
        : Done synthesizing 'Adder32' to generic gates.
      flow.cputime  flow.realtime  timing.setup.tns  timing.setup.wns  snapshot
UM:*                                                                   syn_gen
@file(genus.tcl) 69: write_hdl > outputs/synthesis_generic.v
@file(genus.tcl) 72: set_db / .syn_map_effort high
  Setting attribute of root '/': 'syn_map_effort' = high
@file(genus.tcl) 73: syn_map
#--------------------------------------------------------------------------
# Root attributes for category: opt
#--------------------------------------------------------------------------
# Feature                           | Attribute                | Value  
#--------------------------------------------------------------------------
# Net area optimization             | optimize_net_area        | true   
# Power optimization effort         | design_power_effort      | none   
# Do not use qbar sequential pins   | dont_use_qbar_seq_pins   | false  
#--------------------------------------------------------------------------

##Generic Timing Info for library domain: _default_ typical gate delay: 16.7 ps std_slew: 4.8 ps std_load: 1.0 fF
Mapping ChipWare ICG instances in Adder32
Found 0 unmapped ChipWare ICG instances
Mapped 0 of 0 ChipWare ICG instances
Info    : Mapping. [SYNTH-4]
        : Mapping 'Adder32' using 'high' effort.
Mapper: Libraries have:
	domain _default_: 668 combo usable cells and 92 sequential usable cells
PBS_TechMap-Start - Elapsed_Time 0, CPU_Time 0.0
stamp 'PBS_TechMap-Start' being created for table 'pbs_debug'

  Total Time (Wall) |  Stage Time (Wall)  |   % (Wall)   |    Date - Time     |  Memory   | Stage
--------------------+---------------------+--------------+--------------------+-----------+----------------------
 00:01:07(00:00:38) |  00:00:00(00:00:00) |   0.0(  0.0) |   18:32:15 (Apr08) |  660.3 MB | PBS_Generic-Start
--------------------+---------------------+--------------+--------------------+-----------+----------------------
 00:01:10(00:00:42) |  00:00:03(00:00:04) | 100.0(100.0) |   18:32:19 (Apr08) |  660.3 MB | PBS_Generic_Opt-Post
--------------------+---------------------+--------------+--------------------+-----------+----------------------
 00:01:10(00:00:42) |  00:00:00(00:00:00) |   0.0(  0.0) |   18:32:19 (Apr08) |  660.3 MB | PBS_Generic-Postgen HBO Optimizations
--------------------+---------------------+--------------+--------------------+-----------+----------------------
 00:01:10(00:00:42) |  00:00:00(00:00:00) |   0.0(  0.0) |   18:32:19 (Apr08) |  660.3 MB | PBS_TechMap-Start
--------------------+---------------------+--------------+--------------------+-----------+----------------------
Number of threads: 8 * 1   (id: pbs_debug, time_info v1.57)
Info: (*N*) indicates data that was populated from previously saved time_info database
Info: CPU time includes time of parent + longest thread
PBS_TechMap-Premap HBO Optimizations - Elapsed_Time 0, CPU_Time 0.0
stamp 'PBS_TechMap-Premap HBO Optimizations' being created for table 'pbs_debug'

  Total Time (Wall) |  Stage Time (Wall)  |   % (Wall)   |    Date - Time     |  Memory   | Stage
--------------------+---------------------+--------------+--------------------+-----------+----------------------
 00:01:07(00:00:38) |  00:00:00(00:00:00) |   0.0(  0.0) |   18:32:15 (Apr08) |  660.3 MB | PBS_Generic-Start
--------------------+---------------------+--------------+--------------------+-----------+----------------------
 00:01:10(00:00:42) |  00:00:03(00:00:04) | 100.0(100.0) |   18:32:19 (Apr08) |  660.3 MB | PBS_Generic_Opt-Post
--------------------+---------------------+--------------+--------------------+-----------+----------------------
 00:01:10(00:00:42) |  00:00:00(00:00:00) |   0.0(  0.0) |   18:32:19 (Apr08) |  660.3 MB | PBS_Generic-Postgen HBO Optimizations
--------------------+---------------------+--------------+--------------------+-----------+----------------------
 00:01:10(00:00:42) |  00:00:00(00:00:00) |   0.0(  0.0) |   18:32:19 (Apr08) |  660.3 MB | PBS_TechMap-Start
--------------------+---------------------+--------------+--------------------+-----------+----------------------
 00:01:10(00:00:42) |  00:00:00(00:00:00) |   0.0(  0.0) |   18:32:19 (Apr08) |  660.3 MB | PBS_TechMap-Premap HBO Optimizations
--------------------+---------------------+--------------+--------------------+-----------+----------------------
Number of threads: 8 * 1   (id: pbs_debug, time_info v1.57)
Info: (*N*) indicates data that was populated from previously saved time_info database
Info: CPU time includes time of parent + longest thread
Info    : Partition Based Synthesis execution skipped. [PHYS-752]
        : Design size is less than the partition size '100000' for distributed mapping optimization to kick in.
Mapper: Libraries have:
	domain _default_: 668 combo usable cells and 92 sequential usable cells
Warning : Not obtained requested number of super thread servers. [ST-136]
        : The tool is running on a 2 cpu machine.
Multi-threaded Virtual Mapping    (2 threads per ST process, 2 of 2 CPUs usable)
 
Global mapping target info
==========================
Cost Group 'CLK' target slack:  -117 ps
Target path end-point (Pin: oS_reg[18]/d)

Multi-threaded Technology Mapping (2 threads per ST process, 2 of 2 CPUs usable)
 
Global mapping status
=====================
                                   Group   
                                  Tot Wrst 
                           Total  Weighted 
Operation                   Area   Slacks  
 global_map                   34     -122 
            Worst cost_group: CLK, WNS: -122.3
            Path: iA[1] --> oS_reg[20]/D

    Cost Group            Target    Slack    Diff.  Constr.
-----------------------------------------------------------
           CLK              -117     -122      -4%       10 

 
Global incremental target info
==============================
Cost Group 'CLK' target slack:  -122 ps
Target path end-point (Pin: oS_reg[20]/D (DFFHQNx2_ASAP7_75t_SL/D))

==================================
Stage : global_incr_map 
==================================
  =================
   Message Summary
  =================
-----------------------------------------------------------------------------------
|   Id   |  Sev  |Count|                       Message Text                       |
-----------------------------------------------------------------------------------
|PA-7    |Info   |    2|Resetting power analysis results.                         |
|        |       |     |All computed switching activities are removed.            |
|PHYS-752|Info   |    1|Partition Based Synthesis execution skipped.              |
|ST-136  |Warning|    1|Not obtained requested number of super thread servers.    |
|        |       |     |The requested number of cpus are not available on machine.|
|SYNTH-2 |Info   |    1|Done synthesizing.                                        |
|SYNTH-4 |Info   |    1|Mapping.                                                  |
-----------------------------------------------------------------------------------
 
Global incremental optimization status
======================================
                                   Group   
                                  Tot Wrst 
                           Total  Weighted 
Operation                   Area   Slacks  
 global_incr                  33     -119 
            Worst cost_group: CLK, WNS: -119.5
            Path: iB[3] --> oS_reg[20]/D

    Cost Group            Target    Slack    Diff.  Constr.
-----------------------------------------------------------
           CLK              -122     -120      +2%       10 


State Retention Synthesis Status
================================

Category                        Flops   Percentage
--------------------------------------------------
Total instances                    32        100.0
Excluded from State Retention      32        100.0
    - Will not convert             32        100.0
      - Preserved                   0          0.0
      - Power intent excluded      32        100.0
    - Could not convert             0          0.0
      - Scan type                   0          0.0
      - No suitable cell            0          0.0
State Retention instances           0          0.0
--------------------------------------------------

INFO: skipping constant propagation
PBS_Techmap-Global Mapping - Elapsed_Time 13, CPU_Time 13.722554000000002
stamp 'PBS_Techmap-Global Mapping' being created for table 'pbs_debug'

  Total Time (Wall) |  Stage Time (Wall)  |   % (Wall)   |    Date - Time     |  Memory   | Stage
--------------------+---------------------+--------------+--------------------+-----------+----------------------
 00:01:07(00:00:38) |  00:00:00(00:00:00) |   0.0(  0.0) |   18:32:15 (Apr08) |  660.3 MB | PBS_Generic-Start
--------------------+---------------------+--------------+--------------------+-----------+----------------------
 00:01:10(00:00:42) |  00:00:03(00:00:04) |  21.5( 23.5) |   18:32:19 (Apr08) |  660.3 MB | PBS_Generic_Opt-Post
--------------------+---------------------+--------------+--------------------+-----------+----------------------
 00:01:10(00:00:42) |  00:00:00(00:00:00) |   0.0(  0.0) |   18:32:19 (Apr08) |  660.3 MB | PBS_Generic-Postgen HBO Optimizations
--------------------+---------------------+--------------+--------------------+-----------+----------------------
 00:01:10(00:00:42) |  00:00:00(00:00:00) |   0.0(  0.0) |   18:32:19 (Apr08) |  660.3 MB | PBS_TechMap-Start
--------------------+---------------------+--------------+--------------------+-----------+----------------------
 00:01:10(00:00:42) |  00:00:00(00:00:00) |   0.0(  0.0) |   18:32:19 (Apr08) |  660.3 MB | PBS_TechMap-Premap HBO Optimizations
--------------------+---------------------+--------------+--------------------+-----------+----------------------
 00:01:24(00:00:55) |  00:00:13(00:00:13) |  78.5( 76.5) |   18:32:32 (Apr08) |   1.07 GB | PBS_Techmap-Global Mapping
--------------------+---------------------+--------------+--------------------+-----------+----------------------
Number of threads: 8 * 1   (id: pbs_debug, time_info v1.57)
Info: (*N*) indicates data that was populated from previously saved time_info database
Info: CPU time includes time of parent + longest thread
Info    : Wrote formal verification information. [CFM-5]
        : Wrote 'fv/Adder32/fv_map.fv.json' for netlist 'fv/Adder32/fv_map.v.gz'.
Info    : Wrote dofile. [CFM-1]
        : Dofile is 'fv/Adder32/rtl_to_fv_map.do'.
        : Alias mapping flow is enabled.
PBS_TechMap-Datapath Postmap Operations - Elapsed_Time 2, CPU_Time 1.0
stamp 'PBS_TechMap-Datapath Postmap Operations' being created for table 'pbs_debug'

  Total Time (Wall) |  Stage Time (Wall)  |   % (Wall)   |    Date - Time     |  Memory   | Stage
--------------------+---------------------+--------------+--------------------+-----------+----------------------
 00:01:07(00:00:38) |  00:00:00(00:00:00) |   0.0(  0.0) |   18:32:15 (Apr08) |  660.3 MB | PBS_Generic-Start
--------------------+---------------------+--------------+--------------------+-----------+----------------------
 00:01:10(00:00:42) |  00:00:03(00:00:04) |  20.3( 21.1) |   18:32:19 (Apr08) |  660.3 MB | PBS_Generic_Opt-Post
--------------------+---------------------+--------------+--------------------+-----------+----------------------
 00:01:10(00:00:42) |  00:00:00(00:00:00) |   0.0(  0.0) |   18:32:19 (Apr08) |  660.3 MB | PBS_Generic-Postgen HBO Optimizations
--------------------+---------------------+--------------+--------------------+-----------+----------------------
 00:01:10(00:00:42) |  00:00:00(00:00:00) |   0.0(  0.0) |   18:32:19 (Apr08) |  660.3 MB | PBS_TechMap-Start
--------------------+---------------------+--------------+--------------------+-----------+----------------------
 00:01:10(00:00:42) |  00:00:00(00:00:00) |   0.0(  0.0) |   18:32:19 (Apr08) |  660.3 MB | PBS_TechMap-Premap HBO Optimizations
--------------------+---------------------+--------------+--------------------+-----------+----------------------
 00:01:24(00:00:55) |  00:00:13(00:00:13) |  74.3( 68.4) |   18:32:32 (Apr08) |   1.07 GB | PBS_Techmap-Global Mapping
--------------------+---------------------+--------------+--------------------+-----------+----------------------
 00:01:25(00:00:57) |  00:00:01(00:00:02) |   5.4( 10.5) |   18:32:34 (Apr08) |   1.07 GB | PBS_TechMap-Datapath Postmap Operations
--------------------+---------------------+--------------+--------------------+-----------+----------------------
Number of threads: 8 * 1   (id: pbs_debug, time_info v1.57)
Info: (*N*) indicates data that was populated from previously saved time_info database
Info: CPU time includes time of parent + longest thread
PBS_TechMap-Postmap HBO Optimizations - Elapsed_Time 0, CPU_Time -4.0000000041118255e-6
stamp 'PBS_TechMap-Postmap HBO Optimizations' being created for table 'pbs_debug'

  Total Time (Wall) |  Stage Time (Wall)  |   % (Wall)   |    Date - Time     |  Memory   | Stage
--------------------+---------------------+--------------+--------------------+-----------+----------------------
 00:01:07(00:00:38) |  00:00:00(00:00:00) |   0.0(  0.0) |   18:32:15 (Apr08) |  660.3 MB | PBS_Generic-Start
--------------------+---------------------+--------------+--------------------+-----------+----------------------
 00:01:10(00:00:42) |  00:00:03(00:00:04) |  20.3( 21.1) |   18:32:19 (Apr08) |  660.3 MB | PBS_Generic_Opt-Post
--------------------+---------------------+--------------+--------------------+-----------+----------------------
 00:01:10(00:00:42) |  00:00:00(00:00:00) |   0.0(  0.0) |   18:32:19 (Apr08) |  660.3 MB | PBS_Generic-Postgen HBO Optimizations
--------------------+---------------------+--------------+--------------------+-----------+----------------------
 00:01:10(00:00:42) |  00:00:00(00:00:00) |   0.0(  0.0) |   18:32:19 (Apr08) |  660.3 MB | PBS_TechMap-Start
--------------------+---------------------+--------------+--------------------+-----------+----------------------
 00:01:10(00:00:42) |  00:00:00(00:00:00) |   0.0(  0.0) |   18:32:19 (Apr08) |  660.3 MB | PBS_TechMap-Premap HBO Optimizations
--------------------+---------------------+--------------+--------------------+-----------+----------------------
 00:01:24(00:00:55) |  00:00:13(00:00:13) |  74.3( 68.4) |   18:32:32 (Apr08) |   1.07 GB | PBS_Techmap-Global Mapping
--------------------+---------------------+--------------+--------------------+-----------+----------------------
 00:01:25(00:00:57) |  00:00:01(00:00:02) |   5.4( 10.5) |   18:32:34 (Apr08) |   1.07 GB | PBS_TechMap-Datapath Postmap Operations
--------------------+---------------------+--------------+--------------------+-----------+----------------------
 00:01:25(00:00:57) | -01:59:56(00:00:00) |  -0.0(  0.0) |   18:32:34 (Apr08) |   1.07 GB | PBS_TechMap-Postmap HBO Optimizations
--------------------+---------------------+--------------+--------------------+-----------+----------------------
Number of threads: 8 * 1   (id: pbs_debug, time_info v1.57)
Info: (*N*) indicates data that was populated from previously saved time_info database
Info: CPU time includes time of parent + longest thread
 Doing ConstProp on design:Adder32 ... 

Time taken by ConstProp Step: 00:00:00
PBS_TechMap-Postmap Clock Gating - Elapsed_Time 0, CPU_Time 0.0
stamp 'PBS_TechMap-Postmap Clock Gating' being created for table 'pbs_debug'

  Total Time (Wall) |  Stage Time (Wall)  |   % (Wall)   |    Date - Time     |  Memory   | Stage
--------------------+---------------------+--------------+--------------------+-----------+----------------------
 00:01:07(00:00:38) |  00:00:00(00:00:00) |   0.0(  0.0) |   18:32:15 (Apr08) |  660.3 MB | PBS_Generic-Start
--------------------+---------------------+--------------+--------------------+-----------+----------------------
 00:01:10(00:00:42) |  00:00:03(00:00:04) |  20.3( 21.1) |   18:32:19 (Apr08) |  660.3 MB | PBS_Generic_Opt-Post
--------------------+---------------------+--------------+--------------------+-----------+----------------------
 00:01:10(00:00:42) |  00:00:00(00:00:00) |   0.0(  0.0) |   18:32:19 (Apr08) |  660.3 MB | PBS_Generic-Postgen HBO Optimizations
--------------------+---------------------+--------------+--------------------+-----------+----------------------
 00:01:10(00:00:42) |  00:00:00(00:00:00) |   0.0(  0.0) |   18:32:19 (Apr08) |  660.3 MB | PBS_TechMap-Start
--------------------+---------------------+--------------+--------------------+-----------+----------------------
 00:01:10(00:00:42) |  00:00:00(00:00:00) |   0.0(  0.0) |   18:32:19 (Apr08) |  660.3 MB | PBS_TechMap-Premap HBO Optimizations
--------------------+---------------------+--------------+--------------------+-----------+----------------------
 00:01:24(00:00:55) |  00:00:13(00:00:13) |  74.3( 68.4) |   18:32:32 (Apr08) |   1.07 GB | PBS_Techmap-Global Mapping
--------------------+---------------------+--------------+--------------------+-----------+----------------------
 00:01:25(00:00:57) |  00:00:01(00:00:02) |   5.4( 10.5) |   18:32:34 (Apr08) |   1.07 GB | PBS_TechMap-Datapath Postmap Operations
--------------------+---------------------+--------------+--------------------+-----------+----------------------
 00:01:25(00:00:57) | -01:59:56(00:00:00) |  -0.0(  0.0) |   18:32:34 (Apr08) |   1.07 GB | PBS_TechMap-Postmap HBO Optimizations
--------------------+---------------------+--------------+--------------------+-----------+----------------------
 00:01:25(00:00:57) |  00:00:00(00:00:00) |   0.0(  0.0) |   18:32:34 (Apr08) |   1.07 GB | PBS_TechMap-Postmap Clock Gating
--------------------+---------------------+--------------+--------------------+-----------+----------------------
Number of threads: 8 * 1   (id: pbs_debug, time_info v1.57)
Info: (*N*) indicates data that was populated from previously saved time_info database
Info: CPU time includes time of parent + longest thread
-------------------------------------------------------------------------------
 hi_fo_buf                    33     -119     -3904         0        0       70
            Worst cost_group: CLK, WNS: -119.5
            Path: iB[3] --> oS_reg[20]/D

           Trick     Calls     Accepts   Attempts    Time(secs) 
-----------------------------------------------------------
       hi_fo_buf         0  (        0 /        0 )  0.00

 
Incremental optimization status
===============================
                                   Group   
                                  Tot Wrst     Total - - - - DRC Totals - - - -
                           Total  Weighted      Neg      Max       Max     Max  
Operation                   Area   Slacks      Slack    Trans      Cap   Fanout 
 init_delay                   33     -119     -3904         0        0       70
            Worst cost_group: CLK, WNS: -119.5
            Path: iB[3] --> oS_reg[20]/D
 incr_delay                   35     -110     -3906         0        0       70
            Worst cost_group: CLK, WNS: -110.5
            Path: iB[3] --> oS_reg[30]/D
 incr_delay                   36     -108     -3858         0        0       70
            Worst cost_group: CLK, WNS: -108.5
            Path: iA[3] --> oS_reg[30]/D
 incr_delay                   36     -108     -3851         0        0       70
            Worst cost_group: CLK, WNS: -108.2
            Path: iA[1] --> oS_reg[30]/D

           Trick     Calls     Accepts   Attempts    Time(secs) 
-----------------------------------------------------------
       crit_upsz        82  (       26 /       26 )  0.14
    plc_bal_star         0  (        0 /        0 )  0.00
     drc_buftimb         0  (        0 /        0 )  0.00
          plc_st        40  (        0 /        0 )  0.00
    plc_st_fence        40  (        0 /        0 )  0.00
        plc_star        40  (        0 /        0 )  0.00
      plc_laf_st        40  (        0 /        0 )  0.00
 plc_laf_st_fence        40  (        0 /        0 )  0.00
     drc_buftims         0  (        0 /        0 )  0.00
            fopt        79  (       24 /       24 )  0.17
   plc_laf_lo_st        40  (        0 /        0 )  0.00
       plc_lo_st        40  (        0 /        0 )  0.00
        mb_split        40  (        0 /        0 )  0.00

 
Local TNS optimization status
=============================
                                   Group   
                                  Tot Wrst     Total - - - - DRC Totals - - - -
                           Total  Weighted      Neg      Max       Max     Max  
Operation                   Area   Slacks      Slack    Trans      Cap   Fanout 
 init_tns                     36     -108     -3851         0        0       70
            Worst cost_group: CLK, WNS: -108.2
            Path: iA[1] --> oS_reg[30]/D
 incr_tns                     36     -107     -3804         0        0       70
            Worst cost_group: CLK, WNS: -107.1
            Path: iA[16] --> oS_reg[21]/D

           Trick     Calls     Accepts   Attempts    Time(secs) 
-----------------------------------------------------------
    plc_bal_star         0  (        0 /        0 )  0.00
     drc_buftimb         0  (        0 /        0 )  0.00
     drc_buftims         0  (        0 /        0 )  0.00
       crit_upsz       211  (       13 /       14 )  0.31
   plc_laf_lo_st       198  (        0 /        0 )  0.00
       plc_lo_st       198  (        0 /        0 )  0.00
            fopt       198  (        0 /        0 )  0.00
       crit_dnsz       236  (       14 /       21 )  0.28
             dup       184  (        0 /        0 )  0.02
        setup_dn       184  (        0 /        0 )  0.07
        mb_split       184  (        0 /        0 )  0.00

PBS_TechMap-Postmap Cleanup - Elapsed_Time 1, CPU_Time 0.9953850000000131
stamp 'PBS_TechMap-Postmap Cleanup' being created for table 'pbs_debug'

  Total Time (Wall) |  Stage Time (Wall)  |   % (Wall)   |    Date - Time     |  Memory   | Stage
--------------------+---------------------+--------------+--------------------+-----------+----------------------
 00:01:07(00:00:38) |  00:00:00(00:00:00) |   0.0(  0.0) |   18:32:15 (Apr08) |  660.3 MB | PBS_Generic-Start
--------------------+---------------------+--------------+--------------------+-----------+----------------------
 00:01:10(00:00:42) |  00:00:03(00:00:04) |  19.3( 20.0) |   18:32:19 (Apr08) |  660.3 MB | PBS_Generic_Opt-Post
--------------------+---------------------+--------------+--------------------+-----------+----------------------
 00:01:10(00:00:42) |  00:00:00(00:00:00) |   0.0(  0.0) |   18:32:19 (Apr08) |  660.3 MB | PBS_Generic-Postgen HBO Optimizations
--------------------+---------------------+--------------+--------------------+-----------+----------------------
 00:01:10(00:00:42) |  00:00:00(00:00:00) |   0.0(  0.0) |   18:32:19 (Apr08) |  660.3 MB | PBS_TechMap-Start
--------------------+---------------------+--------------+--------------------+-----------+----------------------
 00:01:10(00:00:42) |  00:00:00(00:00:00) |   0.0(  0.0) |   18:32:19 (Apr08) |  660.3 MB | PBS_TechMap-Premap HBO Optimizations
--------------------+---------------------+--------------+--------------------+-----------+----------------------
 00:01:24(00:00:55) |  00:00:13(00:00:13) |  70.5( 65.0) |   18:32:32 (Apr08) |   1.07 GB | PBS_Techmap-Global Mapping
--------------------+---------------------+--------------+--------------------+-----------+----------------------
 00:01:25(00:00:57) |  00:00:01(00:00:02) |   5.1( 10.0) |   18:32:34 (Apr08) |   1.07 GB | PBS_TechMap-Datapath Postmap Operations
--------------------+---------------------+--------------+--------------------+-----------+----------------------
 00:01:25(00:00:57) | -01:59:56(00:00:00) |  -0.0(  0.0) |   18:32:34 (Apr08) |   1.07 GB | PBS_TechMap-Postmap HBO Optimizations
--------------------+---------------------+--------------+--------------------+-----------+----------------------
 00:01:25(00:00:57) |  00:00:00(00:00:00) |   0.0(  0.0) |   18:32:34 (Apr08) |   1.07 GB | PBS_TechMap-Postmap Clock Gating
--------------------+---------------------+--------------+--------------------+-----------+----------------------
 00:01:26(00:00:58) |  00:00:00(00:00:01) |   5.1(  5.0) |   18:32:35 (Apr08) |   1.07 GB | PBS_TechMap-Postmap Cleanup
--------------------+---------------------+--------------+--------------------+-----------+----------------------
Number of threads: 8 * 1   (id: pbs_debug, time_info v1.57)
Info: (*N*) indicates data that was populated from previously saved time_info database
Info: CPU time includes time of parent + longest thread
PBS_Techmap-Post_MBCI - Elapsed_Time 0, CPU_Time 0.0
stamp 'PBS_Techmap-Post_MBCI' being created for table 'pbs_debug'

  Total Time (Wall) |  Stage Time (Wall)  |   % (Wall)   |    Date - Time     |  Memory   | Stage
--------------------+---------------------+--------------+--------------------+-----------+----------------------
 00:01:07(00:00:38) |  00:00:00(00:00:00) |   0.0(  0.0) |   18:32:15 (Apr08) |  660.3 MB | PBS_Generic-Start
--------------------+---------------------+--------------+--------------------+-----------+----------------------
 00:01:10(00:00:42) |  00:00:03(00:00:04) |  19.3( 20.0) |   18:32:19 (Apr08) |  660.3 MB | PBS_Generic_Opt-Post
--------------------+---------------------+--------------+--------------------+-----------+----------------------
 00:01:10(00:00:42) |  00:00:00(00:00:00) |   0.0(  0.0) |   18:32:19 (Apr08) |  660.3 MB | PBS_Generic-Postgen HBO Optimizations
--------------------+---------------------+--------------+--------------------+-----------+----------------------
 00:01:10(00:00:42) |  00:00:00(00:00:00) |   0.0(  0.0) |   18:32:19 (Apr08) |  660.3 MB | PBS_TechMap-Start
--------------------+---------------------+--------------+--------------------+-----------+----------------------
 00:01:10(00:00:42) |  00:00:00(00:00:00) |   0.0(  0.0) |   18:32:19 (Apr08) |  660.3 MB | PBS_TechMap-Premap HBO Optimizations
--------------------+---------------------+--------------+--------------------+-----------+----------------------
 00:01:24(00:00:55) |  00:00:13(00:00:13) |  70.5( 65.0) |   18:32:32 (Apr08) |   1.07 GB | PBS_Techmap-Global Mapping
--------------------+---------------------+--------------+--------------------+-----------+----------------------
 00:01:25(00:00:57) |  00:00:01(00:00:02) |   5.1( 10.0) |   18:32:34 (Apr08) |   1.07 GB | PBS_TechMap-Datapath Postmap Operations
--------------------+---------------------+--------------+--------------------+-----------+----------------------
 00:01:25(00:00:57) | -01:59:56(00:00:00) |  -0.0(  0.0) |   18:32:34 (Apr08) |   1.07 GB | PBS_TechMap-Postmap HBO Optimizations
--------------------+---------------------+--------------+--------------------+-----------+----------------------
 00:01:25(00:00:57) |  00:00:00(00:00:00) |   0.0(  0.0) |   18:32:34 (Apr08) |   1.07 GB | PBS_TechMap-Postmap Clock Gating
--------------------+---------------------+--------------+--------------------+-----------+----------------------
 00:01:26(00:00:58) |  00:00:00(00:00:01) |   5.1(  5.0) |   18:32:35 (Apr08) |   1.07 GB | PBS_TechMap-Postmap Cleanup
--------------------+---------------------+--------------+--------------------+-----------+----------------------
 00:01:26(00:00:58) |  00:00:00(00:00:00) |   0.0(  0.0) |   18:32:35 (Apr08) |   1.07 GB | PBS_Techmap-Post_MBCI
--------------------+---------------------+--------------+--------------------+-----------+----------------------
Number of threads: 8 * 1   (id: pbs_debug, time_info v1.57)
Info: (*N*) indicates data that was populated from previously saved time_info database
Info: CPU time includes time of parent + longest thread
##>=================== Cadence Confidential (Mapping-Logical) ===================
##>Main Thread Summary:
##>----------------------------------------------------------------------------------------
##>STEP                           Elapsed       WNS       TNS     Insts      Area    Memory
##>----------------------------------------------------------------------------------------
##>M:Initial                            0         -         -       417        41       660
##>M:Pre Cleanup                        0         -         -       417        41       660
##>M:Setup                              0         -         -         -         -         -
##>M:Early Clock Gating                 0         -         -         -         -         -
##>M:Launch ST                          0         -         -         -         -         -
##>M:Design Partition                   0         -         -         -         -         -
##>M:Create Partition Netlists          0         -         -         -         -         -
##>M:Init Power                         0         -         -         -         -         -
##>M:Budgeting                          0         -         -         -         -         -
##>M:Derenv-DB                          0         -         -         -         -         -
##>M:Debug Outputs                      0         -         -         -         -         -
##>M:ST loading                         0         -         -         -         -         -
##>M:Distributed                        0         -         -         -         -         -
##>M:Timer                              0         -         -         -         -         -
##>M:Assembly                           0         -         -         -         -         -
##>M:DFT                                0         -         -         -         -         -
##>M:DP Operations                      2         -         -       355        32      1068
##>M:Const Prop                         0      -119      3904       355        32      1068
##>M:Cleanup                            1      -107      3804       399        35      1068
##>M:MBCI                               0         -         -       399        35      1068
##>M:PostGen Opt                        0         -         -         -         -         -
##>M:Early Clock Gating Cleanup         0         -         -         -         -         -
##>M:Const Gate Removal                 0         -         -         -         -         -
##>M:Misc                              14
##>----------------------------------------------------------------------------------------
##>Total Elapsed                       17
##>========================================================================================
Info    : Done mapping. [SYNTH-5]
        : Done mapping 'Adder32'.
      flow.cputime  flow.realtime  timing.setup.tns  timing.setup.wns  snapshot
UM:*                                                                   syn_map
@file(genus.tcl) 74: write_hdl > outputs/synthesis_map.v
@file(genus.tcl) 77: ungroup -all
  Warning : No instances found to be ungrouped.

@file(genus.tcl) 79: set_db / .syn_opt_effort extreme
  Setting attribute of root '/': 'syn_opt_effort' = extreme
@file(genus.tcl) 80: syn_opt
Info    : Incrementally optimizing. [SYNTH-7]
        : Incrementally optimizing 'Adder32' using 'high' effort.
 
Incremental optimization status
===============================
                                   Group   
                                  Tot Wrst     Total - - - - DRC Totals - - - -
                           Total  Weighted      Neg      Max       Max     Max  
Operation                   Area   Slacks      Slack    Trans      Cap   Fanout 
 init_iopt                    36     -107     -3804         0        0       70
            Worst cost_group: CLK, WNS: -107.1
            Path: iA[16] --> oS_reg[21]/D
-------------------------------------------------------------------------------
 const_prop                   36     -107     -3804         0        0       70
            Worst cost_group: CLK, WNS: -107.1
            Path: iA[16] --> oS_reg[21]/D
-------------------------------------------------------------------------------
 hi_fo_buf                    36     -107     -3804         0        0       70
            Worst cost_group: CLK, WNS: -107.1
            Path: iA[16] --> oS_reg[21]/D

           Trick     Calls     Accepts   Attempts    Time(secs) 
-----------------------------------------------------------
       hi_fo_buf         0  (        0 /        0 )  0.00

 
Incremental optimization status
===============================
                                   Group   
                                  Tot Wrst     Total - - - - DRC Totals - - - -
                           Total  Weighted      Neg      Max       Max     Max  
Operation                   Area   Slacks      Slack    Trans      Cap   Fanout 
 init_delay                   36     -107     -3804         0        0       70
            Worst cost_group: CLK, WNS: -107.1
            Path: iA[16] --> oS_reg[21]/D
 incr_delay                   36     -103     -3701         0        0       80
            Worst cost_group: CLK, WNS: -103.5
            Path: iB[1] --> oS_reg[17]/D
 incr_delay                   37      -99     -3692         0        0       90
            Worst cost_group: CLK, WNS: -99.0
            Path: iA[1] --> oS_reg[27]/D
 incr_delay                   37      -98     -3665         0        0       98
            Worst cost_group: CLK, WNS: -98.1
            Path: iA[0] --> oS_reg[28]/D
 incr_delay                   38      -97     -3662         0        0      104
            Worst cost_group: CLK, WNS: -97.8
            Path: iA[3] --> oS_reg[28]/D
 incr_delay                   38      -97     -3657         0        0      104
            Worst cost_group: CLK, WNS: -97.6
            Path: iA[1] --> oS_reg[28]/D

           Trick     Calls     Accepts   Attempts    Time(secs) 
-----------------------------------------------------------
        crit_msz       168  (       57 /       67 )  0.53
       crit_upsz        89  (        9 /       11 )  0.14
       crit_slew        67  (        0 /        1 )  0.07
        setup_dn        70  (        3 /        3 )  0.06
    plc_bal_star         0  (        0 /        0 )  0.00
     drc_buftimb         0  (        0 /        0 )  0.00
          plc_st        67  (        0 /        0 )  0.00
    plc_st_fence        67  (        0 /        0 )  0.00
        plc_star        67  (        0 /        0 )  0.00
      plc_laf_st        67  (        0 /        0 )  0.00
 plc_laf_st_fence        67  (        0 /        0 )  0.00
     drc_buftims         0  (        0 /        0 )  0.00
   plc_laf_lo_st        67  (        0 /        0 )  0.00
       plc_lo_st        67  (        0 /        0 )  0.00
            fopt        67  (        0 /        0 )  0.00
       crit_swap        67  (        0 /        0 )  0.11
       mux2_swap        67  (        0 /        0 )  0.00
       crit_dnsz       184  (        0 /        0 )  0.22
       load_swap        67  (        0 /        0 )  0.11
            fopt        68  (        1 /        4 )  0.09
        setup_dn        67  (        0 /        0 )  0.02
       load_isol        79  (        3 /        3 )  0.55
       load_isol        68  (        0 /        0 )  0.18
        move_for        68  (        0 /        0 )  0.01
        move_for        68  (        0 /        0 )  0.00
          rem_bi        68  (        0 /        0 )  0.00
         offload        68  (        0 /        0 )  0.00
          rem_bi        98  (        2 /        3 )  0.02
         offload        87  (        0 /        0 )  0.01
           phase        87  (        0 /        0 )  0.00
        in_phase        87  (        0 /        0 )  0.00
       merge_bit       100  (        1 /        1 )  0.00
     merge_idrvr        95  (        0 /        0 )  0.00
     merge_iload        95  (        0 /        0 )  0.00
    merge_idload        95  (        0 /        1 )  0.02
      merge_drvr        95  (        0 /        0 )  0.00
      merge_load        95  (        0 /        0 )  0.00
          decomp        95  (        0 /        0 )  0.35
        p_decomp        95  (        0 /        0 )  0.27
       gate_deco        43  (        0 /        0 )  0.38
       gcomp_tim        49  (       18 /       21 )  0.30
        levelize        67  (        0 /        0 )  0.00
        mb_split        67  (        0 /        0 )  0.00
             dup       105  (        9 /        9 )  0.24
      mux_retime        81  (        0 /        0 )  0.00
         buf2inv        81  (        0 /        0 )  0.00
             exp        16  (        4 /        8 )  0.02
       gate_deco        54  (        0 /        0 )  0.46
       gcomp_tim        21  (        2 /        3 )  0.13
  inv_pair_2_buf        67  (        0 /        0 )  0.00

 incr_delay                   42      -90     -3501         0        0      166
            Worst cost_group: CLK, WNS: -90.7
            Path: iB[3] --> oS_reg[28]/D
 incr_delay                   42      -90     -3492         0        0      166
            Worst cost_group: CLK, WNS: -90.7
            Path: iB[3] --> oS_reg[28]/D
 incr_delay                   42      -90     -3491         0        0      166
            Worst cost_group: CLK, WNS: -90.7
            Path: iB[3] --> oS_reg[28]/D

           Trick     Calls     Accepts   Attempts    Time(secs) 
-----------------------------------------------------------
         crr_220        40  (       26 /       40 )  6.72
        crr_glob        82  (       26 /       26 )  0.27
         crr_200        10  (        0 /       10 )  0.35
        crr_glob        18  (        0 /        0 )  0.02
         crr_300         6  (        0 /        6 )  0.29
        crr_glob        18  (        0 /        0 )  0.01
         crr_400         6  (        0 /        4 )  0.27
        crr_glob        18  (        0 /        0 )  0.01
         crr_111        16  (        0 /       16 )  2.01
        crr_glob        18  (        0 /        0 )  0.06
         crr_210        10  (        0 /       10 )  1.03
        crr_glob        18  (        0 /        0 )  0.03
         crr_110        16  (        0 /       14 )  0.80
        crr_glob        18  (        0 /        0 )  0.03
         crr_101        16  (        0 /       14 )  0.87
        crr_glob        18  (        0 /        0 )  0.04
         crr_201        10  (        0 /       10 )  1.09
        crr_glob        18  (        0 /        0 )  0.04
         crr_211        10  (        0 /       10 )  2.98
        crr_glob        18  (        0 /        0 )  0.05
        crit_msz        28  (        1 /        5 )  0.09
       crit_upsz        26  (        0 /        0 )  0.03
       crit_slew        26  (        1 /        5 )  0.04
        setup_dn        50  (        2 /        2 )  0.05
    plc_bal_star         0  (        0 /        0 )  0.00
     drc_buftimb         0  (        0 /        0 )  0.00
          plc_st        24  (        0 /        0 )  0.00
    plc_st_fence        24  (        0 /        0 )  0.00
        plc_star        24  (        0 /        0 )  0.00
      plc_laf_st        24  (        0 /        0 )  0.00
 plc_laf_st_fence        24  (        0 /        0 )  0.00
     drc_buftims         0  (        0 /        0 )  0.00
       plc_lo_st        24  (        0 /        0 )  0.00
            fopt        48  (        0 /        1 )  0.03
       crit_swap        24  (        0 /        0 )  0.02
       mux2_swap        24  (        0 /        0 )  0.00
       crit_dnsz        62  (        0 /        0 )  0.07
       load_swap        24  (        0 /        0 )  0.04
            fopt        48  (        0 /        1 )  0.03
        setup_dn        50  (        2 /        2 )  0.05
       load_isol        48  (        0 /        0 )  0.24
       load_isol        48  (        0 /        0 )  0.24
        move_for        48  (        0 /        0 )  0.00
        move_for        48  (        0 /        0 )  0.00
          rem_bi        48  (        0 /        0 )  0.00
         offload        48  (        0 /        0 )  0.00
          rem_bi        48  (        0 /        0 )  0.00
         offload        48  (        0 /        0 )  0.00
       merge_bit        24  (        0 /        0 )  0.00
     merge_idrvr        24  (        0 /        0 )  0.00
     merge_iload        24  (        0 /        0 )  0.00
    merge_idload        24  (        0 /        0 )  0.00
      merge_drvr        24  (        0 /        0 )  0.00
      merge_load        24  (        0 /        0 )  0.00
           phase        24  (        0 /        0 )  0.00
          decomp        24  (        0 /        0 )  0.11
        p_decomp        24  (        0 /        0 )  0.08
       gate_deco        33  (        0 /        0 )  0.29
       gcomp_tim         8  (        0 /        0 )  0.06
        levelize        24  (        0 /        0 )  0.00
        mb_split        24  (        0 /        0 )  0.00
        in_phase        24  (        0 /        0 )  0.00
             dup        24  (        0 /        0 )  0.04
      mux_retime        24  (        0 /        0 )  0.00
         buf2inv        24  (        0 /        0 )  0.00
             exp         7  (        0 /        2 )  0.01
       gate_deco        33  (        0 /        0 )  0.29
       gcomp_tim         8  (        0 /        0 )  0.06
  inv_pair_2_buf        24  (        0 /        0 )  0.00
 init_drc                     42      -90     -3491         0        0      166
            Worst cost_group: CLK, WNS: -90.7
            Path: iB[3] --> oS_reg[28]/D

           Trick     Calls     Accepts   Attempts    Time(secs) 
-----------------------------------------------------------
          plc_st         0  (        0 /        0 )  0.00
        plc_star         0  (        0 /        0 )  0.00
        drc_bufs         0  (        0 /        0 )  0.00
        drc_fopt         0  (        0 /        0 )  0.00
        drc_bufb         0  (        0 /        0 )  0.00
      simple_buf         0  (        0 /        0 )  0.00
             dup         0  (        0 /        0 )  0.00
       crit_dnsz         0  (        0 /        0 )  0.00
       crit_upsz         0  (        0 /        0 )  0.00
       crit_slew         0  (        0 /        0 )  0.00


           Trick     Calls     Accepts   Attempts    Time(secs) 
-----------------------------------------------------------
          plc_st         0  (        0 /        0 )  0.00
        plc_star         0  (        0 /        0 )  0.00
      drc_buf_sp         0  (        0 /        0 )  0.00
        drc_bufs         0  (        0 /        0 )  0.00
        drc_fopt         0  (        0 /        0 )  0.00
        drc_bufb         0  (        0 /        0 )  0.00
      simple_buf         0  (        0 /        0 )  0.00
             dup         0  (        0 /        0 )  0.00
       crit_dnsz         0  (        0 /        0 )  0.00
       crit_upsz         0  (        0 /        0 )  0.00

 incr_max_fo                  43      -90     -3491         0        0      152
            Worst cost_group: CLK, WNS: -90.7
            Path: iB[3] --> oS_reg[28]/D

           Trick     Calls     Accepts   Attempts    Time(secs) 
-----------------------------------------------------------
          plc_st        75  (        0 /        0 )  0.00
        plc_star        75  (        0 /        0 )  0.00
      drc_buf_sp       150  (        4 /       75 )  0.34
        drc_bufs       142  (        0 /       71 )  0.25
        drc_fopt        71  (        8 /       30 )  0.10
        drc_bufb        63  (        0 /        0 )  0.00
             dup        63  (        0 /        0 )  0.00
       crit_dnsz       207  (        1 /        2 )  0.23
       crit_upsz        62  (        0 /        0 )  0.00

 init_tns                     43      -90     -3491         0        0      152
            Worst cost_group: CLK, WNS: -90.7
            Path: iB[3] --> oS_reg[28]/D
 incr_tns                     42      -90     -3173         0        0      154
            Worst cost_group: CLK, WNS: -90.5
            Path: iA[21] --> oS_reg[30]/D
 incr_tns                     42      -90     -3173         0        0      154
            Worst cost_group: CLK, WNS: -90.5
            Path: iA[21] --> oS_reg[30]/D

           Trick     Calls     Accepts   Attempts    Time(secs) 
-----------------------------------------------------------
            fopt       256  (        0 /        0 )  0.01
    plc_bal_star         0  (        0 /        0 )  0.00
     drc_buftimb         0  (        0 /        0 )  0.00
     drc_buftims         0  (        0 /        0 )  0.00
        crit_msz       256  (       21 /       39 )  0.74
       crit_upsz       235  (       16 /       23 )  0.36
   plc_laf_lo_st       219  (        0 /        0 )  0.00
       plc_lo_st       219  (        0 /        0 )  0.00
       crit_swap       219  (        1 /        6 )  0.23
       mux2_swap       218  (        0 /        0 )  0.00
       crit_dnsz       278  (       16 /       24 )  0.32
       load_swap       202  (        0 /        6 )  0.09
            fopt       202  (        3 /        3 )  0.10
        setup_dn       199  (        0 /        0 )  0.11
       load_isol       199  (        0 /        0 )  0.68
       load_isol       199  (        0 /        0 )  0.14
        move_for       199  (        0 /        1 )  0.01
        move_for       199  (        0 /        1 )  0.01
          rem_bi       199  (        1 /        1 )  0.01
         offload       198  (        0 /        0 )  0.00
          rem_bi       198  (        1 /        4 )  0.07
         offload       197  (        1 /        4 )  0.12
       merge_bit       202  (        2 /        5 )  0.02
     merge_idrvr       194  (        0 /        0 )  0.00
     merge_iload       194  (        0 /        0 )  0.00
    merge_idload       194  (        0 /        0 )  0.00
      merge_drvr       194  (        0 /        0 )  0.00
      merge_load       194  (        0 /        0 )  0.00
           phase       194  (        0 /        0 )  0.00
          decomp       194  (        0 /        0 )  0.65
        p_decomp       194  (        0 /        0 )  0.29
       gate_deco        74  (        0 /        1 )  0.67
       gcomp_tim       167  (       24 /       34 )  0.79
        levelize       170  (        0 /        0 )  0.00
        mb_split       170  (        0 /        0 )  0.00
             dup       170  (        0 /        0 )  0.08
      mux_retime       170  (        0 /        0 )  0.00
       crr_local       170  (       19 /       40 )  4.01
       crr_local       151  (        4 /       11 )  2.63
         buf2inv       147  (        0 /        0 )  0.00

 init_area                    42      -90     -3173         0        0      154
            Worst cost_group: CLK, WNS: -90.5
            Path: iA[21] --> oS_reg[30]/D
 undup                        41      -90     -3173         0        0      148
            Worst cost_group: CLK, WNS: -90.5
            Path: iA[21] --> oS_reg[30]/D
 rem_buf                      40      -90     -3170         0        0      151
            Worst cost_group: CLK, WNS: -90.5
            Path: iA[21] --> oS_reg[30]/D
 rem_inv                      40      -90     -3168         0        0      151
            Worst cost_group: CLK, WNS: -90.5
            Path: iA[21] --> oS_reg[30]/D
 merge_bi                     40      -90     -3168         0        0      149
            Worst cost_group: CLK, WNS: -90.5
            Path: iA[21] --> oS_reg[30]/D
 io_phase                     39      -90     -3168         0        0      149
            Worst cost_group: CLK, WNS: -90.5
            Path: iA[21] --> oS_reg[30]/D
 gate_comp                    39      -90     -3165         0        0      149
            Worst cost_group: CLK, WNS: -90.5
            Path: iA[21] --> oS_reg[30]/D
 gcomp_mog                    39      -90     -3165         0        0      149
            Worst cost_group: CLK, WNS: -90.5
            Path: iA[21] --> oS_reg[30]/D
 glob_area                    39      -90     -3165         0        0      149
            Worst cost_group: CLK, WNS: -90.5
            Path: iA[21] --> oS_reg[30]/D
 area_down                    38      -90     -3165         0        0      149
            Worst cost_group: CLK, WNS: -90.5
            Path: iA[21] --> oS_reg[30]/D
 rem_buf                      38      -90     -3163         0        0      150
            Worst cost_group: CLK, WNS: -90.5
            Path: iA[21] --> oS_reg[30]/D
 rem_inv                      38      -90     -3163         0        0      150
            Worst cost_group: CLK, WNS: -90.5
            Path: iA[21] --> oS_reg[30]/D

           Trick     Calls     Accepts   Attempts    Time(secs) 
-----------------------------------------------------------
           undup        15  (        5 /       11 )  0.07
         rem_buf        32  (       18 /       26 )  0.07
         rem_inv        15  (        2 /       12 )  0.04
        merge_bi        15  (       11 /       15 )  0.04
      rem_inv_qb         0  (        0 /        0 )  0.00
    seq_res_area         1  (        0 /        0 )  0.11
        io_phase        33  (       10 /       12 )  0.07
       gate_comp        36  (        5 /        9 )  0.16
       gcomp_mog         3  (        1 /        1 )  0.04
       glob_area        12  (        4 /       12 )  0.08
       area_down        27  (        8 /       17 )  0.16
      size_n_buf         0  (        0 /        0 )  0.00
  gate_deco_area         0  (        0 /        0 )  0.00
         rem_buf        14  (        2 /        8 )  0.03
         rem_inv         9  (        2 /        6 )  0.02
        merge_bi         4  (        0 /        4 )  0.01
      rem_inv_qb         0  (        0 /        0 )  0.00

 
Incremental optimization status
===============================
                                   Group   
                                  Tot Wrst     Total - - - - DRC Totals - - - -
                           Total  Weighted      Neg      Max       Max     Max  
Operation                   Area   Slacks      Slack    Trans      Cap   Fanout 
 init_delay                   38      -90     -3163         0        0      150
            Worst cost_group: CLK, WNS: -90.5
            Path: iA[21] --> oS_reg[30]/D
 incr_delay                   39      -89     -3150         0        0      156
            Worst cost_group: CLK, WNS: -89.4
            Path: iB[4] --> oS_reg[23]/D
 incr_delay                   39      -89     -3149         0        0      156
            Worst cost_group: CLK, WNS: -89.3
            Path: iA[9] --> oS_reg[23]/D
 incr_delay                   39      -89     -3148         0        0      156
            Worst cost_group: CLK, WNS: -89.2
            Path: iA[9] --> oS_reg[23]/D
 incr_delay                   39      -89     -3160         0        0      157
            Worst cost_group: CLK, WNS: -89.0
            Path: iA[5] --> oS_reg[31]/D
 incr_delay                   39      -87     -3119         0        0      164
            Worst cost_group: CLK, WNS: -87.4
            Path: iA[8] --> oS_reg[24]/D
 incr_delay                   39      -87     -3119         0        0      164
            Worst cost_group: CLK, WNS: -87.4
            Path: iA[9] --> oS_reg[24]/D
 incr_delay                   39      -87     -3118         0        0      164
            Worst cost_group: CLK, WNS: -87.4
            Path: iA[9] --> oS_reg[24]/D
 incr_delay                   40      -86     -3129         0        0      164
            Worst cost_group: CLK, WNS: -86.4
            Path: iB[15] --> oS_reg[24]/D
 incr_delay                   40      -86     -3124         0        0      164
            Worst cost_group: CLK, WNS: -86.0
            Path: iB[1] --> oS_reg[23]/D
 incr_delay                   40      -85     -3120         0        0      164
            Worst cost_group: CLK, WNS: -85.9
            Path: iA[3] --> oS_reg[23]/D
 incr_delay                   40      -85     -3173         0        0      164
            Worst cost_group: CLK, WNS: -85.8
            Path: iB[7] --> oS_reg[23]/D
 incr_delay                   41      -85     -3159         0        0      163
            Worst cost_group: CLK, WNS: -85.3
            Path: iB[9] --> oS_reg[23]/D
 incr_delay                   41      -85     -3157         0        0      163
            Worst cost_group: CLK, WNS: -85.3
            Path: iA[9] --> oS_reg[23]/D
 incr_delay                   41      -85     -3156         0        0      162
            Worst cost_group: CLK, WNS: -85.3
            Path: iA[9] --> oS_reg[23]/D

           Trick     Calls     Accepts   Attempts    Time(secs) 
-----------------------------------------------------------
         crr_220        30  (        9 /       26 )  6.75
        crr_glob        58  (        9 /        9 )  0.18
         crr_200        18  (        1 /       15 )  0.49
        crr_glob        37  (        1 /        1 )  0.03
         crr_300        21  (        7 /       20 )  0.91
        crr_glob        63  (        6 /        7 )  0.07
         crr_400        15  (        3 /       12 )  1.17
        crr_glob        39  (        3 /        3 )  0.04
         crr_111        51  (       15 /       51 )  5.32
        crr_glob        93  (       14 /       15 )  0.20
         crr_210        18  (        2 /       15 )  1.80
        crr_glob        42  (        1 /        2 )  0.05
         crr_110        28  (        1 /       24 )  1.31
        crr_glob        36  (        0 /        1 )  0.06
         crr_101        29  (        2 /       25 )  1.14
        crr_glob        38  (        1 /        2 )  0.06
         crr_201        16  (        1 /       16 )  1.13
        crr_glob        36  (        0 /        1 )  0.04
         crr_211        17  (        2 /       17 )  3.86
        crr_glob        41  (        1 /        2 )  0.07
        crit_msz        79  (       13 /       14 )  0.17
       crit_upsz        65  (        9 /        9 )  0.19
       crit_slew        60  (        2 /        3 )  0.06
        setup_dn       110  (        0 /        0 )  0.06
    plc_bal_star         0  (        0 /        0 )  0.00
     drc_buftimb         0  (        0 /        0 )  0.00
          plc_st        58  (        0 /        0 )  0.00
    plc_st_fence        58  (        0 /        0 )  0.00
        plc_star        58  (        0 /        0 )  0.00
      plc_laf_st        58  (        0 /        0 )  0.00
 plc_laf_st_fence        58  (        0 /        0 )  0.00
     drc_buftims         0  (        0 /        0 )  0.00
       plc_lo_st        58  (        0 /        0 )  0.00
            fopt       127  (        7 /        9 )  0.09
       crit_swap        58  (        0 /        0 )  0.05
       mux2_swap        58  (        0 /        0 )  0.00
       crit_dnsz       109  (        0 /        0 )  0.14
       load_swap        58  (        0 /        0 )  0.07
            fopt       127  (        7 /        9 )  0.09
        setup_dn       110  (        0 /        0 )  0.06
       load_isol       104  (        0 /        0 )  0.34
       load_isol       104  (        0 /        0 )  0.34
        move_for       104  (        0 /        0 )  0.08
        move_for       104  (        0 /        0 )  0.08
          rem_bi       104  (        0 /        4 )  0.07
         offload       104  (        0 /        0 )  0.29
          rem_bi       104  (        0 /        4 )  0.07
         offload       104  (        0 /        0 )  0.29
       merge_bit        52  (        0 /        0 )  0.00
     merge_idrvr        52  (        0 /        0 )  0.00
     merge_iload        52  (        0 /        0 )  0.00
    merge_idload        52  (        0 /        0 )  0.00
      merge_drvr        52  (        0 /        0 )  0.00
      merge_load        52  (        0 /        0 )  0.00
           phase        52  (        0 /        0 )  0.00
          decomp        52  (        0 /        0 )  0.20
        p_decomp        52  (        0 /        0 )  0.13
       gate_deco        68  (        0 /        0 )  0.54
       gcomp_tim        35  (        0 /        0 )  0.17
        levelize        52  (        0 /        0 )  0.00
        mb_split        52  (        0 /        0 )  0.00
        in_phase        52  (        0 /        0 )  0.00
             dup        52  (        0 /        0 )  0.06
      mux_retime        52  (        0 /        0 )  0.00
         buf2inv        52  (        0 /        0 )  0.00
             exp        19  (        0 /        6 )  0.02
       gate_deco        68  (        0 /        0 )  0.54
       gcomp_tim        35  (        0 /        0 )  0.17
  inv_pair_2_buf        52  (        0 /        0 )  0.00
 init_drc                     41      -85     -3156         0        0      162
            Worst cost_group: CLK, WNS: -85.3
            Path: iA[9] --> oS_reg[23]/D

           Trick     Calls     Accepts   Attempts    Time(secs) 
-----------------------------------------------------------
          plc_st         0  (        0 /        0 )  0.00
        plc_star         0  (        0 /        0 )  0.00
        drc_bufs         0  (        0 /        0 )  0.00
        drc_fopt         0  (        0 /        0 )  0.00
        drc_bufb         0  (        0 /        0 )  0.00
      simple_buf         0  (        0 /        0 )  0.00
             dup         0  (        0 /        0 )  0.00
       crit_dnsz         0  (        0 /        0 )  0.00
       crit_upsz         0  (        0 /        0 )  0.00
       crit_slew         0  (        0 /        0 )  0.00


           Trick     Calls     Accepts   Attempts    Time(secs) 
-----------------------------------------------------------
          plc_st         0  (        0 /        0 )  0.00
        plc_star         0  (        0 /        0 )  0.00
      drc_buf_sp         0  (        0 /        0 )  0.00
        drc_bufs         0  (        0 /        0 )  0.00
        drc_fopt         0  (        0 /        0 )  0.00
        drc_bufb         0  (        0 /        0 )  0.00
      simple_buf         0  (        0 /        0 )  0.00
             dup         0  (        0 /        0 )  0.00
       crit_dnsz         0  (        0 /        0 )  0.00
       crit_upsz         0  (        0 /        0 )  0.00

 incr_max_fo                  41      -85     -3156         0        0      150
            Worst cost_group: CLK, WNS: -85.3
            Path: iA[9] --> oS_reg[23]/D

           Trick     Calls     Accepts   Attempts    Time(secs) 
-----------------------------------------------------------
          plc_st        73  (        0 /        0 )  0.00
        plc_star        73  (        0 /        0 )  0.00
      drc_buf_sp       146  (        0 /       73 )  0.29
        drc_bufs       146  (        0 /       73 )  0.22
        drc_fopt        73  (       10 /       26 )  0.09
        drc_bufb        63  (        0 /        0 )  0.00
             dup        63  (        0 /        0 )  0.00
       crit_dnsz       198  (        1 /        4 )  0.23
       crit_upsz        62  (        0 /        0 )  0.00

 init_tns                     41      -85     -3156         0        0      150
            Worst cost_group: CLK, WNS: -85.3
            Path: iA[9] --> oS_reg[23]/D
 incr_tns                     41      -84     -3066         0        0      154
            Worst cost_group: CLK, WNS: -84.6
            Path: iA[6] --> oS_reg[31]/D
 incr_tns                     41      -84     -3066         0        0      154
            Worst cost_group: CLK, WNS: -84.6
            Path: iA[6] --> oS_reg[31]/D

           Trick     Calls     Accepts   Attempts    Time(secs) 
-----------------------------------------------------------
            fopt        86  (        0 /        0 )  0.00
    plc_bal_star         0  (        0 /        0 )  0.00
     drc_buftimb         0  (        0 /        0 )  0.00
     drc_buftims         0  (        0 /        0 )  0.00
        crit_msz        86  (        7 /       15 )  0.23
       crit_upsz        79  (        9 /       17 )  0.32
   plc_laf_lo_st        70  (        0 /        0 )  0.00
       plc_lo_st        70  (        0 /        0 )  0.00
       crit_swap        70  (        0 /        4 )  0.08
       mux2_swap        70  (        0 /        0 )  0.00
       crit_dnsz       117  (        4 /        8 )  0.15
       load_swap        66  (        1 /        4 )  0.04
            fopt        65  (        1 /        5 )  0.06
        setup_dn        64  (        0 /        0 )  0.02
       load_isol        64  (        0 /        0 )  0.30
       load_isol        64  (        0 /        0 )  0.08
        move_for        64  (        0 /        0 )  0.02
        move_for        64  (        0 /        0 )  0.01
          rem_bi        64  (        0 /        0 )  0.02
         offload        64  (        1 /        1 )  0.03
          rem_bi        63  (        1 /        2 )  0.05
         offload        62  (        1 /        2 )  0.12
       merge_bit        63  (        2 /        2 )  0.00
     merge_idrvr        59  (        0 /        0 )  0.00
     merge_iload        59  (        0 /        0 )  0.00
    merge_idload        59  (        0 /        0 )  0.00
      merge_drvr        59  (        0 /        0 )  0.00
      merge_load        59  (        0 /        0 )  0.00
           phase        59  (        0 /        0 )  0.00
          decomp        59  (        0 /        0 )  0.21
        p_decomp        59  (        0 /        0 )  0.13
       gate_deco        31  (        0 /        0 )  0.26
       gcomp_tim        81  (        5 /       13 )  0.39
        levelize        54  (        0 /        0 )  0.00
        mb_split        54  (        0 /        0 )  0.00
             dup        54  (        0 /        1 )  0.06
      mux_retime        54  (        0 /        0 )  0.00
       crr_local        54  (        6 /       15 )  1.45
       crr_local        48  (        0 /        8 )  0.85
         buf2inv        48  (        0 /        0 )  0.00

 init_area                    41      -84     -3066         0        0      154
            Worst cost_group: CLK, WNS: -84.6
            Path: iA[6] --> oS_reg[31]/D
 undup                        41      -84     -3066         0        0      152
            Worst cost_group: CLK, WNS: -84.6
            Path: iA[6] --> oS_reg[31]/D
 rem_buf                      41      -84     -3066         0        0      153
            Worst cost_group: CLK, WNS: -84.6
            Path: iA[6] --> oS_reg[31]/D
 merge_bi                     41      -84     -3066         0        0      153
            Worst cost_group: CLK, WNS: -84.6
            Path: iA[6] --> oS_reg[31]/D
 io_phase                     41      -84     -3066         0        0      153
            Worst cost_group: CLK, WNS: -84.6
            Path: iA[6] --> oS_reg[31]/D
 gate_comp                    41      -84     -3066         0        0      151
            Worst cost_group: CLK, WNS: -84.6
            Path: iA[6] --> oS_reg[31]/D
 glob_area                    41      -84     -3066         0        0      151
            Worst cost_group: CLK, WNS: -84.6
            Path: iA[6] --> oS_reg[31]/D
 area_down                    40      -84     -3066         0        0      151
            Worst cost_group: CLK, WNS: -84.6
            Path: iA[6] --> oS_reg[31]/D

           Trick     Calls     Accepts   Attempts    Time(secs) 
-----------------------------------------------------------
           undup         4  (        1 /        2 )  0.02
         rem_buf        35  (        7 /       24 )  0.08
         rem_inv         8  (        0 /        6 )  0.02
        merge_bi         4  (        2 /        4 )  0.01
      rem_inv_qb         0  (        0 /        0 )  0.00
        io_phase        30  (        2 /        4 )  0.07
       gate_comp        43  (        2 /        4 )  0.16
       gcomp_mog         1  (        0 /        0 )  0.03
       glob_area        11  (        2 /       11 )  0.08
       area_down        33  (       13 /       19 )  0.17
      size_n_buf         0  (        0 /        0 )  0.00
  gate_deco_area         0  (        0 /        0 )  0.00

 
Incremental optimization status
===============================
                                   Group   
                                  Tot Wrst     Total - - - - DRC Totals - - - -
                           Total  Weighted      Neg      Max       Max     Max  
Operation                   Area   Slacks      Slack    Trans      Cap   Fanout 
 init_delay                   40      -84     -3066         0        0      151
            Worst cost_group: CLK, WNS: -84.6
            Path: iA[6] --> oS_reg[31]/D
 incr_delay                   40      -84     -3076         0        0      151
            Worst cost_group: CLK, WNS: -84.6
            Path: iB[7] --> oS_reg[23]/D
 incr_delay                   40      -84     -3076         0        0      153
            Worst cost_group: CLK, WNS: -84.6
            Path: iB[9] --> oS_reg[23]/D

           Trick     Calls     Accepts   Attempts    Time(secs) 
-----------------------------------------------------------
        crit_msz        64  (        0 /        0 )  0.12
       crit_upsz        64  (        0 /        1 )  0.17
       crit_slew        64  (        0 /        2 )  0.06
        setup_dn        59  (        2 /        2 )  0.04
    plc_bal_star         0  (        0 /        0 )  0.00
     drc_buftimb         0  (        0 /        0 )  0.00
          plc_st        54  (        0 /        0 )  0.00
    plc_st_fence        54  (        0 /        0 )  0.00
        plc_star        54  (        0 /        0 )  0.00
      plc_laf_st        54  (        0 /        0 )  0.00
 plc_laf_st_fence        54  (        0 /        0 )  0.00
     drc_buftims         0  (        0 /        0 )  0.00
   plc_laf_lo_st        54  (        0 /        0 )  0.00
       plc_lo_st        54  (        0 /        0 )  0.00
            fopt        54  (        0 /        0 )  0.00
       crit_swap        54  (        0 /        0 )  0.03
       mux2_swap        54  (        0 /        0 )  0.00
       crit_dnsz       125  (        0 /        0 )  0.15
       load_swap        54  (        0 /        0 )  0.07
            fopt        54  (        0 /        2 )  0.03
        setup_dn        54  (        0 /        0 )  0.01
       load_isol        54  (        0 /        0 )  0.23
       load_isol        54  (        0 /        0 )  0.09
        move_for        54  (        0 /        0 )  0.03
        move_for        54  (        0 /        0 )  0.03
          rem_bi        54  (        0 /        0 )  0.00
         offload        54  (        0 /        0 )  0.00
          rem_bi        54  (        0 /        3 )  0.06
         offload        54  (        0 /        0 )  0.22
           phase        54  (        0 /        0 )  0.00
        in_phase        54  (        0 /        0 )  0.00
       merge_bit        54  (        0 /        0 )  0.00
     merge_idrvr        54  (        0 /        0 )  0.00
     merge_iload        54  (        0 /        0 )  0.00
    merge_idload        54  (        0 /        0 )  0.00
      merge_drvr        54  (        0 /        0 )  0.00
      merge_load        54  (        0 /        0 )  0.00
          decomp        54  (        0 /        0 )  0.20
        p_decomp        54  (        0 /        0 )  0.15
       gate_deco        28  (        0 /        0 )  0.28
       gcomp_tim        17  (        0 /        0 )  0.09
        levelize        54  (        0 /        0 )  0.00
        mb_split        54  (        0 /        0 )  0.00
             dup        53  (        1 /        1 )  0.08
      mux_retime        49  (        0 /        0 )  0.00
         buf2inv        49  (        0 /        0 )  0.00
             exp         5  (        1 /        1 )  0.00
       gate_deco        30  (        0 /        0 )  0.25
       gcomp_tim        13  (        0 /        0 )  0.07
  inv_pair_2_buf        47  (        0 /        0 )  0.00

 init_drc                     40      -84     -3076         0        0      153
            Worst cost_group: CLK, WNS: -84.6
            Path: iB[9] --> oS_reg[23]/D

           Trick     Calls     Accepts   Attempts    Time(secs) 
-----------------------------------------------------------
          plc_st         0  (        0 /        0 )  0.00
        plc_star         0  (        0 /        0 )  0.00
        drc_bufs         0  (        0 /        0 )  0.00
        drc_fopt         0  (        0 /        0 )  0.00
        drc_bufb         0  (        0 /        0 )  0.00
      simple_buf         0  (        0 /        0 )  0.00
             dup         0  (        0 /        0 )  0.00
       crit_dnsz         0  (        0 /        0 )  0.00
       crit_upsz         0  (        0 /        0 )  0.00
       crit_slew         0  (        0 /        0 )  0.00


           Trick     Calls     Accepts   Attempts    Time(secs) 
-----------------------------------------------------------
          plc_st         0  (        0 /        0 )  0.00
        plc_star         0  (        0 /        0 )  0.00
      drc_buf_sp         0  (        0 /        0 )  0.00
        drc_bufs         0  (        0 /        0 )  0.00
        drc_fopt         0  (        0 /        0 )  0.00
        drc_bufb         0  (        0 /        0 )  0.00
      simple_buf         0  (        0 /        0 )  0.00
             dup         0  (        0 /        0 )  0.00
       crit_dnsz         0  (        0 /        0 )  0.00
       crit_upsz         0  (        0 /        0 )  0.00

 incr_max_fo                  40      -84     -3076         0        0      150
            Worst cost_group: CLK, WNS: -84.6
            Path: iB[9] --> oS_reg[23]/D

           Trick     Calls     Accepts   Attempts    Time(secs) 
-----------------------------------------------------------
          plc_st        65  (        0 /        0 )  0.00
        plc_star        65  (        0 /        0 )  0.00
      drc_buf_sp       130  (        0 /       65 )  0.29
        drc_bufs       130  (        0 /       65 )  0.21
        drc_fopt        65  (        3 /       22 )  0.09
        drc_bufb        62  (        0 /        0 )  0.00
             dup        62  (        0 /        0 )  0.00
       crit_dnsz       198  (        0 /        2 )  0.24
       crit_upsz        62  (        0 /        0 )  0.00

 init_area                    40      -84     -3076         0        0      150
            Worst cost_group: CLK, WNS: -84.6
            Path: iB[9] --> oS_reg[23]/D
 rem_buf                      40      -84     -3076         0        0      150
            Worst cost_group: CLK, WNS: -84.6
            Path: iB[9] --> oS_reg[23]/D
 merge_bi                     40      -84     -3076         0        0      150
            Worst cost_group: CLK, WNS: -84.6
            Path: iB[9] --> oS_reg[23]/D
 gate_comp                    40      -84     -3076         0        0      150
            Worst cost_group: CLK, WNS: -84.6
            Path: iB[9] --> oS_reg[23]/D
 area_down                    40      -84     -3066         0        0      150
            Worst cost_group: CLK, WNS: -84.6
            Path: iA[6] --> oS_reg[31]/D

           Trick     Calls     Accepts   Attempts    Time(secs) 
-----------------------------------------------------------
           undup         3  (        0 /        1 )  0.02
         rem_buf        29  (        4 /       18 )  0.07
         rem_inv        12  (        0 /       10 )  0.04
        merge_bi         4  (        2 /        4 )  0.01
      rem_inv_qb         0  (        0 /        0 )  0.00
        io_phase        28  (        0 /        2 )  0.08
       gate_comp        44  (        1 /        4 )  0.16
       gcomp_mog         1  (        0 /        0 )  0.03
       glob_area        10  (        0 /       10 )  0.08
       area_down        32  (        8 /       16 )  0.17
      size_n_buf         0  (        0 /        0 )  0.00
  gate_deco_area         0  (        0 /        0 )  0.00

 
Incremental optimization status
===============================
                                   Group   
                                  Tot Wrst     Total - - - - DRC Totals - - - -
                           Total  Weighted      Neg      Max       Max     Max  
Operation                   Area   Slacks      Slack    Trans      Cap   Fanout 
 init_iopt                    40      -84     -3066         0        0      150
            Worst cost_group: CLK, WNS: -84.6
            Path: iA[6] --> oS_reg[31]/D
-------------------------------------------------------------------------------
 const_prop                   40      -84     -3066         0        0      150
            Worst cost_group: CLK, WNS: -84.6
            Path: iA[6] --> oS_reg[31]/D
-------------------------------------------------------------------------------
 hi_fo_buf                    40      -84     -3066         0        0      150
            Worst cost_group: CLK, WNS: -84.6
            Path: iA[6] --> oS_reg[31]/D

           Trick     Calls     Accepts   Attempts    Time(secs) 
-----------------------------------------------------------
       hi_fo_buf         0  (        0 /        0 )  0.00

 
Incremental optimization status
===============================
                                   Group   
                                  Tot Wrst     Total - - - - DRC Totals - - - -
                           Total  Weighted      Neg      Max       Max     Max  
Operation                   Area   Slacks      Slack    Trans      Cap   Fanout 
 init_delay                   40      -84     -3066         0        0      150
            Worst cost_group: CLK, WNS: -84.6
            Path: iA[6] --> oS_reg[31]/D
 incr_delay                   40      -84     -3064         0        0      150
            Worst cost_group: CLK, WNS: -84.6
            Path: iB[9] --> oS_reg[24]/D

           Trick     Calls     Accepts   Attempts    Time(secs) 
-----------------------------------------------------------
        crit_msz        45  (        4 /        5 )  0.10
       crit_upsz        32  (        0 /        0 )  0.03
       crit_slew        33  (        1 /        1 )  0.03
        setup_dn        32  (        0 /        0 )  0.03
    plc_bal_star         0  (        0 /        0 )  0.00
     drc_buftimb         0  (        0 /        0 )  0.00
          plc_st        32  (        0 /        0 )  0.00
    plc_st_fence        32  (        0 /        0 )  0.00
        plc_star        32  (        0 /        0 )  0.00
      plc_laf_st        32  (        0 /        0 )  0.00
 plc_laf_st_fence        32  (        0 /        0 )  0.00
     drc_buftims         0  (        0 /        0 )  0.00
   plc_laf_lo_st        32  (        0 /        0 )  0.00
       plc_lo_st        32  (        0 /        0 )  0.00
            fopt        32  (        0 /        0 )  0.00
       crit_swap        32  (        0 /        0 )  0.03
       mux2_swap        32  (        0 /        0 )  0.00
       crit_dnsz        74  (        0 /        0 )  0.09
       load_swap        32  (        0 /        0 )  0.04
            fopt        32  (        0 /        3 )  0.02
        setup_dn        32  (        0 /        0 )  0.01
       load_isol        32  (        0 /        0 )  0.14
       load_isol        32  (        0 /        0 )  0.06
        move_for        32  (        0 /        0 )  0.02
        move_for        32  (        0 /        0 )  0.02
          rem_bi        32  (        0 /        0 )  0.00
         offload        32  (        0 /        0 )  0.00
          rem_bi        32  (        0 /        2 )  0.03
         offload        32  (        0 /        0 )  0.14
           phase        32  (        0 /        0 )  0.00
        in_phase        32  (        0 /        0 )  0.00
       merge_bit        32  (        0 /        0 )  0.00
     merge_idrvr        32  (        0 /        0 )  0.00
     merge_iload        32  (        0 /        0 )  0.00
    merge_idload        32  (        0 /        0 )  0.00
      merge_drvr        32  (        0 /        0 )  0.00
      merge_load        32  (        0 /        0 )  0.00
          decomp        32  (        0 /        0 )  0.12
        p_decomp        32  (        0 /        0 )  0.07
       gate_deco        19  (        0 /        0 )  0.14
       gcomp_tim        13  (        0 /        0 )  0.06
        levelize        32  (        0 /        0 )  0.00
        mb_split        32  (        0 /        0 )  0.00
             dup        32  (        0 /        0 )  0.04
      mux_retime        32  (        0 /        0 )  0.00
         buf2inv        32  (        0 /        0 )  0.00
             exp         8  (        0 /        3 )  0.01
       gate_deco        20  (        0 /        0 )  0.16
       gcomp_tim         8  (        0 /        0 )  0.04
  inv_pair_2_buf        32  (        0 /        0 )  0.00

 incr_delay                   40      -84     -3063         0        0      150
            Worst cost_group: CLK, WNS: -84.6
            Path: iA[11] --> oS_reg[24]/D
 incr_delay                   40      -84     -3063         0        0      150
            Worst cost_group: CLK, WNS: -84.6
            Path: iA[11] --> oS_reg[24]/D

           Trick     Calls     Accepts   Attempts    Time(secs) 
-----------------------------------------------------------
         crr_220         4  (        0 /        4 )  0.86
        crr_glob         9  (        0 /        0 )  0.02
         crr_200         4  (        0 /        4 )  0.12
        crr_glob         9  (        0 /        0 )  0.01
         crr_300         4  (        0 /        3 )  0.22
        crr_glob         9  (        0 /        0 )  0.01
         crr_400         3  (        0 /        3 )  0.24
        crr_glob         9  (        0 /        0 )  0.01
         crr_111         8  (        2 /        8 )  0.82
        crr_glob        14  (        1 /        2 )  0.03
         crr_210         4  (        1 /        4 )  0.46
        crr_glob         9  (        0 /        1 )  0.01
         crr_110         7  (        2 /        6 )  0.33
        crr_glob         9  (        0 /        2 )  0.02
         crr_101         7  (        1 /        6 )  0.24
        crr_glob         9  (        0 /        1 )  0.02
         crr_201         4  (        0 /        4 )  0.21
        crr_glob         9  (        0 /        0 )  0.01
         crr_211         4  (        0 /        4 )  0.57
        crr_glob         9  (        0 /        0 )  0.02
        crit_msz        14  (        1 /        1 )  0.03
       crit_upsz        13  (        0 /        0 )  0.01
       crit_slew        13  (        0 /        0 )  0.01
        setup_dn        26  (        0 /        0 )  0.02
    plc_bal_star         0  (        0 /        0 )  0.00
     drc_buftimb         0  (        0 /        0 )  0.00
          plc_st        13  (        0 /        0 )  0.00
    plc_st_fence        13  (        0 /        0 )  0.00
        plc_star        13  (        0 /        0 )  0.00
      plc_laf_st        13  (        0 /        0 )  0.00
 plc_laf_st_fence        13  (        0 /        0 )  0.00
     drc_buftims         0  (        0 /        0 )  0.00
       plc_lo_st        13  (        0 /        0 )  0.00
            fopt        26  (        0 /        1 )  0.01
       crit_swap        13  (        0 /        0 )  0.01
       mux2_swap        13  (        0 /        0 )  0.00
       crit_dnsz        27  (        0 /        0 )  0.03
       load_swap        13  (        0 /        0 )  0.01
            fopt        26  (        0 /        1 )  0.01
        setup_dn        26  (        0 /        0 )  0.02
       load_isol        26  (        0 /        0 )  0.10
       load_isol        26  (        0 /        0 )  0.10
        move_for        26  (        0 /        0 )  0.02
        move_for        26  (        0 /        0 )  0.02
          rem_bi        26  (        0 /        1 )  0.02
         offload        26  (        0 /        0 )  0.07
          rem_bi        26  (        0 /        1 )  0.02
         offload        26  (        0 /        0 )  0.07
       merge_bit        13  (        0 /        0 )  0.00
     merge_idrvr        13  (        0 /        0 )  0.00
     merge_iload        13  (        0 /        0 )  0.00
    merge_idload        13  (        0 /        0 )  0.00
      merge_drvr        13  (        0 /        0 )  0.00
      merge_load        13  (        0 /        0 )  0.00
           phase        13  (        0 /        0 )  0.00
          decomp        13  (        0 /        0 )  0.06
        p_decomp        13  (        0 /        0 )  0.03
       gate_deco        18  (        0 /        0 )  0.14
       gcomp_tim        16  (        0 /        0 )  0.07
        levelize        13  (        0 /        0 )  0.00
        mb_split        13  (        0 /        0 )  0.00
        in_phase        13  (        0 /        0 )  0.00
             dup        13  (        0 /        0 )  0.01
      mux_retime        13  (        0 /        0 )  0.00
         buf2inv        13  (        0 /        0 )  0.00
             exp         4  (        0 /        0 )  0.00
       gate_deco        18  (        0 /        0 )  0.14
       gcomp_tim        16  (        0 /        0 )  0.07
  inv_pair_2_buf        13  (        0 /        0 )  0.00
 init_drc                     40      -84     -3063         0        0      150
            Worst cost_group: CLK, WNS: -84.6
            Path: iA[11] --> oS_reg[24]/D

           Trick     Calls     Accepts   Attempts    Time(secs) 
-----------------------------------------------------------
          plc_st         0  (        0 /        0 )  0.00
        plc_star         0  (        0 /        0 )  0.00
        drc_bufs         0  (        0 /        0 )  0.00
        drc_fopt         0  (        0 /        0 )  0.00
        drc_bufb         0  (        0 /        0 )  0.00
      simple_buf         0  (        0 /        0 )  0.00
             dup         0  (        0 /        0 )  0.00
       crit_dnsz         0  (        0 /        0 )  0.00
       crit_upsz         0  (        0 /        0 )  0.00
       crit_slew         0  (        0 /        0 )  0.00


           Trick     Calls     Accepts   Attempts    Time(secs) 
-----------------------------------------------------------
          plc_st         0  (        0 /        0 )  0.00
        plc_star         0  (        0 /        0 )  0.00
      drc_buf_sp         0  (        0 /        0 )  0.00
        drc_bufs         0  (        0 /        0 )  0.00
        drc_fopt         0  (        0 /        0 )  0.00
        drc_bufb         0  (        0 /        0 )  0.00
      simple_buf         0  (        0 /        0 )  0.00
             dup         0  (        0 /        0 )  0.00
       crit_dnsz         0  (        0 /        0 )  0.00
       crit_upsz         0  (        0 /        0 )  0.00


           Trick     Calls     Accepts   Attempts    Time(secs) 
-----------------------------------------------------------
          plc_st        62  (        0 /        0 )  0.00
        plc_star        62  (        0 /        0 )  0.00
      drc_buf_sp       124  (        0 /       62 )  0.31
        drc_bufs       124  (        0 /       62 )  0.26
        drc_fopt        62  (        0 /       21 )  0.11
        drc_bufb        62  (        0 /        0 )  0.00
             dup        62  (        0 /        0 )  0.00
       crit_dnsz       199  (        0 /        2 )  0.23
       crit_upsz        62  (        0 /        0 )  0.00

 init_tns                     40      -84     -3063         0        0      150
            Worst cost_group: CLK, WNS: -84.6
            Path: iA[11] --> oS_reg[24]/D
 incr_tns                     40      -84     -3055         0        0      152
            Worst cost_group: CLK, WNS: -84.4
            Path: iA[11] --> oS_reg[23]/D
 incr_tns                     40      -84     -3055         0        0      152
            Worst cost_group: CLK, WNS: -84.4
            Path: iA[11] --> oS_reg[23]/D

           Trick     Calls     Accepts   Attempts    Time(secs) 
-----------------------------------------------------------
            fopt       149  (        0 /        0 )  0.01
    plc_bal_star         0  (        0 /        0 )  0.00
     drc_buftimb         0  (        0 /        0 )  0.00
     drc_buftims         0  (        0 /        0 )  0.00
        crit_msz       149  (        6 /       10 )  0.42
       crit_upsz       143  (        3 /        7 )  0.23
   plc_laf_lo_st       140  (        0 /        0 )  0.00
       plc_lo_st       140  (        0 /        0 )  0.00
       crit_swap       140  (        1 /        6 )  0.20
       mux2_swap       139  (        0 /        0 )  0.00
       crit_dnsz       162  (        0 /        1 )  0.20
       load_swap       139  (        0 /        1 )  0.04
            fopt       139  (        0 /        0 )  0.06
        setup_dn       139  (        0 /        0 )  0.08
       load_isol       139  (        0 /        0 )  0.51
       load_isol       139  (        0 /        0 )  0.10
        move_for       139  (        0 /        0 )  0.02
        move_for       139  (        0 /        0 )  0.01
          rem_bi       139  (        0 /        0 )  0.01
         offload       139  (        0 /        0 )  0.01
          rem_bi       139  (        0 /        1 )  0.04
         offload       139  (        0 /        1 )  0.13
       merge_bit       139  (        0 /        0 )  0.00
     merge_idrvr       139  (        0 /        0 )  0.00
     merge_iload       139  (        0 /        0 )  0.00
    merge_idload       139  (        0 /        0 )  0.01
      merge_drvr       139  (        0 /        0 )  0.00
      merge_load       139  (        0 /        0 )  0.00
           phase       139  (        0 /        0 )  0.00
          decomp       139  (        0 /        0 )  0.48
        p_decomp       139  (        0 /        0 )  0.24
       gate_deco        55  (        0 /        0 )  0.51
       gcomp_tim       118  (        1 /        9 )  0.60
        levelize       138  (        0 /        0 )  0.01
        mb_split       138  (        0 /        0 )  0.00
             dup       138  (        2 /        2 )  0.10
      mux_retime       136  (        0 /        0 )  0.00
       crr_local       136  (        3 /       18 )  3.35
       crr_local       133  (        4 /       10 )  2.38
         buf2inv       129  (        0 /        0 )  0.00

 
Incremental optimization status
===============================
                                   Group   
                                  Tot Wrst     Total - - - - DRC Totals - - - -
                           Total  Weighted      Neg      Max       Max     Max  
Operation                   Area   Slacks      Slack    Trans      Cap   Fanout 
 init_delay                   40      -84     -3055         0        0      152
            Worst cost_group: CLK, WNS: -84.4
            Path: iA[11] --> oS_reg[23]/D

           Trick     Calls     Accepts   Attempts    Time(secs) 
-----------------------------------------------------------
         crr_220         4  (        0 /        4 )  0.93
        crr_glob         9  (        0 /        0 )  0.02
         crr_200         4  (        0 /        4 )  0.12
        crr_glob         9  (        0 /        0 )  0.01
         crr_300         4  (        0 /        3 )  0.18
        crr_glob         9  (        0 /        0 )  0.01
         crr_400         3  (        0 /        3 )  0.21
        crr_glob         9  (        0 /        0 )  0.01
         crr_111         7  (        0 /        7 )  0.82
        crr_glob         9  (        0 /        0 )  0.02
         crr_210         4  (        0 /        4 )  0.47
        crr_glob         9  (        0 /        0 )  0.01
         crr_110         7  (        1 /        6 )  0.40
        crr_glob         9  (        0 /        1 )  0.02
         crr_101         7  (        0 /        6 )  0.26
        crr_glob         9  (        0 /        0 )  0.01
         crr_201         4  (        0 /        4 )  0.27
        crr_glob         9  (        0 /        0 )  0.01
         crr_211         4  (        0 /        4 )  0.63
        crr_glob         9  (        0 /        0 )  0.02
        crit_msz        11  (        0 /        0 )  0.02
       crit_upsz        11  (        0 /        0 )  0.03
       crit_slew        11  (        0 /        0 )  0.01
        setup_dn        22  (        0 /        0 )  0.01
    plc_bal_star         0  (        0 /        0 )  0.00
     drc_buftimb         0  (        0 /        0 )  0.00
          plc_st        11  (        0 /        0 )  0.00
    plc_st_fence        11  (        0 /        0 )  0.00
        plc_star        11  (        0 /        0 )  0.00
      plc_laf_st        11  (        0 /        0 )  0.00
 plc_laf_st_fence        11  (        0 /        0 )  0.00
     drc_buftims         0  (        0 /        0 )  0.00
       plc_lo_st        11  (        0 /        0 )  0.00
            fopt        22  (        0 /        1 )  0.02
       crit_swap        11  (        0 /        0 )  0.01
       mux2_swap        11  (        0 /        0 )  0.00
       crit_dnsz        27  (        0 /        0 )  0.03
       load_swap        11  (        0 /        0 )  0.01
            fopt        22  (        0 /        1 )  0.02
        setup_dn        22  (        0 /        0 )  0.01
       load_isol        22  (        0 /        0 )  0.08
       load_isol        22  (        0 /        0 )  0.08
        move_for        22  (        0 /        0 )  0.02
        move_for        22  (        0 /        0 )  0.02
          rem_bi        22  (        0 /        1 )  0.02
         offload        22  (        0 /        0 )  0.07
          rem_bi        22  (        0 /        1 )  0.02
         offload        22  (        0 /        0 )  0.07
       merge_bit        11  (        0 /        0 )  0.00
     merge_idrvr        11  (        0 /        0 )  0.00
     merge_iload        11  (        0 /        0 )  0.00
    merge_idload        11  (        0 /        0 )  0.00
      merge_drvr        11  (        0 /        0 )  0.00
      merge_load        11  (        0 /        0 )  0.00
           phase        11  (        0 /        0 )  0.00
          decomp        11  (        0 /        0 )  0.05
        p_decomp        11  (        0 /        0 )  0.03
       gate_deco        16  (        0 /        0 )  0.13
       gcomp_tim        16  (        0 /        0 )  0.07
        levelize        11  (        0 /        0 )  0.00
        mb_split        11  (        0 /        0 )  0.00
        in_phase        11  (        0 /        0 )  0.00
             dup        11  (        0 /        0 )  0.01
      mux_retime        11  (        0 /        0 )  0.00
         buf2inv        11  (        0 /        0 )  0.00
             exp         3  (        0 /        2 )  0.01
       gate_deco        16  (        0 /        0 )  0.13
       gcomp_tim        16  (        0 /        0 )  0.07
  inv_pair_2_buf        11  (        0 /        0 )  0.00
 init_drc                     40      -84     -3055         0        0      152
            Worst cost_group: CLK, WNS: -84.4
            Path: iA[11] --> oS_reg[23]/D

           Trick     Calls     Accepts   Attempts    Time(secs) 
-----------------------------------------------------------
          plc_st         0  (        0 /        0 )  0.00
        plc_star         0  (        0 /        0 )  0.00
        drc_bufs         0  (        0 /        0 )  0.00
        drc_fopt         0  (        0 /        0 )  0.00
        drc_bufb         0  (        0 /        0 )  0.00
      simple_buf         0  (        0 /        0 )  0.00
             dup         0  (        0 /        0 )  0.00
       crit_dnsz         0  (        0 /        0 )  0.00
       crit_upsz         0  (        0 /        0 )  0.00
       crit_slew         0  (        0 /        0 )  0.00


           Trick     Calls     Accepts   Attempts    Time(secs) 
-----------------------------------------------------------
          plc_st         0  (        0 /        0 )  0.00
        plc_star         0  (        0 /        0 )  0.00
      drc_buf_sp         0  (        0 /        0 )  0.00
        drc_bufs         0  (        0 /        0 )  0.00
        drc_fopt         0  (        0 /        0 )  0.00
        drc_bufb         0  (        0 /        0 )  0.00
      simple_buf         0  (        0 /        0 )  0.00
             dup         0  (        0 /        0 )  0.00
       crit_dnsz         0  (        0 /        0 )  0.00
       crit_upsz         0  (        0 /        0 )  0.00

 incr_max_fo                  40      -84     -3055         0        0      150
            Worst cost_group: CLK, WNS: -84.4
            Path: iA[11] --> oS_reg[23]/D

           Trick     Calls     Accepts   Attempts    Time(secs) 
-----------------------------------------------------------
          plc_st        65  (        0 /        0 )  0.00
        plc_star        65  (        0 /        0 )  0.00
      drc_buf_sp       130  (        0 /       65 )  0.29
        drc_bufs       130  (        0 /       65 )  0.23
        drc_fopt        65  (        2 /       21 )  0.09
        drc_bufb        63  (        0 /        0 )  0.00
             dup        63  (        0 /        0 )  0.00
       crit_dnsz       200  (        1 /        2 )  0.23
       crit_upsz        62  (        0 /        0 )  0.00

 init_tns                     40      -84     -3055         0        0      150
            Worst cost_group: CLK, WNS: -84.4
            Path: iA[11] --> oS_reg[23]/D
 incr_tns                     40      -84     -3055         0        0      150
            Worst cost_group: CLK, WNS: -84.4
            Path: iA[11] --> oS_reg[23]/D

           Trick     Calls     Accepts   Attempts    Time(secs) 
-----------------------------------------------------------
            fopt         1  (        0 /        0 )  0.00
    plc_bal_star         0  (        0 /        0 )  0.00
     drc_buftimb         0  (        0 /        0 )  0.00
     drc_buftims         0  (        0 /        0 )  0.00
        crit_msz         1  (        0 /        0 )  0.00
       crit_upsz         1  (        0 /        0 )  0.00
   plc_laf_lo_st         1  (        0 /        0 )  0.00
       plc_lo_st         1  (        0 /        0 )  0.00
       crit_swap         1  (        0 /        0 )  0.00
       mux2_swap         1  (        0 /        0 )  0.00
       crit_dnsz         1  (        0 /        0 )  0.00
       load_swap         1  (        0 /        0 )  0.00
            fopt         1  (        0 /        0 )  0.00
        setup_dn         1  (        0 /        0 )  0.00
       load_isol         1  (        0 /        0 )  0.00
       load_isol         1  (        0 /        0 )  0.00
        move_for         1  (        0 /        0 )  0.00
        move_for         1  (        0 /        0 )  0.00
          rem_bi         1  (        0 /        0 )  0.00
         offload         1  (        0 /        0 )  0.00
          rem_bi         1  (        0 /        0 )  0.00
         offload         1  (        0 /        0 )  0.00
       merge_bit         1  (        0 /        0 )  0.00
     merge_idrvr         1  (        0 /        0 )  0.00
     merge_iload         1  (        0 /        0 )  0.00
    merge_idload         1  (        0 /        0 )  0.00
      merge_drvr         1  (        0 /        0 )  0.00
      merge_load         1  (        0 /        0 )  0.00
           phase         1  (        0 /        0 )  0.00
          decomp         1  (        0 /        0 )  0.01
        p_decomp         1  (        0 /        0 )  0.00
       gate_deco         2  (        0 /        0 )  0.02
       gcomp_tim         4  (        0 /        0 )  0.01
        levelize         1  (        0 /        0 )  0.00
        mb_split         1  (        0 /        0 )  0.00
             dup         1  (        0 /        0 )  0.00
      mux_retime         1  (        0 /        0 )  0.00
       crr_local         1  (        0 /        0 )  0.02
       crr_local         1  (        0 /        0 )  0.02
         buf2inv         1  (        0 /        0 )  0.00

 
Incremental optimization status
===============================
                                   Group   
                                  Tot Wrst     Total - - - - DRC Totals - - - -
                           Total  Weighted      Neg      Max       Max     Max  
Operation                   Area   Slacks      Slack    Trans      Cap   Fanout 
 init_delay                   40      -84     -3055         0        0      150
            Worst cost_group: CLK, WNS: -84.4
            Path: iA[11] --> oS_reg[23]/D

           Trick     Calls     Accepts   Attempts    Time(secs) 
-----------------------------------------------------------
        crit_msz        11  (        0 /        0 )  0.03
       crit_upsz        11  (        0 /        0 )  0.03
       crit_slew        11  (        0 /        0 )  0.01
        setup_dn        11  (        0 /        0 )  0.01
    plc_bal_star         0  (        0 /        0 )  0.00
     drc_buftimb         0  (        0 /        0 )  0.00
          plc_st        11  (        0 /        0 )  0.00
    plc_st_fence        11  (        0 /        0 )  0.00
        plc_star        11  (        0 /        0 )  0.00
      plc_laf_st        11  (        0 /        0 )  0.00
 plc_laf_st_fence        11  (        0 /        0 )  0.00
     drc_buftims         0  (        0 /        0 )  0.00
   plc_laf_lo_st        11  (        0 /        0 )  0.00
       plc_lo_st        11  (        0 /        0 )  0.00
            fopt        11  (        0 /        0 )  0.00
       crit_swap        11  (        0 /        0 )  0.01
       mux2_swap        11  (        0 /        0 )  0.00
       crit_dnsz        29  (        0 /        0 )  0.03
       load_swap        11  (        0 /        0 )  0.01
            fopt        11  (        0 /        1 )  0.02
        setup_dn        11  (        0 /        0 )  0.01
       load_isol        11  (        0 /        0 )  0.07
       load_isol        11  (        0 /        0 )  0.02
        move_for        11  (        0 /        0 )  0.01
        move_for        11  (        0 /        0 )  0.01
          rem_bi        11  (        0 /        0 )  0.00
         offload        11  (        0 /        0 )  0.00
          rem_bi        11  (        0 /        1 )  0.02
         offload        11  (        0 /        0 )  0.07
           phase        11  (        0 /        0 )  0.00
        in_phase        11  (        0 /        0 )  0.00
       merge_bit        11  (        0 /        0 )  0.00
     merge_idrvr        11  (        0 /        0 )  0.00
     merge_iload        11  (        0 /        0 )  0.00
    merge_idload        11  (        0 /        0 )  0.00
      merge_drvr        11  (        0 /        0 )  0.00
      merge_load        11  (        0 /        0 )  0.00
          decomp        11  (        0 /        0 )  0.05
        p_decomp        11  (        0 /        0 )  0.03
       gate_deco         6  (        0 /        0 )  0.05
       gcomp_tim         9  (        0 /        0 )  0.04
        levelize        11  (        0 /        0 )  0.00
        mb_split        11  (        0 /        0 )  0.00
             dup        11  (        0 /        0 )  0.01
      mux_retime        11  (        0 /        0 )  0.00
         buf2inv        11  (        0 /        0 )  0.00
             exp         0  (        0 /        0 )  0.00
       gate_deco        10  (        0 /        0 )  0.08
       gcomp_tim         7  (        0 /        0 )  0.05
  inv_pair_2_buf        11  (        0 /        0 )  0.00

 init_drc                     40      -84     -3055         0        0      150
            Worst cost_group: CLK, WNS: -84.4
            Path: iA[11] --> oS_reg[23]/D

           Trick     Calls     Accepts   Attempts    Time(secs) 
-----------------------------------------------------------
          plc_st         0  (        0 /        0 )  0.00
        plc_star         0  (        0 /        0 )  0.00
        drc_bufs         0  (        0 /        0 )  0.00
        drc_fopt         0  (        0 /        0 )  0.00
        drc_bufb         0  (        0 /        0 )  0.00
      simple_buf         0  (        0 /        0 )  0.00
             dup         0  (        0 /        0 )  0.00
       crit_dnsz         0  (        0 /        0 )  0.00
       crit_upsz         0  (        0 /        0 )  0.00
       crit_slew         0  (        0 /        0 )  0.00


           Trick     Calls     Accepts   Attempts    Time(secs) 
-----------------------------------------------------------
          plc_st         0  (        0 /        0 )  0.00
        plc_star         0  (        0 /        0 )  0.00
      drc_buf_sp         0  (        0 /        0 )  0.00
        drc_bufs         0  (        0 /        0 )  0.00
        drc_fopt         0  (        0 /        0 )  0.00
        drc_bufb         0  (        0 /        0 )  0.00
      simple_buf         0  (        0 /        0 )  0.00
             dup         0  (        0 /        0 )  0.00
       crit_dnsz         0  (        0 /        0 )  0.00
       crit_upsz         0  (        0 /        0 )  0.00


           Trick     Calls     Accepts   Attempts    Time(secs) 
-----------------------------------------------------------
          plc_st        62  (        0 /        0 )  0.00
        plc_star        62  (        0 /        0 )  0.00
      drc_buf_sp       124  (        0 /       62 )  0.30
        drc_bufs       124  (        0 /       62 )  0.25
        drc_fopt        62  (        0 /       19 )  0.09
        drc_bufb        62  (        0 /        0 )  0.00
             dup        62  (        0 /        0 )  0.00
       crit_dnsz       196  (        0 /        1 )  0.23
       crit_upsz        62  (        0 /        0 )  0.00

==================================
Stage : incr_opt 
==================================
  =================
   Message Summary
  =================
-----------------------------------------------------------------------------------------------------------
|  Id   |Sev |Count|                                     Message Text                                     |
-----------------------------------------------------------------------------------------------------------
|CFM-1  |Info|    1|Wrote dofile.                                                                         |
|CFM-5  |Info|    1|Wrote formal verification information.                                                |
|GLO-51 |Info|    1|Hierarchical instance automatically ungrouped.                                        |
|       |    |     |Hierarchical instances can be automatically ungrouped to allow for better area or     |
|       |    |     | timing optimization. To prevent this ungroup, set the root-level attribute           |
|       |    |     | 'auto_ungroup' to 'none'. You can also prevent individual ungroup with setting the   |
|       |    |     | attribute 'ungroup_ok' of instances or modules to 'false'.                           |
|PA-7   |Info|    6|Resetting power analysis results.                                                     |
|       |    |     |All computed switching activities are removed.                                        |
|SYNTH-5|Info|    1|Done mapping.                                                                         |
|SYNTH-7|Info|    1|Incrementally optimizing.                                                             |
-----------------------------------------------------------------------------------------------------------
Info    : Done incrementally optimizing. [SYNTH-8]
        : Done incrementally optimizing 'Adder32'.
      flow.cputime  flow.realtime  timing.setup.tns  timing.setup.wns  snapshot
UM:*                                                                   syn_opt
@file(genus.tcl) 81: write_hdl > outputs/synthesis_net.v
@file(genus.tcl) 86: report_dp > reports/synthesis_datapath_incr.rpt
Beginning report datapath command
@file(genus.tcl) 87: report_messages > reports/synthesis_messages.rpt
@file(genus.tcl) 88: write_sdc -view tt > outputs/synthesis.sdc
Finished SDC export (command execution time mm:ss (real) = 00:00).
@file(genus.tcl) 89: write_parasitics > outputs/synthesis.spef
Starting spef generation ..
printing HEADER ..
printing NAME_MAP section ..
printing NAME_MAP all ports section ..
printing NAME_MAP top level nets ..
printing NAME_MAP all other level nets ..
printing NAME_MAP instances ..
printing PORTS section ..
Total number of net segments is 474 ..
Total number of physical nets is 474 ..
printing D_NET section ..
 ... 47 nets processed
 ... 94 nets processed
 ... 141 nets processed
 ... 188 nets processed
 ... 235 nets processed
 ... 282 nets processed
 ... 329 nets processed
 ... 376 nets processed
 ... 423 nets processed
 ... 470 nets processed
Completed spef generation ..
@file(genus.tcl) 91: report_qor > reports/synthesis_qor.rpt
@file(genus.tcl) 92: report_area > reports/synthesis_area.rpt
@file(genus.tcl) 93: report_gate > reports/synthesis_gate.rpt
@file(genus.tcl) 94: report_module > reports/synthesis_module.rpt
@file(genus.tcl) 96: report_power > reports/synthesis_power.rpt
Info    : Joules engine is used. [RPT-16]
        : Joules engine is being used for the command report_power.
Info   : ACTP-0001 [ACTPInfo] Activity propagation started for stim#0 netlist
       : Adder32
Info   : ACTP-0009 [ACTPInfo] Activity Propagation Progress Report :   0%   1%   2%   3%   4%   5%   6%   7%   8%   9%  10%  11%  12%  13%  14%  15%  16%  17%  18%  19%  20%  21%  22%  23%  24%  25%  26%  27%  28%  29%  30%  31%  32%  33%  34%  35%  36%  37%  38%  39%  40%  41%  42%  43%  44%  45%  46%  47%  48%  49%  50%  51%  52%  53%  54%  55%  56%  57%  58%  59%  60%  61%  62%  63%  64%  65%  66%  67%  68%  69%  70%  71%  72%  73%  74%  75%  76%  77%  78%  79%  80%  81%  82%  83%  84%  85%  86%  87%  88%  89%  90%  91%  92%  93%  94%  95%  96%  97%  98%  99% 100%
Info   : ACTP-0001 Activity propagation ended for stim#0
Info   : PWRA-0001 [PwrInfo] compute_power effective options 
       : -mode : vectorless
       : -skip_propagation : 1
       : -frequency_scaling_factor : 1.0
       : -use_clock_freq : stim
       : -stim :/stim#0
       : -fromGenus : 1
Info   : ACTP-0001 Timing initialization started
Info   : ACTP-0001 Timing initialization ended
Info   : PWRA-0002 [PwrInfo] Skipping activity propagation due to -skip_ap
       : option....
Warning: PWRA-0302 [PwrWarn] Frequency scaling is not applicable for vectorless
       : flow. Ignoring frequency scaling.
Warning: PWRA-0304 [PwrWarn] -stim option is not applicable with vectorless mode
       : of power analysis, ignored this option.
Info   : PWRA-0002 Started 'vectorless' power computation.
Info   : PWRA-0009 [PwrInfo] Power Computation Progress Report :   0%   1%   2%   3%   4%   5%   6%   7%   8%   9%  10%  11%  12%  13%  14%  15%  16%  17%  18%  19%  20%  21%  22%  23%  24%  25%  26%  27%  28%  29%  30%  31%  32%  33%  34%  35%  36%  37%  38%  39%  40%  41%  42%  43%  44%  45%  46%  47%  48%  49%  50%  51%  52%  53%  54%  55%  56%  57%  58%  59%  60%  61%  62%  63%  64%  65%  66%  67%  68%  69%  70%  71%  72%  73%  74%  75%  76%  77%  78%  79%  80%  81%  82%  83%  84%  85%  86%  87%  88%  89%  90%  91%  92%  93%  94%  95%  96%  97%  98%  99% 100%
Info   : PWRA-0002 Finished power computation.
Info   : PWRA-0007 [PwrInfo] Completed successfully.
       : Info=6, Warn=2, Error=0, Fatal=0
Output file: reports/synthesis_power.rpt
@file(genus.tcl) 97: report_metric -format html -file reports/synthesis.html
@file(genus.tcl) 98: report_hierarchy > outputs/synthesis.hier
@file(genus.tcl) 100: puts "Final Runtime & Memory."
Final Runtime & Memory.
@file(genus.tcl) 101: time_info FINAL
stamp 'FINAL' being created for table 'default'

  Total Time (Wall) |  Stage Time (Wall)  |   % (Wall)   |    Date - Time     |  Memory   | Stage
--------------------+---------------------+--------------+--------------------+-----------+----------------------
 00:00:09(00:00:00) |  00:00:00(00:00:00) |   0.0(  0.0) |   18:31:37 (Apr08) |  188.5 MB | init
--------------------+---------------------+--------------+--------------------+-----------+----------------------
 00:03:05(00:02:39) |  00:02:56(00:02:39) | 100.0(100.0) |   18:34:16 (Apr08) |   1.07 GB | FINAL
--------------------+---------------------+--------------+--------------------+-----------+----------------------
Number of threads: 8 * 1   (id: default, time_info v1.57)
Info: (*N*) indicates data that was populated from previously saved time_info database
Info: CPU time includes time of parent + longest thread
@file(genus.tcl) 102: puts "============================"
============================
@file(genus.tcl) 103: puts "Synthesis Finished ........."
Synthesis Finished .........
@file(genus.tcl) 104: puts "============================"
============================
@file(genus.tcl) 106: file copy -force [get_db / .stdout_log] .
@file(genus.tcl) 108: quit

Lic Summary:
[18:34:16.126075] Cdslmd servers: vlsi1
[18:34:16.126096] Feature usage summary:
[18:34:16.126097] Genus_Synthesis

Normal exit.