
Cadence Innovus(TM) Implementation System.
Copyright 2022 Cadence Design Systems, Inc. All rights reserved worldwide.

Version:	v22.17-s086_1, built Tue Sep 24 10:51:50 PDT 2024
Options:	-files tcl/innovus.tcl 
Date:		Sun Apr 12 20:34:32 2026
Host:		vlsiktmt (x86_64 w/Linux 3.10.0-1160.119.1.el7.x86_64) (1core*2cpus*Intel(R) Xeon(R) Gold 5218 CPU @ 2.30GHz 22528KB)
OS:		CentOS Linux 7 (Core)

License:
		[20:34:32.166770] Configured Lic search path (22.01-s003): 5280@172.28.10.187:5280@192.168.32.10

		invs	Innovus Implementation System	22.1	checkout succeeded
		8 CPU jobs allowed with the current license(s). Use setMultiCpuUsage to set your required CPU count.
Change the soft stacksize limit to 0.2%RAM (64 mbytes). Set global soft_stack_size_limit to change the value.

**INFO:  MMMC transition support version v31-84 

<CMD> set_global _enable_mmmc_by_default_flow      $CTE::mmmc_default
<CMD> suppressMessage ENCEXT-2799
<CMD> getVersion
[INFO] Loading PVS 23.11 fill procedures
Sourcing file "tcl/innovus.tcl" ...
source tcl/innovus.tcl
<CMD> set auto_file_dir /data/tkvm2/innovus
<CMD> set init_design_uniquify 1
<CMD> set ::TimeLib::tsgMarkCellLatchConstructFlag 1
<CMD> set conf_qxconf_file NULL
<CMD> set defHierChar /
<CMD> set distributed_client_message_echo 1
<CMD> set distributed_mmmc_disable_reports_auto_redirection 0
<CMD> set init_abstract_view abstract
<CMD> set init_design_settop 0
<CMD> set init_gnd_net VSS
<CMD> set init_layout_view layout
<CMD> set init_mmmc_file ./tcl/viewDefinition.tcl
<CMD> set init_lef_file {../../Asap7/asap7/asap7sc7p5t_28/techlef_misc/asap7_tech_4x_201209.lef ../../Asap7/asap7/asap7sc7p5t_28/LEF/scaled/asap7sc7p5t_28_R_4x_220121a.lef}
<CMD> set init_pwr_net VDD
<CMD> set init_verilog ./outputs/synthesis_net.v
<CMD> get_message -id GLOBAL-100 -suppress
<CMD> get_message -id GLOBAL-100 -suppress
<CMD> set latch_time_borrow_mode max_borrow
<CMD> set pegDefaultResScaleFactor 1
<CMD> set pegDetailResScaleFactor 1
<CMD> get_message -id GLOBAL-100 -suppress
<CMD> get_message -id GLOBAL-100 -suppress
<CMD> set report_inactive_arcs_format {from to when arc_type sense reason}
<CMD> set tso_post_client_restore_command {update_timing ; write_eco_opt_db ;}
<CMD> setGenerateViaMode -auto true
<CMD> init_design
#% Begin Load MMMC data ... (date=04/12 20:35:19, mem=1268.3M)
#% End Load MMMC data ... (date=04/12 20:35:19, total cpu=0:00:00.0, real=0:00:00.0, peak res=1268.3M, current mem=1268.3M)
rccorner

Loading LEF file ../../Asap7/asap7/asap7sc7p5t_28/techlef_misc/asap7_tech_4x_201209.lef ...

Loading LEF file ../../Asap7/asap7/asap7sc7p5t_28/LEF/scaled/asap7sc7p5t_28_R_4x_220121a.lef ...
Set DBUPerIGU to M1 pitch 576.

##  Check design process and node:  
##  Both design process and tech node are not set.

Loading view definition file from ./tcl/viewDefinition.tcl
Reading libset_typical timing library '/data/tkvm2/Asap7/asap7/asap7sc7p5t_28/LIB/CCS/asap7sc7p5t_SIMPLE_RVT_TT_ccs_211120.lib' ...
**WARN: (TECHLIB-1277):	The attribute 'input_signal_level' has been defined for output pin 'CON'. 'input_signal_level' cannot be defined at this level and is being ignored. (File /data/tkvm2/Asap7/asap7/asap7sc7p5t_28/LIB/CCS/asap7sc7p5t_SIMPLE_RVT_TT_ccs_211120.lib, Line 46726)
**WARN: (TECHLIB-1277):	The attribute 'input_signal_level' has been defined for output pin 'CON'. 'input_signal_level' cannot be defined at this level and is being ignored. (File /data/tkvm2/Asap7/asap7/asap7sc7p5t_28/LIB/CCS/asap7sc7p5t_SIMPLE_RVT_TT_ccs_211120.lib, Line 75682)
Read 56 cells in library 'asap7sc7p5t_SIMPLE_RVT_TT_ccs_211120' 
Reading libset_typical timing library '/data/tkvm2/Asap7/asap7/asap7sc7p5t_28/LIB/CCS/asap7sc7p5t_SEQ_RVT_TT_ccs_220123.lib' ...
Read 33 cells in library 'asap7sc7p5t_SEQ_RVT_TT_ccs_220123' 
Reading libset_typical timing library '/data/tkvm2/Asap7/asap7/asap7sc7p5t_28/LIB/CCS/asap7sc7p5t_OA_RVT_TT_ccs_211120.lib' ...
Read 34 cells in library 'asap7sc7p5t_OA_RVT_TT_ccs_211120' 
Reading libset_typical timing library '/data/tkvm2/Asap7/asap7/asap7sc7p5t_28/LIB/CCS/asap7sc7p5t_INVBUF_RVT_TT_ccs_220122.lib' ...
Read 37 cells in library 'asap7sc7p5t_INVBUF_RVT_TT_ccs_211120' 
Reading libset_typical timing library '/data/tkvm2/Asap7/asap7/asap7sc7p5t_28/LIB/CCS/asap7sc7p5t_AO_RVT_TT_ccs_211120.lib' ...
Read 42 cells in library 'asap7sc7p5t_AO_RVT_TT_ccs_211120' 
*** End library_loading (cpu=0.18min, real=0.17min, mem=24.0M, fe_cpu=0.61min, fe_real=0.95min, fe_mem=1516.7M) ***
#% Begin Load netlist data ... (date=04/12 20:35:29, mem=1288.3M)
*** Begin netlist parsing (mem=1516.7M) ***
Created 202 new cells from 5 timing libraries.
Reading netlist ...
Backslashed names will retain backslash and a trailing blank character.
Reading verilog netlist './outputs/synthesis_net.v'

*** Memory Usage v#1 (Current mem = 1516.680M, initial mem = 646.375M) ***
*** End netlist parsing (cpu=0:00:00.0, real=0:00:00.0, mem=1516.7M) ***
#% End Load netlist data ... (date=04/12 20:35:29, total cpu=0:00:00.0, real=0:00:01.0, peak res=1296.1M, current mem=1296.1M)
Top level cell is Adder32.
Hooked 202 DB cells to tlib cells.
Starting recursive module instantiation check.
No recursion found.
Building hierarchical netlist for Cell Adder32 ...
***** UseNewTieNetMode *****.
*** Netlist is unique.
Set DBUPerIGU to techSite asap7sc7p5t width 864.
** info: there are 213 modules.
** info: there are 252 stdCell insts.
** info: there are 252 stdCell insts with at least one signal pin.

*** Memory Usage v#1 (Current mem = 1556.098M, initial mem = 646.375M) ***
Start create_tracks
Extraction setup Started 
Initializing multi-corner RC extraction with 1 active RC Corners ...
Captable file(s) not specified in multi-corner setup. PreRoute extraction will use technology file. For postRoute extraction, default value for effort level would be 'medium' and effort level 'low' would not be allowed.
Generating auto layer map file.
Importing multi-corner technology file(s) for preRoute extraction...
../../Asap7/asap7/asap7sc7p5t_28/qrc/qrcTechFile_typ03_scaled4xV06
Generating auto layer map file.

Completed (cpu: 0:00:02.7 real: 0:00:03.0)
Set Shrink Factor to 1.00000
Summary of Active RC-Corners : 
 
 Analysis View: tt
    RC-Corner Name        : rccorner
    RC-Corner Index       : 0
    RC-Corner Temperature : 25 Celsius
    RC-Corner Cap Table   : ''
    RC-Corner PreRoute Res Factor         : 1
    RC-Corner PreRoute Cap Factor         : 1
    RC-Corner PostRoute Res Factor        : 1 {1 1 1}
    RC-Corner PostRoute Cap Factor        : 1 {1 1 1}
    RC-Corner PostRoute XCap Factor       : 1 {1 1 1}
    RC-Corner PreRoute Clock Res Factor   : 1	[Derived from postRoute_res (effortLevel low)]
    RC-Corner PreRoute Clock Cap Factor   : 1	[Derived from postRoute_cap (effortLevel low)]
    RC-Corner PostRoute Clock Cap Factor  : 1 {1 1 1} 	[Derived from postRoute_cap (effortLevel low)]
    RC-Corner PostRoute Clock Res Factor  : 1 {1 1 1} 	[Derived from postRoute_res (effortLevel low)]
    RC-Corner PostRoute Clock coupling capacitance Factor : 1 {1 1 1} 
    RC-Corner Technology file: '../../Asap7/asap7/asap7sc7p5t_28/qrc/qrcTechFile_typ03_scaled4xV06'
Updating RC Grid density data for preRoute extraction ...
Initializing multi-corner resistance tables ...
Default value for postRoute extraction mode's effortLevel (-effortLevel option of setExtractRCMode) changed to 'medium'.
*Info: initialize multi-corner CTS.
Reading timing constraints file './outputs/synthesis.sdc' ...
Current (total cpu=0:00:40.3, real=0:01:02, peak res=1728.5M, current mem=1728.5M)
**WARN: (TCLCMD-1461):	Skipped unsupported command: set_units (File ./outputs/synthesis.sdc, Line 9).

**WARN: (TCLCMD-1461):	Skipped unsupported command: set_units (File ./outputs/synthesis.sdc, Line 10).

Adder32
INFO (CTE): Reading of timing constraints file ./outputs/synthesis.sdc completed, with 2 WARNING
Ending "Constraint file reading stats" (total cpu=0:00:00.1, real=0:00:00.0, peak res=1742.2M, current mem=1742.2M)
Current (total cpu=0:00:40.4, real=0:01:02, peak res=1742.2M, current mem=1742.2M)
Total number of combinational cells: 169
Total number of sequential cells: 33
Total number of tristate cells: 0
Total number of level shifter cells: 0
Total number of power gating cells: 0
Total number of isolation cells: 0
Total number of power switch cells: 0
Total number of pulse generator cells: 0
Total number of always on buffers: 0
Total number of retention cells: 0
Total number of physical cells: 0
List of usable buffers: BUFx10_ASAP7_75t_R BUFx12_ASAP7_75t_R BUFx12f_ASAP7_75t_R BUFx16f_ASAP7_75t_R BUFx24_ASAP7_75t_R BUFx2_ASAP7_75t_R BUFx3_ASAP7_75t_R BUFx4_ASAP7_75t_R BUFx5_ASAP7_75t_R BUFx4f_ASAP7_75t_R BUFx6f_ASAP7_75t_R BUFx8_ASAP7_75t_R HB1xp67_ASAP7_75t_R HB2xp67_ASAP7_75t_R
Total number of usable buffers: 14
List of unusable buffers:
Total number of unusable buffers: 0
List of usable inverters: CKINVDCx10_ASAP7_75t_R CKINVDCx12_ASAP7_75t_R CKINVDCx11_ASAP7_75t_R CKINVDCx14_ASAP7_75t_R CKINVDCx16_ASAP7_75t_R CKINVDCx20_ASAP7_75t_R CKINVDCx8_ASAP7_75t_R CKINVDCx5p33_ASAP7_75t_R CKINVDCx6p67_ASAP7_75t_R CKINVDCx9p33_ASAP7_75t_R INVx11_ASAP7_75t_R INVx13_ASAP7_75t_R INVx1_ASAP7_75t_R INVx2_ASAP7_75t_R INVx3_ASAP7_75t_R INVx4_ASAP7_75t_R INVx5_ASAP7_75t_R INVx6_ASAP7_75t_R INVx8_ASAP7_75t_R INVxp67_ASAP7_75t_R INVxp33_ASAP7_75t_R
Total number of usable inverters: 21
List of unusable inverters:
Total number of unusable inverters: 0
List of identified usable delay cells: HB3xp67_ASAP7_75t_R HB4xp67_ASAP7_75t_R
Total number of identified usable delay cells: 2
List of identified unusable delay cells:
Total number of identified unusable delay cells: 0
Start generating vias ...
**WARN: (IMPRM-143):	ENCLOSURE is not defined on cut layer "V1" in the technology DB. VIARULE GENERATE values will be used instead. The generated vias, using the VIARULE GENERATE values, are probably not optimal for signal routing and pin access.
Type 'man IMPRM-143' for more detail.
**WARN: (IMPRM-143):	ENCLOSURE is not defined on cut layer "V2" in the technology DB. VIARULE GENERATE values will be used instead. The generated vias, using the VIARULE GENERATE values, are probably not optimal for signal routing and pin access.
Type 'man IMPRM-143' for more detail.
**WARN: (IMPRM-143):	ENCLOSURE is not defined on cut layer "V7" in the technology DB. VIARULE GENERATE values will be used instead. The generated vias, using the VIARULE GENERATE values, are probably not optimal for signal routing and pin access.
Type 'man IMPRM-143' for more detail.
**WARN: (IMPRM-143):	ENCLOSURE is not defined on cut layer "V8" in the technology DB. VIARULE GENERATE values will be used instead. The generated vias, using the VIARULE GENERATE values, are probably not optimal for signal routing and pin access.
Type 'man IMPRM-143' for more detail.
**WARN: (IMPRM-143):	ENCLOSURE is not defined on cut layer "V9" in the technology DB. VIARULE GENERATE values will be used instead. The generated vias, using the VIARULE GENERATE values, are probably not optimal for signal routing and pin access.
Type 'man IMPRM-143' for more detail.
Generating vias for default rule ...
**WARN: (IMPRM-143):	ENCLOSURE is not defined on cut layer "V1" in the technology DB. VIARULE GENERATE values will be used instead. The generated vias, using the VIARULE GENERATE values, are probably not optimal for signal routing and pin access.
Type 'man IMPRM-143' for more detail.
**WARN: (IMPRM-143):	ENCLOSURE is not defined on cut layer "V2" in the technology DB. VIARULE GENERATE values will be used instead. The generated vias, using the VIARULE GENERATE values, are probably not optimal for signal routing and pin access.
Type 'man IMPRM-143' for more detail.
**WARN: (IMPRM-143):	ENCLOSURE is not defined on cut layer "V7" in the technology DB. VIARULE GENERATE values will be used instead. The generated vias, using the VIARULE GENERATE values, are probably not optimal for signal routing and pin access.
Type 'man IMPRM-143' for more detail.
**WARN: (IMPRM-143):	ENCLOSURE is not defined on cut layer "V8" in the technology DB. VIARULE GENERATE values will be used instead. The generated vias, using the VIARULE GENERATE values, are probably not optimal for signal routing and pin access.
Type 'man IMPRM-143' for more detail.
**WARN: (IMPRM-143):	ENCLOSURE is not defined on cut layer "V9" in the technology DB. VIARULE GENERATE values will be used instead. The generated vias, using the VIARULE GENERATE values, are probably not optimal for signal routing and pin access.
Type 'man IMPRM-143' for more detail.
Total 77 vias inserted to default rule.
Via generation for default rule completed.
Found no NONDEFAULTRULE.
Via generation completed successfully.
Generating auto layer map file.
Initializing preRoute extraction patterns for new vias...
Generating auto layer map file.

Completed (cpu: 0:00:00.7 real: 0:00:02.0)

*** Summary of all messages that are not suppressed in this session:
Severity  ID               Count  Summary                                  
WARNING   IMPRM-143           10  %s is not defined on cut layer "%s" in t...
WARNING   TCLCMD-1461          2  Skipped unsupported command: %s          
WARNING   TECHLIB-1277         2  The %s '%s' has been defined for %s %s '...
*** Message Summary: 14 warning(s), 0 error(s)

<CMD> all_constraint_modes
mode_normal
<CMD> set_interactive_constraint_modes [all_constraint_modes]
<CMD> set_propagated_clock [all_clocks]
**WARN: (TCLCMD-1126):	Clock object 'CLK' converted from ideal to propagated mode
<CMD> setDesignMode -process 7
##  Process: 7             (User Set)               
##     Node: (not set)                           

##  Check design process and node:  
##  Design tech node is not set.

Applying the recommended capacitance filtering threshold values for 7nm process node: total_c_th=0, relative_c_th=1 and coupling_c_th=0.1.
	These values will be used by all post-route extraction engines, including TQuantus, IQuantus and Quantus QRC extraction.
	Capacitance filtering mode(-capFilterMode option of the setExtractRCMode) is 'relAndCoup' for all engines.
	The accuracy mode for postRoute effortLevel low extraction will be set to 'high'.
	Default value for EffortLevel(-effortLevel option of the setExtractRCMode) in postRoute extraction mode is 'medium'.
<CMD> setMultiCpuUsage -acquireLicense 2
<CMD> setMultiCpuUsage -localCpu 2
<CMD> setDistributeHost -local
The timeout for a remote job to respond is 3600 seconds.
Submit command for task runs will be: local
<CMD> setDesignMode -topRoutingLayer 9
<CMD> floorPlan -r 1.0 0.7 4.32 4.32 4.32 4.32
Start create_tracks
<CMD> addRing -nets {VSS VDD} -follow io -offset 0 -width 0.8 -spacing 0.88 -layer {top M8 bottom M8 left M9 right M9}
#% Begin addRing (date=04/12 20:35:36, mem=1784.8M)

viaInitial starts at Sun Apr 12 20:35:36 2026
viaInitial ends at Sun Apr 12 20:35:36 2026
setAddStripeMode -use_exact_spacing true is set by default for this design under 20nm node. 
Setting -use_cce to 1. ViaGen will call CCE to colorize via and may re-colorize surrounding vias to resolve color conflict within the local range.
Setting -optimize_cross_via to 1. ViaGen will try to generate vias with the minimum enclosure.
setViaGenMode -optimize_cross_via true is set by default for this design of 12nm node or under. 
Setting -disable_via_merging to 1. ViaGen disables via merging with the via created earlier.
setViaGenMode -disable_via_merging true is set by default for this design of 12nm node or under. 
Setting -keep_existing_via to 1. ViaGen will keep the existing vias.
setViaGenMode -keep_existing_via 1 is set by default for this design of 12nm node or under. 

The power planner will calculate offsets from I/O rows.
Loading cell geometries (cpu: 0:00:00.0, real: 0:00:00.0, peak mem: 2033.9M)
Ring generation is complete.
vias are now being generated.
addRing created 8 wires.
ViaGen created 8 vias, deleted 0 via to avoid violation.
+--------+----------------+----------------+
|  Layer |     Created    |     Deleted    |
+--------+----------------+----------------+
|   M8   |        4       |       NA       |
|   V8   |        8       |        0       |
|   M9   |        4       |       NA       |
+--------+----------------+----------------+
setAddStripeMode -use_exact_spacing is reset to default value: false.
setViaGenMode -disable_via_merging is reset to default value: false.
setViaGenMode -keep_existing_via is reset to default value: 0.
setViaGenMode -optimize_cross_via is reset to default value: false.
#% End addRing (date=04/12 20:35:36, total cpu=0:00:00.1, real=0:00:00.0, peak res=1793.1M, current mem=1793.1M)
<CMD> globalNetConnect VDD -type pgpin -pin VDD -inst * -module {}
<CMD> globalNetConnect VSS -type pgpin -pin VSS -inst * -module {}
<CMD> setSrouteMode -viaConnectToShape { ring stripe blockring }
<CMD> sroute -nets { VSS VDD } -connect corePin -corePinCheckStdcellGeoms -allowJogging 0 -allowLayerChange 0
#% Begin sroute (date=04/12 20:35:36, mem=1793.4M)
Setting -use_cce to 1. ViaGen will call CCE to colorize via and may re-colorize surrounding vias to resolve color conflict within the local range.
Setting -optimize_cross_via to 1. ViaGen will try to generate vias with the minimum enclosure.
setViaGenMode -optimize_cross_via true is set by default for this design of 12nm node or under. 
Setting -disable_via_merging to 1. ViaGen disables via merging with the via created earlier.
setViaGenMode -disable_via_merging true is set by default for this design of 12nm node or under. 
Setting -keep_existing_via to 1. ViaGen will keep the existing vias.
setViaGenMode -keep_existing_via 1 is set by default for this design of 12nm node or under. 
setAddStripeMode -use_exact_spacing true is set by default for this design under 20nm node. 
*** Begin SPECIAL ROUTE on Sun Apr 12 20:35:36 2026 ***
SPECIAL ROUTE ran on directory: /data/tkvm2/Asap7design/adder
SPECIAL ROUTE ran on machine: vlsiktmt (Linux 3.10.0-1160.119.1.el7.x86_64 Xeon 2.29Ghz)

Begin option processing ...
srouteConnectPowerBump set to false
routeSelectNet set to "VSS VDD"
routeSpecial set to true
srouteConnectBlockPin set to false
srouteConnectConverterPin set to false
srouteConnectPadPin set to false
srouteConnectStripe set to false
srouteFollowCorePinEnd set to 3
srouteFollowPadPin set to false
srouteNoLayerChangeRoute set to true
srouteNoViaOnWireShape set to "padring blockpin coverpin noshape blockwire corewire followpin iowire"
sroutePadPinAllPorts set to true
sroutePreserveExistingRoutes set to true
srouteRoutePowerBarPortOnBothDir set to true
srouteStraightConnections set to "straightWithDrcClean"
End option processing: cpu: 0:00:00, real: 0:00:00, peak: 3539.00 megs.

Reading DB technology information...
Finished reading DB technology information.
Reading floorplan and netlist information...
Finished reading floorplan and netlist information.
**WARN: (IMPSR-4302):	Cap-table/qrcTechFile is found in the design, so the same information from the technology file will be ignored.
Read in 21 layers, 10 routing layers, 1 overlap layer
Read in 1 nondefault rule, 0 used
Read in 212 macros, 28 used
Read in 28 components
  28 core components: 28 unplaced, 0 placed, 0 fixed
Read in 97 logical pins
Read in 97 nets
Read in 2 special nets, 2 routed
Read in 56 terminals
2 nets selected.

Begin power routing ...
CPU time for VDD FollowPin 0 seconds
CPU time for VSS FollowPin 0 seconds
  Number of Core ports routed: 0  open: 46
  Number of Followpin connections: 23
End power routing: cpu: 0:00:00, real: 0:00:00, peak: 3541.00 megs.



 Begin updating DB with routing results ...
 Updating DB with 0 via definition ...Extracting standard cell pins and blockage ...... 
**WARN: (IMPTR-2104):	Layer M10: Pitch=1280 is less than min width=640 + min spacing=32000.
**ERROR: (IMPTR-2101):	Layer M10: Pitch=11520x9 is still less than min width=32000 + min spacing=640.
**WARN: (IMPTR-2108):	For layer M10, the gaps of 82 out of 82 tracks are narrower than 8.160um (space 8.000 + width 0.160).
Type 'man IMPTR-2108' for more detail.
 As a result, your trialRoute congestion could be incorrect.
Pin and blockage extraction finished

setAddStripeMode -use_exact_spacing is reset to default value: false.
setViaGenMode -disable_via_merging is reset to default value: false.
setViaGenMode -keep_existing_via is reset to default value: 0.
setViaGenMode -optimize_cross_via is reset to default value: false.
setAddStripeMode -use_exact_spacing true is set by default for this design under 20nm node. 
Setting -use_cce to 1. ViaGen will call CCE to colorize via and may re-colorize surrounding vias to resolve color conflict within the local range.
Setting -optimize_cross_via to 1. ViaGen will try to generate vias with the minimum enclosure.
setViaGenMode -optimize_cross_via true is set by default for this design of 12nm node or under. 
Setting -disable_via_merging to 1. ViaGen disables via merging with the via created earlier.
setViaGenMode -disable_via_merging true is set by default for this design of 12nm node or under. 
Setting -keep_existing_via to 1. ViaGen will keep the existing vias.
setViaGenMode -keep_existing_via 1 is set by default for this design of 12nm node or under. 
sroute created 23 wires.
ViaGen created 0 via, deleted 0 via to avoid violation.
+--------+----------------+----------------+
|  Layer |     Created    |     Deleted    |
+--------+----------------+----------------+
|   M1   |       23       |       NA       |
+--------+----------------+----------------+
setAddStripeMode -use_exact_spacing is reset to default value: false.
setViaGenMode -disable_via_merging is reset to default value: false.
setViaGenMode -keep_existing_via is reset to default value: 0.
setViaGenMode -optimize_cross_via is reset to default value: false.
#% End sroute (date=04/12 20:35:36, total cpu=0:00:00.1, real=0:00:00.0, peak res=1811.0M, current mem=1803.9M)
<CMD> clearDrc
<CMD> setAddStripeMode -break_at block_ring -allow_jog padcore_ring
Stripe will break at block ring.
addStripe will allow jog to connect padcore ring and will not allow jog to connect block ring.

<CMD> editTrim -nets {VSS VDD}
<CMD> setPinConstraint -corner_to_pin_distance 18
**WARN: (IMPPTN-3837):	setPinConstraint command usage without specifying top-cell name will be obsolete in next major release. Command will enforce top-cell name using -cell option.
Constraint is applied to top level cell Adder32.
<CMD> setPinAssignMode -pinEditInBatch true
<CMD> editPin -pinWidth 0.128 -pinDepth 0.28 -fixOverlap 1 -spreadType side -spreadDirection counterclockwise -side BOTTOM -layer 7 -honorConstraint 1 -pin {iClk iA[31] iA[30] iA[29] iA[28] iA[27] iA[26] iA[25] iA[24] iA[23] iA[22] iA[21] iA[20] iA[19] iA[18] iA[17] iA[16] iA[15] iA[14] iA[13] iA[12] iA[11] iA[10] iA[9] iA[8] }
Successfully spread [25] pins.
editPin : finished (cpu = 0:00:00.0 real = 0:00:00.0, mem = 2050.2M).
<CMD> editPin -pinWidth 0.128 -pinDepth 0.28 -fixOverlap 1 -spreadType side -spreadDirection counterclockwise -side TOP -layer 7 -honorConstraint 1 -pin { iB[15] iB[14] iB[13] iB[12] iB[11] iB[10] iB[9] iB[8] iB[7] iB[6] iB[5] iB[4] iB[3] iB[2] iB[1] iB[0] oS[31] oS[30] oS[29] oS[28] oS[27] oS[26] oS[25] oS[24] }
Successfully spread [24] pins.
editPin : finished (cpu = 0:00:00.0 real = 0:00:00.0, mem = 2050.2M).
<CMD> editPin -pinWidth 0.128 -pinDepth 0.28 -fixOverlap 1 -spreadType side -spreadDirection counterclockwise -side RIGHT -layer 6 -honorConstraint 1 -pin { iA[7] iA[6] iA[5] iA[4] iA[3] iA[2] iA[1] iA[0] iB[31] iB[30] iB[29] iB[28] iB[27] iB[26] iB[25] iB[24] iB[23] iB[22] iB[21] iB[20] iB[19] iB[18] iB[17] iB[16] }
Successfully spread [24] pins.
editPin : finished (cpu = 0:00:00.0 real = 0:00:00.0, mem = 2050.2M).
<CMD> editPin -pinWidth 0.128 -pinDepth 0.28 -fixOverlap 1 -spreadType side -spreadDirection counterclockwise -side LEFT -layer 6 -honorConstraint 1 -pin { oS[23] oS[22] oS[21] oS[20] oS[19] oS[18] oS[17] oS[16] oS[15] oS[14] oS[13] oS[12] oS[11] oS[10] oS[9] oS[8] oS[7] oS[6] oS[5] oS[4] oS[3] oS[2] oS[1] oS[0] }
Successfully spread [24] pins.
editPin : finished (cpu = 0:00:00.0 real = 0:00:00.0, mem = 2050.2M).
<CMD> setPinAssignMode -pinEditInBatch false
<CMD> createPGPin VSS -geom M9 0 0 0.8 0.8
<CMD> add_text -height 0.5 -label VSS -layer M9 -pt 0.2 0.2
<CMD> createPGPin VDD -geom M9 1.68 1.68 2.48 2.48
<CMD> add_text -height 0.5 -label VDD -layer M9 -pt 1.88 1.88
<CMD> setPlaceMode -reset
<CMD> setPlaceMode -place_global_uniform_density true -place_global_module_aware_spare true -place_global_auto_blockage_in_channel soft -place_detail_preroute_as_obs {1 2 3} -place_global_cong_effort high -place_design_refine_macro true
<CMD> place_design
*** placeDesign #1 [begin] () : totSession cpu/real = 0:00:41.5/0:00:42.7 (1.0), mem = 2050.2M
*** Starting placeDesign default flow ***
Multithreaded Timing Analysis is initialized with 2 threads

*** Start deleteBufferTree ***
Info: Detect buffers to remove automatically.
Analyzing netlist ...
Updating netlist

*summary: 24 instances (buffers/inverters) removed
*** Finish deleteBufferTree (0:00:00.1) ***
**INFO: Enable pre-place timing setting for timing analysis
Set Using Default Delay Limit as 101.
**WARN: (IMPDC-1629):	The default delay limit was set to 101. This is less than the default of 1000 and may result in inaccurate delay calculation for nets with a fanout higher than the setting.  If needed, the default delay limit may be adjusted by running the command 'set delaycal_use_default_delay_limit'.
Set Default Net Delay as 0 ps.
Set Default Net Load as 0 pF. 
Set Default Input Pin Transition as 1 ps.
**INFO: Analyzing IO path groups for slack adjustment
Effort level <high> specified for reg2reg_tmp.1468 path_group
AAE_INFO: opIsDesignInPostRouteState() is 0
AAE DB initialization (MEM=2172.66 CPU=0:00:00.0 REAL=0:00:00.0) 
#################################################################################
# Design Stage: PreRoute
# Design Name: Adder32
# Design Mode: 7nm
# Analysis Mode: MMMC Non-OCV 
# Parasitics Mode: No SPEF/RCDB 
# Signoff Settings: SI Off 
#################################################################################
Calculate delays in Single mode...
Start delay calculation (fullDC) (2 T). (MEM=2220)
siFlow : Timing analysis mode is single, using late cdB files
Total number of fetched objects 300
End delay calculation. (MEM=2819.16 CPU=0:00:00.1 REAL=0:00:00.0)
End delay calculation (fullDC). (MEM=2403.16 CPU=0:00:00.4 REAL=0:00:00.0)
**INFO: Disable pre-place timing setting for timing analysis
Set Using Default Delay Limit as 1000.
Set Default Net Delay as 1000 ps.
Set Default Input Pin Transition as 0.1 ps.
Set Default Net Load as 0.5 pF. 
**INFO: Pre-place timing setting for timing analysis already disabled
Deleted 0 physical inst  (cell - / prefix -).
INFO: #ExclusiveGroups=0
INFO: There are no Exclusive Groups.
*** Starting "NanoPlace(TM) placement v#6 (mem=2377.6M)" ...
Estimated loop count for BSM: 72380
*** Build Buffered Sizing Timing Model
(cpu=0:00:02.2 mem=2393.6M) ***
*** Build Virtual Sizing Timing Model
(cpu=0:00:02.4 mem=2401.6M) ***
No user-set net weight.
Net fanout histogram:
2		: 161 (53.7%) nets
3		: 94 (31.3%) nets
4     -	14	: 44 (14.7%) nets
15    -	39	: 1 (0.3%) nets
40    -	79	: 0 (0.0%) nets
80    -	159	: 0 (0.0%) nets
160   -	319	: 0 (0.0%) nets
320   -	639	: 0 (0.0%) nets
640   -	1279	: 0 (0.0%) nets
1280  -	2559	: 0 (0.0%) nets
2560  -	5119	: 0 (0.0%) nets
5120+		: 0 (0.0%) nets
**WARN: (IMPSP-196):	User sets both -place_global_uniform_density and -place_global_initial_padding_level options. Overriding -place_global_initial_padding_level to 5.
Options: timingDriven clkGateAware ignoreScan pinGuide congEffort=high gpeffort=medium 
Scan chains were not defined.
#std cell=228 (0 fixed + 228 movable) #buf cell=0 #inv cell=23 #block=0 (0 floating + 0 preplaced)
#ioInst=0 #net=300 #term=816 #term/net=2.72, #fixedIo=0, #floatIo=0, #fixedPin=0, #floatPin=97
stdCell: 228 single + 0 double + 0 multi
Total standard cell length = 0.3683 (mm), area = 0.0004 (mm^2)
Estimated cell power/ground rail width = 0.135 um
Average module density = 0.668.
Density for the design = 0.668.
       = stdcell_area 1705 sites (398 um^2) / alloc_area 2552 sites (595 um^2).
Pin Density = 0.3197.
            = total # of pins 816 / total area 2552.
No spares found within logical modules, disabling '-moduleAwareSpare'.
Enabling multi-CPU acceleration with 2 CPU(s) for placement
=== lastAutoLevel = 6 
[spp] 0
Clock gating cells determined by native netlist tracing.
Iteration  1: Total net bbox = 2.621e+03 (1.38e+03 1.24e+03)
              Est.  stn bbox = 2.668e+03 (1.39e+03 1.28e+03)
              cpu = 0:00:00.0 real = 0:00:01.0 mem = 2562.6M
Iteration  2: Total net bbox = 2.621e+03 (1.38e+03 1.24e+03)
              Est.  stn bbox = 2.668e+03 (1.39e+03 1.28e+03)
              cpu = 0:00:00.0 real = 0:00:00.0 mem = 2562.6M
Iteration  3: Total net bbox = 2.276e+03 (1.19e+03 1.09e+03)
              Est.  stn bbox = 2.329e+03 (1.21e+03 1.12e+03)
              cpu = 0:00:00.0 real = 0:00:00.0 mem = 2596.1M
Active setup views:
    tt
Iteration  4: Total net bbox = 2.289e+03 (1.17e+03 1.12e+03)
              Est.  stn bbox = 2.343e+03 (1.19e+03 1.15e+03)
              cpu = 0:00:00.0 real = 0:00:00.0 mem = 2596.1M
Iteration  5: Total net bbox = 2.381e+03 (1.20e+03 1.18e+03)
              Est.  stn bbox = 2.439e+03 (1.22e+03 1.22e+03)
              cpu = 0:00:00.1 real = 0:00:00.0 mem = 2596.1M
Iteration  6: Total net bbox = 2.613e+03 (1.42e+03 1.19e+03)
              Est.  stn bbox = 2.670e+03 (1.44e+03 1.23e+03)
              cpu = 0:00:00.2 real = 0:00:02.0 mem = 2596.1M
*** cost = 2.613e+03 (1.42e+03 1.19e+03) (cpu for global=0:00:00.2) real=0:00:02.0***
Placement multithread real runtime: 0:00:02.0 with 2 threads.
Info: 0 clock gating cells identified, 0 (on average) moved 0/1
Solver runtime cpu: 0:00:00.1 real: 0:00:00.2
Core Placement runtime cpu: 0:00:00.2 real: 0:00:02.0
Begin: Reorder Scan Chains
**WARN: (IMPSP-9025):	No scan chain specified/traced.
Type 'man IMPSP-9025' for more detail.
End: Reorder Scan Chains
*** Starting refinePlace (0:00:46.1 mem=2596.1M) ***
Total net bbox length = 2.613e+03 (1.420e+03 1.193e+03) (ext = 1.677e+03)
Move report: Detail placement moves 228 insts, mean move: 1.13 um, max move: 4.41 um 
	Max move on inst (oS_reg[13]): (4.60, 15.49) --> (8.64, 15.12)
	Runtime: CPU: 0:00:00.1 REAL: 0:00:00.0 MEM: 2649.1MB
Summary Report:
Instances move: 228 (out of 228 movable)
Instances flipped: 0
Mean displacement: 1.13 um
Max displacement: 4.41 um (Instance: oS_reg[13]) (4.597, 15.4883) -> (8.64, 15.12)
	Length: 20 sites, height: 1 rows, site name: asap7sc7p5t, cell type: DFFHQNx1_ASAP7_75t_R
Total net bbox length = 2.826e+03 (1.521e+03 1.305e+03) (ext = 1.631e+03)
Runtime: CPU: 0:00:00.1 REAL: 0:00:00.0 MEM: 2649.1MB
*** Finished refinePlace (0:00:46.2 mem=2649.1M) ***
*** End of Placement (cpu=0:00:03.1, real=0:00:04.0, mem=2649.1M) ***
default core: bins with density > 0.750 = 11.11 % ( 1 / 9 )
Density distribution unevenness ratio = 5.390%
*** Free Virtual Timing Model ...(mem=2665.1M)
**INFO: Enable pre-place timing setting for timing analysis
Set Using Default Delay Limit as 101.
**WARN: (IMPDC-1629):	The default delay limit was set to 101. This is less than the default of 1000 and may result in inaccurate delay calculation for nets with a fanout higher than the setting.  If needed, the default delay limit may be adjusted by running the command 'set delaycal_use_default_delay_limit'.
Set Default Net Delay as 0 ps.
Set Default Net Load as 0 pF. 
**INFO: Analyzing IO path groups for slack adjustment
Effort level <high> specified for reg2reg_tmp.1468 path_group
AAE_INFO: opIsDesignInPostRouteState() is 0
#################################################################################
# Design Stage: PreRoute
# Design Name: Adder32
# Design Mode: 7nm
# Analysis Mode: MMMC Non-OCV 
# Parasitics Mode: No SPEF/RCDB 
# Signoff Settings: SI Off 
#################################################################################
Calculate delays in Single mode...
Start delay calculation (fullDC) (2 T). (MEM=2657.07)
Total number of fetched objects 300
End delay calculation. (MEM=2736.91 CPU=0:00:00.0 REAL=0:00:00.0)
End delay calculation (fullDC). (MEM=2736.91 CPU=0:00:00.1 REAL=0:00:00.0)
**INFO: Disable pre-place timing setting for timing analysis
Set Using Default Delay Limit as 1000.
Set Default Net Delay as 1000 ps.
Set Default Net Load as 0.5 pF. 
Info: Disable timing driven in postCTS congRepair.

Starting congRepair ...
[NR-eGR] Early global route reroute all routable nets
[NR-eGR] Track table information for default rule: 
[NR-eGR] M1 has single uniform track structure
[NR-eGR] M2 has non-uniform track structures
[NR-eGR] M3 has single uniform track structure
[NR-eGR] M4 has single uniform track structure
[NR-eGR] M5 has single uniform track structure
[NR-eGR] M6 has single uniform track structure
[NR-eGR] M7 has single uniform track structure
[NR-eGR] M8 has single uniform track structure
[NR-eGR] M9 has single uniform track structure
[NR-eGR] Pad has single uniform track structure
[NR-eGR] Read 24 PG shapes
[NR-eGR] Read 0 clock shapes
[NR-eGR] Read 0 other shapes
[NR-eGR] #Routing Blockages  : 0
[NR-eGR] #Bump Blockages     : 0
[NR-eGR] #Instance Blockages : 96
[NR-eGR] #PG Blockages       : 24
[NR-eGR] #Halo Blockages     : 0
[NR-eGR] #Boundary Blockages : 0
[NR-eGR] #Clock Blockages    : 0
[NR-eGR] #Other Blockages    : 0
[NR-eGR] Num Prerouted Nets = 0  Num Prerouted Wires = 0
[NR-eGR] Read 300 nets ( ignored 0 )
[NR-eGR] There are 1 clock nets ( 0 with NDR ).
[NR-eGR] ============ Routing rule table ============
[NR-eGR] Rule id: 0  Rule name: (Default)  Nets: 300
[NR-eGR] ========================================
[NR-eGR] 
[NR-eGR] Layer group 1: route 300 net(s) in layer range [2, 9]
[NR-eGR] Early Global Route overflow of layer group 1: 0.00% H + 0.00% V. EstWL: 2.788560e+03um
[NR-eGR] Congestion Analysis By layer: (blocked Gcells are excluded) 
[NR-eGR]                        OverCon            
[NR-eGR]                         #Gcell     %Gcell
[NR-eGR]        Layer             (1-0)    OverCon
[NR-eGR] ----------------------------------------------
[NR-eGR]      M1 ( 1)         0( 0.00%)   ( 0.00%) 
[NR-eGR]      M2 ( 2)         0( 0.00%)   ( 0.00%) 
[NR-eGR]      M3 ( 3)         0( 0.00%)   ( 0.00%) 
[NR-eGR]      M4 ( 4)         0( 0.00%)   ( 0.00%) 
[NR-eGR]      M5 ( 5)         0( 0.00%)   ( 0.00%) 
[NR-eGR]      M6 ( 6)         0( 0.00%)   ( 0.00%) 
[NR-eGR]      M7 ( 7)         0( 0.00%)   ( 0.00%) 
[NR-eGR]      M8 ( 8)         0( 0.00%)   ( 0.00%) 
[NR-eGR]      M9 ( 9)         0( 0.00%)   ( 0.00%) 
[NR-eGR] ----------------------------------------------
[NR-eGR]        Total         0( 0.00%)   ( 0.00%) 
[NR-eGR] 
[NR-eGR] Overflow after Early Global Route 0.00% H + 0.00% V
[NR-eGR] Finished Early Global Route kernel ( CPU: 0.03 sec, Real: 0.03 sec, Curr Mem: 2.46 MB )
Early Global Route congestion estimation runtime: 0.04 seconds, mem = 2612.4M
Local HotSpot Analysis: normalized max congestion hotspot area = 0.00, normalized total congestion hotspot area = 0.00 (area is in unit of 4 std-cell row bins)
Skipped repairing congestion.
[NR-eGR] Connected 0 must-join pins/ports (post-process)
[NR-eGR] Total eGR-routed clock nets wire length: 62um, number of vias: 76
[NR-eGR] --------------------------------------------------------------------------
[NR-eGR]              Length (um)  Vias 
[NR-eGR] -------------------------------
[NR-eGR]  M1   (1V)             0   719 
[NR-eGR]  M2   (2H)           864   923 
[NR-eGR]  M3   (3V)           776   119 
[NR-eGR]  M4   (4H)           514   105 
[NR-eGR]  M5   (5V)           429   102 
[NR-eGR]  M6   (6H)           217    57 
[NR-eGR]  M7   (7V)           149     4 
[NR-eGR]  M8   (8H)             1     0 
[NR-eGR]  M9   (9V)             0     0 
[NR-eGR]  Pad  (10H)            0     0 
[NR-eGR] -------------------------------
[NR-eGR]       Total         2950  2029 
[NR-eGR] --------------------------------------------------------------------------
[NR-eGR] Total half perimeter of net bounding box: 2826um
[NR-eGR] Total length: 2950um, number of vias: 2029
[NR-eGR] --------------------------------------------------------------------------
Early Global Route wiring runtime: 0.01 seconds, mem = 2628.4M
Tdgp not enabled or already been cleared! skip clearing
End of congRepair (cpu=0:00:00.1, real=0:00:00.0)
*** Finishing placeDesign default flow ***
**placeDesign ... cpu = 0: 0: 5, real = 0: 0: 6, mem = 2628.4M **
Tdgp not enabled or already been cleared! skip clearing

*** Summary of all messages that are not suppressed in this session:
Severity  ID               Count  Summary                                  
WARNING   IMPDC-1629           2  The default delay limit was set to %d. T...
WARNING   IMPSP-196            1  User sets both -place_global_uniform_den...
WARNING   IMPSP-9025           1  No scan chain specified/traced.          
*** Message Summary: 4 warning(s), 0 error(s)

*** placeDesign #1 [finish] () : cpu/real = 0:00:05.3/0:00:06.6 (0.8), totSession cpu/real = 0:00:46.8/0:00:49.3 (0.9), mem = 2628.4M
<CMD> refinePlace
*** Starting refinePlace (0:00:46.8 mem=2628.4M) ***
Move report: Detail placement moves 0 insts, mean move: 0.00 um, max move: 0.00 um 
	Runtime: CPU: 0:00:00.0 REAL: 0:00:00.0 MEM: 2596.4MB
Summary Report:
Instances move: 0 (out of 228 movable)
Instances flipped: 0
Mean displacement: 0.00 um
Max displacement: 0.00 um 
Runtime: CPU: 0:00:00.0 REAL: 0:00:00.0 MEM: 2596.4MB
*** Finished refinePlace (0:00:46.9 mem=2596.4M) ***
<CMD> checkFPlan -reportUtil -outFile ./verify_rpt/reportUtil.rpt
** NOTE: Created directory path './verify_rpt' for file './verify_rpt/reportUtil.rpt'.
Checking routing tracks.....
Checking other grids.....
Checking FINFET Grid is on Manufacture Grid.....
Checking core/die box is on Grid.....
Checking snap rule ......
Checking Row is on grid......
Checking AreaIO row.....
Checking row out of die ...
Checking routing blockage.....
Checking placement blockage.....
placeBlkGrid grid_type = 1 
Checking components.....
Checking IO Pads out of die...
Checking constraints (guide/region/fence).....

Checking Preroutes.....
No. of regular pre-routes not on tracks : 0 

Reporting Utilizations.....

Core utilization  = 66.428571
Effective Utilizations
Average macro density = 0.000.
Average module density = 0.668.
Pure std cell Density 0.668103
 Density for the design = 0.668.
       = stdcell_area 1705 sites (398 um^2) / alloc_area 2552 sites (595 um^2).
Pin Density = 0.3197.
            = total # of pins 816 / total area 2552.
*** Message Summary: 0 warning(s), 0 error(s)

<CMD> create_route_type -name leaf_rule -bottom_preferred_layer M2 -top_preferred_layer M3
<CMD> create_route_type -name trunk_rule -shield_net VSS -bottom_preferred_layer M4 -top_preferred_layer M6
<CMD> create_route_type -name top_rule -shield_net VSS -bottom_preferred_layer M7 -top_preferred_layer M8
<CMD> set_ccopt_property -net_type leaf route_type leaf_rule
<CMD> set_ccopt_property -net_type trunk route_type trunk_rule
<CMD> set_ccopt_property -net_type top route_type top_rule
<CMD> set_ccopt_property routing_top_min_fanout 10000
<CMD> set_ccopt_property target_max_trans 1ns
<CMD> set_ccopt_property buffer_cells {BUFx2_ASAP7_75t_R BUFx3_ASAP7_75t_R BUFx4_ASAP7_75t_R BUFx8_ASAP7_75t_R}
<CMD> set_ccopt_property inverter_cells {INVx1_ASAP7_75t_R INVx2_ASAP7_75t_R INVx4_ASAP7_75t_R INVx8_ASAP7_75t_R INVx16_ASAP7_75t_R}
<CMD> set_ccopt_property use_inverters auto
<CMD> setOptMode -reclaimArea true -leakageToDynamicRatio 0.5 -powerEffort high -fixFanoutLoad true
<CMD> optDesign -prefix preCTS -preCTS
Executing: place_opt_design -opt -prefix preCTS
**INFO: User settings:
setDesignMode -process                               7
setDesignMode -topRoutingLayer                       9
setExtractRCMode -coupling_c_th                      0.1
setExtractRCMode -engine                             preRoute
setExtractRCMode -relative_c_th                      1
setExtractRCMode -total_c_th                         0
setDelayCalMode -engine                              aae
setDelayCalMode -ignoreNetLoad                       false
setOptMode -opt_fix_fanout_load                      true
setOptMode -opt_leakage_to_dynamic_ratio             0.5
setOptMode -opt_power_effort                         high
setOptMode -opt_area_recovery                        true
setPlaceMode -macroPlaceMode                         0
setPlaceMode -place_design_refine_macro              true
setPlaceMode -place_detail_preroute_as_obs           {1 2 3}
setPlaceMode -place_global_auto_blockage_in_channel  soft
setPlaceMode -place_global_cong_effort               high
setPlaceMode -place_global_module_aware_spare        true
setPlaceMode -place_global_uniform_density           true
setAnalysisMode -analysisType                        single
setAnalysisMode -clkSrcPath                          true
setAnalysisMode -clockPropagation                    sdcControl
setAnalysisMode -virtualIPO                          false

*** place_opt_design #1 [begin] () : totSession cpu/real = 0:00:47.0/0:00:49.5 (0.9), mem = 2612.4M
No user sequential activity specified, applying default sequential activity of "0.2" for Dynamic Power reporting.
'set_default_switching_activity' finished successfully.
*** Starting GigaPlace ***
*** GlobalPlace #1 [begin] (place_opt_design #1) : totSession cpu/real = 0:00:47.0/0:00:49.5 (0.9), mem = 2612.4M
*** GlobalPlace #1 [finish] (place_opt_design #1) : cpu/real = 0:00:00.0/0:00:00.0 (0.0), totSession cpu/real = 0:00:47.0/0:00:49.5 (0.9), mem = 2612.4M
Enable CTE adjustment.
Enable Layer aware incrSKP.
**optDesign ... cpu = 0:00:00, real = 0:00:00, mem = 1961.9M, totSessionCpu=0:00:47 **
GigaOpt running with 2 threads.
*** InitOpt #1 [begin] (place_opt_design #1) : totSession cpu/real = 0:00:47.0/0:00:49.5 (0.9), mem = 2612.4M
**INFO: setDesignMode -flowEffort standard -> setting 'setOptMode -allEndPoints true' for the duration of this command.
Updating RC Grid density data for preRoute extraction ...
Initializing multi-corner resistance tables ...
AAE DB initialization (MEM=2635.42 CPU=0:00:00.0 REAL=0:00:00.0) 
Info: Using Genus executable '/home/share_file/cadence/installs/DDI221/GENUS221/tools.lnx86/bin/genus'.
      Genus workers will not check out additional licenses.
**INFO: No dynamic/leakage power view specified, setting up the setup view "tt" as power view
** WARN:  (VOLTUS_POWR-3212): The 'set_power_analysis_mode -leakage_power_view |-dynamic_power_view|-analysis_view' will be obsolete in 18.20 release. Use 'set_analysis_view -leakage <> | -dynamic <>' to set leakage and dynamic power views.

#################################################################################
# Design Stage: PreRoute
# Design Name: Adder32
# Design Mode: 7nm
# Analysis Mode: MMMC Non-OCV 
# Parasitics Mode: No SPEF/RCDB 
# Signoff Settings: SI Off 
#################################################################################
CLK(1000MHz) 
Starting Levelizing
2026-Apr-12 20:35:58 (2026-Apr-12 13:35:58 GMT)
2026-Apr-12 20:35:58 (2026-Apr-12 13:35:58 GMT): 10%
2026-Apr-12 20:35:58 (2026-Apr-12 13:35:58 GMT): 20%
2026-Apr-12 20:35:58 (2026-Apr-12 13:35:58 GMT): 30%
2026-Apr-12 20:35:58 (2026-Apr-12 13:35:58 GMT): 40%
2026-Apr-12 20:35:58 (2026-Apr-12 13:35:58 GMT): 50%
2026-Apr-12 20:35:58 (2026-Apr-12 13:35:58 GMT): 60%
2026-Apr-12 20:35:58 (2026-Apr-12 13:35:58 GMT): 70%
2026-Apr-12 20:35:58 (2026-Apr-12 13:35:58 GMT): 80%
2026-Apr-12 20:35:58 (2026-Apr-12 13:35:58 GMT): 90%

Finished Levelizing
2026-Apr-12 20:35:58 (2026-Apr-12 13:35:58 GMT)

Starting Activity Propagation
2026-Apr-12 20:35:58 (2026-Apr-12 13:35:58 GMT)
** INFO:  (VOLTUS_POWR-1356): No default input activity has been set. Defaulting to 0.2.
Use 'set_default_switching_activity -input_activity' command to change the default activity value.

2026-Apr-12 20:35:58 (2026-Apr-12 13:35:58 GMT): 10%
2026-Apr-12 20:35:58 (2026-Apr-12 13:35:58 GMT): 20%
2026-Apr-12 20:35:58 (2026-Apr-12 13:35:58 GMT): 30%

Finished Activity Propagation
2026-Apr-12 20:35:58 (2026-Apr-12 13:35:58 GMT)
**optDesign ... cpu = 0:00:16, real = 0:00:30, mem = 2054.6M, totSessionCpu=0:01:03 **
#optDebug: { P: 7 W: 3195 FE: standard PE: high LDR: 0.5}
*** optDesign -preCTS ***
DRC Margin: user margin 0.0; extra margin 0.2
Setup Target Slack: user slack 0; extra slack 0.0
Hold Target Slack: user slack 0
**INFO: setOptMode -opt_power_effort high -> Total Power Opt will be called for all Setup Timing optDesign commands, with leakageToDynamicRatio 0.5.
**WARN: (IMPOPT-3195):	Analysis mode has changed.
Type 'man IMPOPT-3195' for more detail.
[NR-eGR] Early global route reroute all routable nets
[NR-eGR] Track table information for default rule: 
[NR-eGR] M1 has single uniform track structure
[NR-eGR] M2 has non-uniform track structures
[NR-eGR] M3 has single uniform track structure
[NR-eGR] M4 has single uniform track structure
[NR-eGR] M5 has single uniform track structure
[NR-eGR] M6 has single uniform track structure
[NR-eGR] M7 has single uniform track structure
[NR-eGR] M8 has single uniform track structure
[NR-eGR] M9 has single uniform track structure
[NR-eGR] Pad has single uniform track structure
[NR-eGR] Read 24 PG shapes
[NR-eGR] Read 0 clock shapes
[NR-eGR] Read 0 other shapes
[NR-eGR] #Routing Blockages  : 0
[NR-eGR] #Bump Blockages     : 0
[NR-eGR] #Instance Blockages : 96
[NR-eGR] #PG Blockages       : 24
[NR-eGR] #Halo Blockages     : 0
[NR-eGR] #Boundary Blockages : 0
[NR-eGR] #Clock Blockages    : 0
[NR-eGR] #Other Blockages    : 0
[NR-eGR] Num Prerouted Nets = 0  Num Prerouted Wires = 0
[NR-eGR] Read 300 nets ( ignored 0 )
[NR-eGR] There are 1 clock nets ( 0 with NDR ).
[NR-eGR] ============ Routing rule table ============
[NR-eGR] Rule id: 0  Rule name: (Default)  Nets: 300
[NR-eGR] ========================================
[NR-eGR] 
[NR-eGR] Layer group 1: route 300 net(s) in layer range [2, 9]
[NR-eGR] Early Global Route overflow of layer group 1: 0.00% H + 0.00% V. EstWL: 2.790720e+03um
[NR-eGR] Congestion Analysis By layer: (blocked Gcells are excluded) 
[NR-eGR]                        OverCon            
[NR-eGR]                         #Gcell     %Gcell
[NR-eGR]        Layer             (1-0)    OverCon
[NR-eGR] ----------------------------------------------
[NR-eGR]      M1 ( 1)         0( 0.00%)   ( 0.00%) 
[NR-eGR]      M2 ( 2)         0( 0.00%)   ( 0.00%) 
[NR-eGR]      M3 ( 3)         0( 0.00%)   ( 0.00%) 
[NR-eGR]      M4 ( 4)         0( 0.00%)   ( 0.00%) 
[NR-eGR]      M5 ( 5)         0( 0.00%)   ( 0.00%) 
[NR-eGR]      M6 ( 6)         0( 0.00%)   ( 0.00%) 
[NR-eGR]      M7 ( 7)         0( 0.00%)   ( 0.00%) 
[NR-eGR]      M8 ( 8)         0( 0.00%)   ( 0.00%) 
[NR-eGR]      M9 ( 9)         0( 0.00%)   ( 0.00%) 
[NR-eGR] ----------------------------------------------
[NR-eGR]        Total         0( 0.00%)   ( 0.00%) 
[NR-eGR] 
[NR-eGR] Overflow after Early Global Route 0.00% H + 0.00% V
[NR-eGR] Connected 0 must-join pins/ports (post-process)
[NR-eGR] Total eGR-routed clock nets wire length: 66um, number of vias: 82
[NR-eGR] --------------------------------------------------------------------------
[NR-eGR]              Length (um)  Vias 
[NR-eGR] -------------------------------
[NR-eGR]  M1   (1V)             0   719 
[NR-eGR]  M2   (2H)           872   894 
[NR-eGR]  M3   (3V)           770   116 
[NR-eGR]  M4   (4H)           506   105 
[NR-eGR]  M5   (5V)           412   102 
[NR-eGR]  M6   (6H)           219    57 
[NR-eGR]  M7   (7V)           164     4 
[NR-eGR]  M8   (8H)             1     0 
[NR-eGR]  M9   (9V)             0     0 
[NR-eGR]  Pad  (10H)            0     0 
[NR-eGR] -------------------------------
[NR-eGR]       Total         2945  1997 
[NR-eGR] --------------------------------------------------------------------------
[NR-eGR] Total half perimeter of net bounding box: 2826um
[NR-eGR] Total length: 2945um, number of vias: 1997
[NR-eGR] --------------------------------------------------------------------------
[NR-eGR] Finished Early Global Route kernel ( CPU: 0.05 sec, Real: 0.06 sec, Curr Mem: 2.63 MB )
Extraction called for design 'Adder32' of instances=228 and nets=302 using extraction engine 'preRoute' .
PreRoute RC Extraction called for design Adder32.
RC Extraction called in multi-corner(1) mode.
RCMode: PreRoute
      RC Corner Indexes            0   
Capacitance Scaling Factor   : 1.00000 
Resistance Scaling Factor    : 1.00000 
Clock Cap. Scaling Factor    : 1.00000 
Clock Res. Scaling Factor    : 1.00000 
Shrink Factor                : 1.00000
PreRoute extraction is honoring NDR/Shielding/ExtraSpace for clock nets.
Using Quantus QRC technology file ...
Updating RC Grid density data for preRoute extraction ...
Initializing multi-corner resistance tables ...
PreRoute RC Extraction DONE (CPU Time: 0:00:00.0  Real Time: 0:00:00.0  MEM: 2767.457M)
Starting delay calculation for Setup views
AAE_INFO: opIsDesignInPostRouteState() is 0
#################################################################################
# Design Stage: PreRoute
# Design Name: Adder32
# Design Mode: 7nm
# Analysis Mode: MMMC Non-OCV 
# Parasitics Mode: No SPEF/RCDB 
# Signoff Settings: SI Off 
#################################################################################
Calculate delays in Single mode...
Start delay calculation (fullDC) (2 T). (MEM=2804.55)
siFlow : Timing analysis mode is single, using late cdB files
Total number of fetched objects 300
End delay calculation. (MEM=3314.01 CPU=0:00:00.1 REAL=0:00:00.0)
End delay calculation (fullDC). (MEM=2898.01 CPU=0:00:00.3 REAL=0:00:00.0)
*** Done Building Timing Graph (cpu=0:00:00.5 real=0:00:00.0 totSessionCpu=0:01:04 mem=2898.0M)

------------------------------------------------------------------
             Initial Summary
------------------------------------------------------------------

Setup views included:
 tt 

+--------------------+---------+
|     Setup mode     |   all   |
+--------------------+---------+
|           WNS (ns):| -0.027  |
|           TNS (ns):| -0.028  |
|    Violating Paths:|    2    |
|          All Paths:|   64    |
+--------------------+---------+

+----------------+-------------------------------+------------------+
|                |              Real             |       Total      |
|    DRVs        +------------------+------------+------------------|
|                |  Nr nets(terms)  | Worst Vio  |  Nr nets(terms)  |
+----------------+------------------+------------+------------------+
|   max_cap      |      0 (0)       |   0.000    |      0 (0)       |
|   max_tran     |      0 (0)       |   0.000    |      0 (0)       |
|   max_fanout   |      0 (0)       |     0      |      0 (0)       |
|   max_length   |      0 (0)       |     0      |      0 (0)       |
+----------------+------------------+------------+------------------+

Density: 66.810%
------------------------------------------------------------------
**optDesign ... cpu = 0:00:17, real = 0:00:31, mem = 2186.1M, totSessionCpu=0:01:04 **
*** InitOpt #1 [finish] (place_opt_design #1) : cpu/real = 0:00:17.3/0:00:31.4 (0.5), totSession cpu/real = 0:01:04.3/0:01:21.0 (0.8), mem = 2822.0M
** INFO : this run is activating medium effort placeOptDesign flow
*** ExcludedClockNetOpt #1 [begin] (place_opt_design #1) : totSession cpu/real = 0:01:04.3/0:01:21.0 (0.8), mem = 2822.0M
*** Starting optimizing excluded clock nets MEM= 2822.0M) ***
*info: No excluded clock nets to be optimized.
*** Finished optimizing excluded clock nets (CPU Time= 0:00:00.0  MEM= 2822.0M) ***
*** ExcludedClockNetOpt #1 [finish] (place_opt_design #1) : cpu/real = 0:00:00.0/0:00:00.0 (20.8), totSession cpu/real = 0:01:04.3/0:01:21.0 (0.8), mem = 2822.0M
Begin: GigaOpt Route Type Constraints Refinement
*** CongRefineRouteType #1 [begin] (place_opt_design #1) : totSession cpu/real = 0:01:04.3/0:01:21.0 (0.8), mem = 2822.0M
Updated routing constraints on 0 nets.
Bottom Preferred Layer:
    None
Via Pillar Rule:
    None
*** CongRefineRouteType #1 [finish] (place_opt_design #1) : cpu/real = 0:00:00.0/0:00:00.0 (0.0), totSession cpu/real = 0:01:04.3/0:01:21.0 (0.8), mem = 2822.0M
End: GigaOpt Route Type Constraints Refinement
env CDS_WORKAREA is set to /data/tkvm2/Asap7design/adder

Power Net Detected:
        Voltage	    Name
             0V	    VSS
           0.7V	    VDD
Using Power View: tt.

Begin Power Analysis

             0V	    VSS
           0.7V	    VDD

Begin Processing Timing Library for Power Calculation

Ended Processing Timing Library for Power Calculation: (cpu=0:00:00, real=0:00:00, mem(process/total/peak)=2187.39MB/4729.93MB/2187.39MB)



Begin Processing Power Net/Grid for Power Calculation

Ended Processing Power Net/Grid for Power Calculation: (cpu=0:00:00, real=0:00:00, mem(process/total/peak)=2187.41MB/4729.93MB/2187.41MB)

Begin Processing Timing Window Data for Power Calculation

CLK(1000MHz) Ended Processing Timing Window Data for Power Calculation: (cpu=0:00:00, real=0:00:00, mem(process/total/peak)=2187.43MB/4729.93MB/2187.43MB)

Begin Processing User Attributes

Ended Processing User Attributes: (cpu=0:00:00, real=0:00:00, mem(process/total/peak)=2187.44MB/4729.93MB/2187.44MB)

Begin Processing Signal Activity


Starting Levelizing
2026-Apr-12 20:36:14 (2026-Apr-12 13:36:14 GMT)
2026-Apr-12 20:36:14 (2026-Apr-12 13:36:14 GMT): 10%
2026-Apr-12 20:36:14 (2026-Apr-12 13:36:14 GMT): 20%
2026-Apr-12 20:36:14 (2026-Apr-12 13:36:14 GMT): 30%
2026-Apr-12 20:36:14 (2026-Apr-12 13:36:14 GMT): 40%
2026-Apr-12 20:36:14 (2026-Apr-12 13:36:14 GMT): 50%
2026-Apr-12 20:36:14 (2026-Apr-12 13:36:14 GMT): 60%
2026-Apr-12 20:36:14 (2026-Apr-12 13:36:14 GMT): 70%
2026-Apr-12 20:36:14 (2026-Apr-12 13:36:14 GMT): 80%
2026-Apr-12 20:36:14 (2026-Apr-12 13:36:14 GMT): 90%

Finished Levelizing
2026-Apr-12 20:36:14 (2026-Apr-12 13:36:14 GMT)

Starting Activity Propagation
2026-Apr-12 20:36:14 (2026-Apr-12 13:36:14 GMT)
2026-Apr-12 20:36:14 (2026-Apr-12 13:36:14 GMT): 10%
2026-Apr-12 20:36:14 (2026-Apr-12 13:36:14 GMT): 20%
2026-Apr-12 20:36:14 (2026-Apr-12 13:36:14 GMT): 30%

Finished Activity Propagation
2026-Apr-12 20:36:14 (2026-Apr-12 13:36:14 GMT)
Ended Processing Signal Activity: (cpu=0:00:00, real=0:00:00, mem(process/total/peak)=2187.46MB/4729.93MB/2187.46MB)

Begin Power Computation

      ----------------------------------------------------------
      # of cell(s) missing both power/leakage table: 0
      # of cell(s) missing power table: 0
      # of cell(s) missing leakage table: 0
      ----------------------------------------------------------



Starting Calculating power
2026-Apr-12 20:36:14 (2026-Apr-12 13:36:14 GMT)
2026-Apr-12 20:36:14 (2026-Apr-12 13:36:14 GMT): 10%
2026-Apr-12 20:36:14 (2026-Apr-12 13:36:14 GMT): 20%
2026-Apr-12 20:36:14 (2026-Apr-12 13:36:14 GMT): 30%
2026-Apr-12 20:36:14 (2026-Apr-12 13:36:14 GMT): 40%
2026-Apr-12 20:36:14 (2026-Apr-12 13:36:14 GMT): 50%
2026-Apr-12 20:36:14 (2026-Apr-12 13:36:14 GMT): 60%
2026-Apr-12 20:36:14 (2026-Apr-12 13:36:14 GMT): 70%
2026-Apr-12 20:36:14 (2026-Apr-12 13:36:14 GMT): 80%
2026-Apr-12 20:36:14 (2026-Apr-12 13:36:14 GMT): 90%

Finished Calculating power
2026-Apr-12 20:36:14 (2026-Apr-12 13:36:14 GMT)
      # of MSMV cell(s) missing power_level: 0
Ended Power Computation: (cpu=0:00:00, real=0:00:00, mem(process/total/peak)=2189.73MB/4749.93MB/2189.74MB)

Begin Processing User Attributes

Begin Processing set_power
Ended Processing set_power: (cpu=0:00:00, real=0:00:00,
mem(process/total/peak)=2189.74MB/4749.93MB/2189.80MB)
Ended Processing User Attributes: (cpu=0:00:00, real=0:00:00, mem(process/total/peak)=2189.80MB/4749.93MB/2189.80MB)

Ended Power Analysis: (cpu=0:00:00, real=0:00:00, mem(process/total/peak)=2189.80MB/4749.93MB/2189.81MB)

Begin Boundary Leakage Calculation
Ended Boundary Leakage Calculation: (cpu=0:00:00, real=0:00:00,
mem(process/total/peak)=2189.88MB/4749.93MB/2189.88MB)
Begin Static Power Report Generation
*----------------------------------------------------------------------------------------
*	Innovus 22.17-s086_1 (64bit) 09/24/2024 10:51 (Linux 3.10.0-693.el7.x86_64)
*	
*
* 	Date & Time:	2026-Apr-12 20:36:14 (2026-Apr-12 13:36:14 GMT)
*
*----------------------------------------------------------------------------------------
*
*	Design: Adder32
*
*	Parasitic Files used:
*
*	Power Units = 1mW
*
*	Time Units = 1e-12 secs
*
*       report_power
*
-----------------------------------------------------------------------------------------
*



Total Power
-----------------------------------------------------------------------------------------
Total Internal Power:        0.05686210 	   73.0496%
Total Switching Power:       0.02095496 	   26.9204%
Total Leakage Power:         0.00002339 	    0.0300%
Total Power:                 0.07784044
-----------------------------------------------------------------------------------------


Group                           Internal   Switching     Leakage       Total  Percentage 
                                Power      Power         Power         Power  (%)        
-----------------------------------------------------------------------------------------
Sequential                       0.04419    0.004028   7.351e-06     0.04822       61.95
Macro                                  0           0           0           0           0
IO                                     0           0           0           0           0
Combinational                    0.01267     0.01693   1.603e-05     0.02962       38.05
Clock (Combinational)                  0           0           0           0           0
Clock (Sequential)                     0           0           0           0           0
-----------------------------------------------------------------------------------------
Total                            0.05686     0.02095   2.339e-05     0.07784         100
-----------------------------------------------------------------------------------------


Rail                  Voltage   Internal   Switching     Leakage       Total  Percentage 
                                Power      Power         Power         Power  (%)        
-----------------------------------------------------------------------------------------
VDD                       0.7    0.05686     0.02095   2.339e-05     0.07784         100
 
 
-----------------------------------------------------------------------------------------
*	Power Distribution Summary: 
*              Highest Average Power:                 oS_reg[9] (DFFHQNx1_ASAP7_75t_R):         0.001525
*              Highest Leakage Power:                     g1368 (XNOR2x2_ASAP7_75t_R):        2.371e-07
*                Total Cap:      3.04265e-13 F
*                Total instances in design:   228
*                Total instances in design with no power:     0
*                Total instances in design with no activty:     0

*                Total Fillers and Decap:     0
-----------------------------------------------------------------------------------------
 
** INFO:  (VOLTUS_POWR-3465): There are 0 decaps and 0 fillers in the design

Ended Static Power Report Generation: (cpu=0:00:00, real=0:00:00,
mem(process/total/peak)=2190.14MB/4749.93MB/2190.25MB)

 Design has 235 nets in selected transition density range, driven by 176 HVT insts, 0 MVT insts and 37 LVT insts
Begin: Forced Downsizing 
** Forced Downsizing WNS Slack -0.027  TNS Slack -0.028  Density 66.810 
(I,S,L,T): tt: 0.0569744, 0.0283988, 2.25992e-05, 0.0853958
+---------+---------+--------+--------+------------+--------+
| Density | Commits |  WNS   |  TNS   |    Real    |  Mem   |
+---------+---------+--------+--------+------------+--------+
|   66.81%|        -|  -0.027|  -0.028|   0:00:00.0| 2915.3M|
|   66.61%|        2|  -0.047|  -0.068|   0:00:00.0| 3044.7M|
+---------+---------+--------+--------+------------+--------+
Change summary: 0 (0/0/0) / 2 (0/2/0) sequential/combinational (up/down/same) sizing moves committed. 
** Forced Downsizing WNS Slack -0.047  TNS Slack -0.068  Density 66.614 
End: Forced Downsizing 
The useful skew maximum allowed delay is: 0.2
#InfoCS: Num dontuse cells 0, Num usable cells 213
optDesignOneStep: Power Flow
#InfoCS: Num dontuse cells 0, Num usable cells 213
*** SimplifyNetlist #1 [begin] (place_opt_design #1) : totSession cpu/real = 0:01:05.0/0:01:21.7 (0.8), mem = 2883.6M
Info: 1 clock net  excluded from IPO operation.
(I,S,L,T): tt: 0.0566716, 0.0282334, 2.24195e-05, 0.0849275

Footprint cell information for calculating maxBufDist
*info: There are 14 candidate Buffer cells
*info: There are 21 candidate Inverter cells


Netlist preparation processing... 
Removed 0 instance
*info: Marking 0 isolation instances dont touch
*info: Marking 0 level shifter instances dont touch
(I,S,L,T): tt: 0.0566716, 0.0282334, 2.24195e-05, 0.0849275
*** SimplifyNetlist #1 [finish] (place_opt_design #1) : cpu/real = 0:00:01.7/0:00:01.7 (1.0), totSession cpu/real = 0:01:06.7/0:01:23.4 (0.8), mem = 2917.0M
Running new flow changes for HFN
Begin: GigaOpt high fanout net optimization
*** DrvOpt #1 [begin] (place_opt_design #1) : totSession cpu/real = 0:01:06.7/0:01:23.4 (0.8), mem = 2917.0M
Info: 1 clock net  excluded from IPO operation.
(I,S,L,T): tt: 0.0566716, 0.0282334, 2.24195e-05, 0.0849275
(I,S,L,T): tt: 0.0566716, 0.0282334, 2.24195e-05, 0.0849275
*** DrvOpt #1 [finish] (place_opt_design #1) : cpu/real = 0:00:01.3/0:00:01.3 (1.0), totSession cpu/real = 0:01:08.0/0:01:24.7 (0.8), mem = 2917.2M
End: GigaOpt high fanout net optimization
#InfoCS: Num dontuse cells 0, Num usable cells 213
optDesignOneStep: Power Flow
#InfoCS: Num dontuse cells 0, Num usable cells 213
Info: 1 clock net  excluded from IPO operation.

Begin: Area Power Optimization
Begin: Area Power Reclaim Optimization
*** AreaOpt #1 [begin] (place_opt_design #1) : totSession cpu/real = 0:01:08.1/0:01:24.7 (0.8), mem = 3020.5M
(I,S,L,T): tt: 0.0566716, 0.0282334, 2.24195e-05, 0.0849275
Reclaim Optimization WNS Slack -0.047  TNS Slack -0.068 Density 66.61
+---------+---------+--------+--------+------------+--------+
| Density | Commits |  WNS   |  TNS   |    Real    |  Mem   |
+---------+---------+--------+--------+------------+--------+
|   66.61%|        -|  -0.047|  -0.068|   0:00:00.0| 3020.5M|
|   66.61%|        0|  -0.047|  -0.068|   0:00:00.0| 3020.5M|
|   66.61%|        0|  -0.047|  -0.068|   0:00:00.0| 3020.5M|
|   66.61%|        0|  -0.047|  -0.068|   0:00:00.0| 3020.5M|
|   66.61%|        9|  -0.046|  -0.066|   0:00:00.0| 3058.6M|
+---------+---------+--------+--------+------------+--------+
Reclaim Optimization End WNS Slack -0.046  TNS Slack -0.066 Density 66.61
Bottom Preferred Layer:
    None
Via Pillar Rule:
    None

Number of times islegalLocAvaiable called = 9 skipped = 0, called in commitmove = 9, skipped in commitmove = 0
End: Core Area Reclaim Optimization (cpu = 0:00:01.2) (real = 0:00:01.0) **
(I,S,L,T): tt: 0.0566146, 0.028141, 2.22661e-05, 0.0847779
*** AreaOpt #1 [finish] (place_opt_design #1) : cpu/real = 0:00:01.2/0:00:01.0 (1.1), totSession cpu/real = 0:01:09.2/0:01:25.8 (0.8), mem = 3058.6M
End: Area Reclaim Optimization (cpu=0:00:01, real=0:00:01, mem=2917.64M, totSessionCpu=0:01:09).
skipped the cell partition in DRV

Active setup views:
 tt
  Dominating endpoints: 0
  Dominating TNS: -0.000

Leakage Power Opt: re-selecting buf/inv list 
#InfoCS: Num dontuse cells 0, Num usable cells 213
optDesignOneStep: Power Flow
#InfoCS: Num dontuse cells 0, Num usable cells 213
Begin: GigaOpt Global Optimization
*info: use new DP (enabled)
Info: 1 clock net  excluded from IPO operation.
*** GlobalOpt #1 [begin] (place_opt_design #1) : totSession cpu/real = 0:01:09.2/0:01:25.8 (0.8), mem = 3004.9M
(I,S,L,T): tt: 0.0566146, 0.028141, 2.22661e-05, 0.0847779
*info: 1 clock net excluded
** GigaOpt Global Opt WNS Slack -0.046  TNS Slack -0.066 
+--------+--------+---------+------------+--------+----------+---------+--------------+
|  WNS   |  TNS   | Density |    Real    |  Mem   |Worst View|Pathgroup|  End Point   |
+--------+--------+---------+------------+--------+----------+---------+--------------+
|  -0.046|  -0.066|   66.61%|   0:00:00.0| 3004.9M|        tt|  default| oS_reg[31]/D |
|  -0.046|  -0.066|   66.61%|   0:00:00.0| 3041.5M|        tt|  default| oS_reg[31]/D |
|  -0.046|  -0.066|   66.61%|   0:00:00.0| 3041.5M|        tt|  default| oS_reg[31]/D |
|  -0.046|  -0.066|   66.61%|   0:00:00.0| 3041.5M|        tt|  default| oS_reg[31]/D |
|  -0.006|  -0.006|   67.16%|   0:00:00.0| 3060.5M|        tt|  default| oS_reg[31]/D |
|  -0.006|  -0.006|   67.16%|   0:00:00.0| 3060.5M|        tt|  default| oS_reg[31]/D |
|  -0.006|  -0.006|   67.16%|   0:00:00.0| 3060.5M|        tt|  default| oS_reg[31]/D |
|  -0.006|  -0.006|   67.16%|   0:00:00.0| 3060.5M|        tt|  default| oS_reg[31]/D |
|   0.000|   0.000|   67.28%|   0:00:00.0| 3060.5M|        NA|       NA| NA           |
+--------+--------+---------+------------+--------+----------+---------+--------------+

*** Finish pre-CTS Global Setup Fixing (cpu=0:00:00.2 real=0:00:00.0 mem=3060.5M) ***

*** Finish pre-CTS Setup Fixing (cpu=0:00:00.2 real=0:00:00.0 mem=3060.5M) ***
Bottom Preferred Layer:
    None
Via Pillar Rule:
    None
** GigaOpt Global Opt End WNS Slack 0.000  TNS Slack 0.000 
(I,S,L,T): tt: 0.056917, 0.0287512, 2.26274e-05, 0.0856908
*** GlobalOpt #1 [finish] (place_opt_design #1) : cpu/real = 0:00:04.5/0:00:04.4 (1.0), totSession cpu/real = 0:01:13.8/0:01:30.2 (0.8), mem = 2916.5M
End: GigaOpt Global Optimization
Leakage Power Opt: resetting the buf/inv selection
*** Timing Is met
*** Check timing (0:00:00.0)
#InfoCS: Num dontuse cells 0, Num usable cells 213
optDesignOneStep: Power Flow
#InfoCS: Num dontuse cells 0, Num usable cells 213
Info: 1 clock net  excluded from IPO operation.

Begin: Area Power Optimization
Begin: Area Power Reclaim Optimization
*** AreaOpt #2 [begin] (place_opt_design #1) : totSession cpu/real = 0:01:13.8/0:01:30.2 (0.8), mem = 3019.8M
(I,S,L,T): tt: 0.056917, 0.0287512, 2.26274e-05, 0.0856908
Reclaim Optimization WNS Slack 0.000  TNS Slack 0.000 Density 67.28
+---------+---------+--------+--------+------------+--------+
| Density | Commits |  WNS   |  TNS   |    Real    |  Mem   |
+---------+---------+--------+--------+------------+--------+
|   67.28%|        -|   0.000|   0.000|   0:00:00.0| 3021.8M|
|   67.28%|        0|   0.000|   0.000|   0:00:00.0| 3023.3M|
|   67.28%|        0|   0.000|   0.000|   0:00:00.0| 3023.3M|
|   67.28%|        0|   0.000|   0.000|   0:00:00.0| 3023.3M|
|   67.28%|        0|   0.000|   0.000|   0:00:00.0| 3023.3M|
|   67.28%|        0|   0.000|   0.000|   0:00:00.0| 3023.3M|
|   67.28%|        0|   0.000|   0.000|   0:00:00.0| 3023.3M|
+---------+---------+--------+--------+------------+--------+
Reclaim Optimization End WNS Slack 0.000  TNS Slack 0.000 Density 67.28
Bottom Preferred Layer:
    None
Via Pillar Rule:
    None

Number of times islegalLocAvaiable called = 0 skipped = 0, called in commitmove = 0, skipped in commitmove = 0
End: Core Area Reclaim Optimization (cpu = 0:00:01.1) (real = 0:00:01.0) **
(I,S,L,T): tt: 0.056917, 0.0287512, 2.26274e-05, 0.0856908
*** AreaOpt #2 [finish] (place_opt_design #1) : cpu/real = 0:00:01.1/0:00:01.0 (1.1), totSession cpu/real = 0:01:15.0/0:01:31.3 (0.8), mem = 3023.3M
End: Area Reclaim Optimization (cpu=0:00:01, real=0:00:01, mem=2919.27M, totSessionCpu=0:01:15).
*** IncrReplace #1 [begin] (place_opt_design #1) : totSession cpu/real = 0:01:15.0/0:01:31.3 (0.8), mem = 2919.3M

*** Start incrementalPlace ***
No Views given, use default active views for adaptive view pruning
SKP will enable view:
  tt
[NR-eGR] Started Early Global Route kernel ( Curr Mem: 2.82 MB )
[NR-eGR] Early global route reroute all routable nets
[NR-eGR] Track table information for default rule: 
[NR-eGR] M1 has single uniform track structure
[NR-eGR] M2 has non-uniform track structures
[NR-eGR] M3 has single uniform track structure
[NR-eGR] M4 has single uniform track structure
[NR-eGR] M5 has single uniform track structure
[NR-eGR] M6 has single uniform track structure
[NR-eGR] M7 has single uniform track structure
[NR-eGR] M8 has single uniform track structure
[NR-eGR] M9 has single uniform track structure
[NR-eGR] Pad has single uniform track structure
[NR-eGR] Read 24 PG shapes
[NR-eGR] Read 0 clock shapes
[NR-eGR] Read 0 other shapes
[NR-eGR] #Routing Blockages  : 0
[NR-eGR] #Bump Blockages     : 0
[NR-eGR] #Instance Blockages : 96
[NR-eGR] #PG Blockages       : 24
[NR-eGR] #Halo Blockages     : 0
[NR-eGR] #Boundary Blockages : 0
[NR-eGR] #Clock Blockages    : 0
[NR-eGR] #Other Blockages    : 0
[NR-eGR] Num Prerouted Nets = 0  Num Prerouted Wires = 0
[NR-eGR] Read 300 nets ( ignored 0 )
[NR-eGR] There are 1 clock nets ( 0 with NDR ).
[NR-eGR] ============ Routing rule table ============
[NR-eGR] Rule id: 0  Rule name: (Default)  Nets: 300
[NR-eGR] ========================================
[NR-eGR] 
[NR-eGR] Layer group 1: route 300 net(s) in layer range [2, 9]
[NR-eGR] Early Global Route overflow of layer group 1: 0.00% H + 0.00% V. EstWL: 2.786400e+03um
[NR-eGR] Congestion Analysis By layer: (blocked Gcells are excluded) 
[NR-eGR]                        OverCon            
[NR-eGR]                         #Gcell     %Gcell
[NR-eGR]        Layer             (1-0)    OverCon
[NR-eGR] ----------------------------------------------
[NR-eGR]      M1 ( 1)         0( 0.00%)   ( 0.00%) 
[NR-eGR]      M2 ( 2)         0( 0.00%)   ( 0.00%) 
[NR-eGR]      M3 ( 3)         0( 0.00%)   ( 0.00%) 
[NR-eGR]      M4 ( 4)         0( 0.00%)   ( 0.00%) 
[NR-eGR]      M5 ( 5)         0( 0.00%)   ( 0.00%) 
[NR-eGR]      M6 ( 6)         0( 0.00%)   ( 0.00%) 
[NR-eGR]      M7 ( 7)         0( 0.00%)   ( 0.00%) 
[NR-eGR]      M8 ( 8)         0( 0.00%)   ( 0.00%) 
[NR-eGR]      M9 ( 9)         0( 0.00%)   ( 0.00%) 
[NR-eGR] ----------------------------------------------
[NR-eGR]        Total         0( 0.00%)   ( 0.00%) 
[NR-eGR] 
[NR-eGR] Overflow after Early Global Route 0.00% H + 0.00% V
[NR-eGR] Finished Early Global Route kernel ( CPU: 0.03 sec, Real: 0.03 sec, Curr Mem: 2.82 MB )
Early Global Route congestion estimation runtime: 0.03 seconds, mem = 2921.3M
Local HotSpot Analysis: normalized max congestion hotspot area = 0.00, normalized total congestion hotspot area = 0.00 (area is in unit of 4 std-cell row bins)

=== incrementalPlace Internal Loop 1 ===
No spares found within logical modules, disabling '-moduleAwareSpare'.
[spp] 0
*** Finished SKP initialization (cpu=0:00:02.1, real=0:00:01.0)***
[NR-eGR] Started Early Global Route kernel ( Curr Mem: 2.99 MB )
Iteration  4: Total net bbox = 2.333e+03 (1.20e+03 1.13e+03)
              Est.  stn bbox = 2.390e+03 (1.22e+03 1.17e+03)
              cpu = 0:00:00.1 real = 0:00:00.0 mem = 3162.8M
Iteration  5: Total net bbox = 2.374e+03 (1.21e+03 1.17e+03)
              Est.  stn bbox = 2.433e+03 (1.23e+03 1.21e+03)
              cpu = 0:00:00.2 real = 0:00:00.0 mem = 3162.8M
Iteration  6: Total net bbox = 2.529e+03 (1.29e+03 1.24e+03)
              Est.  stn bbox = 2.595e+03 (1.31e+03 1.28e+03)
              cpu = 0:00:00.7 real = 0:00:01.0 mem = 3162.8M
Iteration  7: Total net bbox = 2.656e+03 (1.35e+03 1.31e+03)
              Est.  stn bbox = 2.723e+03 (1.37e+03 1.35e+03)
              cpu = 0:00:01.6 real = 0:00:01.0 mem = 3162.8M
Iteration  8: Total net bbox = 2.631e+03 (1.33e+03 1.30e+03)
              Est.  stn bbox = 2.698e+03 (1.36e+03 1.34e+03)
              cpu = 0:00:00.2 real = 0:00:00.0 mem = 3194.8M
Move report: Timing Driven Placement moves 228 insts, mean move: 2.51 um, max move: 8.04 um 
	Max move on inst (add_8_11_g1314__5477): (28.30, 24.84) --> (23.62, 21.47)

Finished Incremental Placement (cpu=0:00:04.9, real=0:00:03.0, mem=3130.8M)
Begin: Reorder Scan Chains
**WARN: (IMPSP-9025):	No scan chain specified/traced.
Type 'man IMPSP-9025' for more detail.
End: Reorder Scan Chains
*** Starting refinePlace (0:01:20 mem=3130.8M) ***
Total net bbox length = 2.831e+03 (1.522e+03 1.309e+03) (ext = 1.615e+03)
Move report: Detail placement moves 228 insts, mean move: 0.18 um, max move: 0.69 um 
	Max move on inst (oS_reg[27]): (9.61, 20.03) --> (9.50, 19.44)
	Runtime: CPU: 0:00:00.1 REAL: 0:00:00.0 MEM: 3120.8MB
Summary Report:
Instances move: 228 (out of 228 movable)
Instances flipped: 0
Mean displacement: 0.18 um
Max displacement: 0.69 um (Instance: oS_reg[27]) (9.60725, 20.0295) -> (9.504, 19.44)
	Length: 20 sites, height: 1 rows, site name: asap7sc7p5t, cell type: DFFHQNx1_ASAP7_75t_R
Total net bbox length = 2.824e+03 (1.523e+03 1.300e+03) (ext = 1.609e+03)
Runtime: CPU: 0:00:00.1 REAL: 0:00:00.0 MEM: 3120.8MB
*** Finished refinePlace (0:01:20 mem=3120.8M) ***
[NR-eGR] Early global route reroute all routable nets
[NR-eGR] Track table information for default rule: 
[NR-eGR] M1 has single uniform track structure
[NR-eGR] M2 has non-uniform track structures
[NR-eGR] M3 has single uniform track structure
[NR-eGR] M4 has single uniform track structure
[NR-eGR] M5 has single uniform track structure
[NR-eGR] M6 has single uniform track structure
[NR-eGR] M7 has single uniform track structure
[NR-eGR] M8 has single uniform track structure
[NR-eGR] M9 has single uniform track structure
[NR-eGR] Pad has single uniform track structure
[NR-eGR] Read 24 PG shapes
[NR-eGR] Read 0 clock shapes
[NR-eGR] Read 0 other shapes
[NR-eGR] #Routing Blockages  : 0
[NR-eGR] #Bump Blockages     : 0
[NR-eGR] #Instance Blockages : 96
[NR-eGR] #PG Blockages       : 24
[NR-eGR] #Halo Blockages     : 0
[NR-eGR] #Boundary Blockages : 0
[NR-eGR] #Clock Blockages    : 0
[NR-eGR] #Other Blockages    : 0
[NR-eGR] Num Prerouted Nets = 0  Num Prerouted Wires = 0
[NR-eGR] Read 300 nets ( ignored 0 )
[NR-eGR] There are 1 clock nets ( 0 with NDR ).
[NR-eGR] ============ Routing rule table ============
[NR-eGR] Rule id: 0  Rule name: (Default)  Nets: 300
[NR-eGR] ========================================
[NR-eGR] 
[NR-eGR] Layer group 1: route 300 net(s) in layer range [2, 9]
[NR-eGR] Early Global Route overflow of layer group 1: 0.00% H + 0.00% V. EstWL: 2.812320e+03um
[NR-eGR] Congestion Analysis By layer: (blocked Gcells are excluded) 
[NR-eGR]                        OverCon            
[NR-eGR]                         #Gcell     %Gcell
[NR-eGR]        Layer             (1-0)    OverCon
[NR-eGR] ----------------------------------------------
[NR-eGR]      M1 ( 1)         0( 0.00%)   ( 0.00%) 
[NR-eGR]      M2 ( 2)         0( 0.00%)   ( 0.00%) 
[NR-eGR]      M3 ( 3)         0( 0.00%)   ( 0.00%) 
[NR-eGR]      M4 ( 4)         0( 0.00%)   ( 0.00%) 
[NR-eGR]      M5 ( 5)         0( 0.00%)   ( 0.00%) 
[NR-eGR]      M6 ( 6)         0( 0.00%)   ( 0.00%) 
[NR-eGR]      M7 ( 7)         0( 0.00%)   ( 0.00%) 
[NR-eGR]      M8 ( 8)         0( 0.00%)   ( 0.00%) 
[NR-eGR]      M9 ( 9)         0( 0.00%)   ( 0.00%) 
[NR-eGR] ----------------------------------------------
[NR-eGR]        Total         0( 0.00%)   ( 0.00%) 
[NR-eGR] 
[NR-eGR] Overflow after Early Global Route 0.00% H + 0.00% V
[NR-eGR] Finished Early Global Route kernel ( CPU: 0.02 sec, Real: 0.03 sec, Curr Mem: 3.01 MB )
Early Global Route congestion estimation runtime: 0.03 seconds, mem = 3136.8M
Local HotSpot Analysis: normalized max congestion hotspot area = 0.00, normalized total congestion hotspot area = 0.00 (area is in unit of 4 std-cell row bins)
[NR-eGR] Connected 0 must-join pins/ports (post-process)
[NR-eGR] Total eGR-routed clock nets wire length: 60um, number of vias: 75
[NR-eGR] --------------------------------------------------------------------------
[NR-eGR]              Length (um)  Vias 
[NR-eGR] -------------------------------
[NR-eGR]  M1   (1V)             0   719 
[NR-eGR]  M2   (2H)           889   941 
[NR-eGR]  M3   (3V)           800   110 
[NR-eGR]  M4   (4H)           466   103 
[NR-eGR]  M5   (5V)           387   100 
[NR-eGR]  M6   (6H)           236    55 
[NR-eGR]  M7   (7V)           173     0 
[NR-eGR]  M8   (8H)             0     0 
[NR-eGR]  M9   (9V)             0     0 
[NR-eGR]  Pad  (10H)            0     0 
[NR-eGR] -------------------------------
[NR-eGR]       Total         2950  2028 
[NR-eGR] --------------------------------------------------------------------------
[NR-eGR] Total half perimeter of net bounding box: 2824um
[NR-eGR] Total length: 2950um, number of vias: 2028
[NR-eGR] --------------------------------------------------------------------------
Early Global Route wiring runtime: 0.01 seconds, mem = 3152.8M
0 delay mode for cte disabled.

*** Finished incrementalPlace (cpu=0:00:05.2, real=0:00:03.0)***
Start to check current routing status for nets...
All nets are already routed correctly.
End to check current routing status for nets (mem=3088.8M)
Extraction called for design 'Adder32' of instances=228 and nets=302 using extraction engine 'preRoute' .
PreRoute RC Extraction called for design Adder32.
RC Extraction called in multi-corner(1) mode.
RCMode: PreRoute
      RC Corner Indexes            0   
Capacitance Scaling Factor   : 1.00000 
Resistance Scaling Factor    : 1.00000 
Clock Cap. Scaling Factor    : 1.00000 
Clock Res. Scaling Factor    : 1.00000 
Shrink Factor                : 1.00000
PreRoute extraction is honoring NDR/Shielding/ExtraSpace for clock nets.
Using Quantus QRC technology file ...
Updating RC Grid density data for preRoute extraction ...
Initializing multi-corner resistance tables ...
PreRoute RC Extraction DONE (CPU Time: 0:00:00.0  Real Time: 0:00:00.0  MEM: 3088.801M)
Compute RC Scale Done ...
**optDesign ... cpu = 0:00:33, real = 0:00:45, mem = 2260.2M, totSessionCpu=0:01:20 **
Starting delay calculation for Setup views
AAE_INFO: opIsDesignInPostRouteState() is 0
#################################################################################
# Design Stage: PreRoute
# Design Name: Adder32
# Design Mode: 7nm
# Analysis Mode: MMMC Non-OCV 
# Parasitics Mode: No SPEF/RCDB 
# Signoff Settings: SI Off 
#################################################################################
Calculate delays in Single mode...
Start delay calculation (fullDC) (2 T). (MEM=3109.46)
Total number of fetched objects 300
End delay calculation. (MEM=3192.84 CPU=0:00:00.1 REAL=0:00:00.0)
End delay calculation (fullDC). (MEM=3192.84 CPU=0:00:00.1 REAL=0:00:00.0)
*** Done Building Timing Graph (cpu=0:00:00.4 real=0:00:01.0 totSessionCpu=0:01:21 mem=3192.8M)
*** IncrReplace #1 [finish] (place_opt_design #1) : cpu/real = 0:00:05.7/0:00:04.3 (1.3), totSession cpu/real = 0:01:20.7/0:01:35.6 (0.8), mem = 3192.8M
Set ::gpsPrivate::dogPBIsIncrReplaceDoneInMaster 1
skipped the cell partition in DRV
*** Timing Is met
*** Check timing (0:00:00.0)
*** IncrReplace #2 [begin] (place_opt_design #1) : totSession cpu/real = 0:01:20.7/0:01:35.7 (0.8), mem = 3224.8M

*** Start incrementalPlace ***
No Views given, use default active views for adaptive view pruning
SKP will enable view:
  tt
[NR-eGR] Started Early Global Route kernel ( Curr Mem: 2.99 MB )
[NR-eGR] Early global route reroute all routable nets
[NR-eGR] Track table information for default rule: 
[NR-eGR] M1 has single uniform track structure
[NR-eGR] M2 has non-uniform track structures
[NR-eGR] M3 has single uniform track structure
[NR-eGR] M4 has single uniform track structure
[NR-eGR] M5 has single uniform track structure
[NR-eGR] M6 has single uniform track structure
[NR-eGR] M7 has single uniform track structure
[NR-eGR] M8 has single uniform track structure
[NR-eGR] M9 has single uniform track structure
[NR-eGR] Pad has single uniform track structure
[NR-eGR] Read 24 PG shapes
[NR-eGR] Read 0 clock shapes
[NR-eGR] Read 0 other shapes
[NR-eGR] #Routing Blockages  : 0
[NR-eGR] #Bump Blockages     : 0
[NR-eGR] #Instance Blockages : 96
[NR-eGR] #PG Blockages       : 24
[NR-eGR] #Halo Blockages     : 0
[NR-eGR] #Boundary Blockages : 0
[NR-eGR] #Clock Blockages    : 0
[NR-eGR] #Other Blockages    : 0
[NR-eGR] Num Prerouted Nets = 0  Num Prerouted Wires = 0
[NR-eGR] Read 300 nets ( ignored 0 )
[NR-eGR] There are 1 clock nets ( 0 with NDR ).
[NR-eGR] ============ Routing rule table ============
[NR-eGR] Rule id: 0  Rule name: (Default)  Nets: 300
[NR-eGR] ========================================
[NR-eGR] 
[NR-eGR] Layer group 1: route 300 net(s) in layer range [2, 9]
[NR-eGR] Early Global Route overflow of layer group 1: 0.00% H + 0.00% V. EstWL: 2.812320e+03um
[NR-eGR] Congestion Analysis By layer: (blocked Gcells are excluded) 
[NR-eGR]                        OverCon            
[NR-eGR]                         #Gcell     %Gcell
[NR-eGR]        Layer             (1-0)    OverCon
[NR-eGR] ----------------------------------------------
[NR-eGR]      M1 ( 1)         0( 0.00%)   ( 0.00%) 
[NR-eGR]      M2 ( 2)         0( 0.00%)   ( 0.00%) 
[NR-eGR]      M3 ( 3)         0( 0.00%)   ( 0.00%) 
[NR-eGR]      M4 ( 4)         0( 0.00%)   ( 0.00%) 
[NR-eGR]      M5 ( 5)         0( 0.00%)   ( 0.00%) 
[NR-eGR]      M6 ( 6)         0( 0.00%)   ( 0.00%) 
[NR-eGR]      M7 ( 7)         0( 0.00%)   ( 0.00%) 
[NR-eGR]      M8 ( 8)         0( 0.00%)   ( 0.00%) 
[NR-eGR]      M9 ( 9)         0( 0.00%)   ( 0.00%) 
[NR-eGR] ----------------------------------------------
[NR-eGR]        Total         0( 0.00%)   ( 0.00%) 
[NR-eGR] 
[NR-eGR] Overflow after Early Global Route 0.00% H + 0.00% V
[NR-eGR] Finished Early Global Route kernel ( CPU: 0.03 sec, Real: 0.03 sec, Curr Mem: 2.99 MB )
Early Global Route congestion estimation runtime: 0.04 seconds, mem = 3107.8M
Local HotSpot Analysis: normalized max congestion hotspot area = 0.00, normalized total congestion hotspot area = 0.00 (area is in unit of 4 std-cell row bins)

=== incrementalPlace Internal Loop 1 ===
No spares found within logical modules, disabling '-moduleAwareSpare'.
[spp] 0
*** Finished SKP initialization (cpu=0:00:02.2, real=0:00:01.0)***
[NR-eGR] Started Early Global Route kernel ( Curr Mem: 3.06 MB )
Iteration  4: Total net bbox = 2.342e+03 (1.20e+03 1.14e+03)
              Est.  stn bbox = 2.402e+03 (1.22e+03 1.18e+03)
              cpu = 0:00:00.2 real = 0:00:00.0 mem = 3166.4M
Iteration  5: Total net bbox = 2.380e+03 (1.21e+03 1.17e+03)
              Est.  stn bbox = 2.440e+03 (1.23e+03 1.21e+03)
              cpu = 0:00:00.2 real = 0:00:01.0 mem = 3166.4M
Iteration  6: Total net bbox = 2.510e+03 (1.28e+03 1.23e+03)
              Est.  stn bbox = 2.575e+03 (1.30e+03 1.28e+03)
              cpu = 0:00:00.5 real = 0:00:00.0 mem = 3166.4M
Iteration  7: Total net bbox = 2.657e+03 (1.36e+03 1.30e+03)
              Est.  stn bbox = 2.724e+03 (1.38e+03 1.34e+03)
              cpu = 0:00:00.9 real = 0:00:01.0 mem = 3166.4M
Iteration  8: Total net bbox = 2.637e+03 (1.34e+03 1.30e+03)
              Est.  stn bbox = 2.703e+03 (1.36e+03 1.34e+03)
              cpu = 0:00:00.2 real = 0:00:00.0 mem = 3198.4M
Move report: Timing Driven Placement moves 228 insts, mean move: 1.60 um, max move: 6.71 um 
	Max move on inst (g2): (27.22, 11.88) --> (21.59, 10.80)

Finished Incremental Placement (cpu=0:00:04.2, real=0:00:03.0, mem=3134.3M)
*** Starting refinePlace (0:01:25 mem=3134.3M) ***
Total net bbox length = 2.840e+03 (1.529e+03 1.311e+03) (ext = 1.630e+03)
Move report: Detail placement moves 228 insts, mean move: 0.09 um, max move: 0.34 um 
	Max move on inst (add_8_11_g1159__1881): (21.87, 14.83) --> (21.82, 15.12)
	Runtime: CPU: 0:00:00.1 REAL: 0:00:00.0 MEM: 3117.3MB
Summary Report:
Instances move: 228 (out of 228 movable)
Instances flipped: 0
Mean displacement: 0.09 um
Max displacement: 0.34 um (Instance: add_8_11_g1159__1881) (21.8732, 14.8347) -> (21.816, 15.12)
	Length: 4 sites, height: 1 rows, site name: asap7sc7p5t, cell type: NAND2xp5_ASAP7_75t_R
Total net bbox length = 2.821e+03 (1.528e+03 1.293e+03) (ext = 1.624e+03)
Runtime: CPU: 0:00:00.1 REAL: 0:00:00.0 MEM: 3117.3MB
*** Finished refinePlace (0:01:25 mem=3117.3M) ***
[NR-eGR] Early global route reroute all routable nets
[NR-eGR] Track table information for default rule: 
[NR-eGR] M1 has single uniform track structure
[NR-eGR] M2 has non-uniform track structures
[NR-eGR] M3 has single uniform track structure
[NR-eGR] M4 has single uniform track structure
[NR-eGR] M5 has single uniform track structure
[NR-eGR] M6 has single uniform track structure
[NR-eGR] M7 has single uniform track structure
[NR-eGR] M8 has single uniform track structure
[NR-eGR] M9 has single uniform track structure
[NR-eGR] Pad has single uniform track structure
[NR-eGR] Read 24 PG shapes
[NR-eGR] Read 0 clock shapes
[NR-eGR] Read 0 other shapes
[NR-eGR] #Routing Blockages  : 0
[NR-eGR] #Bump Blockages     : 0
[NR-eGR] #Instance Blockages : 96
[NR-eGR] #PG Blockages       : 24
[NR-eGR] #Halo Blockages     : 0
[NR-eGR] #Boundary Blockages : 0
[NR-eGR] #Clock Blockages    : 0
[NR-eGR] #Other Blockages    : 0
[NR-eGR] Num Prerouted Nets = 0  Num Prerouted Wires = 0
[NR-eGR] Read 300 nets ( ignored 0 )
[NR-eGR] There are 1 clock nets ( 0 with NDR ).
[NR-eGR] ============ Routing rule table ============
[NR-eGR] Rule id: 0  Rule name: (Default)  Nets: 300
[NR-eGR] ========================================
[NR-eGR] 
[NR-eGR] Layer group 1: route 300 net(s) in layer range [2, 9]
[NR-eGR] Early Global Route overflow of layer group 1: 0.00% H + 0.00% V. EstWL: 2.784240e+03um
[NR-eGR] Congestion Analysis By layer: (blocked Gcells are excluded) 
[NR-eGR]                        OverCon            
[NR-eGR]                         #Gcell     %Gcell
[NR-eGR]        Layer             (1-0)    OverCon
[NR-eGR] ----------------------------------------------
[NR-eGR]      M1 ( 1)         0( 0.00%)   ( 0.00%) 
[NR-eGR]      M2 ( 2)         0( 0.00%)   ( 0.00%) 
[NR-eGR]      M3 ( 3)         0( 0.00%)   ( 0.00%) 
[NR-eGR]      M4 ( 4)         0( 0.00%)   ( 0.00%) 
[NR-eGR]      M5 ( 5)         0( 0.00%)   ( 0.00%) 
[NR-eGR]      M6 ( 6)         0( 0.00%)   ( 0.00%) 
[NR-eGR]      M7 ( 7)         0( 0.00%)   ( 0.00%) 
[NR-eGR]      M8 ( 8)         0( 0.00%)   ( 0.00%) 
[NR-eGR]      M9 ( 9)         0( 0.00%)   ( 0.00%) 
[NR-eGR] ----------------------------------------------
[NR-eGR]        Total         0( 0.00%)   ( 0.00%) 
[NR-eGR] 
[NR-eGR] Overflow after Early Global Route 0.00% H + 0.00% V
[NR-eGR] Finished Early Global Route kernel ( CPU: 0.03 sec, Real: 0.03 sec, Curr Mem: 2.98 MB )
Early Global Route congestion estimation runtime: 0.03 seconds, mem = 3122.3M
Local HotSpot Analysis: normalized max congestion hotspot area = 0.00, normalized total congestion hotspot area = 0.00 (area is in unit of 4 std-cell row bins)
[NR-eGR] Connected 0 must-join pins/ports (post-process)
[NR-eGR] Total eGR-routed clock nets wire length: 65um, number of vias: 81
[NR-eGR] --------------------------------------------------------------------------
[NR-eGR]              Length (um)  Vias 
[NR-eGR] -------------------------------
[NR-eGR]  M1   (1V)             0   719 
[NR-eGR]  M2   (2H)           888   932 
[NR-eGR]  M3   (3V)           811   113 
[NR-eGR]  M4   (4H)           505   105 
[NR-eGR]  M5   (5V)           420   100 
[NR-eGR]  M6   (6H)           197    60 
[NR-eGR]  M7   (7V)           121     0 
[NR-eGR]  M8   (8H)             0     0 
[NR-eGR]  M9   (9V)             0     0 
[NR-eGR]  Pad  (10H)            0     0 
[NR-eGR] -------------------------------
[NR-eGR]       Total         2941  2029 
[NR-eGR] --------------------------------------------------------------------------
[NR-eGR] Total half perimeter of net bounding box: 2821um
[NR-eGR] Total length: 2941um, number of vias: 2029
[NR-eGR] --------------------------------------------------------------------------
Early Global Route wiring runtime: 0.01 seconds, mem = 3138.3M
0 delay mode for cte disabled.

*** Finished incrementalPlace (cpu=0:00:04.5, real=0:00:03.0)***
Start to check current routing status for nets...
All nets are already routed correctly.
End to check current routing status for nets (mem=3074.3M)
Extraction called for design 'Adder32' of instances=228 and nets=302 using extraction engine 'preRoute' .
PreRoute RC Extraction called for design Adder32.
RC Extraction called in multi-corner(1) mode.
RCMode: PreRoute
      RC Corner Indexes            0   
Capacitance Scaling Factor   : 1.00000 
Resistance Scaling Factor    : 1.00000 
Clock Cap. Scaling Factor    : 1.00000 
Clock Res. Scaling Factor    : 1.00000 
Shrink Factor                : 1.00000
PreRoute extraction is honoring NDR/Shielding/ExtraSpace for clock nets.
Using Quantus QRC technology file ...
Updating RC Grid density data for preRoute extraction ...
Initializing multi-corner resistance tables ...
PreRoute RC Extraction DONE (CPU Time: 0:00:00.0  Real Time: 0:00:00.0  MEM: 3074.332M)
Compute RC Scale Done ...
**optDesign ... cpu = 0:00:38, real = 0:00:49, mem = 2263.7M, totSessionCpu=0:01:25 **
Starting delay calculation for Setup views
AAE_INFO: opIsDesignInPostRouteState() is 0
#################################################################################
# Design Stage: PreRoute
# Design Name: Adder32
# Design Mode: 7nm
# Analysis Mode: MMMC Non-OCV 
# Parasitics Mode: No SPEF/RCDB 
# Signoff Settings: SI Off 
#################################################################################
Calculate delays in Single mode...
Start delay calculation (fullDC) (2 T). (MEM=3114.74)
Total number of fetched objects 300
End delay calculation. (MEM=3198.11 CPU=0:00:00.0 REAL=0:00:01.0)
End delay calculation (fullDC). (MEM=3198.11 CPU=0:00:00.1 REAL=0:00:01.0)
*** Done Building Timing Graph (cpu=0:00:00.4 real=0:00:01.0 totSessionCpu=0:01:26 mem=3198.1M)
*** IncrReplace #2 [finish] (place_opt_design #1) : cpu/real = 0:00:04.9/0:00:03.8 (1.3), totSession cpu/real = 0:01:25.7/0:01:39.5 (0.9), mem = 3198.1M
Set ::gpsPrivate::dogPBIsIncrReplaceDoneInMaster 1
skipped the cell partition in DRV
*** Timing Is met
*** Check timing (0:00:00.0)
*** Timing Is met
*** Check timing (0:00:00.0)
Info: 1 clock net  excluded from IPO operation.

Begin: Area Power Optimization
Begin: Area Power Reclaim Optimization
*** AreaOpt #3 [begin] (place_opt_design #1) : totSession cpu/real = 0:01:25.7/0:01:39.6 (0.9), mem = 3246.1M
(I,S,L,T): tt: 0.0569168, 0.0287408, 2.26274e-05, 0.0856802
Reclaim Optimization WNS Slack 0.000  TNS Slack 0.000 Density 67.28
+---------+---------+--------+--------+------------+--------+
| Density | Commits |  WNS   |  TNS   |    Real    |  Mem   |
+---------+---------+--------+--------+------------+--------+
|   67.28%|        -|   0.000|   0.000|   0:00:00.0| 3246.1M|
|   67.28%|        0|   0.000|   0.000|   0:00:00.0| 3246.1M|
|   67.28%|        0|   0.000|   0.000|   0:00:00.0| 3246.1M|
|   67.28%|        0|   0.000|   0.000|   0:00:00.0| 3246.1M|
|   67.28%|        0|   0.000|   0.000|   0:00:00.0| 3246.1M|
|   67.28%|        0|   0.000|   0.000|   0:00:00.0| 3246.1M|
+---------+---------+--------+--------+------------+--------+
Reclaim Optimization End WNS Slack 0.000  TNS Slack 0.000 Density 67.28
Bottom Preferred Layer:
    None
Via Pillar Rule:
    None

Number of times islegalLocAvaiable called = 0 skipped = 0, called in commitmove = 0, skipped in commitmove = 0
End: Core Area Reclaim Optimization (cpu = 0:00:00.7) (real = 0:00:00.0) **
(I,S,L,T): tt: 0.0569168, 0.0287408, 2.26274e-05, 0.0856802
*** AreaOpt #3 [finish] (place_opt_design #1) : cpu/real = 0:00:00.7/0:00:00.5 (1.3), totSession cpu/real = 0:01:26.4/0:01:40.1 (0.9), mem = 3246.1M
End: Area Reclaim Optimization (cpu=0:00:01, real=0:00:00, mem=3112.12M, totSessionCpu=0:01:26).
Begin: GigaOpt postEco DRV Optimization
*** DrvOpt #2 [begin] (place_opt_design #1) : totSession cpu/real = 0:01:26.4/0:01:40.2 (0.9), mem = 3112.1M
Info: 1 clock net  excluded from IPO operation.
(I,S,L,T): tt: 0.0569168, 0.0287408, 2.26274e-05, 0.0856802
+-------------------------------------------------------------------------------------------------------------------------------------------------------+
|        max-tran       |        max-cap        |  max-fanout |  max-length |       setup       |        |        |        |       |          |         |
+-------------------------------------------------------------------------------------------------------------------------------------------------------+
| nets | terms|  wViol  | nets | terms|  wViol  | nets | terms| nets | terms|   WNS   |   TNS   |  #Buf  |  #Inv  | #Resize|Density|   Real   |   Mem   |
+-------------------------------------------------------------------------------------------------------------------------------------------------------+
|     0|     0|     0.00|     0|     0|     0.00|     0|     0|     0|     0|     0.00|     0.00|       0|       0|       0| 67.28%|          |         |
|     0|     0|     0.00|     0|     0|     0.00|     0|     0|     0|     0|     0.00|     0.00|       0|       0|       0| 67.28%| 0:00:00.0|  3215.4M|
+-------------------------------------------------------------------------------------------------------------------------------------------------------+
Bottom Preferred Layer:
    None
Via Pillar Rule:
    None

*** Finish DRV Fixing (cpu=0:00:00.0 real=0:00:00.0 mem=3215.4M) ***

(I,S,L,T): tt: 0.0569168, 0.0287408, 2.26274e-05, 0.0856802
*** DrvOpt #2 [finish] (place_opt_design #1) : cpu/real = 0:00:01.3/0:00:01.3 (1.0), totSession cpu/real = 0:01:27.7/0:01:41.5 (0.9), mem = 3112.4M
End: GigaOpt postEco DRV Optimization
Running refinePlace -preserveRouting true -hardFence false
*** Starting refinePlace (0:01:28 mem=3112.4M) ***

Starting Small incrNP...
Skipped incrNP (cpu=0:00:00.0, real=0:00:00.0, mem=3112.4M)
End of Small incrNP (cpu=0:00:00.0, real=0:00:00.0)
Move report: Detail placement moves 0 insts, mean move: 0.00 um, max move: 0.00 um 
	Runtime: CPU: 0:00:00.0 REAL: 0:00:00.0 MEM: 3080.3MB
Summary Report:
Instances move: 0 (out of 228 movable)
Instances flipped: 0
Mean displacement: 0.00 um
Max displacement: 0.00 um 
Runtime: CPU: 0:00:00.0 REAL: 0:00:00.0 MEM: 3080.3MB
*** Finished refinePlace (0:01:28 mem=3080.3M) ***
GigaOpt: WNS changes after postEco optimization: 0.000 -> 0.000 (bump = 0.0)
GigaOpt: Skipping nonLegal postEco optimization
Design TNS changes after trial route: 0.000 -> 0.000
GigaOpt: Skipping post-eco TNS optimization
**optDesign ... cpu = 0:00:41, real = 0:00:52, mem = 2323.1M, totSessionCpu=0:01:28 **

------------------------------------------------------------------
        Before Power Reclaim
------------------------------------------------------------------

Setup views included:
 tt 

+--------------------+---------+---------+---------+
|     Setup mode     |   all   | reg2reg | default |
+--------------------+---------+---------+---------+
|           WNS (ns):|  0.005  |   N/A   |  0.005  |
|           TNS (ns):|  0.000  |   N/A   |  0.000  |
|    Violating Paths:|    0    |   N/A   |    0    |
|          All Paths:|   64    |   N/A   |   64    |
+--------------------+---------+---------+---------+

+----------------+-------------------------------+------------------+
|                |              Real             |       Total      |
|    DRVs        +------------------+------------+------------------|
|                |  Nr nets(terms)  | Worst Vio  |  Nr nets(terms)  |
+----------------+------------------+------------+------------------+
|   max_cap      |      0 (0)       |   0.000    |      0 (0)       |
|   max_tran     |      0 (0)       |   0.000    |      0 (0)       |
|   max_fanout   |      0 (0)       |     0      |      0 (0)       |
|   max_length   |      0 (0)       |     0      |      0 (0)       |
+----------------+------------------+------------+------------------+

Density: 67.281%
------------------------------------------------------------------
Info: 1 clock net  excluded from IPO operation.

Begin: Power Optimization
env CDS_WORKAREA is set to /data/tkvm2/Asap7design/adder
Using Power View: tt.

Begin Power Analysis

             0V	    VSS
           0.7V	    VDD
Begin Processing Timing Library for Power Calculation

Ended Processing Timing Library for Power Calculation: (cpu=0:00:00, real=0:00:00, mem(process/total/peak)=2353.82MB/5137.09MB/2353.82MB)



Begin Processing Power Net/Grid for Power Calculation

Ended Processing Power Net/Grid for Power Calculation: (cpu=0:00:00, real=0:00:00, mem(process/total/peak)=2353.82MB/5137.09MB/2353.82MB)

Begin Processing Timing Window Data for Power Calculation

Ended Processing Timing Window Data for Power Calculation: (cpu=0:00:00, real=0:00:00, mem(process/total/peak)=2353.82MB/5137.09MB/2353.82MB)

Begin Processing User Attributes

Ended Processing User Attributes: (cpu=0:00:00, real=0:00:00, mem(process/total/peak)=2353.82MB/5137.09MB/2353.82MB)

Begin Processing Signal Activity


Starting Levelizing
2026-Apr-12 20:36:35 (2026-Apr-12 13:36:35 GMT)
2026-Apr-12 20:36:35 (2026-Apr-12 13:36:35 GMT): 10%
2026-Apr-12 20:36:35 (2026-Apr-12 13:36:35 GMT): 20%
2026-Apr-12 20:36:35 (2026-Apr-12 13:36:35 GMT): 30%
2026-Apr-12 20:36:35 (2026-Apr-12 13:36:35 GMT): 40%
2026-Apr-12 20:36:35 (2026-Apr-12 13:36:35 GMT): 50%
2026-Apr-12 20:36:35 (2026-Apr-12 13:36:35 GMT): 60%
2026-Apr-12 20:36:35 (2026-Apr-12 13:36:35 GMT): 70%
2026-Apr-12 20:36:35 (2026-Apr-12 13:36:35 GMT): 80%
2026-Apr-12 20:36:35 (2026-Apr-12 13:36:35 GMT): 90%

Finished Levelizing
2026-Apr-12 20:36:35 (2026-Apr-12 13:36:35 GMT)

Starting Activity Propagation
2026-Apr-12 20:36:35 (2026-Apr-12 13:36:35 GMT)
2026-Apr-12 20:36:35 (2026-Apr-12 13:36:35 GMT): 10%
2026-Apr-12 20:36:35 (2026-Apr-12 13:36:35 GMT): 20%
2026-Apr-12 20:36:35 (2026-Apr-12 13:36:35 GMT): 30%

Finished Activity Propagation
2026-Apr-12 20:36:35 (2026-Apr-12 13:36:35 GMT)
Ended Processing Signal Activity: (cpu=0:00:00, real=0:00:00, mem(process/total/peak)=2353.82MB/5137.09MB/2353.82MB)

Begin Power Computation

      ----------------------------------------------------------
      # of cell(s) missing both power/leakage table: 0
      # of cell(s) missing power table: 0
      # of cell(s) missing leakage table: 0
      ----------------------------------------------------------



Starting Calculating power
2026-Apr-12 20:36:35 (2026-Apr-12 13:36:35 GMT)
2026-Apr-12 20:36:35 (2026-Apr-12 13:36:35 GMT): 10%
2026-Apr-12 20:36:35 (2026-Apr-12 13:36:35 GMT): 20%
2026-Apr-12 20:36:35 (2026-Apr-12 13:36:35 GMT): 30%
2026-Apr-12 20:36:35 (2026-Apr-12 13:36:35 GMT): 40%
2026-Apr-12 20:36:35 (2026-Apr-12 13:36:35 GMT): 50%
2026-Apr-12 20:36:35 (2026-Apr-12 13:36:35 GMT): 60%
2026-Apr-12 20:36:35 (2026-Apr-12 13:36:35 GMT): 70%
2026-Apr-12 20:36:35 (2026-Apr-12 13:36:35 GMT): 80%
2026-Apr-12 20:36:35 (2026-Apr-12 13:36:35 GMT): 90%

Finished Calculating power
2026-Apr-12 20:36:35 (2026-Apr-12 13:36:35 GMT)
      # of MSMV cell(s) missing power_level: 0
Ended Power Computation: (cpu=0:00:00, real=0:00:00, mem(process/total/peak)=2356.06MB/5157.09MB/2356.06MB)

Begin Processing User Attributes

Begin Processing set_power
Ended Processing set_power: (cpu=0:00:00, real=0:00:00,
mem(process/total/peak)=2356.06MB/5157.09MB/2356.06MB)
Ended Processing User Attributes: (cpu=0:00:00, real=0:00:00, mem(process/total/peak)=2356.06MB/5157.09MB/2356.06MB)

Ended Power Analysis: (cpu=0:00:00, real=0:00:00, mem(process/total/peak)=2356.06MB/5157.09MB/2356.06MB)

Begin Boundary Leakage Calculation
Ended Boundary Leakage Calculation: (cpu=0:00:00, real=0:00:00,
mem(process/total/peak)=2356.06MB/5157.09MB/2356.06MB)
Begin Static Power Report Generation
*----------------------------------------------------------------------------------------
*	Innovus 22.17-s086_1 (64bit) 09/24/2024 10:51 (Linux 3.10.0-693.el7.x86_64)
*	
*
* 	Date & Time:	2026-Apr-12 20:36:35 (2026-Apr-12 13:36:35 GMT)
*
*----------------------------------------------------------------------------------------
*
*	Design: Adder32
*
*	Parasitic Files used:
*
*	Power Units = 1mW
*
*	Time Units = 1e-12 secs
*
*       report_power
*
-----------------------------------------------------------------------------------------
*



Total Power
-----------------------------------------------------------------------------------------
Total Internal Power:        0.05683673 	   72.7211%
Total Switching Power:       0.02129693 	   27.2489%
Total Leakage Power:         0.00002347 	    0.0300%
Total Power:                 0.07815714
-----------------------------------------------------------------------------------------


Group                           Internal   Switching     Leakage       Total  Percentage 
                                Power      Power         Power         Power  (%)        
-----------------------------------------------------------------------------------------
Sequential                       0.04419    0.004031   7.351e-06     0.04822        61.7
Macro                                  0           0           0           0           0
IO                                     0           0           0           0           0
Combinational                    0.01265     0.01727   1.612e-05     0.02993        38.3
Clock (Combinational)                  0           0           0           0           0
Clock (Sequential)                     0           0           0           0           0
-----------------------------------------------------------------------------------------
Total                            0.05684      0.0213   2.347e-05     0.07816         100
-----------------------------------------------------------------------------------------


Rail                  Voltage   Internal   Switching     Leakage       Total  Percentage 
                                Power      Power         Power         Power  (%)        
-----------------------------------------------------------------------------------------
VDD                       0.7    0.05684      0.0213   2.347e-05     0.07816         100
 
 
-----------------------------------------------------------------------------------------
*	Power Distribution Summary: 
*              Highest Average Power:                 oS_reg[9] (DFFHQNx1_ASAP7_75t_R):         0.001525
*              Highest Leakage Power:                 oS_reg[0] (DFFHQNx1_ASAP7_75t_R):        2.298e-07
*                Total Cap:      3.10381e-13 F
*                Total instances in design:   228
*                Total instances in design with no power:     0
*                Total instances in design with no activty:     0

*                Total Fillers and Decap:     0
-----------------------------------------------------------------------------------------
 
** INFO:  (VOLTUS_POWR-3465): There are 0 decaps and 0 fillers in the design

Ended Static Power Report Generation: (cpu=0:00:00, real=0:00:00,
mem(process/total/peak)=2356.06MB/5157.09MB/2356.06MB)

OptDebug: Start of Power Reclaim:
+----------+-----+-----+
|Path Group|  WNS|  TNS|
+----------+-----+-----+
|default   |0.005|0.000|
|reg2reg   |0.000|0.000|
|HEPG      |0.000|0.000|
|All Paths |0.005|0.000|
+----------+-----+-----+

Begin: Core Power Optimization
*** PowerOpt #1 [begin] (place_opt_design #1) : totSession cpu/real = 0:01:28.0/0:01:41.8 (0.9), mem = 3317.2M
(I,S,L,T): tt: 0.0569168, 0.0287408, 2.26274e-05, 0.0856802
+---------+---------+--------+--------+------------+--------+
| Density | Commits |  WNS   |  TNS   |    Real    |  Mem   |
+---------+---------+--------+--------+------------+--------+
|   67.28%|        -|  -0.125|   0.000|   0:00:00.0| 3317.2M|
|   67.12%|       60|  -0.125|  -0.024|   0:00:01.0| 3357.3M|
|   66.18%|       16|  -0.125|  -0.209|   0:00:00.0| 3357.3M|
|   66.03%|        4|  -0.125|  -0.326|   0:00:00.0| 3357.3M|
+---------+---------+--------+--------+------------+--------+
Bottom Preferred Layer:
    None
Via Pillar Rule:
    None

Number of insts committed for which the initial cell was dont use = 0

Number of times islegalLocAvaiable called = 0 skipped = 0, called in commitmove = 0, skipped in commitmove = 0
Info : Out of 33 seq cells, 0 cells are internal dont use, and 0 cells are db dont use.
End: Core Power Optimization (cpu = 0:00:01.0) (real = 0:00:01.0) **
(I,S,L,T): tt: 0.0557035, 0.0268982, 2.05185e-05, 0.0826222
*** PowerOpt #1 [finish] (place_opt_design #1) : cpu/real = 0:00:01.0/0:00:00.8 (1.2), totSession cpu/real = 0:01:29.1/0:01:42.6 (0.9), mem = 3357.3M
OPT: Doing preprocessing before recovery...
OptDebug: Start of preprocessForPowerRecovery:
+----------+------+------+
|Path Group|   WNS|   TNS|
+----------+------+------+
|default   |-0.113|-0.327|
|reg2reg   | 0.000| 0.000|
|HEPG      | 0.000| 0.000|
|All Paths |-0.113|-0.327|
+----------+------+------+

OptDebug: End of preprocessForPowerRecovery:
+----------+------+------+
|Path Group|   WNS|   TNS|
+----------+------+------+
|default   |-0.113|-0.327|
|reg2reg   | 0.000| 0.000|
|HEPG      | 0.000| 0.000|
|All Paths |-0.113|-0.327|
+----------+------+------+

Checking setup slack degradation ...
Begin: GigaOpt nonLegal postEco optimization
Info: 1 clock net  excluded from IPO operation.
*** WnsOpt #1 [begin] (place_opt_design #1) : totSession cpu/real = 0:01:29.1/0:01:42.7 (0.9), mem = 3337.3M
(I,S,L,T): tt: 0.0557035, 0.0268982, 2.05185e-05, 0.0826222
Info: 1 clock net  excluded from IPO operation.
** GigaOpt Optimizer WNS Slack -0.113 TNS Slack -0.327 Density 66.03
OptDebug: Start of Optimizer WNS Pass 0:
+----------+------+------+
|Path Group|   WNS|   TNS|
+----------+------+------+
|default   |-0.113|-0.327|
|reg2reg   | 0.000| 0.000|
|HEPG      | 0.000| 0.000|
|All Paths |-0.113|-0.327|
+----------+------+------+

Checking setup slack degradation ...
Active Path Group: default 
+--------+---------+--------+---------+---------+------------+--------+----------+---------+--------------+
|  WNS   | All WNS |  TNS   | All TNS | Density |    Real    |  Mem   |Worst View|Pathgroup|  End Point   |
+--------+---------+--------+---------+---------+------------+--------+----------+---------+--------------+
|  -0.113|   -0.113|  -0.327|   -0.327|   66.03%|   0:00:00.0| 3414.4M|        tt|  default| oS_reg[31]/D |
|  -0.017|   -0.017|  -0.017|   -0.017|   66.77%|   0:00:00.0| 3452.6M|        tt|  default| oS_reg[31]/D |
|  -0.011|   -0.011|  -0.011|   -0.011|   67.01%|   0:00:00.0| 3452.6M|        tt|  default| oS_reg[31]/D |
|  -0.005|   -0.005|  -0.005|   -0.005|   67.16%|   0:00:00.0| 3452.6M|        tt|  default| oS_reg[31]/D |
|   0.000|    0.003|   0.000|    0.000|   67.28%|   0:00:00.0| 3452.6M|        NA|       NA| NA           |
|   0.000|    0.003|   0.000|    0.000|   67.28%|   0:00:00.0| 3452.6M|        tt|       NA| NA           |
+--------+---------+--------+---------+---------+------------+--------+----------+---------+--------------+

*** Finish Core Optimize Step (cpu=0:00:00.5 real=0:00:00.0 mem=3452.6M) ***

*** Finished Optimize Step Cumulative (cpu=0:00:00.5 real=0:00:00.0 mem=3452.6M) ***
OptDebug: End of Optimizer WNS Pass 0:
+----------+-----+-----+
|Path Group|  WNS|  TNS|
+----------+-----+-----+
|default   |0.003|0.000|
|reg2reg   |0.000|0.000|
|HEPG      |0.000|0.000|
|All Paths |0.003|0.000|
+----------+-----+-----+

** GigaOpt Optimizer WNS Slack 0.000 TNS Slack 0.000 Density 67.28
OptDebug: End of Setup Fixing:
+----------+-----+-----+
|Path Group|  WNS|  TNS|
+----------+-----+-----+
|default   |0.003|0.000|
|reg2reg   |0.000|0.000|
|HEPG      |0.000|0.000|
|All Paths |0.003|0.000|
+----------+-----+-----+

Bottom Preferred Layer:
    None
Via Pillar Rule:
    None

*** Finish pre-CTS Setup Fixing (cpu=0:00:00.8 real=0:00:01.0 mem=3452.6M) ***

(I,S,L,T): tt: 0.0563529, 0.0281287, 2.13721e-05, 0.084503
*** WnsOpt #1 [finish] (place_opt_design #1) : cpu/real = 0:00:04.5/0:00:04.3 (1.0), totSession cpu/real = 0:01:33.5/0:01:47.0 (0.9), mem = 3436.5M
End: GigaOpt nonLegal postEco optimization
GigaOpt: Skipping post-eco TNS optimization
*** Starting refinePlace (0:01:34 mem=3332.5M) ***
Total net bbox length = 2.824e+03 (1.530e+03 1.295e+03) (ext = 1.623e+03)
Move report: Detail placement moves 2 insts, mean move: 0.76 um, max move: 1.08 um 
	Max move on inst (add_8_11_g1306__6161): (28.30, 17.28) --> (28.30, 16.20)
	Runtime: CPU: 0:00:00.0 REAL: 0:00:00.0 MEM: 3303.6MB
Summary Report:
Instances move: 2 (out of 228 movable)
Instances flipped: 0
Mean displacement: 0.76 um
Max displacement: 1.08 um (Instance: add_8_11_g1306__6161) (28.296, 17.28) -> (28.296, 16.2)
	Length: 4 sites, height: 1 rows, site name: asap7sc7p5t, cell type: NOR2xp33_ASAP7_75t_R
Total net bbox length = 2.828e+03 (1.530e+03 1.298e+03) (ext = 1.622e+03)
Runtime: CPU: 0:00:00.0 REAL: 0:00:00.0 MEM: 3303.6MB
*** Finished refinePlace (0:01:34 mem=3303.6M) ***
*** maximum move = 1.08 um ***
*** Finished re-routing un-routed nets (3300.6M) ***

*** Finish Physical Update (cpu=0:00:00.0 real=0:00:00.0 mem=3316.6M) ***
Checking setup slack degradation ...
Checking setup slack degradation ...
Begin: Core Power Optimization
*** PowerOpt #2 [begin] (place_opt_design #1) : totSession cpu/real = 0:01:33.6/0:01:47.1 (0.9), mem = 3316.6M
(I,S,L,T): tt: 0.0563529, 0.0281287, 2.13721e-05, 0.084503
Reclaim Optimization WNS Slack 0.000  TNS Slack 0.000 Density 67.28
+---------+---------+--------+--------+------------+--------+
| Density | Commits |  WNS   |  TNS   |    Real    |  Mem   |
+---------+---------+--------+--------+------------+--------+
|   67.28%|        -|   0.000|   0.000|   0:00:00.0| 3316.6M|
|   67.28%|       17|   0.000|   0.000|   0:00:00.0| 3375.8M|
|   66.81%|        6|   0.000|   0.000|   0:00:01.0| 3377.3M|
|   66.81%|        0|   0.000|   0.000|   0:00:00.0| 3377.3M|
+---------+---------+--------+--------+------------+--------+
Reclaim Optimization End WNS Slack 0.000  TNS Slack 0.000 Density 66.81
Bottom Preferred Layer:
    None
Via Pillar Rule:
    None

Number of insts committed for which the initial cell was dont use = 0

Number of times islegalLocAvaiable called = 0 skipped = 0, called in commitmove = 0, skipped in commitmove = 0
Info : Out of 33 seq cells, 0 cells are internal dont use, and 0 cells are db dont use.
End: Core Power Optimization (cpu = 0:00:02.1) (real = 0:00:02.0) **
(I,S,L,T): tt: 0.0561591, 0.0276386, 2.11447e-05, 0.0838189
*** PowerOpt #2 [finish] (place_opt_design #1) : cpu/real = 0:00:02.1/0:00:01.5 (1.4), totSession cpu/real = 0:01:35.7/0:01:48.6 (0.9), mem = 3377.3M
*** Starting refinePlace (0:01:36 mem=3377.3M) ***
Total net bbox length = 2.785e+03 (1.506e+03 1.279e+03) (ext = 1.636e+03)
Move report: Detail placement moves 24 insts, mean move: 0.96 um, max move: 1.94 um 
	Max move on inst (add_8_11_g1283__8428): (18.36, 20.52) --> (16.42, 20.52)
	Runtime: CPU: 0:00:00.0 REAL: 0:00:00.0 MEM: 3364.4MB
Summary Report:
Instances move: 24 (out of 227 movable)
Instances flipped: 0
Mean displacement: 0.96 um
Max displacement: 1.94 um (Instance: add_8_11_g1283__8428) (18.36, 20.52) -> (16.416, 20.52)
	Length: 4 sites, height: 1 rows, site name: asap7sc7p5t, cell type: NOR2xp33_ASAP7_75t_R
Total net bbox length = 2.809e+03 (1.520e+03 1.290e+03) (ext = 1.632e+03)
Runtime: CPU: 0:00:00.0 REAL: 0:00:00.0 MEM: 3364.4MB
*** Finished refinePlace (0:01:36 mem=3364.4M) ***
*** maximum move = 1.94 um ***
*** Finished re-routing un-routed nets (3361.4M) ***

*** Finish Physical Update (cpu=0:00:00.0 real=0:00:00.0 mem=3377.4M) ***
Checking setup slack degradation ...
env CDS_WORKAREA is set to /data/tkvm2/Asap7design/adder
Using Power View: tt.

Begin Power Analysis

             0V	    VSS
           0.7V	    VDD
Begin Processing Timing Library for Power Calculation

Ended Processing Timing Library for Power Calculation: (cpu=0:00:00, real=0:00:00, mem(process/total/peak)=2448.13MB/5285.30MB/2448.13MB)



Begin Processing Power Net/Grid for Power Calculation

Ended Processing Power Net/Grid for Power Calculation: (cpu=0:00:00, real=0:00:00, mem(process/total/peak)=2448.13MB/5285.30MB/2448.13MB)

Begin Processing Timing Window Data for Power Calculation

Ended Processing Timing Window Data for Power Calculation: (cpu=0:00:00, real=0:00:00, mem(process/total/peak)=2448.13MB/5285.30MB/2448.13MB)

Begin Processing User Attributes

Ended Processing User Attributes: (cpu=0:00:00, real=0:00:00, mem(process/total/peak)=2448.13MB/5285.30MB/2448.13MB)

Begin Processing Signal Activity


Starting Levelizing
2026-Apr-12 20:36:42 (2026-Apr-12 13:36:42 GMT)
2026-Apr-12 20:36:42 (2026-Apr-12 13:36:42 GMT): 10%
2026-Apr-12 20:36:42 (2026-Apr-12 13:36:42 GMT): 20%
2026-Apr-12 20:36:42 (2026-Apr-12 13:36:42 GMT): 30%
2026-Apr-12 20:36:42 (2026-Apr-12 13:36:42 GMT): 40%
2026-Apr-12 20:36:42 (2026-Apr-12 13:36:42 GMT): 50%
2026-Apr-12 20:36:42 (2026-Apr-12 13:36:42 GMT): 60%
2026-Apr-12 20:36:42 (2026-Apr-12 13:36:42 GMT): 70%
2026-Apr-12 20:36:42 (2026-Apr-12 13:36:42 GMT): 80%
2026-Apr-12 20:36:42 (2026-Apr-12 13:36:42 GMT): 90%

Finished Levelizing
2026-Apr-12 20:36:42 (2026-Apr-12 13:36:42 GMT)

Starting Activity Propagation
2026-Apr-12 20:36:42 (2026-Apr-12 13:36:42 GMT)
2026-Apr-12 20:36:42 (2026-Apr-12 13:36:42 GMT): 10%
2026-Apr-12 20:36:42 (2026-Apr-12 13:36:42 GMT): 20%
2026-Apr-12 20:36:42 (2026-Apr-12 13:36:42 GMT): 30%

Finished Activity Propagation
2026-Apr-12 20:36:42 (2026-Apr-12 13:36:42 GMT)
Ended Processing Signal Activity: (cpu=0:00:00, real=0:00:00, mem(process/total/peak)=2448.13MB/5285.30MB/2448.13MB)

Begin Power Computation

      ----------------------------------------------------------
      # of cell(s) missing both power/leakage table: 0
      # of cell(s) missing power table: 0
      # of cell(s) missing leakage table: 0
      ----------------------------------------------------------



Starting Calculating power
2026-Apr-12 20:36:42 (2026-Apr-12 13:36:42 GMT)
2026-Apr-12 20:36:42 (2026-Apr-12 13:36:42 GMT): 10%
2026-Apr-12 20:36:42 (2026-Apr-12 13:36:42 GMT): 20%
2026-Apr-12 20:36:42 (2026-Apr-12 13:36:42 GMT): 30%
2026-Apr-12 20:36:42 (2026-Apr-12 13:36:42 GMT): 40%
2026-Apr-12 20:36:42 (2026-Apr-12 13:36:42 GMT): 50%
2026-Apr-12 20:36:42 (2026-Apr-12 13:36:42 GMT): 60%
2026-Apr-12 20:36:42 (2026-Apr-12 13:36:42 GMT): 70%
2026-Apr-12 20:36:42 (2026-Apr-12 13:36:42 GMT): 80%
2026-Apr-12 20:36:42 (2026-Apr-12 13:36:42 GMT): 90%

Finished Calculating power
2026-Apr-12 20:36:42 (2026-Apr-12 13:36:42 GMT)
      # of MSMV cell(s) missing power_level: 0
Ended Power Computation: (cpu=0:00:00, real=0:00:00, mem(process/total/peak)=2448.33MB/5301.30MB/2448.33MB)

Begin Processing User Attributes

Begin Processing set_power
Ended Processing set_power: (cpu=0:00:00, real=0:00:00,
mem(process/total/peak)=2448.33MB/5301.30MB/2448.33MB)
Ended Processing User Attributes: (cpu=0:00:00, real=0:00:00, mem(process/total/peak)=2448.33MB/5301.30MB/2448.33MB)

Ended Power Analysis: (cpu=0:00:00, real=0:00:00, mem(process/total/peak)=2448.33MB/5301.30MB/2448.33MB)

Begin Boundary Leakage Calculation
Ended Boundary Leakage Calculation: (cpu=0:00:00, real=0:00:00,
mem(process/total/peak)=2448.33MB/5301.30MB/2448.33MB)
Begin Static Power Report Generation
*----------------------------------------------------------------------------------------
*	Innovus 22.17-s086_1 (64bit) 09/24/2024 10:51 (Linux 3.10.0-693.el7.x86_64)
*	
*
* 	Date & Time:	2026-Apr-12 20:36:42 (2026-Apr-12 13:36:42 GMT)
*
*----------------------------------------------------------------------------------------
*
*	Design: Adder32
*
*	Parasitic Files used:
*
*	Power Units = 1mW
*
*	Time Units = 1e-12 secs
*
*       report_power
*
-----------------------------------------------------------------------------------------
*



Total Power
-----------------------------------------------------------------------------------------
Total Internal Power:        0.05609122 	   73.5065%
Total Switching Power:       0.02019479 	   26.4649%
Total Leakage Power:         0.00002188 	    0.0287%
Total Power:                 0.07630789
-----------------------------------------------------------------------------------------


Group                           Internal   Switching     Leakage       Total  Percentage 
                                Power      Power         Power         Power  (%)        
-----------------------------------------------------------------------------------------
Sequential                       0.04418    0.004031   7.351e-06     0.04822        63.2
Macro                                  0           0           0           0           0
IO                                     0           0           0           0           0
Combinational                    0.01191     0.01616   1.453e-05     0.02809        36.8
Clock (Combinational)                  0           0           0           0           0
Clock (Sequential)                     0           0           0           0           0
-----------------------------------------------------------------------------------------
Total                            0.05609     0.02019   2.188e-05     0.07631         100
-----------------------------------------------------------------------------------------


Rail                  Voltage   Internal   Switching     Leakage       Total  Percentage 
                                Power      Power         Power         Power  (%)        
-----------------------------------------------------------------------------------------
VDD                       0.7    0.05609     0.02019   2.188e-05     0.07631         100
 
 
-----------------------------------------------------------------------------------------
*	Power Distribution Summary: 
*              Highest Average Power:                 oS_reg[9] (DFFHQNx1_ASAP7_75t_R):         0.001525
*              Highest Leakage Power:                 oS_reg[0] (DFFHQNx1_ASAP7_75t_R):        2.298e-07
*                Total Cap:      2.92701e-13 F
*                Total instances in design:   227
*                Total instances in design with no power:     0
*                Total instances in design with no activty:     0

*                Total Fillers and Decap:     0
-----------------------------------------------------------------------------------------
 
** INFO:  (VOLTUS_POWR-3465): There are 0 decaps and 0 fillers in the design

Ended Static Power Report Generation: (cpu=0:00:00, real=0:00:00,
mem(process/total/peak)=2448.33MB/5301.30MB/2448.33MB)

OptDebug: End of Power Reclaim:
+----------+-----+-----+
|Path Group|  WNS|  TNS|
+----------+-----+-----+
|default   |0.000|0.000|
|reg2reg   |0.000|0.000|
|HEPG      |0.000|0.000|
|All Paths |0.000|0.000|
+----------+-----+-----+

End: Power Optimization (cpu=0:00:08, real=0:00:07, mem=3233.38M, totSessionCpu=0:01:36).
**optDesign ... cpu = 0:00:49, real = 0:00:59, mem = 2433.1M, totSessionCpu=0:01:36 **
Register exp ratio and priority group on 0 nets on 299 nets : 

Active setup views:
 tt
  Dominating endpoints: 0
  Dominating TNS: -0.000

Extraction called for design 'Adder32' of instances=227 and nets=301 using extraction engine 'preRoute' .
PreRoute RC Extraction called for design Adder32.
RC Extraction called in multi-corner(1) mode.
RCMode: PreRoute
      RC Corner Indexes            0   
Capacitance Scaling Factor   : 1.00000 
Resistance Scaling Factor    : 1.00000 
Clock Cap. Scaling Factor    : 1.00000 
Clock Res. Scaling Factor    : 1.00000 
Shrink Factor                : 1.00000
PreRoute extraction is honoring NDR/Shielding/ExtraSpace for clock nets.
Using Quantus QRC technology file ...
Grid density data update skipped
Initializing multi-corner resistance tables ...
PreRoute RC Extraction DONE (CPU Time: 0:00:00.0  Real Time: 0:00:00.0  MEM: 3195.090M)
Skewing Data Summary (End_of_FINAL)

Skew summary for view tt:
* Accumulated skew : count = 0

<optDesign CMD> Restore Using all VT Cells
Starting delay calculation for Setup views
AAE_INFO: opIsDesignInPostRouteState() is 0
#################################################################################
# Design Stage: PreRoute
# Design Name: Adder32
# Design Mode: 7nm
# Analysis Mode: MMMC Non-OCV 
# Parasitics Mode: No SPEF/RCDB 
# Signoff Settings: SI Off 
#################################################################################
Calculate delays in Single mode...
Start delay calculation (fullDC) (2 T). (MEM=3201.66)
Total number of fetched objects 299
End delay calculation. (MEM=3285.04 CPU=0:00:00.0 REAL=0:00:00.0)
End delay calculation (fullDC). (MEM=3285.04 CPU=0:00:00.1 REAL=0:00:00.0)
*** Done Building Timing Graph (cpu=0:00:00.4 real=0:00:01.0 totSessionCpu=0:01:36 mem=3285.0M)
OPTC: user 20.0
[NR-eGR] Early global route reroute all routable nets
[NR-eGR] Track table information for default rule: 
[NR-eGR] M1 has single uniform track structure
[NR-eGR] M2 has non-uniform track structures
[NR-eGR] M3 has single uniform track structure
[NR-eGR] M4 has single uniform track structure
[NR-eGR] M5 has single uniform track structure
[NR-eGR] M6 has single uniform track structure
[NR-eGR] M7 has single uniform track structure
[NR-eGR] M8 has single uniform track structure
[NR-eGR] M9 has single uniform track structure
[NR-eGR] Pad has single uniform track structure
[NR-eGR] Read 24 PG shapes
[NR-eGR] Read 0 clock shapes
[NR-eGR] Read 0 other shapes
[NR-eGR] #Routing Blockages  : 0
[NR-eGR] #Bump Blockages     : 0
[NR-eGR] #Instance Blockages : 96
[NR-eGR] #PG Blockages       : 24
[NR-eGR] #Halo Blockages     : 0
[NR-eGR] #Boundary Blockages : 0
[NR-eGR] #Clock Blockages    : 0
[NR-eGR] #Other Blockages    : 0
[NR-eGR] Num Prerouted Nets = 0  Num Prerouted Wires = 0
[NR-eGR] Read 299 nets ( ignored 0 )
[NR-eGR] There are 1 clock nets ( 0 with NDR ).
[NR-eGR] ============ Routing rule table ============
[NR-eGR] Rule id: 0  Rule name: (Default)  Nets: 299
[NR-eGR] ========================================
[NR-eGR] 
[NR-eGR] Layer group 1: route 299 net(s) in layer range [2, 9]
[NR-eGR] Early Global Route overflow of layer group 1: 0.00% H + 0.00% V. EstWL: 2.747520e+03um
[NR-eGR] Congestion Analysis By layer: (blocked Gcells are excluded) 
[NR-eGR]                        OverCon            
[NR-eGR]                         #Gcell     %Gcell
[NR-eGR]        Layer             (1-0)    OverCon
[NR-eGR] ----------------------------------------------
[NR-eGR]      M1 ( 1)         0( 0.00%)   ( 0.00%) 
[NR-eGR]      M2 ( 2)         0( 0.00%)   ( 0.00%) 
[NR-eGR]      M3 ( 3)         0( 0.00%)   ( 0.00%) 
[NR-eGR]      M4 ( 4)         0( 0.00%)   ( 0.00%) 
[NR-eGR]      M5 ( 5)         0( 0.00%)   ( 0.00%) 
[NR-eGR]      M6 ( 6)         0( 0.00%)   ( 0.00%) 
[NR-eGR]      M7 ( 7)         0( 0.00%)   ( 0.00%) 
[NR-eGR]      M8 ( 8)         0( 0.00%)   ( 0.00%) 
[NR-eGR]      M9 ( 9)         0( 0.00%)   ( 0.00%) 
[NR-eGR] ----------------------------------------------
[NR-eGR]        Total         0( 0.00%)   ( 0.00%) 
[NR-eGR] 
[NR-eGR] Overflow after Early Global Route 0.00% H + 0.00% V
[NR-eGR] Finished Early Global Route kernel ( CPU: 0.02 sec, Real: 0.03 sec, Curr Mem: 3.08 MB )
[hotspot] +------------+---------------+---------------+
[hotspot] |            |   max hotspot | total hotspot |
[hotspot] +------------+---------------+---------------+
[hotspot] | normalized |          0.00 |          0.00 |
[hotspot] +------------+---------------+---------------+
Local HotSpot Analysis: normalized max congestion hotspot area = 0.00, normalized total congestion hotspot area = 0.00 (area is in unit of 4 std-cell row bins)
[hotspot] Hotspot report including placement blocked areas
[hotspot] +------------+---------------+---------------+
[hotspot] |            |   max hotspot | total hotspot |
[hotspot] +------------+---------------+---------------+
[hotspot] | normalized |          0.00 |          0.00 |
[hotspot] +------------+---------------+---------------+
Local HotSpot Analysis (blockage included): normalized max congestion hotspot area = 0.00, normalized total congestion hotspot area = 0.00 (area is in unit of 4 std-cell row bins)
Reported timing to dir ./timingReports
**optDesign ... cpu = 0:00:49, real = 0:01:00, mem = 2425.6M, totSessionCpu=0:01:36 **
env CDS_WORKAREA is set to /data/tkvm2/Asap7design/adder
Using Power View: tt.

Begin Power Analysis

             0V	    VSS
           0.7V	    VDD
Begin Processing Timing Library for Power Calculation

Ended Processing Timing Library for Power Calculation: (cpu=0:00:00, real=0:00:00, mem(process/total/peak)=2429.22MB/5083.40MB/2448.33MB)



Begin Processing Power Net/Grid for Power Calculation

Ended Processing Power Net/Grid for Power Calculation: (cpu=0:00:00, real=0:00:00, mem(process/total/peak)=2429.22MB/5083.40MB/2448.33MB)

Begin Processing Timing Window Data for Power Calculation

Ended Processing Timing Window Data for Power Calculation: (cpu=0:00:00, real=0:00:00, mem(process/total/peak)=2429.22MB/5083.40MB/2448.33MB)

Begin Processing User Attributes

Ended Processing User Attributes: (cpu=0:00:00, real=0:00:00, mem(process/total/peak)=2429.22MB/5083.40MB/2448.33MB)

Begin Processing Signal Activity


Starting Levelizing
2026-Apr-12 20:36:43 (2026-Apr-12 13:36:43 GMT)
2026-Apr-12 20:36:43 (2026-Apr-12 13:36:43 GMT): 10%
2026-Apr-12 20:36:43 (2026-Apr-12 13:36:43 GMT): 20%
2026-Apr-12 20:36:43 (2026-Apr-12 13:36:43 GMT): 30%
2026-Apr-12 20:36:43 (2026-Apr-12 13:36:43 GMT): 40%
2026-Apr-12 20:36:43 (2026-Apr-12 13:36:43 GMT): 50%
2026-Apr-12 20:36:43 (2026-Apr-12 13:36:43 GMT): 60%
2026-Apr-12 20:36:43 (2026-Apr-12 13:36:43 GMT): 70%
2026-Apr-12 20:36:43 (2026-Apr-12 13:36:43 GMT): 80%
2026-Apr-12 20:36:43 (2026-Apr-12 13:36:43 GMT): 90%

Finished Levelizing
2026-Apr-12 20:36:43 (2026-Apr-12 13:36:43 GMT)

Starting Activity Propagation
2026-Apr-12 20:36:43 (2026-Apr-12 13:36:43 GMT)
2026-Apr-12 20:36:43 (2026-Apr-12 13:36:43 GMT): 10%
2026-Apr-12 20:36:43 (2026-Apr-12 13:36:43 GMT): 20%
2026-Apr-12 20:36:43 (2026-Apr-12 13:36:43 GMT): 30%

Finished Activity Propagation
2026-Apr-12 20:36:43 (2026-Apr-12 13:36:43 GMT)
Ended Processing Signal Activity: (cpu=0:00:00, real=0:00:00, mem(process/total/peak)=2429.22MB/5083.40MB/2448.33MB)

Begin Power Computation

      ----------------------------------------------------------
      # of cell(s) missing both power/leakage table: 0
      # of cell(s) missing power table: 0
      # of cell(s) missing leakage table: 0
      ----------------------------------------------------------



Starting Calculating power
2026-Apr-12 20:36:43 (2026-Apr-12 13:36:43 GMT)
2026-Apr-12 20:36:43 (2026-Apr-12 13:36:43 GMT): 10%
2026-Apr-12 20:36:43 (2026-Apr-12 13:36:43 GMT): 20%
2026-Apr-12 20:36:43 (2026-Apr-12 13:36:43 GMT): 30%
2026-Apr-12 20:36:43 (2026-Apr-12 13:36:43 GMT): 40%
2026-Apr-12 20:36:43 (2026-Apr-12 13:36:43 GMT): 50%
2026-Apr-12 20:36:43 (2026-Apr-12 13:36:43 GMT): 60%
2026-Apr-12 20:36:43 (2026-Apr-12 13:36:43 GMT): 70%
2026-Apr-12 20:36:43 (2026-Apr-12 13:36:43 GMT): 80%
2026-Apr-12 20:36:43 (2026-Apr-12 13:36:43 GMT): 90%

Finished Calculating power
2026-Apr-12 20:36:43 (2026-Apr-12 13:36:43 GMT)
      # of MSMV cell(s) missing power_level: 0
Ended Power Computation: (cpu=0:00:00, real=0:00:00, mem(process/total/peak)=2430.11MB/5101.40MB/2448.33MB)

Begin Processing User Attributes

Begin Processing set_power
Ended Processing set_power: (cpu=0:00:00, real=0:00:00,
mem(process/total/peak)=2430.11MB/5101.40MB/2448.33MB)
Ended Processing User Attributes: (cpu=0:00:00, real=0:00:00, mem(process/total/peak)=2430.11MB/5101.40MB/2448.33MB)

Ended Power Analysis: (cpu=0:00:00, real=0:00:00, mem(process/total/peak)=2430.11MB/5101.40MB/2448.33MB)

Begin Boundary Leakage Calculation
Ended Boundary Leakage Calculation: (cpu=0:00:00, real=0:00:00,
mem(process/total/peak)=2430.11MB/5101.40MB/2448.33MB)
Begin Static Power Report Generation
*----------------------------------------------------------------------------------------
*	Innovus 22.17-s086_1 (64bit) 09/24/2024 10:51 (Linux 3.10.0-693.el7.x86_64)
*	
*
* 	Date & Time:	2026-Apr-12 20:36:43 (2026-Apr-12 13:36:43 GMT)
*
*----------------------------------------------------------------------------------------

*

*	Design: Adder32

*

*	Power Domain used: 

*              Rail:        VDD      Voltage:        0.7 

*

*	Power Units = 1mW

*

*	Time Units = 1e-12 secs 

*

*       report_power -outfile ./timingReports/preCTS.power

*

-----------------------------------------------------------------------------------------

*



Total Power
-----------------------------------------------------------------------------------------
Total Internal Power:        0.05609167 	   73.5066%
Total Switching Power:       0.02019479 	   26.4647%
Total Leakage Power:         0.00002188 	    0.0287%
Total Power:                 0.07630834
-----------------------------------------------------------------------------------------


Group                           Internal   Switching     Leakage       Total  Percentage 
                                Power      Power         Power         Power  (%)        
-----------------------------------------------------------------------------------------
Sequential                       0.04418    0.004031   7.351e-06     0.04822       63.19
Macro                                  0           0           0           0           0
IO                                     0           0           0           0           0
Combinational                    0.01191     0.01616   1.453e-05     0.02809       36.81
Clock (Combinational)                  0           0           0           0           0
Clock (Sequential)                     0           0           0           0           0
-----------------------------------------------------------------------------------------
Total                            0.05609     0.02019   2.188e-05     0.07631         100
-----------------------------------------------------------------------------------------


Rail                  Voltage   Internal   Switching     Leakage       Total  Percentage 
                                Power      Power         Power         Power  (%)        
-----------------------------------------------------------------------------------------
VDD                       0.7    0.05609     0.02019   2.188e-05     0.07631         100
** INFO:  (VOLTUS_POWR-3465): There are 0 decaps and 0 fillers in the design

Ended Static Power Report Generation: (cpu=0:00:00, real=0:00:00,
mem(process/total/peak)=2430.11MB/5101.40MB/2448.33MB)


Output file is ./timingReports/preCTS.power.

------------------------------------------------------------------
     optDesign Final Summary
------------------------------------------------------------------

Setup views included:
 tt 

+--------------------+---------+---------+---------+
|     Setup mode     |   all   | reg2reg | default |
+--------------------+---------+---------+---------+
|           WNS (ns):| -0.001  |   N/A   | -0.001  |
|           TNS (ns):| -0.001  |   N/A   | -0.001  |
|    Violating Paths:|    1    |   N/A   |    1    |
|          All Paths:|   64    |   N/A   |   64    |
+--------------------+---------+---------+---------+

+----------------+-------------------------------+------------------+
|                |              Real             |       Total      |
|    DRVs        +------------------+------------+------------------|
|                |  Nr nets(terms)  | Worst Vio  |  Nr nets(terms)  |
+----------------+------------------+------------+------------------+
|   max_cap      |      0 (0)       |   0.000    |      0 (0)       |
|   max_tran     |      0 (0)       |   0.000    |      0 (0)       |
|   max_fanout   |      0 (0)       |     0      |      0 (0)       |
|   max_length   |      0 (0)       |     0      |      0 (0)       |
+----------------+------------------+------------+------------------+

Density: 66.810%
Routing Overflow: 0.00% H and 0.00% V
------------------------------------------------------------------
**optDesign ... cpu = 0:00:50, real = 0:01:01, mem = 2430.0M, totSessionCpu=0:01:37 **
**WARN: (IMPOPT-3195):	Analysis mode has changed.
Type 'man IMPOPT-3195' for more detail.
*** Finished optDesign ***
Info: final physical memory for 3 CRR processes is 739.03MB.
Info: Summary of CRR changes:
      - Timing transform commits:       0
Disable CTE adjustment.
Disable Layer aware incrSKP.
**place_opt_design ... cpu = 0:00:50, real = 0:01:08, mem = 3136.7M **
*** Finished GigaPlace ***

*** Summary of all messages that are not suppressed in this session:
Severity  ID               Count  Summary                                  
WARNING   IMPSP-9025           1  No scan chain specified/traced.          
WARNING   IMPOPT-3195          2  Analysis mode has changed.               
*** Message Summary: 3 warning(s), 0 error(s)

*** place_opt_design #1 [finish] () : cpu/real = 0:00:49.9/0:01:08.5 (0.7), totSession cpu/real = 0:01:36.9/0:01:58.0 (0.8), mem = 3136.7M
<CMD> create_ccopt_clock_tree_spec -filename ccopt.spec
Creating clock tree spec for modes (timing configs): mode_normal
extract_clock_generator_skew_groups=true: create_ccopt_clock_tree_spec will generate skew groups with a name prefix of "_clock_gen" to balance clock generator connected flops with the clock generator they drive.
Reset timing graph...
Ignoring AAE DB Resetting ...
Reset timing graph done.
Ignoring AAE DB Resetting ...
Analyzing clock structure...
Analyzing clock structure done.
Reset timing graph...
Ignoring AAE DB Resetting ...
Reset timing graph done.
Wrote: ccopt.spec
<CMD> get_ccopt_clock_trees
<CMD_INTERNAL> ccopt_check_and_flatten_ilms_no_restore
<CMD> set_ccopt_property cts_is_sdc_clock_root -pin iClk true
<CMD> create_ccopt_clock_tree -name CLK -source iClk -no_skew_group
Extracting original clock gating for CLK...
  clock_tree CLK contains 32 sinks and 0 clock gates.
Extracting original clock gating for CLK done.
<CMD> set_ccopt_property target_max_trans_sdc -delay_corner corner -early -clock_tree CLK 50.0
<CMD> set_ccopt_property target_max_trans_sdc -delay_corner corner -late -clock_tree CLK 100.0
<CMD> set_ccopt_property clock_period -pin iClk 1000
<CMD> set_ccopt_property timing_connectivity_info {}
<CMD> create_ccopt_skew_group -name CLK/mode_normal -sources iClk -auto_sinks
The skew group CLK/mode_normal was created. It contains 32 sinks and 1 sources.
<CMD> set_ccopt_property include_source_latency -skew_group CLK/mode_normal true
<CMD> set_ccopt_property extracted_from_clock_name -skew_group CLK/mode_normal CLK
<CMD> set_ccopt_property extracted_from_constraint_mode_names -skew_group CLK/mode_normal {mode_normal  }
<CMD> set_ccopt_property extracted_from_delay_corners -skew_group CLK/mode_normal corner
<CMD> check_ccopt_clock_tree_convergence
Checking clock tree convergence...
Checking clock tree convergence done.
<CMD> get_ccopt_property auto_design_state_for_ilms
<CMD> ccopt_design -prefix postCTS
#% Begin ccopt_design (date=04/12 20:36:51, mem=2278.2M)
Turning off fast DC mode.
*** ccopt_design #1 [begin] () : totSession cpu/real = 0:01:37.0/0:01:58.2 (0.8), mem = 3099.7M
Runtime...
**INFO: User's settings:
setNanoRouteMode -route_extract_third_party_compatible         false
setNanoRouteMode -route_global_exp_timing_driven_std_delay     5.9
setNanoRouteMode -route_exp_design_mode_top_routing_layer      9
setDesignMode -process                                         7
setDesignMode -topRoutingLayer                                 9
setExtractRCMode -coupling_c_th                                0.1
setExtractRCMode -engine                                       preRoute
setExtractRCMode -relative_c_th                                1
setExtractRCMode -total_c_th                                   0
setDelayCalMode -enable_high_fanout                            true
setDelayCalMode -eng_enablePrePlacedFlow                       false
setDelayCalMode -engine                                        aae
setDelayCalMode -ignoreNetLoad                                 false
setDelayCalMode -socv_accuracy_mode                            low
setOptMode -opt_view_pruning_hold_views_active_list            { tt }
setOptMode -opt_view_pruning_setup_views_active_list           { tt }
setOptMode -opt_view_pruning_setup_views_persistent_list       { tt}
setOptMode -opt_view_pruning_tdgr_setup_views_persistent_list  { tt}
setOptMode -opt_drv_margin                                     0
setOptMode -opt_drv                                            true
setOptMode -opt_fix_fanout_load                                true
setOptMode -opt_leakage_to_dynamic_ratio                       0.5
setOptMode -opt_resize_flip_flops                              true
setOptMode -opt_power_effort                                   high
setOptMode -opt_preserve_all_sequential                        true
setOptMode -opt_area_recovery                                  true
setOptMode -opt_setup_target_slack                             0
setPlaceMode -macroPlaceMode                                   0
setPlaceMode -place_design_refine_macro                        true
setPlaceMode -place_detail_preroute_as_obs                     {1 2 3}
setPlaceMode -place_global_auto_blockage_in_channel            soft
setPlaceMode -place_global_cong_effort                         high
setPlaceMode -place_global_module_aware_spare                  true
setPlaceMode -place_global_uniform_density                     true

(ccopt_design): CTS Engine: auto. Used Spec: pre-existing CCOPT spec.
Placement constraints of type 'region' or 'fence' will not be downgraded to 'guide' because the property change_fences_to_guides has been set to false.
Set place::cacheFPlanSiteMark to 1
'setDesignMode -flowEffort standard' => 'setOptMode -usefulSkewCCOpt standard' 
Using CCOpt effort standard.
Updating ideal nets and annotations...
Reset timing graph...
Ignoring AAE DB Resetting ...
Reset timing graph done.
Ignoring AAE DB Resetting ...
Reset timing graph...
Ignoring AAE DB Resetting ...
Reset timing graph done.
Clock tree spec update: Ideal nets, transition and delay annotations were updated to match active timing constraints.
Updating ideal nets and annotations done. (took cpu=0:00:00.1 real=0:00:00.1)
CCOpt::Phase::Initialization...
Check Prerequisites...
Leaving CCOpt scope - CheckPlace...
Begin checking placement ... (start mem=3108.7M, init mem=3108.7M)
*info: Placed = 227           
*info: Unplaced = 0           
Placement Density:66.81%(397/595)
Placement Density (including fixed std cells):66.81%(397/595)
Finished checkPlace (total: cpu=0:00:00.0, real=0:00:00.0; vio checks: cpu=0:00:00.0, real=0:00:00.0; mem=3076.7M)
Leaving CCOpt scope - CheckPlace done. (took cpu=0:00:00.0 real=0:00:00.0)
**WARN: (IMPCCOPT-2015):	Innovus will not update I/O latencies for the following reason(s):
 * There are 1 clocks in propagated mode.

Found 0 ideal nets, 0 pins with transition annotations, 0 instances with delay annotations, 0 nets with delay annotations, refer to logv for details.

Check Prerequisites done. (took cpu=0:00:00.0 real=0:00:00.0)
CCOpt::Phase::Initialization done. (took cpu=0:00:00.0 real=0:00:00.0)
#################################################################################
# Design Stage: PreRoute
# Design Name: Adder32
# Design Mode: 7nm
# Analysis Mode: MMMC Non-OCV 
# Parasitics Mode: No SPEF/RCDB 
# Signoff Settings: SI Off 
#################################################################################
             0V	    VSS
           0.7V	    VDD

Starting Activity Propagation
2026-Apr-12 20:36:52 (2026-Apr-12 13:36:52 GMT)
2026-Apr-12 20:36:52 (2026-Apr-12 13:36:52 GMT): 10%
2026-Apr-12 20:36:52 (2026-Apr-12 13:36:52 GMT): 20%
2026-Apr-12 20:36:52 (2026-Apr-12 13:36:52 GMT): 30%

Finished Activity Propagation
2026-Apr-12 20:36:52 (2026-Apr-12 13:36:52 GMT)
Executing ccopt post-processing.
Synthesizing clock trees with CCOpt...
*** CTS #1 [begin] (ccopt_design #1) : totSession cpu/real = 0:01:37.6/0:01:58.8 (0.8), mem = 3129.6M
CCOpt::Phase::PreparingToBalance...
Leaving CCOpt scope - Initializing power interface...
Leaving CCOpt scope - Initializing power interface done. (took cpu=0:00:00.0 real=0:00:00.0)
Leaving CCOpt scope - Initializing activity data...
Leaving CCOpt scope - Initializing activity data done. (took cpu=0:00:00.0 real=0:00:00.0)
Found 0 advancing pin insertion delay (0.000% of 32 clock tree sinks)
Found 0 delaying pin insertion delay (0.000% of 32 clock tree sinks)
Leaving CCOpt scope - optDesignGlobalRouteStep...
[NR-eGR] Started Early Global Route kernel ( Curr Mem: 2.98 MB )
[NR-eGR] Early global route reroute all routable nets
[NR-eGR] Track table information for default rule: 
[NR-eGR] M1 has single uniform track structure
[NR-eGR] M2 has non-uniform track structures
[NR-eGR] M3 has single uniform track structure
[NR-eGR] M4 has single uniform track structure
[NR-eGR] M5 has single uniform track structure
[NR-eGR] M6 has single uniform track structure
[NR-eGR] M7 has single uniform track structure
[NR-eGR] M8 has single uniform track structure
[NR-eGR] M9 has single uniform track structure
[NR-eGR] Pad has single uniform track structure
[NR-eGR] Read 24 PG shapes
[NR-eGR] Read 0 clock shapes
[NR-eGR] Read 0 other shapes
[NR-eGR] #Routing Blockages  : 0
[NR-eGR] #Bump Blockages     : 0
[NR-eGR] #Instance Blockages : 96
[NR-eGR] #PG Blockages       : 24
[NR-eGR] #Halo Blockages     : 0
[NR-eGR] #Boundary Blockages : 0
[NR-eGR] #Clock Blockages    : 0
[NR-eGR] #Other Blockages    : 0
[NR-eGR] Num Prerouted Nets = 0  Num Prerouted Wires = 0
[NR-eGR] Read 299 nets ( ignored 0 )
[NR-eGR] There are 1 clock nets ( 0 with NDR ).
[NR-eGR] ============ Routing rule table ============
[NR-eGR] Rule id: 0  Rule name: (Default)  Nets: 299
[NR-eGR] ========================================
[NR-eGR] 
[NR-eGR] Layer group 1: route 299 net(s) in layer range [2, 9]
[NR-eGR] Early Global Route overflow of layer group 1: 0.00% H + 0.00% V. EstWL: 2.747520e+03um
[NR-eGR] Congestion Analysis By layer: (blocked Gcells are excluded) 
[NR-eGR]                        OverCon            
[NR-eGR]                         #Gcell     %Gcell
[NR-eGR]        Layer             (1-0)    OverCon
[NR-eGR] ----------------------------------------------
[NR-eGR]      M1 ( 1)         0( 0.00%)   ( 0.00%) 
[NR-eGR]      M2 ( 2)         0( 0.00%)   ( 0.00%) 
[NR-eGR]      M3 ( 3)         0( 0.00%)   ( 0.00%) 
[NR-eGR]      M4 ( 4)         0( 0.00%)   ( 0.00%) 
[NR-eGR]      M5 ( 5)         0( 0.00%)   ( 0.00%) 
[NR-eGR]      M6 ( 6)         0( 0.00%)   ( 0.00%) 
[NR-eGR]      M7 ( 7)         0( 0.00%)   ( 0.00%) 
[NR-eGR]      M8 ( 8)         0( 0.00%)   ( 0.00%) 
[NR-eGR]      M9 ( 9)         0( 0.00%)   ( 0.00%) 
[NR-eGR] ----------------------------------------------
[NR-eGR]        Total         0( 0.00%)   ( 0.00%) 
[NR-eGR] 
[NR-eGR] Overflow after Early Global Route 0.00% H + 0.00% V
[NR-eGR] Connected 0 must-join pins/ports (post-process)
[NR-eGR] Total eGR-routed clock nets wire length: 65um, number of vias: 79
[NR-eGR] --------------------------------------------------------------------------
[NR-eGR]              Length (um)  Vias 
[NR-eGR] -------------------------------
[NR-eGR]  M1   (1V)             0   717 
[NR-eGR]  M2   (2H)           861   925 
[NR-eGR]  M3   (3V)           840   115 
[NR-eGR]  M4   (4H)           444   111 
[NR-eGR]  M5   (5V)           390   100 
[NR-eGR]  M6   (6H)           276    59 
[NR-eGR]  M7   (7V)           115     2 
[NR-eGR]  M8   (8H)             0     0 
[NR-eGR]  M9   (9V)             0     0 
[NR-eGR]  Pad  (10H)            0     0 
[NR-eGR] -------------------------------
[NR-eGR]       Total         2927  2029 
[NR-eGR] --------------------------------------------------------------------------
[NR-eGR] Total half perimeter of net bounding box: 2809um
[NR-eGR] Total length: 2927um, number of vias: 2029
[NR-eGR] --------------------------------------------------------------------------
[NR-eGR] Finished Early Global Route kernel ( CPU: 0.04 sec, Real: 0.04 sec, Curr Mem: 3.00 MB )
Leaving CCOpt scope - optDesignGlobalRouteStep done. (took cpu=0:00:00.1 real=0:00:00.1)
Legalization setup...
Using cell based legalization.
Initializing placement interface...
  Use check_library -place or consult logv if problems occur.
  Leaving CCOpt scope - Initializing placement interface...
  Leaving CCOpt scope - Initializing placement interface done. (took cpu=0:00:00.0 real=0:00:00.0)
Initializing placement interface done.
Leaving CCOpt scope - Cleaning up placement interface...
Leaving CCOpt scope - Cleaning up placement interface done. (took cpu=0:00:00.0 real=0:00:00.0)
Leaving CCOpt scope - Initializing placement interface...
Leaving CCOpt scope - Initializing placement interface done. (took cpu=0:00:00.0 real=0:00:00.0)
Legalization setup done. (took cpu=0:00:00.0 real=0:00:00.1)
Validating CTS configuration...
Checking module port directions...
Checking module port directions done. (took cpu=0:00:00.0 real=0:00:00.0)
Non-default CCOpt properties:
  Public non-default CCOpt properties:
    buffer_cells is set for at least one object
    cts_merge_clock_gates is set for at least one object
    cts_merge_clock_logic is set for at least one object
    inverter_cells is set for at least one object
    route_type is set for at least one object
    routing_top_min_fanout is set for at least one object
    target_max_trans is set for at least one object
    target_max_trans_sdc is set for at least one object
  Private non-default CCOpt properties:
    cloning_copy_activity: 1 (default: false)
Updating RC Grid density data for preRoute extraction ...
Initializing multi-corner resistance tables ...
Route type trimming info:
  The following route types were modified by the autotrimmer:
    trunk_rule (M4-M6) was replaced by trunk_rule_ccopt_autotrimmed (M5-M6);
      Layer M4 is trimmed off because its RC characteristic is not good
  To disable this behavior, either reduce the range of allowed layers or set the property "route_type_autotrim" to false.
Library trimming buffers in power domain auto-default and half-corner corner:both.late removed 0 of 4 cells
Original list had 4 cells:
BUFx8_ASAP7_75t_R BUFx4_ASAP7_75t_R BUFx3_ASAP7_75t_R BUFx2_ASAP7_75t_R 
Library trimming was not able to trim any cells:
BUFx8_ASAP7_75t_R BUFx4_ASAP7_75t_R BUFx3_ASAP7_75t_R BUFx2_ASAP7_75t_R 
**ERROR: (IMPCCOPT-4334):	The lib cell 'INVx16_ASAP7_75t_R' specified in the inverter_cells property was not found.  This cell will not be used when synthesizing -clock_tree CLK -power_domain auto-default.
Library trimming inverters in power domain auto-default and half-corner corner:both.late removed 0 of 4 cells
Original list had 4 cells:
INVx8_ASAP7_75t_R INVx4_ASAP7_75t_R INVx2_ASAP7_75t_R INVx1_ASAP7_75t_R 
Library trimming was not able to trim any cells:
INVx8_ASAP7_75t_R INVx4_ASAP7_75t_R INVx2_ASAP7_75t_R INVx1_ASAP7_75t_R 
**WARN: (IMPCCOPT-2427):	The target_max_trans 1000.0ps is too high for delay_corner corner and delay_type late for clock_tree CLK and net_type leaf. CTS will proceed using 319.0ps.
**WARN: (IMPCCOPT-2427):	The target_max_trans 1000.0ps is too high for delay_corner corner and delay_type late for clock_tree CLK and net_type trunk. CTS will proceed using 319.0ps.
**WARN: (IMPCCOPT-2427):	The target_max_trans 1000.0ps is too high for delay_corner corner and delay_type late for clock_tree CLK and net_type top. CTS will proceed using 319.0ps.
Clock tree balancer configuration for clock_tree CLK:
Non-default CCOpt properties:
  Public non-default CCOpt properties:
    cts_merge_clock_gates: true (default: false)
    cts_merge_clock_logic: true (default: false)
    route_type (leaf): leaf_rule (default: default)
    route_type (top): top_rule (default: default)
    route_type (trunk): trunk_rule_ccopt_autotrimmed (default: default)
    routing_top_min_fanout: 10000 (default: unset)
  No private non-default CCOpt properties
For power domain auto-default:
  Buffers:     BUFx8_ASAP7_75t_R BUFx4_ASAP7_75t_R BUFx3_ASAP7_75t_R BUFx2_ASAP7_75t_R 
  Inverters:   INVx8_ASAP7_75t_R INVx4_ASAP7_75t_R INVx2_ASAP7_75t_R INVx1_ASAP7_75t_R 
  Clock gates: ICGx8DC_ASAP7_75t_R ICGx6p67DC_ASAP7_75t_R ICGx5p33DC_ASAP7_75t_R ICGx5_ASAP7_75t_R ICGx4DC_ASAP7_75t_R ICGx4_ASAP7_75t_R ICGx3_ASAP7_75t_R ICGx2p67DC_ASAP7_75t_R ICGx2_ASAP7_75t_R ICGx1_ASAP7_75t_R 
  Unblocked area available for placement of any clock cells in power_domain auto-default: 595.331um^2
Top Routing info:
  Route-type name: top_rule; Top/bottom preferred layer name: M8/M7; 
  Shielded - shield side: Two Side; Mask Constraint: 0; Source: route_type.
Trunk Routing info:
  Route-type name: trunk_rule_ccopt_autotrimmed; Top/bottom preferred layer name: M6/M5; 
  Shielded - shield side: Two Side; Mask Constraint: 0; Source: route_type.
Leaf Routing info:
  Route-type name: leaf_rule; Top/bottom preferred layer name: M3/M2; 
  Unshielded; Mask Constraint: 0; Source: route_type.
For timing_corner corner:both, late and power domain auto-default:
  Slew time target (leaf):    320.0ps
  Slew time target (trunk):   320.0ps
  Slew time target (top):     320.0ps
  Buffer unit delay: 58.6ps
  Buffer max distance: 892.073um
Fastest wire driving cells and distances:
  For nets routed with trunk routing rules:
    Buffer    : {lib_cell:BUFx8_ASAP7_75t_R, fastest_considered_half_corner=corner:both.late, optimalDrivingDistance=435.375um, saturatedSlew=82.6ps, speed=5401.675um per ns, cellArea=6.430um^2 per 1000um}
    Inverter  : {lib_cell:INVx8_ASAP7_75t_R, fastest_considered_half_corner=corner:both.late, optimalDrivingDistance=259.875um, saturatedSlew=67.5ps, speed=7100.410um per ns, cellArea=8.977um^2 per 1000um}
    Clock gate: {lib_cell:ICGx8DC_ASAP7_75t_R, fastest_considered_half_corner=corner:both.late, optimalDrivingDistance=436.725um, saturatedSlew=134.3ps, speed=5431.903um per ns, cellArea=25.640um^2 per 1000um}
  For nets routed with top routing rules:
    Buffer    : {lib_cell:BUFx8_ASAP7_75t_R, fastest_considered_half_corner=corner:both.late, optimalDrivingDistance=525.825um, saturatedSlew=87.7ps, speed=6282.258um per ns, cellArea=5.324um^2 per 1000um}
    Inverter  : {lib_cell:INVx8_ASAP7_75t_R, fastest_considered_half_corner=corner:both.late, optimalDrivingDistance=308.475um, saturatedSlew=65.1ps, speed=8337.162um per ns, cellArea=7.562um^2 per 1000um}
    Clock gate: {lib_cell:ICGx8DC_ASAP7_75t_R, fastest_considered_half_corner=corner:both.late, optimalDrivingDistance=516.375um, saturatedSlew=126.3ps, speed=6620.192um per ns, cellArea=21.685um^2 per 1000um}


Logic Sizing Table:

----------------------------------------------------------
Cell    Instance count    Source    Eligible library cells
----------------------------------------------------------
  (empty table)
----------------------------------------------------------


Clock tree balancer configuration for skew_group CLK/mode_normal:
 Created from constraint modes: {[]}
  Sources:                     pin iClk
  Total number of sinks:       32
  Delay constrained sinks:     32
  Constrains:                  default
  Non-leaf sinks:              0
  Ignore pins:                 0
 Timing corner corner:both.late:
  Skew target:                 58.6ps
Primary reporting skew groups are:
skew_group CLK/mode_normal with 32 clock sinks


Constraint summary
==================

Transition constraints are active in the following delay corners:

corner:both.late

Cap constraints are active in the following delay corners:

corner:both.late

Transition constraint summary:

------------------------------------------------------------------------------------------
Delay corner                  Target (ps)    Num pins    Target source       Clock tree(s)
------------------------------------------------------------------------------------------
corner:both.late (primary)         -            -               -                  -
            -                    320.0          32       liberty explicit    all
            -                    320.0           2       tool modified       all
------------------------------------------------------------------------------------------

Capacitance constraint summary:

--------------------------------------------------------------------------------------------------
Delay corner                  Limit (fF)    Num nets    Target source                Clock tree(s)
--------------------------------------------------------------------------------------------------
corner:both.late (primary)        -            -                    -                      -
            -                   23.040         1        library_or_sdc_constraint    all
--------------------------------------------------------------------------------------------------


Clock DAG stats initial state:
  cell counts      : b=0, i=0, icg=0, dcg=0, l=0, total=0
  sink counts      : regular=32, enable_latch=0, load_capacitance=0, antenna=0, node_sink=0, total=32
  misc counts      : r=1, pp=0, mci=0
  cell areas       : b=0.000um^2, i=0.000um^2, icg=0.000um^2, dcg=0.000um^2, l=0.000um^2, total=0.000um^2
  hp wire lengths  : top=0.000um, trunk=0.000um, leaf=0.000um, total=0.000um
Have 2 CPUs available for CTS. Selected algorithms will run multithreaded.
No ideal or dont_touch nets found in the clock tree
No dont_touch hnets found in the clock tree
No dont_touch hpins found in the clock network.
Checking for illegal sizes of clock logic instances...
Checking for illegal sizes of clock logic instances done. (took cpu=0:00:00.0 real=0:00:00.0)
Validating CTS configuration done. (took cpu=0:00:03.8 real=0:00:03.8)
CCOpt configuration status: all checks passed.
Adding exclusion drivers to pins that are effective_sink_type exclude...
    Adding exclusion drivers (these will be instances of the smallest area library cells).
  No exclusion drivers are needed.
Adding exclusion drivers to pins that are effective_sink_type exclude done.
Antenna diode management...
  Found 0 antenna diodes in the clock trees.
  
Antenna diode management done.
Adding driver cells for primary IOs...
Adding driver cells for primary IOs done.
Adding driver cells for primary IOs...
Adding driver cells for primary IOs done.

----------------------------------------------------------------------------------------------
CCOpt reported the following when adding drivers below input ports and above output ports     
----------------------------------------------------------------------------------------------
  (empty table)
----------------------------------------------------------------------------------------------


Adding driver cell for primary IO roots...
Adding driver cell for primary IO roots done.
Maximizing clock DAG abstraction...
  Removing clock DAG drivers
Maximizing clock DAG abstraction done.
CCOpt::Phase::PreparingToBalance done. (took cpu=0:00:03.9 real=0:00:03.9)
Synthesizing clock trees...
  Preparing To Balance...
  Leaving CCOpt scope - Cleaning up placement interface...
  Leaving CCOpt scope - Cleaning up placement interface done. (took cpu=0:00:00.0 real=0:00:00.0)
  Leaving CCOpt scope - Initializing placement interface...
  Leaving CCOpt scope - Initializing placement interface done. (took cpu=0:00:00.0 real=0:00:00.0)
  Merging duplicate siblings in DAG...
    Clock DAG stats before merging:
      cell counts      : b=0, i=0, icg=0, dcg=0, l=0, total=0
      sink counts      : regular=32, enable_latch=0, load_capacitance=0, antenna=0, node_sink=0, total=32
      misc counts      : r=1, pp=0, mci=0
      cell areas       : b=0.000um^2, i=0.000um^2, icg=0.000um^2, dcg=0.000um^2, l=0.000um^2, total=0.000um^2
      hp wire lengths  : top=0.000um, trunk=0.000um, leaf=0.000um, total=0.000um
    Resynthesising clock tree into netlist...
      Reset timing graph...
Ignoring AAE DB Resetting ...
      Reset timing graph done.
    Resynthesising clock tree into netlist done.
    Merging duplicate clock dag driver clones in DAG...
    Merging duplicate clock dag driver clones in DAG done.
    
    Disconnecting clock tree from netlist...
    Disconnecting clock tree from netlist done.
  Merging duplicate siblings in DAG done.
  Applying movement limits...
  Applying movement limits done.
  Preparing To Balance done. (took cpu=0:00:00.0 real=0:00:00.0)
  CCOpt::Phase::Construction...
  Stage::Clustering...
  Clustering...
    Initialize for clustering...
    Clock DAG stats before clustering:
      cell counts      : b=0, i=0, icg=0, dcg=0, l=0, total=0
      sink counts      : regular=32, enable_latch=0, load_capacitance=0, antenna=0, node_sink=0, total=32
      misc counts      : r=1, pp=0, mci=0
      cell areas       : b=0.000um^2, i=0.000um^2, icg=0.000um^2, dcg=0.000um^2, l=0.000um^2, total=0.000um^2
      hp wire lengths  : top=0.000um, trunk=0.000um, leaf=0.000um, total=0.000um
    Computing max distances from locked parents...
      Computing distance_from_locked_parent_restrictions for 0 nodes driven by 0 locked parents
    Computing max distances from locked parents done.
    Computing optimal clock node locations...
    Computing optimal clock node locations done. (took cpu=0:00:00.0 real=0:00:00.0)
    Initialize for clustering done. (took cpu=0:00:00.0 real=0:00:00.0)
    Bottom-up phase...
    Clustering bottom-up starting from leaves...
      Clustering clock_tree CLK...
      Clustering clock_tree CLK done.
    Clustering bottom-up starting from leaves done.
    Rebuilding the clock tree after clustering...
    Rebuilding the clock tree after clustering done.
    Clock DAG stats after bottom-up phase:
      cell counts      : b=0, i=0, icg=0, dcg=0, l=0, total=0
      sink counts      : regular=32, enable_latch=0, load_capacitance=0, antenna=0, node_sink=0, total=32
      misc counts      : r=1, pp=0, mci=0
      cell areas       : b=0.000um^2, i=0.000um^2, icg=0.000um^2, dcg=0.000um^2, l=0.000um^2, total=0.000um^2
      hp wire lengths  : top=0.000um, trunk=0.000um, leaf=0.000um, total=0.000um
    Bottom-up phase done. (took cpu=0:00:00.0 real=0:00:00.0)
    Legalizing clock trees...
    Resynthesising clock tree into netlist...
      Reset timing graph...
Ignoring AAE DB Resetting ...
      Reset timing graph done.
    Resynthesising clock tree into netlist done.
    Commiting net attributes....
    Commiting net attributes. done.
    Leaving CCOpt scope - ClockRefiner...
    Performing a single pass refine place with checks partially disabled for clock sinks and datapath.
*** Starting refinePlace (0:01:42 mem=3212.3M) ***
Total net bbox length = 2.809e+03 (1.520e+03 1.290e+03) (ext = 1.632e+03)
Move report: Detail placement moves 0 insts, mean move: 0.00 um, max move: 0.00 um 
	Runtime: CPU: 0:00:00.0 REAL: 0:00:00.0 MEM: 3196.3MB
Summary Report:
Instances move: 0 (out of 227 movable)
Instances flipped: 0
Mean displacement: 0.00 um
Max displacement: 0.00 um 
Total net bbox length = 2.809e+03 (1.520e+03 1.290e+03) (ext = 1.632e+03)
Runtime: CPU: 0:00:00.0 REAL: 0:00:00.0 MEM: 3196.3MB
*** Finished refinePlace (0:01:42 mem=3196.3M) ***
    ClockRefiner summary
    All clock instances: Moved 0, flipped 0 and cell swapped 0 (out of a total of 32).
    Leaving CCOpt scope - ClockRefiner done. (took cpu=0:00:00.1 real=0:00:00.1)
    Disconnecting clock tree from netlist...
    Disconnecting clock tree from netlist done.
    Leaving CCOpt scope - Cleaning up placement interface...
    Leaving CCOpt scope - Cleaning up placement interface done. (took cpu=0:00:00.0 real=0:00:00.0)
    Leaving CCOpt scope - Initializing placement interface...
    Leaving CCOpt scope - Initializing placement interface done. (took cpu=0:00:00.0 real=0:00:00.0)
    Clock tree timing engine global stage delay update for corner:both.late...
    Clock tree timing engine global stage delay update for corner:both.late done. (took cpu=0:00:00.0 real=0:00:00.0)
    
    Clock tree legalization - Histogram:
    ====================================
    
    --------------------------------
    Movement (um)    Number of cells
    --------------------------------
      (empty table)
    --------------------------------
    
    
    Clock tree legalization - There are no Movements:
    =================================================
    
    ---------------------------------------------
    Movement (um)    Desired     Achieved    Node
                     location    location    
    ---------------------------------------------
      (empty table)
    ---------------------------------------------
    
    Legalizing clock trees done. (took cpu=0:00:00.1 real=0:00:00.1)
    Clock tree timing engine global stage delay update for corner:both.late...
    Clock tree timing engine global stage delay update for corner:both.late done. (took cpu=0:00:00.0 real=0:00:00.0)
    Clock DAG stats after 'Clustering':
      cell counts      : b=0, i=0, icg=0, dcg=0, l=0, total=0
      sink counts      : regular=32, enable_latch=0, load_capacitance=0, antenna=0, node_sink=0, total=32
      misc counts      : r=1, pp=0, mci=0
      cell areas       : b=0.000um^2, i=0.000um^2, icg=0.000um^2, dcg=0.000um^2, l=0.000um^2, total=0.000um^2
      cell capacitance : b=0.000fF, i=0.000fF, icg=0.000fF, dcg=0.000fF, l=0.000fF, total=0.000fF
      sink capacitance : total=15.192fF, avg=0.475fF, sd=0.000fF, min=0.475fF, max=0.475fF
      wire capacitance : top=0.000fF, trunk=0.000fF, leaf=1.570fF, total=1.570fF
      wire lengths     : top=0.000um, trunk=0.000um, leaf=61.308um, total=61.308um
      hp wire lengths  : top=0.000um, trunk=0.000um, leaf=0.000um, total=0.000um
    Clock DAG net violations after 'Clustering': none
    Clock DAG primary half-corner transition distribution after 'Clustering':
      Leaf : target=320.0ps count=1 avg=10.8ps sd=0.0ps min=10.8ps max=10.8ps {1 <= 192.0ps, 0 <= 256.0ps, 0 <= 288.0ps, 0 <= 304.0ps, 0 <= 320.0ps}
    Primary reporting skew groups after 'Clustering':
      skew_group CLK/mode_normal: insertion delay [min=1.1, max=4.5, avg=3.1, sd=1.1, skn=-0.425, kur=-1.286], skew [3.4 vs 58.6], 100% {1.1, 4.5} (wid=4.5 ws=3.4) (gid=0.0 gs=0.0)
    Skew group summary after 'Clustering':
      skew_group CLK/mode_normal: insertion delay [min=1.1, max=4.5, avg=3.1, sd=1.1, skn=-0.425, kur=-1.286], skew [3.4 vs 58.6], 100% {1.1, 4.5} (wid=4.5 ws=3.4) (gid=0.0 gs=0.0)
    Legalizer API calls during this step: 0 succeeded with high effort: 0 succeeded with medium effort: 0 succeeded with low effort: 0 succeeded with basic effort: 0 succeeded with basic unbounded effort: 0
  Clustering done. (took cpu=0:00:00.1 real=0:00:00.1)
  Looking for fanout violations...
  Looking for fanout violations done.
  CongRepair After Initial Clustering...
  Reset timing graph...
Ignoring AAE DB Resetting ...
  Reset timing graph done.
  Leaving CCOpt scope - Early Global Route...
  Clock implementation routing...
Net route status summary:
  Clock:         1 (unrouted=1, trialRouted=0, noStatus=0, routed=0, fixed=0, [crossesIlmBoundary=0, tooFewTerms=0, (crossesIlmBoundary AND tooFewTerms=0)])
  Non-clock:   300 (unrouted=2, trialRouted=298, noStatus=0, routed=0, fixed=0, [crossesIlmBoundary=0, tooFewTerms=2, (crossesIlmBoundary AND tooFewTerms=0)])
    Routing using eGR only...
      Early Global Route - eGR only step...
(ccopt eGR): There are 1 nets to be routed. 0 nets have skip routing designation.
(ccopt eGR): There are 1 nets for routing of which 1 have one or more fixed wires.
(ccopt eGR): Start to route 1 all nets
[PSP]    Started Early Global Route kernel ( Curr Mem: 3.06 MB )
[NR-eGR] Early global route reroute 1 out of 299 routable nets
[NR-eGR] Track table information for default rule: 
[NR-eGR] M1 has single uniform track structure
[NR-eGR] M2 has non-uniform track structures
[NR-eGR] M3 has single uniform track structure
[NR-eGR] M4 has single uniform track structure
[NR-eGR] M5 has single uniform track structure
[NR-eGR] M6 has single uniform track structure
[NR-eGR] M7 has single uniform track structure
[NR-eGR] M8 has single uniform track structure
[NR-eGR] M9 has single uniform track structure
[NR-eGR] Pad has single uniform track structure
[NR-eGR] Read 24 PG shapes
[NR-eGR] Read 0 clock shapes
[NR-eGR] Read 0 other shapes
[NR-eGR] #Routing Blockages  : 0
[NR-eGR] #Bump Blockages     : 0
[NR-eGR] #Instance Blockages : 96
[NR-eGR] #PG Blockages       : 24
[NR-eGR] #Halo Blockages     : 0
[NR-eGR] #Boundary Blockages : 0
[NR-eGR] #Clock Blockages    : 0
[NR-eGR] #Other Blockages    : 0
[NR-eGR] Num Prerouted Nets = 0  Num Prerouted Wires = 0
[NR-eGR] Read 299 nets ( ignored 298 )
[NR-eGR] Connected 0 must-join pins/ports (pre-process)
[NR-eGR] #via pillars        : 0
[NR-eGR] #must join all port : 0
[NR-eGR] #multiple ports     : 0
[NR-eGR] #has must join      : 0
[NR-eGR] There are 1 clock nets ( 0 with NDR ).
[NR-eGR] ============ Routing rule table ============
[NR-eGR] Rule id: 0  Rule name: (Default)  Nets: 1
[NR-eGR] ========================================
[NR-eGR] 
[NR-eGR] Layer group 1: route 1 net(s) in layer range [2, 3]
[NR-eGR] Early Global Route overflow of layer group 1: 0.00% H + 0.00% V. EstWL: 5.616000e+01um
[NR-eGR] Congestion Analysis By layer: (blocked Gcells are excluded) 
[NR-eGR]                        OverCon            
[NR-eGR]                         #Gcell     %Gcell
[NR-eGR]        Layer             (1-0)    OverCon
[NR-eGR] ----------------------------------------------
[NR-eGR]      M1 ( 1)         0( 0.00%)   ( 0.00%) 
[NR-eGR]      M2 ( 2)         0( 0.00%)   ( 0.00%) 
[NR-eGR]      M3 ( 3)         0( 0.00%)   ( 0.00%) 
[NR-eGR]      M4 ( 4)         0( 0.00%)   ( 0.00%) 
[NR-eGR]      M5 ( 5)         0( 0.00%)   ( 0.00%) 
[NR-eGR]      M6 ( 6)         0( 0.00%)   ( 0.00%) 
[NR-eGR]      M7 ( 7)         0( 0.00%)   ( 0.00%) 
[NR-eGR]      M8 ( 8)         0( 0.00%)   ( 0.00%) 
[NR-eGR]      M9 ( 9)         0( 0.00%)   ( 0.00%) 
[NR-eGR] ----------------------------------------------
[NR-eGR]        Total         0( 0.00%)   ( 0.00%) 
[NR-eGR] 
[NR-eGR] Overflow after Early Global Route 0.00% H + 0.00% V
[NR-eGR] Connected 0 must-join pins/ports (post-process)
[NR-eGR] Total eGR-routed clock nets wire length: 64um, number of vias: 70
[NR-eGR] --------------------------------------------------------------------------
[NR-eGR] Report for selected net(s) only.
[NR-eGR]              Length (um)  Vias 
[NR-eGR] -------------------------------
[NR-eGR]  M1   (1V)             0    32 
[NR-eGR]  M2   (2H)            26    34 
[NR-eGR]  M3   (3V)            38     1 
[NR-eGR]  M4   (4H)             0     1 
[NR-eGR]  M5   (5V)             0     1 
[NR-eGR]  M6   (6H)             0     1 
[NR-eGR]  M7   (7V)             0     0 
[NR-eGR]  M8   (8H)             0     0 
[NR-eGR]  M9   (9V)             0     0 
[NR-eGR]  Pad  (10H)            0     0 
[NR-eGR] -------------------------------
[NR-eGR]       Total           64    70 
[NR-eGR] --------------------------------------------------------------------------
[NR-eGR] Total half perimeter of net bounding box: 37um
[NR-eGR] Total length: 64um, number of vias: 70
[NR-eGR] --------------------------------------------------------------------------
[NR-eGR] Total routed clock nets wire length: 64um, number of vias: 70
[NR-eGR] --------------------------------------------------------------------------
[NR-eGR]              Length (um)  Vias 
[NR-eGR] -------------------------------
[NR-eGR]  M1   (1V)             0   717 
[NR-eGR]  M2   (2H)           865   916 
[NR-eGR]  M3   (3V)           835   115 
[NR-eGR]  M4   (4H)           444   111 
[NR-eGR]  M5   (5V)           390   100 
[NR-eGR]  M6   (6H)           276    59 
[NR-eGR]  M7   (7V)           115     2 
[NR-eGR]  M8   (8H)             0     0 
[NR-eGR]  M9   (9V)             0     0 
[NR-eGR]  Pad  (10H)            0     0 
[NR-eGR] -------------------------------
[NR-eGR]       Total         2926  2020 
[NR-eGR] --------------------------------------------------------------------------
[NR-eGR] Total half perimeter of net bounding box: 2809um
[NR-eGR] Total length: 2926um, number of vias: 2020
[NR-eGR] --------------------------------------------------------------------------
[NR-eGR] Finished Early Global Route kernel ( CPU: 0.02 sec, Real: 0.03 sec, Curr Mem: 3.07 MB )
      Early Global Route - eGR only step done. (took cpu=0:00:00.1 real=0:00:00.1)
    Routing using eGR only done.
Net route status summary:
  Clock:         1 (unrouted=0, trialRouted=0, noStatus=0, routed=1, fixed=0, [crossesIlmBoundary=0, tooFewTerms=0, (crossesIlmBoundary AND tooFewTerms=0)])
  Non-clock:   300 (unrouted=2, trialRouted=298, noStatus=0, routed=0, fixed=0, [crossesIlmBoundary=0, tooFewTerms=2, (crossesIlmBoundary AND tooFewTerms=0)])

CCOPT: Done with clock implementation routing.

  Clock implementation routing done.
  CCOpt: Starting congestion repair using flow wrapper...
    Congestion Repair...
*** IncrReplace #1 [begin] (CTS #1 / ccopt_design #1) : totSession cpu/real = 0:01:41.7/0:02:02.9 (0.8), mem = 3212.5M
Info: Disable timing driven in postCTS congRepair.

Starting congRepair ...
[NR-eGR] Started Early Global Route kernel ( Curr Mem: 3.07 MB )
[NR-eGR] Early global route reroute all routable nets
[NR-eGR] Track table information for default rule: 
[NR-eGR] M1 has single uniform track structure
[NR-eGR] M2 has non-uniform track structures
[NR-eGR] M3 has single uniform track structure
[NR-eGR] M4 has single uniform track structure
[NR-eGR] M5 has single uniform track structure
[NR-eGR] M6 has single uniform track structure
[NR-eGR] M7 has single uniform track structure
[NR-eGR] M8 has single uniform track structure
[NR-eGR] M9 has single uniform track structure
[NR-eGR] Pad has single uniform track structure
[NR-eGR] Read 24 PG shapes
[NR-eGR] Read 0 clock shapes
[NR-eGR] Read 0 other shapes
[NR-eGR] #Routing Blockages  : 0
[NR-eGR] #Bump Blockages     : 0
[NR-eGR] #Instance Blockages : 96
[NR-eGR] #PG Blockages       : 24
[NR-eGR] #Halo Blockages     : 0
[NR-eGR] #Boundary Blockages : 0
[NR-eGR] #Clock Blockages    : 0
[NR-eGR] #Other Blockages    : 0
[NR-eGR] Num Prerouted Nets = 1  Num Prerouted Wires = 85
[NR-eGR] Read 299 nets ( ignored 1 )
[NR-eGR] ============ Routing rule table ============
[NR-eGR] Rule id: 0  Rule name: (Default)  Nets: 298
[NR-eGR] ========================================
[NR-eGR] 
[NR-eGR] Layer group 1: route 298 net(s) in layer range [2, 9]
[NR-eGR] Early Global Route overflow of layer group 1: 0.00% H + 0.00% V. EstWL: 2.691360e+03um
[NR-eGR] Congestion Analysis By layer: (blocked Gcells are excluded) 
[NR-eGR]                        OverCon            
[NR-eGR]                         #Gcell     %Gcell
[NR-eGR]        Layer             (1-0)    OverCon
[NR-eGR] ----------------------------------------------
[NR-eGR]      M1 ( 1)         0( 0.00%)   ( 0.00%) 
[NR-eGR]      M2 ( 2)         0( 0.00%)   ( 0.00%) 
[NR-eGR]      M3 ( 3)         0( 0.00%)   ( 0.00%) 
[NR-eGR]      M4 ( 4)         0( 0.00%)   ( 0.00%) 
[NR-eGR]      M5 ( 5)         0( 0.00%)   ( 0.00%) 
[NR-eGR]      M6 ( 6)         0( 0.00%)   ( 0.00%) 
[NR-eGR]      M7 ( 7)         0( 0.00%)   ( 0.00%) 
[NR-eGR]      M8 ( 8)         0( 0.00%)   ( 0.00%) 
[NR-eGR]      M9 ( 9)         0( 0.00%)   ( 0.00%) 
[NR-eGR] ----------------------------------------------
[NR-eGR]        Total         0( 0.00%)   ( 0.00%) 
[NR-eGR] 
[NR-eGR] Overflow after Early Global Route 0.00% H + 0.00% V
[NR-eGR] Finished Early Global Route kernel ( CPU: 0.02 sec, Real: 0.03 sec, Curr Mem: 3.07 MB )
Early Global Route congestion estimation runtime: 0.04 seconds, mem = 3212.5M
Local HotSpot Analysis: normalized max congestion hotspot area = 0.00, normalized total congestion hotspot area = 0.00 (area is in unit of 4 std-cell row bins)
Skipped repairing congestion.
[NR-eGR] Connected 0 must-join pins/ports (post-process)
[NR-eGR] Total eGR-routed clock nets wire length: 0um, number of vias: 0
[NR-eGR] --------------------------------------------------------------------------
[NR-eGR]              Length (um)  Vias 
[NR-eGR] -------------------------------
[NR-eGR]  M1   (1V)             0   717 
[NR-eGR]  M2   (2H)           857   923 
[NR-eGR]  M3   (3V)           806   116 
[NR-eGR]  M4   (4H)           489   109 
[NR-eGR]  M5   (5V)           394    99 
[NR-eGR]  M6   (6H)           240    60 
[NR-eGR]  M7   (7V)           139     0 
[NR-eGR]  M8   (8H)             0     0 
[NR-eGR]  M9   (9V)             0     0 
[NR-eGR]  Pad  (10H)            0     0 
[NR-eGR] -------------------------------
[NR-eGR]       Total         2926  2024 
[NR-eGR] --------------------------------------------------------------------------
[NR-eGR] Total half perimeter of net bounding box: 2809um
[NR-eGR] Total length: 2926um, number of vias: 2024
[NR-eGR] --------------------------------------------------------------------------
Early Global Route wiring runtime: 0.01 seconds, mem = 3228.5M
Tdgp not enabled or already been cleared! skip clearing
End of congRepair (cpu=0:00:00.0, real=0:00:00.0)
*** IncrReplace #1 [finish] (CTS #1 / ccopt_design #1) : cpu/real = 0:00:00.1/0:00:00.1 (0.9), totSession cpu/real = 0:01:41.8/0:02:03.0 (0.8), mem = 3228.5M
Set ::gpsPrivate::dogPBIsIncrReplaceDoneInMaster 1
    Congestion Repair done. (took cpu=0:00:00.1 real=0:00:00.1)
  CCOpt: Starting congestion repair using flow wrapper done.
  Leaving CCOpt scope - Early Global Route done. (took cpu=0:00:00.2 real=0:00:00.2)
  Leaving CCOpt scope - extractRC...
  Updating RC parasitics by calling: "extractRC -noRouteCheck"...
Extraction called for design 'Adder32' of instances=227 and nets=301 using extraction engine 'preRoute' .
PreRoute RC Extraction called for design Adder32.
RC Extraction called in multi-corner(1) mode.
RCMode: PreRoute
      RC Corner Indexes            0   
Capacitance Scaling Factor   : 1.00000 
Resistance Scaling Factor    : 1.00000 
Clock Cap. Scaling Factor    : 1.00000 
Clock Res. Scaling Factor    : 1.00000 
Shrink Factor                : 1.00000
PreRoute extraction is honoring NDR/Shielding/ExtraSpace for clock nets.
Using Quantus QRC technology file ...
Updating RC Grid density data for preRoute extraction ...
Initializing multi-corner resistance tables ...
PreRoute RC Extraction DONE (CPU Time: 0:00:00.0  Real Time: 0:00:00.0  MEM: 3228.488M)
  Updating RC parasitics by calling: "extractRC -noRouteCheck" done.
  Leaving CCOpt scope - extractRC done. (took cpu=0:00:00.0 real=0:00:00.0)
  Clock tree timing engine global stage delay update for corner:both.late...
  Clock tree timing engine global stage delay update for corner:both.late done. (took cpu=0:00:00.0 real=0:00:00.0)
  Clock DAG stats after clustering cong repair call:
    cell counts      : b=0, i=0, icg=0, dcg=0, l=0, total=0
    sink counts      : regular=32, enable_latch=0, load_capacitance=0, antenna=0, node_sink=0, total=32
    misc counts      : r=1, pp=0, mci=0
    cell areas       : b=0.000um^2, i=0.000um^2, icg=0.000um^2, dcg=0.000um^2, l=0.000um^2, total=0.000um^2
    cell capacitance : b=0.000fF, i=0.000fF, icg=0.000fF, dcg=0.000fF, l=0.000fF, total=0.000fF
    sink capacitance : total=15.192fF, avg=0.475fF, sd=0.000fF, min=0.475fF, max=0.475fF
    wire capacitance : top=0.000fF, trunk=0.000fF, leaf=1.571fF, total=1.571fF
    wire lengths     : top=0.000um, trunk=0.000um, leaf=61.308um, total=61.308um
    hp wire lengths  : top=0.000um, trunk=0.000um, leaf=0.000um, total=0.000um
  Clock DAG net violations after clustering cong repair call: none
  Clock DAG primary half-corner transition distribution after clustering cong repair call:
    Leaf : target=320.0ps count=1 avg=10.8ps sd=0.0ps min=10.8ps max=10.8ps {1 <= 192.0ps, 0 <= 256.0ps, 0 <= 288.0ps, 0 <= 304.0ps, 0 <= 320.0ps}
  Primary reporting skew groups after clustering cong repair call:
    skew_group CLK/mode_normal: insertion delay [min=1.1, max=4.5, avg=3.1, sd=1.1, skn=-0.425, kur=-1.286], skew [3.4 vs 58.6], 100% {1.1, 4.5} (wid=4.5 ws=3.4) (gid=0.0 gs=0.0)
  Skew group summary after clustering cong repair call:
    skew_group CLK/mode_normal: insertion delay [min=1.1, max=4.5, avg=3.1, sd=1.1, skn=-0.425, kur=-1.286], skew [3.4 vs 58.6], 100% {1.1, 4.5} (wid=4.5 ws=3.4) (gid=0.0 gs=0.0)
  CongRepair After Initial Clustering done. (took cpu=0:00:00.2 real=0:00:00.2)
  Stage::Clustering done. (took cpu=0:00:00.3 real=0:00:00.3)
  Stage::DRV Fixing...
  Fixing clock tree slew time and max cap violations...
    Fixing clock tree overload: ...20% ...40% ...60% ...80% ...100% 
    Clock DAG stats after 'Fixing clock tree slew time and max cap violations':
      cell counts      : b=0, i=0, icg=0, dcg=0, l=0, total=0
      sink counts      : regular=32, enable_latch=0, load_capacitance=0, antenna=0, node_sink=0, total=32
      misc counts      : r=1, pp=0, mci=0
      cell areas       : b=0.000um^2, i=0.000um^2, icg=0.000um^2, dcg=0.000um^2, l=0.000um^2, total=0.000um^2
      cell capacitance : b=0.000fF, i=0.000fF, icg=0.000fF, dcg=0.000fF, l=0.000fF, total=0.000fF
      sink capacitance : total=15.192fF, avg=0.475fF, sd=0.000fF, min=0.475fF, max=0.475fF
      wire capacitance : top=0.000fF, trunk=0.000fF, leaf=1.571fF, total=1.571fF
      wire lengths     : top=0.000um, trunk=0.000um, leaf=61.308um, total=61.308um
      hp wire lengths  : top=0.000um, trunk=0.000um, leaf=0.000um, total=0.000um
    Clock DAG net violations after 'Fixing clock tree slew time and max cap violations': none
    Clock DAG primary half-corner transition distribution after 'Fixing clock tree slew time and max cap violations':
      Leaf : target=320.0ps count=1 avg=10.8ps sd=0.0ps min=10.8ps max=10.8ps {1 <= 192.0ps, 0 <= 256.0ps, 0 <= 288.0ps, 0 <= 304.0ps, 0 <= 320.0ps}
    Primary reporting skew groups after 'Fixing clock tree slew time and max cap violations':
      skew_group CLK/mode_normal: insertion delay [min=1.1, max=4.5], skew [3.4 vs 58.6]
    Skew group summary after 'Fixing clock tree slew time and max cap violations':
      skew_group CLK/mode_normal: insertion delay [min=1.1, max=4.5], skew [3.4 vs 58.6]
    Legalizer API calls during this step: 0 succeeded with high effort: 0 succeeded with medium effort: 0 succeeded with low effort: 0 succeeded with basic effort: 0 succeeded with basic unbounded effort: 0
  Fixing clock tree slew time and max cap violations done. (took cpu=0:00:00.0 real=0:00:00.0)
  Fixing clock tree slew time and max cap violations - detailed pass...
    Fixing clock tree overload: ...20% ...40% ...60% ...80% ...100% 
    Clock DAG stats after 'Fixing clock tree slew time and max cap violations - detailed pass':
      cell counts      : b=0, i=0, icg=0, dcg=0, l=0, total=0
      sink counts      : regular=32, enable_latch=0, load_capacitance=0, antenna=0, node_sink=0, total=32
      misc counts      : r=1, pp=0, mci=0
      cell areas       : b=0.000um^2, i=0.000um^2, icg=0.000um^2, dcg=0.000um^2, l=0.000um^2, total=0.000um^2
      cell capacitance : b=0.000fF, i=0.000fF, icg=0.000fF, dcg=0.000fF, l=0.000fF, total=0.000fF
      sink capacitance : total=15.192fF, avg=0.475fF, sd=0.000fF, min=0.475fF, max=0.475fF
      wire capacitance : top=0.000fF, trunk=0.000fF, leaf=1.571fF, total=1.571fF
      wire lengths     : top=0.000um, trunk=0.000um, leaf=61.308um, total=61.308um
      hp wire lengths  : top=0.000um, trunk=0.000um, leaf=0.000um, total=0.000um
    Clock DAG net violations after 'Fixing clock tree slew time and max cap violations - detailed pass': none
    Clock DAG primary half-corner transition distribution after 'Fixing clock tree slew time and max cap violations - detailed pass':
      Leaf : target=320.0ps count=1 avg=10.8ps sd=0.0ps min=10.8ps max=10.8ps {1 <= 192.0ps, 0 <= 256.0ps, 0 <= 288.0ps, 0 <= 304.0ps, 0 <= 320.0ps}
    Primary reporting skew groups after 'Fixing clock tree slew time and max cap violations - detailed pass':
      skew_group CLK/mode_normal: insertion delay [min=1.1, max=4.5, avg=3.1, sd=1.1, skn=-0.425, kur=-1.286], skew [3.4 vs 58.6], 100% {1.1, 4.5} (wid=4.5 ws=3.4) (gid=0.0 gs=0.0)
    Skew group summary after 'Fixing clock tree slew time and max cap violations - detailed pass':
      skew_group CLK/mode_normal: insertion delay [min=1.1, max=4.5, avg=3.1, sd=1.1, skn=-0.425, kur=-1.286], skew [3.4 vs 58.6], 100% {1.1, 4.5} (wid=4.5 ws=3.4) (gid=0.0 gs=0.0)
    Legalizer API calls during this step: 0 succeeded with high effort: 0 succeeded with medium effort: 0 succeeded with low effort: 0 succeeded with basic effort: 0 succeeded with basic unbounded effort: 0
  Fixing clock tree slew time and max cap violations - detailed pass done. (took cpu=0:00:00.0 real=0:00:00.0)
  Stage::DRV Fixing done. (took cpu=0:00:00.0 real=0:00:00.0)
  Stage::Insertion Delay Reduction...
  Removing unnecessary root buffering...
    Clock DAG stats after 'Removing unnecessary root buffering':
      cell counts      : b=0, i=0, icg=0, dcg=0, l=0, total=0
      sink counts      : regular=32, enable_latch=0, load_capacitance=0, antenna=0, node_sink=0, total=32
      misc counts      : r=1, pp=0, mci=0
      cell areas       : b=0.000um^2, i=0.000um^2, icg=0.000um^2, dcg=0.000um^2, l=0.000um^2, total=0.000um^2
      cell capacitance : b=0.000fF, i=0.000fF, icg=0.000fF, dcg=0.000fF, l=0.000fF, total=0.000fF
      sink capacitance : total=15.192fF, avg=0.475fF, sd=0.000fF, min=0.475fF, max=0.475fF
      wire capacitance : top=0.000fF, trunk=0.000fF, leaf=1.571fF, total=1.571fF
      wire lengths     : top=0.000um, trunk=0.000um, leaf=61.308um, total=61.308um
      hp wire lengths  : top=0.000um, trunk=0.000um, leaf=0.000um, total=0.000um
    Clock DAG net violations after 'Removing unnecessary root buffering': none
    Clock DAG primary half-corner transition distribution after 'Removing unnecessary root buffering':
      Leaf : target=320.0ps count=1 avg=10.8ps sd=0.0ps min=10.8ps max=10.8ps {1 <= 192.0ps, 0 <= 256.0ps, 0 <= 288.0ps, 0 <= 304.0ps, 0 <= 320.0ps}
    Primary reporting skew groups after 'Removing unnecessary root buffering':
      skew_group CLK/mode_normal: insertion delay [min=1.1, max=4.5], skew [3.4 vs 58.6]
    Skew group summary after 'Removing unnecessary root buffering':
      skew_group CLK/mode_normal: insertion delay [min=1.1, max=4.5], skew [3.4 vs 58.6]
    Legalizer API calls during this step: 0 succeeded with high effort: 0 succeeded with medium effort: 0 succeeded with low effort: 0 succeeded with basic effort: 0 succeeded with basic unbounded effort: 0
  Removing unnecessary root buffering done. (took cpu=0:00:00.0 real=0:00:00.0)
  Removing unconstrained drivers...
    Clock DAG stats after 'Removing unconstrained drivers':
      cell counts      : b=0, i=0, icg=0, dcg=0, l=0, total=0
      sink counts      : regular=32, enable_latch=0, load_capacitance=0, antenna=0, node_sink=0, total=32
      misc counts      : r=1, pp=0, mci=0
      cell areas       : b=0.000um^2, i=0.000um^2, icg=0.000um^2, dcg=0.000um^2, l=0.000um^2, total=0.000um^2
      cell capacitance : b=0.000fF, i=0.000fF, icg=0.000fF, dcg=0.000fF, l=0.000fF, total=0.000fF
      sink capacitance : total=15.192fF, avg=0.475fF, sd=0.000fF, min=0.475fF, max=0.475fF
      wire capacitance : top=0.000fF, trunk=0.000fF, leaf=1.571fF, total=1.571fF
      wire lengths     : top=0.000um, trunk=0.000um, leaf=61.308um, total=61.308um
      hp wire lengths  : top=0.000um, trunk=0.000um, leaf=0.000um, total=0.000um
    Clock DAG net violations after 'Removing unconstrained drivers': none
    Clock DAG primary half-corner transition distribution after 'Removing unconstrained drivers':
      Leaf : target=320.0ps count=1 avg=10.8ps sd=0.0ps min=10.8ps max=10.8ps {1 <= 192.0ps, 0 <= 256.0ps, 0 <= 288.0ps, 0 <= 304.0ps, 0 <= 320.0ps}
    Primary reporting skew groups after 'Removing unconstrained drivers':
      skew_group CLK/mode_normal: insertion delay [min=1.1, max=4.5], skew [3.4 vs 58.6]
    Skew group summary after 'Removing unconstrained drivers':
      skew_group CLK/mode_normal: insertion delay [min=1.1, max=4.5], skew [3.4 vs 58.6]
    Legalizer API calls during this step: 0 succeeded with high effort: 0 succeeded with medium effort: 0 succeeded with low effort: 0 succeeded with basic effort: 0 succeeded with basic unbounded effort: 0
  Removing unconstrained drivers done. (took cpu=0:00:00.0 real=0:00:00.0)
  Reducing insertion delay 1...
    Clock DAG stats after 'Reducing insertion delay 1':
      cell counts      : b=0, i=0, icg=0, dcg=0, l=0, total=0
      sink counts      : regular=32, enable_latch=0, load_capacitance=0, antenna=0, node_sink=0, total=32
      misc counts      : r=1, pp=0, mci=0
      cell areas       : b=0.000um^2, i=0.000um^2, icg=0.000um^2, dcg=0.000um^2, l=0.000um^2, total=0.000um^2
      cell capacitance : b=0.000fF, i=0.000fF, icg=0.000fF, dcg=0.000fF, l=0.000fF, total=0.000fF
      sink capacitance : total=15.192fF, avg=0.475fF, sd=0.000fF, min=0.475fF, max=0.475fF
      wire capacitance : top=0.000fF, trunk=0.000fF, leaf=1.571fF, total=1.571fF
      wire lengths     : top=0.000um, trunk=0.000um, leaf=61.308um, total=61.308um
      hp wire lengths  : top=0.000um, trunk=0.000um, leaf=0.000um, total=0.000um
    Clock DAG net violations after 'Reducing insertion delay 1': none
    Clock DAG primary half-corner transition distribution after 'Reducing insertion delay 1':
      Leaf : target=320.0ps count=1 avg=10.8ps sd=0.0ps min=10.8ps max=10.8ps {1 <= 192.0ps, 0 <= 256.0ps, 0 <= 288.0ps, 0 <= 304.0ps, 0 <= 320.0ps}
    Primary reporting skew groups after 'Reducing insertion delay 1':
      skew_group CLK/mode_normal: insertion delay [min=1.1, max=4.5], skew [3.4 vs 58.6]
    Skew group summary after 'Reducing insertion delay 1':
      skew_group CLK/mode_normal: insertion delay [min=1.1, max=4.5], skew [3.4 vs 58.6]
    Legalizer API calls during this step: 4 succeeded with high effort: 4 succeeded with medium effort: 0 succeeded with low effort: 0 succeeded with basic effort: 0 succeeded with basic unbounded effort: 0
  Reducing insertion delay 1 done. (took cpu=0:00:00.0 real=0:00:00.0)
  Removing longest path buffering...
    Clock DAG stats after 'Removing longest path buffering':
      cell counts      : b=0, i=0, icg=0, dcg=0, l=0, total=0
      sink counts      : regular=32, enable_latch=0, load_capacitance=0, antenna=0, node_sink=0, total=32
      misc counts      : r=1, pp=0, mci=0
      cell areas       : b=0.000um^2, i=0.000um^2, icg=0.000um^2, dcg=0.000um^2, l=0.000um^2, total=0.000um^2
      cell capacitance : b=0.000fF, i=0.000fF, icg=0.000fF, dcg=0.000fF, l=0.000fF, total=0.000fF
      sink capacitance : total=15.192fF, avg=0.475fF, sd=0.000fF, min=0.475fF, max=0.475fF
      wire capacitance : top=0.000fF, trunk=0.000fF, leaf=1.571fF, total=1.571fF
      wire lengths     : top=0.000um, trunk=0.000um, leaf=61.308um, total=61.308um
      hp wire lengths  : top=0.000um, trunk=0.000um, leaf=0.000um, total=0.000um
    Clock DAG net violations after 'Removing longest path buffering': none
    Clock DAG primary half-corner transition distribution after 'Removing longest path buffering':
      Leaf : target=320.0ps count=1 avg=10.8ps sd=0.0ps min=10.8ps max=10.8ps {1 <= 192.0ps, 0 <= 256.0ps, 0 <= 288.0ps, 0 <= 304.0ps, 0 <= 320.0ps}
    Primary reporting skew groups after 'Removing longest path buffering':
      skew_group CLK/mode_normal: insertion delay [min=1.1, max=4.5], skew [3.4 vs 58.6]
    Skew group summary after 'Removing longest path buffering':
      skew_group CLK/mode_normal: insertion delay [min=1.1, max=4.5], skew [3.4 vs 58.6]
    Legalizer API calls during this step: 0 succeeded with high effort: 0 succeeded with medium effort: 0 succeeded with low effort: 0 succeeded with basic effort: 0 succeeded with basic unbounded effort: 0
  Removing longest path buffering done. (took cpu=0:00:00.0 real=0:00:00.0)
  Reducing insertion delay 2...
    Clock DAG stats after 'Reducing insertion delay 2':
      cell counts      : b=0, i=0, icg=0, dcg=0, l=0, total=0
      sink counts      : regular=32, enable_latch=0, load_capacitance=0, antenna=0, node_sink=0, total=32
      misc counts      : r=1, pp=0, mci=0
      cell areas       : b=0.000um^2, i=0.000um^2, icg=0.000um^2, dcg=0.000um^2, l=0.000um^2, total=0.000um^2
      cell capacitance : b=0.000fF, i=0.000fF, icg=0.000fF, dcg=0.000fF, l=0.000fF, total=0.000fF
      sink capacitance : total=15.192fF, avg=0.475fF, sd=0.000fF, min=0.475fF, max=0.475fF
      wire capacitance : top=0.000fF, trunk=0.000fF, leaf=1.571fF, total=1.571fF
      wire lengths     : top=0.000um, trunk=0.000um, leaf=61.308um, total=61.308um
      hp wire lengths  : top=0.000um, trunk=0.000um, leaf=0.000um, total=0.000um
    Clock DAG net violations after 'Reducing insertion delay 2': none
    Clock DAG primary half-corner transition distribution after 'Reducing insertion delay 2':
      Leaf : target=320.0ps count=1 avg=10.8ps sd=0.0ps min=10.8ps max=10.8ps {1 <= 192.0ps, 0 <= 256.0ps, 0 <= 288.0ps, 0 <= 304.0ps, 0 <= 320.0ps}
    Primary reporting skew groups after 'Reducing insertion delay 2':
      skew_group CLK/mode_normal: insertion delay [min=1.1, max=4.5, avg=3.1, sd=1.1, skn=-0.425, kur=-1.286], skew [3.4 vs 58.6], 100% {1.1, 4.5} (wid=4.5 ws=3.4) (gid=0.0 gs=0.0)
    Skew group summary after 'Reducing insertion delay 2':
      skew_group CLK/mode_normal: insertion delay [min=1.1, max=4.5, avg=3.1, sd=1.1, skn=-0.425, kur=-1.286], skew [3.4 vs 58.6], 100% {1.1, 4.5} (wid=4.5 ws=3.4) (gid=0.0 gs=0.0)
    Legalizer API calls during this step: 0 succeeded with high effort: 0 succeeded with medium effort: 0 succeeded with low effort: 0 succeeded with basic effort: 0 succeeded with basic unbounded effort: 0
  Reducing insertion delay 2 done. (took cpu=0:00:00.0 real=0:00:00.0)
  Stage::Insertion Delay Reduction done. (took cpu=0:00:00.0 real=0:00:00.0)
  CCOpt::Phase::Construction done. (took cpu=0:00:00.3 real=0:00:00.3)
  CCOpt::Phase::Implementation...
  Stage::Reducing Power...
  Improving clock tree routing...
    Iteration 1...
    Iteration 1 done.
    Clock DAG stats after 'Improving clock tree routing':
      cell counts      : b=0, i=0, icg=0, dcg=0, l=0, total=0
      sink counts      : regular=32, enable_latch=0, load_capacitance=0, antenna=0, node_sink=0, total=32
      misc counts      : r=1, pp=0, mci=0
      cell areas       : b=0.000um^2, i=0.000um^2, icg=0.000um^2, dcg=0.000um^2, l=0.000um^2, total=0.000um^2
      cell capacitance : b=0.000fF, i=0.000fF, icg=0.000fF, dcg=0.000fF, l=0.000fF, total=0.000fF
      sink capacitance : total=15.192fF, avg=0.475fF, sd=0.000fF, min=0.475fF, max=0.475fF
      wire capacitance : top=0.000fF, trunk=0.000fF, leaf=1.571fF, total=1.571fF
      wire lengths     : top=0.000um, trunk=0.000um, leaf=61.308um, total=61.308um
      hp wire lengths  : top=0.000um, trunk=0.000um, leaf=0.000um, total=0.000um
    Clock DAG net violations after 'Improving clock tree routing': none
    Clock DAG primary half-corner transition distribution after 'Improving clock tree routing':
      Leaf : target=320.0ps count=1 avg=10.8ps sd=0.0ps min=10.8ps max=10.8ps {1 <= 192.0ps, 0 <= 256.0ps, 0 <= 288.0ps, 0 <= 304.0ps, 0 <= 320.0ps}
    Primary reporting skew groups after 'Improving clock tree routing':
      skew_group CLK/mode_normal: insertion delay [min=1.1, max=4.5], skew [3.4 vs 58.6]
    Skew group summary after 'Improving clock tree routing':
      skew_group CLK/mode_normal: insertion delay [min=1.1, max=4.5], skew [3.4 vs 58.6]
    Legalizer API calls during this step: 0 succeeded with high effort: 0 succeeded with medium effort: 0 succeeded with low effort: 0 succeeded with basic effort: 0 succeeded with basic unbounded effort: 0
  Improving clock tree routing done. (took cpu=0:00:00.0 real=0:00:00.0)
  Reducing clock tree power 1...
    Resizing gates: 
    ...20% ...40% ...60% ...80% ...Legalizing clock trees...
    Legalizing clock trees done. (took cpu=0:00:00.0 real=0:00:00.0)
    100% 
    Clock DAG stats after 'Reducing clock tree power 1':
      cell counts      : b=0, i=0, icg=0, dcg=0, l=0, total=0
      sink counts      : regular=32, enable_latch=0, load_capacitance=0, antenna=0, node_sink=0, total=32
      misc counts      : r=1, pp=0, mci=0
      cell areas       : b=0.000um^2, i=0.000um^2, icg=0.000um^2, dcg=0.000um^2, l=0.000um^2, total=0.000um^2
      cell capacitance : b=0.000fF, i=0.000fF, icg=0.000fF, dcg=0.000fF, l=0.000fF, total=0.000fF
      sink capacitance : total=15.192fF, avg=0.475fF, sd=0.000fF, min=0.475fF, max=0.475fF
      wire capacitance : top=0.000fF, trunk=0.000fF, leaf=1.571fF, total=1.571fF
      wire lengths     : top=0.000um, trunk=0.000um, leaf=61.308um, total=61.308um
      hp wire lengths  : top=0.000um, trunk=0.000um, leaf=0.000um, total=0.000um
    Clock DAG net violations after 'Reducing clock tree power 1': none
    Clock DAG primary half-corner transition distribution after 'Reducing clock tree power 1':
      Leaf : target=320.0ps count=1 avg=10.8ps sd=0.0ps min=10.8ps max=10.8ps {1 <= 192.0ps, 0 <= 256.0ps, 0 <= 288.0ps, 0 <= 304.0ps, 0 <= 320.0ps}
    Primary reporting skew groups after 'Reducing clock tree power 1':
      skew_group CLK/mode_normal: insertion delay [min=1.1, max=4.5], skew [3.4 vs 58.6]
    Skew group summary after 'Reducing clock tree power 1':
      skew_group CLK/mode_normal: insertion delay [min=1.1, max=4.5], skew [3.4 vs 58.6]
    Legalizer API calls during this step: 0 succeeded with high effort: 0 succeeded with medium effort: 0 succeeded with low effort: 0 succeeded with basic effort: 0 succeeded with basic unbounded effort: 0
  Reducing clock tree power 1 done. (took cpu=0:00:00.0 real=0:00:00.0)
  Reducing clock tree power 2...
    Clock DAG stats after 'Reducing clock tree power 2':
      cell counts      : b=0, i=0, icg=0, dcg=0, l=0, total=0
      sink counts      : regular=32, enable_latch=0, load_capacitance=0, antenna=0, node_sink=0, total=32
      misc counts      : r=1, pp=0, mci=0
      cell areas       : b=0.000um^2, i=0.000um^2, icg=0.000um^2, dcg=0.000um^2, l=0.000um^2, total=0.000um^2
      cell capacitance : b=0.000fF, i=0.000fF, icg=0.000fF, dcg=0.000fF, l=0.000fF, total=0.000fF
      sink capacitance : total=15.192fF, avg=0.475fF, sd=0.000fF, min=0.475fF, max=0.475fF
      wire capacitance : top=0.000fF, trunk=0.000fF, leaf=1.571fF, total=1.571fF
      wire lengths     : top=0.000um, trunk=0.000um, leaf=61.308um, total=61.308um
      hp wire lengths  : top=0.000um, trunk=0.000um, leaf=0.000um, total=0.000um
    Clock DAG net violations after 'Reducing clock tree power 2': none
    Clock DAG primary half-corner transition distribution after 'Reducing clock tree power 2':
      Leaf : target=320.0ps count=1 avg=10.8ps sd=0.0ps min=10.8ps max=10.8ps {1 <= 192.0ps, 0 <= 256.0ps, 0 <= 288.0ps, 0 <= 304.0ps, 0 <= 320.0ps}
    Primary reporting skew groups after 'Reducing clock tree power 2':
      skew_group CLK/mode_normal: insertion delay [min=1.1, max=4.5, avg=3.1, sd=1.1, skn=-0.425, kur=-1.286], skew [3.4 vs 58.6], 100% {1.1, 4.5} (wid=4.5 ws=3.4) (gid=0.0 gs=0.0)
    Skew group summary after 'Reducing clock tree power 2':
      skew_group CLK/mode_normal: insertion delay [min=1.1, max=4.5, avg=3.1, sd=1.1, skn=-0.425, kur=-1.286], skew [3.4 vs 58.6], 100% {1.1, 4.5} (wid=4.5 ws=3.4) (gid=0.0 gs=0.0)
    Legalizer API calls during this step: 0 succeeded with high effort: 0 succeeded with medium effort: 0 succeeded with low effort: 0 succeeded with basic effort: 0 succeeded with basic unbounded effort: 0
  Reducing clock tree power 2 done. (took cpu=0:00:00.0 real=0:00:00.0)
  Stage::Reducing Power done. (took cpu=0:00:00.0 real=0:00:00.0)
  Stage::Balancing...
  AdjustingMinPinPIDs for balancing...
    Approximately balancing fragments step...
      Resolve constraints - Approximately balancing fragments...
      Resolving skew group constraints...
        Solving LP: 1 skew groups; 2 fragments, 2 fraglets and 3 vertices; 12 variables and 27 constraints; tolerance 1
      Resolving skew group constraints done.
      Resolve constraints - Approximately balancing fragments done. (took cpu=0:00:00.0 real=0:00:00.0)
      Estimate delay to be added in balancing - Approximately balancing fragments...
      Trial balancer estimated the amount of delay to be added in balancing: 0.0ps
      Estimate delay to be added in balancing - Approximately balancing fragments done. (took cpu=0:00:00.0 real=0:00:00.0)
      Approximately balancing fragments...
        Moving gates to improve sub-tree skew...
          Tried: 2 Succeeded: 0
          Topology Tried: 0 Succeeded: 0
          0 Succeeded with SS ratio
          0 Succeeded with Lollipop: 0 with tier one, 0 with tier two. 
          Total reducing skew: 0 Average reducing skew for 0 nets : 0
          Clock DAG stats after 'Moving gates to improve sub-tree skew':
            cell counts      : b=0, i=0, icg=0, dcg=0, l=0, total=0
            sink counts      : regular=32, enable_latch=0, load_capacitance=0, antenna=0, node_sink=0, total=32
            misc counts      : r=1, pp=0, mci=0
            cell areas       : b=0.000um^2, i=0.000um^2, icg=0.000um^2, dcg=0.000um^2, l=0.000um^2, total=0.000um^2
            cell capacitance : b=0.000fF, i=0.000fF, icg=0.000fF, dcg=0.000fF, l=0.000fF, total=0.000fF
            sink capacitance : total=15.192fF, avg=0.475fF, sd=0.000fF, min=0.475fF, max=0.475fF
            wire capacitance : top=0.000fF, trunk=0.000fF, leaf=1.571fF, total=1.571fF
            wire lengths     : top=0.000um, trunk=0.000um, leaf=61.308um, total=61.308um
            hp wire lengths  : top=0.000um, trunk=0.000um, leaf=0.000um, total=0.000um
          Clock DAG net violations after 'Moving gates to improve sub-tree skew': none
          Clock DAG primary half-corner transition distribution after 'Moving gates to improve sub-tree skew':
            Leaf : target=320.0ps count=1 avg=10.8ps sd=0.0ps min=10.8ps max=10.8ps {1 <= 192.0ps, 0 <= 256.0ps, 0 <= 288.0ps, 0 <= 304.0ps, 0 <= 320.0ps}
          Legalizer API calls during this step: 0 succeeded with high effort: 0 succeeded with medium effort: 0 succeeded with low effort: 0 succeeded with basic effort: 0 succeeded with basic unbounded effort: 0
        Moving gates to improve sub-tree skew done. (took cpu=0:00:00.0 real=0:00:00.0)
        Approximately balancing fragments bottom up...
          bottom up balancing: ...20% ...40% ...60% ...80% ...100% 
          Clock DAG stats after 'Approximately balancing fragments bottom up':
            cell counts      : b=0, i=0, icg=0, dcg=0, l=0, total=0
            sink counts      : regular=32, enable_latch=0, load_capacitance=0, antenna=0, node_sink=0, total=32
            misc counts      : r=1, pp=0, mci=0
            cell areas       : b=0.000um^2, i=0.000um^2, icg=0.000um^2, dcg=0.000um^2, l=0.000um^2, total=0.000um^2
            cell capacitance : b=0.000fF, i=0.000fF, icg=0.000fF, dcg=0.000fF, l=0.000fF, total=0.000fF
            sink capacitance : total=15.192fF, avg=0.475fF, sd=0.000fF, min=0.475fF, max=0.475fF
            wire capacitance : top=0.000fF, trunk=0.000fF, leaf=1.571fF, total=1.571fF
            wire lengths     : top=0.000um, trunk=0.000um, leaf=61.308um, total=61.308um
            hp wire lengths  : top=0.000um, trunk=0.000um, leaf=0.000um, total=0.000um
          Clock DAG net violations after 'Approximately balancing fragments bottom up': none
          Clock DAG primary half-corner transition distribution after 'Approximately balancing fragments bottom up':
            Leaf : target=320.0ps count=1 avg=10.8ps sd=0.0ps min=10.8ps max=10.8ps {1 <= 192.0ps, 0 <= 256.0ps, 0 <= 288.0ps, 0 <= 304.0ps, 0 <= 320.0ps}
          Legalizer API calls during this step: 0 succeeded with high effort: 0 succeeded with medium effort: 0 succeeded with low effort: 0 succeeded with basic effort: 0 succeeded with basic unbounded effort: 0
        Approximately balancing fragments bottom up done. (took cpu=0:00:00.0 real=0:00:00.0)
        Approximately balancing fragments, wire and cell delays...
        Approximately balancing fragments, wire and cell delays, iteration 1...
          Clock DAG stats after Approximately balancing fragments, wire and cell delays, iteration 1:
            cell counts      : b=0, i=0, icg=0, dcg=0, l=0, total=0
            sink counts      : regular=32, enable_latch=0, load_capacitance=0, antenna=0, node_sink=0, total=32
            misc counts      : r=1, pp=0, mci=0
            cell areas       : b=0.000um^2, i=0.000um^2, icg=0.000um^2, dcg=0.000um^2, l=0.000um^2, total=0.000um^2
            cell capacitance : b=0.000fF, i=0.000fF, icg=0.000fF, dcg=0.000fF, l=0.000fF, total=0.000fF
            sink capacitance : total=15.192fF, avg=0.475fF, sd=0.000fF, min=0.475fF, max=0.475fF
            wire capacitance : top=0.000fF, trunk=0.000fF, leaf=1.571fF, total=1.571fF
            wire lengths     : top=0.000um, trunk=0.000um, leaf=61.308um, total=61.308um
            hp wire lengths  : top=0.000um, trunk=0.000um, leaf=0.000um, total=0.000um
          Clock DAG net violations after Approximately balancing fragments, wire and cell delays, iteration 1: none
          Clock DAG primary half-corner transition distribution after Approximately balancing fragments, wire and cell delays, iteration 1:
            Leaf : target=320.0ps count=1 avg=10.8ps sd=0.0ps min=10.8ps max=10.8ps {1 <= 192.0ps, 0 <= 256.0ps, 0 <= 288.0ps, 0 <= 304.0ps, 0 <= 320.0ps}
        Approximately balancing fragments, wire and cell delays, iteration 1 done.
        Approximately balancing fragments, wire and cell delays done. (took cpu=0:00:00.0 real=0:00:00.0)
      Approximately balancing fragments done.
      Clock DAG stats after 'Approximately balancing fragments step':
        cell counts      : b=0, i=0, icg=0, dcg=0, l=0, total=0
        sink counts      : regular=32, enable_latch=0, load_capacitance=0, antenna=0, node_sink=0, total=32
        misc counts      : r=1, pp=0, mci=0
        cell areas       : b=0.000um^2, i=0.000um^2, icg=0.000um^2, dcg=0.000um^2, l=0.000um^2, total=0.000um^2
        cell capacitance : b=0.000fF, i=0.000fF, icg=0.000fF, dcg=0.000fF, l=0.000fF, total=0.000fF
        sink capacitance : total=15.192fF, avg=0.475fF, sd=0.000fF, min=0.475fF, max=0.475fF
        wire capacitance : top=0.000fF, trunk=0.000fF, leaf=1.571fF, total=1.571fF
        wire lengths     : top=0.000um, trunk=0.000um, leaf=61.308um, total=61.308um
        hp wire lengths  : top=0.000um, trunk=0.000um, leaf=0.000um, total=0.000um
      Clock DAG net violations after 'Approximately balancing fragments step': none
      Clock DAG primary half-corner transition distribution after 'Approximately balancing fragments step':
        Leaf : target=320.0ps count=1 avg=10.8ps sd=0.0ps min=10.8ps max=10.8ps {1 <= 192.0ps, 0 <= 256.0ps, 0 <= 288.0ps, 0 <= 304.0ps, 0 <= 320.0ps}
      Legalizer API calls during this step: 0 succeeded with high effort: 0 succeeded with medium effort: 0 succeeded with low effort: 0 succeeded with basic effort: 0 succeeded with basic unbounded effort: 0
    Approximately balancing fragments step done. (took cpu=0:00:00.0 real=0:00:00.0)
    Clock DAG stats after Approximately balancing fragments:
      cell counts      : b=0, i=0, icg=0, dcg=0, l=0, total=0
      sink counts      : regular=32, enable_latch=0, load_capacitance=0, antenna=0, node_sink=0, total=32
      misc counts      : r=1, pp=0, mci=0
      cell areas       : b=0.000um^2, i=0.000um^2, icg=0.000um^2, dcg=0.000um^2, l=0.000um^2, total=0.000um^2
      cell capacitance : b=0.000fF, i=0.000fF, icg=0.000fF, dcg=0.000fF, l=0.000fF, total=0.000fF
      sink capacitance : total=15.192fF, avg=0.475fF, sd=0.000fF, min=0.475fF, max=0.475fF
      wire capacitance : top=0.000fF, trunk=0.000fF, leaf=1.571fF, total=1.571fF
      wire lengths     : top=0.000um, trunk=0.000um, leaf=61.308um, total=61.308um
      hp wire lengths  : top=0.000um, trunk=0.000um, leaf=0.000um, total=0.000um
    Clock DAG net violations after Approximately balancing fragments: none
    Clock DAG primary half-corner transition distribution after Approximately balancing fragments:
      Leaf : target=320.0ps count=1 avg=10.8ps sd=0.0ps min=10.8ps max=10.8ps {1 <= 192.0ps, 0 <= 256.0ps, 0 <= 288.0ps, 0 <= 304.0ps, 0 <= 320.0ps}
    Primary reporting skew groups after Approximately balancing fragments:
      skew_group CLK/mode_normal: insertion delay [min=1.1, max=4.5], skew [3.4 vs 58.6]
    Skew group summary after Approximately balancing fragments:
      skew_group CLK/mode_normal: insertion delay [min=1.1, max=4.5], skew [3.4 vs 58.6]
    Improving fragments clock skew...
      Clock DAG stats after 'Improving fragments clock skew':
        cell counts      : b=0, i=0, icg=0, dcg=0, l=0, total=0
        sink counts      : regular=32, enable_latch=0, load_capacitance=0, antenna=0, node_sink=0, total=32
        misc counts      : r=1, pp=0, mci=0
        cell areas       : b=0.000um^2, i=0.000um^2, icg=0.000um^2, dcg=0.000um^2, l=0.000um^2, total=0.000um^2
        cell capacitance : b=0.000fF, i=0.000fF, icg=0.000fF, dcg=0.000fF, l=0.000fF, total=0.000fF
        sink capacitance : total=15.192fF, avg=0.475fF, sd=0.000fF, min=0.475fF, max=0.475fF
        wire capacitance : top=0.000fF, trunk=0.000fF, leaf=1.571fF, total=1.571fF
        wire lengths     : top=0.000um, trunk=0.000um, leaf=61.308um, total=61.308um
        hp wire lengths  : top=0.000um, trunk=0.000um, leaf=0.000um, total=0.000um
      Clock DAG net violations after 'Improving fragments clock skew': none
      Clock DAG primary half-corner transition distribution after 'Improving fragments clock skew':
        Leaf : target=320.0ps count=1 avg=10.8ps sd=0.0ps min=10.8ps max=10.8ps {1 <= 192.0ps, 0 <= 256.0ps, 0 <= 288.0ps, 0 <= 304.0ps, 0 <= 320.0ps}
      Primary reporting skew groups after 'Improving fragments clock skew':
        skew_group CLK/mode_normal: insertion delay [min=1.1, max=4.5], skew [3.4 vs 58.6]
      Skew group summary after 'Improving fragments clock skew':
        skew_group CLK/mode_normal: insertion delay [min=1.1, max=4.5], skew [3.4 vs 58.6]
      Legalizer API calls during this step: 0 succeeded with high effort: 0 succeeded with medium effort: 0 succeeded with low effort: 0 succeeded with basic effort: 0 succeeded with basic unbounded effort: 0
    Improving fragments clock skew done. (took cpu=0:00:00.0 real=0:00:00.0)
    Legalizer API calls during this step: 0 succeeded with high effort: 0 succeeded with medium effort: 0 succeeded with low effort: 0 succeeded with basic effort: 0 succeeded with basic unbounded effort: 0
  AdjustingMinPinPIDs for balancing done. (took cpu=0:00:00.0 real=0:00:00.0)
  Approximately balancing step...
    Resolve constraints - Approximately balancing...
    Resolving skew group constraints...
      Solving LP: 1 skew groups; 2 fragments, 2 fraglets and 3 vertices; 12 variables and 27 constraints; tolerance 1
    Resolving skew group constraints done.
    Resolve constraints - Approximately balancing done. (took cpu=0:00:00.0 real=0:00:00.0)
    Approximately balancing...
      Approximately balancing, wire and cell delays...
      Approximately balancing, wire and cell delays, iteration 1...
        Clock DAG stats after Approximately balancing, wire and cell delays, iteration 1:
          cell counts      : b=0, i=0, icg=0, dcg=0, l=0, total=0
          sink counts      : regular=32, enable_latch=0, load_capacitance=0, antenna=0, node_sink=0, total=32
          misc counts      : r=1, pp=0, mci=0
          cell areas       : b=0.000um^2, i=0.000um^2, icg=0.000um^2, dcg=0.000um^2, l=0.000um^2, total=0.000um^2
          cell capacitance : b=0.000fF, i=0.000fF, icg=0.000fF, dcg=0.000fF, l=0.000fF, total=0.000fF
          sink capacitance : total=15.192fF, avg=0.475fF, sd=0.000fF, min=0.475fF, max=0.475fF
          wire capacitance : top=0.000fF, trunk=0.000fF, leaf=1.571fF, total=1.571fF
          wire lengths     : top=0.000um, trunk=0.000um, leaf=61.308um, total=61.308um
          hp wire lengths  : top=0.000um, trunk=0.000um, leaf=0.000um, total=0.000um
        Clock DAG net violations after Approximately balancing, wire and cell delays, iteration 1: none
        Clock DAG primary half-corner transition distribution after Approximately balancing, wire and cell delays, iteration 1:
          Leaf : target=320.0ps count=1 avg=10.8ps sd=0.0ps min=10.8ps max=10.8ps {1 <= 192.0ps, 0 <= 256.0ps, 0 <= 288.0ps, 0 <= 304.0ps, 0 <= 320.0ps}
      Approximately balancing, wire and cell delays, iteration 1 done.
      Approximately balancing, wire and cell delays done. (took cpu=0:00:00.0 real=0:00:00.0)
    Approximately balancing done.
    Clock DAG stats after 'Approximately balancing step':
      cell counts      : b=0, i=0, icg=0, dcg=0, l=0, total=0
      sink counts      : regular=32, enable_latch=0, load_capacitance=0, antenna=0, node_sink=0, total=32
      misc counts      : r=1, pp=0, mci=0
      cell areas       : b=0.000um^2, i=0.000um^2, icg=0.000um^2, dcg=0.000um^2, l=0.000um^2, total=0.000um^2
      cell capacitance : b=0.000fF, i=0.000fF, icg=0.000fF, dcg=0.000fF, l=0.000fF, total=0.000fF
      sink capacitance : total=15.192fF, avg=0.475fF, sd=0.000fF, min=0.475fF, max=0.475fF
      wire capacitance : top=0.000fF, trunk=0.000fF, leaf=1.571fF, total=1.571fF
      wire lengths     : top=0.000um, trunk=0.000um, leaf=61.308um, total=61.308um
      hp wire lengths  : top=0.000um, trunk=0.000um, leaf=0.000um, total=0.000um
    Clock DAG net violations after 'Approximately balancing step': none
    Clock DAG primary half-corner transition distribution after 'Approximately balancing step':
      Leaf : target=320.0ps count=1 avg=10.8ps sd=0.0ps min=10.8ps max=10.8ps {1 <= 192.0ps, 0 <= 256.0ps, 0 <= 288.0ps, 0 <= 304.0ps, 0 <= 320.0ps}
    Primary reporting skew groups after 'Approximately balancing step':
      skew_group CLK/mode_normal: insertion delay [min=1.1, max=4.5], skew [3.4 vs 58.6]
    Skew group summary after 'Approximately balancing step':
      skew_group CLK/mode_normal: insertion delay [min=1.1, max=4.5], skew [3.4 vs 58.6]
    Legalizer API calls during this step: 0 succeeded with high effort: 0 succeeded with medium effort: 0 succeeded with low effort: 0 succeeded with basic effort: 0 succeeded with basic unbounded effort: 0
  Approximately balancing step done. (took cpu=0:00:00.0 real=0:00:00.0)
  Fixing clock tree overload...
    Fixing clock tree overload: ...20% ...40% ...60% ...80% ...100% 
    Clock DAG stats after 'Fixing clock tree overload':
      cell counts      : b=0, i=0, icg=0, dcg=0, l=0, total=0
      sink counts      : regular=32, enable_latch=0, load_capacitance=0, antenna=0, node_sink=0, total=32
      misc counts      : r=1, pp=0, mci=0
      cell areas       : b=0.000um^2, i=0.000um^2, icg=0.000um^2, dcg=0.000um^2, l=0.000um^2, total=0.000um^2
      cell capacitance : b=0.000fF, i=0.000fF, icg=0.000fF, dcg=0.000fF, l=0.000fF, total=0.000fF
      sink capacitance : total=15.192fF, avg=0.475fF, sd=0.000fF, min=0.475fF, max=0.475fF
      wire capacitance : top=0.000fF, trunk=0.000fF, leaf=1.571fF, total=1.571fF
      wire lengths     : top=0.000um, trunk=0.000um, leaf=61.308um, total=61.308um
      hp wire lengths  : top=0.000um, trunk=0.000um, leaf=0.000um, total=0.000um
    Clock DAG net violations after 'Fixing clock tree overload': none
    Clock DAG primary half-corner transition distribution after 'Fixing clock tree overload':
      Leaf : target=320.0ps count=1 avg=10.8ps sd=0.0ps min=10.8ps max=10.8ps {1 <= 192.0ps, 0 <= 256.0ps, 0 <= 288.0ps, 0 <= 304.0ps, 0 <= 320.0ps}
    Primary reporting skew groups after 'Fixing clock tree overload':
      skew_group CLK/mode_normal: insertion delay [min=1.1, max=4.5], skew [3.4 vs 58.6]
    Skew group summary after 'Fixing clock tree overload':
      skew_group CLK/mode_normal: insertion delay [min=1.1, max=4.5], skew [3.4 vs 58.6]
    Legalizer API calls during this step: 0 succeeded with high effort: 0 succeeded with medium effort: 0 succeeded with low effort: 0 succeeded with basic effort: 0 succeeded with basic unbounded effort: 0
  Fixing clock tree overload done. (took cpu=0:00:00.0 real=0:00:00.0)
  Approximately balancing paths...
    Added 0 buffers.
    Clock DAG stats after 'Approximately balancing paths':
      cell counts      : b=0, i=0, icg=0, dcg=0, l=0, total=0
      sink counts      : regular=32, enable_latch=0, load_capacitance=0, antenna=0, node_sink=0, total=32
      misc counts      : r=1, pp=0, mci=0
      cell areas       : b=0.000um^2, i=0.000um^2, icg=0.000um^2, dcg=0.000um^2, l=0.000um^2, total=0.000um^2
      cell capacitance : b=0.000fF, i=0.000fF, icg=0.000fF, dcg=0.000fF, l=0.000fF, total=0.000fF
      sink capacitance : total=15.192fF, avg=0.475fF, sd=0.000fF, min=0.475fF, max=0.475fF
      wire capacitance : top=0.000fF, trunk=0.000fF, leaf=1.571fF, total=1.571fF
      wire lengths     : top=0.000um, trunk=0.000um, leaf=61.308um, total=61.308um
      hp wire lengths  : top=0.000um, trunk=0.000um, leaf=0.000um, total=0.000um
    Clock DAG net violations after 'Approximately balancing paths': none
    Clock DAG primary half-corner transition distribution after 'Approximately balancing paths':
      Leaf : target=320.0ps count=1 avg=10.8ps sd=0.0ps min=10.8ps max=10.8ps {1 <= 192.0ps, 0 <= 256.0ps, 0 <= 288.0ps, 0 <= 304.0ps, 0 <= 320.0ps}
    Primary reporting skew groups after 'Approximately balancing paths':
      skew_group CLK/mode_normal: insertion delay [min=1.1, max=4.5, avg=3.1, sd=1.1, skn=-0.425, kur=-1.286], skew [3.4 vs 58.6], 100% {1.1, 4.5} (wid=4.5 ws=3.4) (gid=0.0 gs=0.0)
    Skew group summary after 'Approximately balancing paths':
      skew_group CLK/mode_normal: insertion delay [min=1.1, max=4.5, avg=3.1, sd=1.1, skn=-0.425, kur=-1.286], skew [3.4 vs 58.6], 100% {1.1, 4.5} (wid=4.5 ws=3.4) (gid=0.0 gs=0.0)
    Legalizer API calls during this step: 0 succeeded with high effort: 0 succeeded with medium effort: 0 succeeded with low effort: 0 succeeded with basic effort: 0 succeeded with basic unbounded effort: 0
  Approximately balancing paths done. (took cpu=0:00:00.0 real=0:00:00.0)
  Stage::Balancing done. (took cpu=0:00:00.0 real=0:00:00.0)
  Stage::Polishing...
  Clock tree timing engine global stage delay update for corner:both.late...
  Clock tree timing engine global stage delay update for corner:both.late done. (took cpu=0:00:00.0 real=0:00:00.0)
  Clock DAG stats before polishing:
    cell counts      : b=0, i=0, icg=0, dcg=0, l=0, total=0
    sink counts      : regular=32, enable_latch=0, load_capacitance=0, antenna=0, node_sink=0, total=32
    misc counts      : r=1, pp=0, mci=0
    cell areas       : b=0.000um^2, i=0.000um^2, icg=0.000um^2, dcg=0.000um^2, l=0.000um^2, total=0.000um^2
    cell capacitance : b=0.000fF, i=0.000fF, icg=0.000fF, dcg=0.000fF, l=0.000fF, total=0.000fF
    sink capacitance : total=15.192fF, avg=0.475fF, sd=0.000fF, min=0.475fF, max=0.475fF
    wire capacitance : top=0.000fF, trunk=0.000fF, leaf=1.571fF, total=1.571fF
    wire lengths     : top=0.000um, trunk=0.000um, leaf=61.308um, total=61.308um
    hp wire lengths  : top=0.000um, trunk=0.000um, leaf=0.000um, total=0.000um
  Clock DAG net violations before polishing: none
  Clock DAG primary half-corner transition distribution before polishing:
    Leaf : target=320.0ps count=1 avg=10.8ps sd=0.0ps min=10.8ps max=10.8ps {1 <= 192.0ps, 0 <= 256.0ps, 0 <= 288.0ps, 0 <= 304.0ps, 0 <= 320.0ps}
  Primary reporting skew groups before polishing:
    skew_group CLK/mode_normal: insertion delay [min=1.1, max=4.5], skew [3.4 vs 58.6]
  Skew group summary before polishing:
    skew_group CLK/mode_normal: insertion delay [min=1.1, max=4.5], skew [3.4 vs 58.6]
  Merging balancing drivers for power...
    Tried: 2 Succeeded: 0
    Clock DAG stats after 'Merging balancing drivers for power':
      cell counts      : b=0, i=0, icg=0, dcg=0, l=0, total=0
      sink counts      : regular=32, enable_latch=0, load_capacitance=0, antenna=0, node_sink=0, total=32
      misc counts      : r=1, pp=0, mci=0
      cell areas       : b=0.000um^2, i=0.000um^2, icg=0.000um^2, dcg=0.000um^2, l=0.000um^2, total=0.000um^2
      cell capacitance : b=0.000fF, i=0.000fF, icg=0.000fF, dcg=0.000fF, l=0.000fF, total=0.000fF
      sink capacitance : total=15.192fF, avg=0.475fF, sd=0.000fF, min=0.475fF, max=0.475fF
      wire capacitance : top=0.000fF, trunk=0.000fF, leaf=1.571fF, total=1.571fF
      wire lengths     : top=0.000um, trunk=0.000um, leaf=61.308um, total=61.308um
      hp wire lengths  : top=0.000um, trunk=0.000um, leaf=0.000um, total=0.000um
    Clock DAG net violations after 'Merging balancing drivers for power': none
    Clock DAG primary half-corner transition distribution after 'Merging balancing drivers for power':
      Leaf : target=320.0ps count=1 avg=10.8ps sd=0.0ps min=10.8ps max=10.8ps {1 <= 192.0ps, 0 <= 256.0ps, 0 <= 288.0ps, 0 <= 304.0ps, 0 <= 320.0ps}
    Primary reporting skew groups after 'Merging balancing drivers for power':
      skew_group CLK/mode_normal: insertion delay [min=1.1, max=4.5], skew [3.4 vs 58.6]
    Skew group summary after 'Merging balancing drivers for power':
      skew_group CLK/mode_normal: insertion delay [min=1.1, max=4.5], skew [3.4 vs 58.6]
    Legalizer API calls during this step: 0 succeeded with high effort: 0 succeeded with medium effort: 0 succeeded with low effort: 0 succeeded with basic effort: 0 succeeded with basic unbounded effort: 0
  Merging balancing drivers for power done. (took cpu=0:00:00.0 real=0:00:00.0)
  Improving clock skew...
    Clock DAG stats after 'Improving clock skew':
      cell counts      : b=0, i=0, icg=0, dcg=0, l=0, total=0
      sink counts      : regular=32, enable_latch=0, load_capacitance=0, antenna=0, node_sink=0, total=32
      misc counts      : r=1, pp=0, mci=0
      cell areas       : b=0.000um^2, i=0.000um^2, icg=0.000um^2, dcg=0.000um^2, l=0.000um^2, total=0.000um^2
      cell capacitance : b=0.000fF, i=0.000fF, icg=0.000fF, dcg=0.000fF, l=0.000fF, total=0.000fF
      sink capacitance : total=15.192fF, avg=0.475fF, sd=0.000fF, min=0.475fF, max=0.475fF
      wire capacitance : top=0.000fF, trunk=0.000fF, leaf=1.571fF, total=1.571fF
      wire lengths     : top=0.000um, trunk=0.000um, leaf=61.308um, total=61.308um
      hp wire lengths  : top=0.000um, trunk=0.000um, leaf=0.000um, total=0.000um
    Clock DAG net violations after 'Improving clock skew': none
    Clock DAG primary half-corner transition distribution after 'Improving clock skew':
      Leaf : target=320.0ps count=1 avg=10.8ps sd=0.0ps min=10.8ps max=10.8ps {1 <= 192.0ps, 0 <= 256.0ps, 0 <= 288.0ps, 0 <= 304.0ps, 0 <= 320.0ps}
    Primary reporting skew groups after 'Improving clock skew':
      skew_group CLK/mode_normal: insertion delay [min=1.1, max=4.5, avg=3.1, sd=1.1, skn=-0.425, kur=-1.286], skew [3.4 vs 58.6], 100% {1.1, 4.5} (wid=4.5 ws=3.4) (gid=0.0 gs=0.0)
    Skew group summary after 'Improving clock skew':
      skew_group CLK/mode_normal: insertion delay [min=1.1, max=4.5, avg=3.1, sd=1.1, skn=-0.425, kur=-1.286], skew [3.4 vs 58.6], 100% {1.1, 4.5} (wid=4.5 ws=3.4) (gid=0.0 gs=0.0)
    Legalizer API calls during this step: 0 succeeded with high effort: 0 succeeded with medium effort: 0 succeeded with low effort: 0 succeeded with basic effort: 0 succeeded with basic unbounded effort: 0
  Improving clock skew done. (took cpu=0:00:00.0 real=0:00:00.0)
  Moving gates to reduce wire capacitance...
    Modified slew target multipliers. Leaf=(1 to 0.9) Trunk=(1 to 0.95) Top=(1 to 0.95)
    Iteration 1...
      Artificially removing short and long paths...
        Legalizer API calls during this step: 0 succeeded with high effort: 0 succeeded with medium effort: 0 succeeded with low effort: 0 succeeded with basic effort: 0 succeeded with basic unbounded effort: 0
      Artificially removing short and long paths done. (took cpu=0:00:00.0 real=0:00:00.0)
      Moving gates to reduce wire capacitance - iteration 1: WireCapReduction...
        Legalizing clock trees...
        Legalizing clock trees done. (took cpu=0:00:00.0 real=0:00:00.0)
        Legalizer API calls during this step: 0 succeeded with high effort: 0 succeeded with medium effort: 0 succeeded with low effort: 0 succeeded with basic effort: 0 succeeded with basic unbounded effort: 0
      Moving gates to reduce wire capacitance - iteration 1: WireCapReduction done. (took cpu=0:00:00.0 real=0:00:00.0)
      Moving gates to reduce wire capacitance - iteration 1: MoveGates...
        Moving gates: 
        ...20% ...40% ...60% ...80% ...Legalizing clock trees...
        Legalizing clock trees done. (took cpu=0:00:00.0 real=0:00:00.0)
        100% 
        Legalizer API calls during this step: 0 succeeded with high effort: 0 succeeded with medium effort: 0 succeeded with low effort: 0 succeeded with basic effort: 0 succeeded with basic unbounded effort: 0
      Moving gates to reduce wire capacitance - iteration 1: MoveGates done. (took cpu=0:00:00.0 real=0:00:00.0)
    Iteration 1 done.
    Reverted slew target multipliers. Leaf=(0.9 to 1) Trunk=(0.95 to 1) Top=(0.95 to 1)
    Clock DAG stats after 'Moving gates to reduce wire capacitance':
      cell counts      : b=0, i=0, icg=0, dcg=0, l=0, total=0
      sink counts      : regular=32, enable_latch=0, load_capacitance=0, antenna=0, node_sink=0, total=32
      misc counts      : r=1, pp=0, mci=0
      cell areas       : b=0.000um^2, i=0.000um^2, icg=0.000um^2, dcg=0.000um^2, l=0.000um^2, total=0.000um^2
      cell capacitance : b=0.000fF, i=0.000fF, icg=0.000fF, dcg=0.000fF, l=0.000fF, total=0.000fF
      sink capacitance : total=15.192fF, avg=0.475fF, sd=0.000fF, min=0.475fF, max=0.475fF
      wire capacitance : top=0.000fF, trunk=0.000fF, leaf=1.571fF, total=1.571fF
      wire lengths     : top=0.000um, trunk=0.000um, leaf=61.308um, total=61.308um
      hp wire lengths  : top=0.000um, trunk=0.000um, leaf=0.000um, total=0.000um
    Clock DAG net violations after 'Moving gates to reduce wire capacitance': none
    Clock DAG primary half-corner transition distribution after 'Moving gates to reduce wire capacitance':
      Leaf : target=320.0ps count=1 avg=10.8ps sd=0.0ps min=10.8ps max=10.8ps {1 <= 192.0ps, 0 <= 256.0ps, 0 <= 288.0ps, 0 <= 304.0ps, 0 <= 320.0ps}
    Primary reporting skew groups after 'Moving gates to reduce wire capacitance':
      skew_group CLK/mode_normal: insertion delay [min=1.1, max=4.5, avg=3.1, sd=1.1, skn=-0.425, kur=-1.286], skew [3.4 vs 58.6], 100% {1.1, 4.5} (wid=4.5 ws=3.4) (gid=0.0 gs=0.0)
    Skew group summary after 'Moving gates to reduce wire capacitance':
      skew_group CLK/mode_normal: insertion delay [min=1.1, max=4.5, avg=3.1, sd=1.1, skn=-0.425, kur=-1.286], skew [3.4 vs 58.6], 100% {1.1, 4.5} (wid=4.5 ws=3.4) (gid=0.0 gs=0.0)
    Legalizer API calls during this step: 0 succeeded with high effort: 0 succeeded with medium effort: 0 succeeded with low effort: 0 succeeded with basic effort: 0 succeeded with basic unbounded effort: 0
  Moving gates to reduce wire capacitance done. (took cpu=0:00:00.0 real=0:00:00.0)
  Reducing clock tree power 3...
    Artificially removing short and long paths...
      Legalizer API calls during this step: 0 succeeded with high effort: 0 succeeded with medium effort: 0 succeeded with low effort: 0 succeeded with basic effort: 0 succeeded with basic unbounded effort: 0
    Artificially removing short and long paths done. (took cpu=0:00:00.0 real=0:00:00.0)
    Initial gate capacitance is (rise=17.483fF fall=17.492fF).
    Resizing gates: 
    ...20% ...40% ...60% ...80% ...Legalizing clock trees...
    Legalizing clock trees done. (took cpu=0:00:00.0 real=0:00:00.0)
    100% 
    Clock DAG stats after 'Reducing clock tree power 3':
      cell counts      : b=0, i=0, icg=0, dcg=0, l=0, total=0
      sink counts      : regular=32, enable_latch=0, load_capacitance=0, antenna=0, node_sink=0, total=32
      misc counts      : r=1, pp=0, mci=0
      cell areas       : b=0.000um^2, i=0.000um^2, icg=0.000um^2, dcg=0.000um^2, l=0.000um^2, total=0.000um^2
      cell capacitance : b=0.000fF, i=0.000fF, icg=0.000fF, dcg=0.000fF, l=0.000fF, total=0.000fF
      sink capacitance : total=15.192fF, avg=0.475fF, sd=0.000fF, min=0.475fF, max=0.475fF
      wire capacitance : top=0.000fF, trunk=0.000fF, leaf=1.571fF, total=1.571fF
      wire lengths     : top=0.000um, trunk=0.000um, leaf=61.308um, total=61.308um
      hp wire lengths  : top=0.000um, trunk=0.000um, leaf=0.000um, total=0.000um
    Clock DAG net violations after 'Reducing clock tree power 3': none
    Clock DAG primary half-corner transition distribution after 'Reducing clock tree power 3':
      Leaf : target=320.0ps count=1 avg=10.8ps sd=0.0ps min=10.8ps max=10.8ps {1 <= 192.0ps, 0 <= 256.0ps, 0 <= 288.0ps, 0 <= 304.0ps, 0 <= 320.0ps}
    Primary reporting skew groups after 'Reducing clock tree power 3':
      skew_group CLK/mode_normal: insertion delay [min=1.1, max=4.5, avg=3.1, sd=1.1, skn=-0.425, kur=-1.286], skew [3.4 vs 58.6], 100% {1.1, 4.5} (wid=4.5 ws=3.4) (gid=0.0 gs=0.0)
    Skew group summary after 'Reducing clock tree power 3':
      skew_group CLK/mode_normal: insertion delay [min=1.1, max=4.5, avg=3.1, sd=1.1, skn=-0.425, kur=-1.286], skew [3.4 vs 58.6], 100% {1.1, 4.5} (wid=4.5 ws=3.4) (gid=0.0 gs=0.0)
    Legalizer API calls during this step: 0 succeeded with high effort: 0 succeeded with medium effort: 0 succeeded with low effort: 0 succeeded with basic effort: 0 succeeded with basic unbounded effort: 0
  Reducing clock tree power 3 done. (took cpu=0:00:00.0 real=0:00:00.0)
  Improving insertion delay...
    Clock DAG stats after 'Improving insertion delay':
      cell counts      : b=0, i=0, icg=0, dcg=0, l=0, total=0
      sink counts      : regular=32, enable_latch=0, load_capacitance=0, antenna=0, node_sink=0, total=32
      misc counts      : r=1, pp=0, mci=0
      cell areas       : b=0.000um^2, i=0.000um^2, icg=0.000um^2, dcg=0.000um^2, l=0.000um^2, total=0.000um^2
      cell capacitance : b=0.000fF, i=0.000fF, icg=0.000fF, dcg=0.000fF, l=0.000fF, total=0.000fF
      sink capacitance : total=15.192fF, avg=0.475fF, sd=0.000fF, min=0.475fF, max=0.475fF
      wire capacitance : top=0.000fF, trunk=0.000fF, leaf=1.571fF, total=1.571fF
      wire lengths     : top=0.000um, trunk=0.000um, leaf=61.308um, total=61.308um
      hp wire lengths  : top=0.000um, trunk=0.000um, leaf=0.000um, total=0.000um
    Clock DAG net violations after 'Improving insertion delay': none
    Clock DAG primary half-corner transition distribution after 'Improving insertion delay':
      Leaf : target=320.0ps count=1 avg=10.8ps sd=0.0ps min=10.8ps max=10.8ps {1 <= 192.0ps, 0 <= 256.0ps, 0 <= 288.0ps, 0 <= 304.0ps, 0 <= 320.0ps}
    Primary reporting skew groups after 'Improving insertion delay':
      skew_group CLK/mode_normal: insertion delay [min=1.1, max=4.5, avg=3.1, sd=1.1, skn=-0.425, kur=-1.286], skew [3.4 vs 58.6], 100% {1.1, 4.5} (wid=4.5 ws=3.4) (gid=0.0 gs=0.0)
    Skew group summary after 'Improving insertion delay':
      skew_group CLK/mode_normal: insertion delay [min=1.1, max=4.5, avg=3.1, sd=1.1, skn=-0.425, kur=-1.286], skew [3.4 vs 58.6], 100% {1.1, 4.5} (wid=4.5 ws=3.4) (gid=0.0 gs=0.0)
    Legalizer API calls during this step: 0 succeeded with high effort: 0 succeeded with medium effort: 0 succeeded with low effort: 0 succeeded with basic effort: 0 succeeded with basic unbounded effort: 0
  Improving insertion delay done. (took cpu=0:00:00.0 real=0:00:00.0)
  Wire Opt OverFix...
    Wire Reduction extra effort...
      Modified slew target multipliers. Leaf=(1 to 0.95) Trunk=(1 to 1) Top=(1 to 1)
      Artificially removing short and long paths...
        Legalizer API calls during this step: 0 succeeded with high effort: 0 succeeded with medium effort: 0 succeeded with low effort: 0 succeeded with basic effort: 0 succeeded with basic unbounded effort: 0
      Artificially removing short and long paths done. (took cpu=0:00:00.0 real=0:00:00.0)
      Global shorten wires A0...
        Legalizer API calls during this step: 0 succeeded with high effort: 0 succeeded with medium effort: 0 succeeded with low effort: 0 succeeded with basic effort: 0 succeeded with basic unbounded effort: 0
      Global shorten wires A0 done. (took cpu=0:00:00.0 real=0:00:00.0)
      Move For Wirelength - core...
        Move for wirelength. considered=1, filtered=0, permitted=0, cannotCompute=0, computed=0, moveTooSmall=0, resolved=0, predictFail=0, currentlyIllegal=0, legalizationFail=0, legalizedMoveTooSmall=0, ignoredLeafDriver=0, worse=0, accepted=0
        Max accepted move=0.000um, total accepted move=0.000um
        Legalizer API calls during this step: 0 succeeded with high effort: 0 succeeded with medium effort: 0 succeeded with low effort: 0 succeeded with basic effort: 0 succeeded with basic unbounded effort: 0
      Move For Wirelength - core done. (took cpu=0:00:00.0 real=0:00:00.0)
      Global shorten wires A1...
        Legalizer API calls during this step: 0 succeeded with high effort: 0 succeeded with medium effort: 0 succeeded with low effort: 0 succeeded with basic effort: 0 succeeded with basic unbounded effort: 0
      Global shorten wires A1 done. (took cpu=0:00:00.0 real=0:00:00.0)
      Move For Wirelength - core...
        Move for wirelength. considered=1, filtered=0, permitted=0, cannotCompute=0, computed=0, moveTooSmall=0, resolved=0, predictFail=0, currentlyIllegal=0, legalizationFail=0, legalizedMoveTooSmall=0, ignoredLeafDriver=0, worse=0, accepted=0
        Max accepted move=0.000um, total accepted move=0.000um
        Legalizer API calls during this step: 0 succeeded with high effort: 0 succeeded with medium effort: 0 succeeded with low effort: 0 succeeded with basic effort: 0 succeeded with basic unbounded effort: 0
      Move For Wirelength - core done. (took cpu=0:00:00.0 real=0:00:00.0)
      Global shorten wires B...
        Legalizer API calls during this step: 0 succeeded with high effort: 0 succeeded with medium effort: 0 succeeded with low effort: 0 succeeded with basic effort: 0 succeeded with basic unbounded effort: 0
      Global shorten wires B done. (took cpu=0:00:00.0 real=0:00:00.0)
      Move For Wirelength - branch...
        Move for wirelength. considered=1, filtered=0, permitted=0, cannotCompute=0, computed=0, moveTooSmall=0, resolved=0, predictFail=0, currentlyIllegal=0, legalizationFail=0, legalizedMoveTooSmall=0, ignoredLeafDriver=0, worse=0, accepted=0
        Max accepted move=0.000um, total accepted move=0.000um
        Legalizer API calls during this step: 0 succeeded with high effort: 0 succeeded with medium effort: 0 succeeded with low effort: 0 succeeded with basic effort: 0 succeeded with basic unbounded effort: 0
      Move For Wirelength - branch done. (took cpu=0:00:00.0 real=0:00:00.0)
      Reverted slew target multipliers. Leaf=(0.95 to 1) Trunk=(1 to 1) Top=(1 to 1)
      Clock DAG stats after 'Wire Reduction extra effort':
        cell counts      : b=0, i=0, icg=0, dcg=0, l=0, total=0
        sink counts      : regular=32, enable_latch=0, load_capacitance=0, antenna=0, node_sink=0, total=32
        misc counts      : r=1, pp=0, mci=0
        cell areas       : b=0.000um^2, i=0.000um^2, icg=0.000um^2, dcg=0.000um^2, l=0.000um^2, total=0.000um^2
        cell capacitance : b=0.000fF, i=0.000fF, icg=0.000fF, dcg=0.000fF, l=0.000fF, total=0.000fF
        sink capacitance : total=15.192fF, avg=0.475fF, sd=0.000fF, min=0.475fF, max=0.475fF
        wire capacitance : top=0.000fF, trunk=0.000fF, leaf=1.571fF, total=1.571fF
        wire lengths     : top=0.000um, trunk=0.000um, leaf=61.308um, total=61.308um
        hp wire lengths  : top=0.000um, trunk=0.000um, leaf=0.000um, total=0.000um
      Clock DAG net violations after 'Wire Reduction extra effort': none
      Clock DAG primary half-corner transition distribution after 'Wire Reduction extra effort':
        Leaf : target=320.0ps count=1 avg=10.8ps sd=0.0ps min=10.8ps max=10.8ps {1 <= 192.0ps, 0 <= 256.0ps, 0 <= 288.0ps, 0 <= 304.0ps, 0 <= 320.0ps}
      Primary reporting skew groups after 'Wire Reduction extra effort':
        skew_group CLK/mode_normal: insertion delay [min=1.1, max=4.5, avg=3.1, sd=1.1, skn=-0.425, kur=-1.286], skew [3.4 vs 58.6], 100% {1.1, 4.5} (wid=4.5 ws=3.4) (gid=0.0 gs=0.0)
      Skew group summary after 'Wire Reduction extra effort':
        skew_group CLK/mode_normal: insertion delay [min=1.1, max=4.5, avg=3.1, sd=1.1, skn=-0.425, kur=-1.286], skew [3.4 vs 58.6], 100% {1.1, 4.5} (wid=4.5 ws=3.4) (gid=0.0 gs=0.0)
      Legalizer API calls during this step: 0 succeeded with high effort: 0 succeeded with medium effort: 0 succeeded with low effort: 0 succeeded with basic effort: 0 succeeded with basic unbounded effort: 0
    Wire Reduction extra effort done. (took cpu=0:00:00.0 real=0:00:00.0)
    Optimizing orientation...
    FlipOpt...
    Disconnecting clock tree from netlist...
    Disconnecting clock tree from netlist done.
    Orientation Wirelength Optimization: Attempted = 0 , Succeeded = 0 , Constraints Broken = 0 , CannotMove = 0 , Illegal = 0 , Other = 0
    Resynthesising clock tree into netlist...
      Reset timing graph...
Ignoring AAE DB Resetting ...
      Reset timing graph done.
    Resynthesising clock tree into netlist done.
    FlipOpt done. (took cpu=0:00:00.0 real=0:00:00.0)
    Optimizing orientation done. (took cpu=0:00:00.0 real=0:00:00.0)
    Clock DAG stats after 'Wire Opt OverFix':
      cell counts      : b=0, i=0, icg=0, dcg=0, l=0, total=0
      sink counts      : regular=32, enable_latch=0, load_capacitance=0, antenna=0, node_sink=0, total=32
      misc counts      : r=1, pp=0, mci=0
      cell areas       : b=0.000um^2, i=0.000um^2, icg=0.000um^2, dcg=0.000um^2, l=0.000um^2, total=0.000um^2
      cell capacitance : b=0.000fF, i=0.000fF, icg=0.000fF, dcg=0.000fF, l=0.000fF, total=0.000fF
      sink capacitance : total=15.192fF, avg=0.475fF, sd=0.000fF, min=0.475fF, max=0.475fF
      wire capacitance : top=0.000fF, trunk=0.000fF, leaf=1.717fF, total=1.717fF
      wire lengths     : top=0.000um, trunk=0.000um, leaf=64.476um, total=64.476um
      hp wire lengths  : top=0.000um, trunk=0.000um, leaf=0.000um, total=0.000um
    Clock DAG net violations after 'Wire Opt OverFix': none
    Clock DAG primary half-corner transition distribution after 'Wire Opt OverFix':
      Leaf : target=320.0ps count=1 avg=9.7ps sd=0.0ps min=9.7ps max=9.7ps {1 <= 192.0ps, 0 <= 256.0ps, 0 <= 288.0ps, 0 <= 304.0ps, 0 <= 320.0ps}
    Primary reporting skew groups after 'Wire Opt OverFix':
      skew_group CLK/mode_normal: insertion delay [min=1.1, max=4.1, avg=2.8, sd=1.0, skn=-0.372, kur=-1.373], skew [3.0 vs 58.6], 100% {1.1, 4.1} (wid=4.1 ws=3.0) (gid=0.0 gs=0.0)
    Skew group summary after 'Wire Opt OverFix':
      skew_group CLK/mode_normal: insertion delay [min=1.1, max=4.1, avg=2.8, sd=1.0, skn=-0.372, kur=-1.373], skew [3.0 vs 58.6], 100% {1.1, 4.1} (wid=4.1 ws=3.0) (gid=0.0 gs=0.0)
    Legalizer API calls during this step: 0 succeeded with high effort: 0 succeeded with medium effort: 0 succeeded with low effort: 0 succeeded with basic effort: 0 succeeded with basic unbounded effort: 0
  Wire Opt OverFix done. (took cpu=0:00:00.0 real=0:00:00.0)
  Total capacitance is (rise=19.200fF fall=19.208fF), of which (rise=1.717fF fall=1.717fF) is wire, and (rise=17.483fF fall=17.492fF) is gate.
  Stage::Polishing done. (took cpu=0:00:00.0 real=0:00:00.0)
  Stage::Updating netlist...
  Reset timing graph...
Ignoring AAE DB Resetting ...
  Reset timing graph done.
  Setting non-default rules before calling refine place.
  Leaving CCOpt scope - Cleaning up placement interface...
  Leaving CCOpt scope - Cleaning up placement interface done. (took cpu=0:00:00.0 real=0:00:00.0)
  Leaving CCOpt scope - ClockRefiner...
  Soft fixed 0 clock instances.
  Performing Clock Only Refine Place.
*** Starting refinePlace (0:01:42 mem=3228.7M) ***
Total net bbox length = 2.809e+03 (1.520e+03 1.290e+03) (ext = 1.632e+03)
Move report: Detail placement moves 0 insts, mean move: 0.00 um, max move: 0.00 um 
	Runtime: CPU: 0:00:00.0 REAL: 0:00:00.0 MEM: 3196.7MB
Summary Report:
Instances move: 0 (out of 227 movable)
Instances flipped: 0
Mean displacement: 0.00 um
Max displacement: 0.00 um 
Total net bbox length = 2.809e+03 (1.520e+03 1.290e+03) (ext = 1.632e+03)
Runtime: CPU: 0:00:00.0 REAL: 0:00:00.0 MEM: 3196.7MB
*** Finished refinePlace (0:01:42 mem=3196.7M) ***
  ClockRefiner summary
  All clock instances: Moved 0, flipped 0 and cell swapped 0 (out of a total of 32).
  Restoring pStatusCts on 0 clock instances.
  Leaving CCOpt scope - ClockRefiner done. (took cpu=0:00:00.0 real=0:00:00.0)
  Stage::Updating netlist done. (took cpu=0:00:00.0 real=0:00:00.1)
  CCOpt::Phase::Implementation done. (took cpu=0:00:00.1 real=0:00:00.1)
  CCOpt::Phase::eGRPC...
  eGR Post Conditioning...
    Clock implementation routing...
      Leaving CCOpt scope - Routing Tools...
Net route status summary:
  Clock:         1 (unrouted=0, trialRouted=0, noStatus=0, routed=1, fixed=0, [crossesIlmBoundary=0, tooFewTerms=0, (crossesIlmBoundary AND tooFewTerms=0)])
  Non-clock:   300 (unrouted=2, trialRouted=298, noStatus=0, routed=0, fixed=0, [crossesIlmBoundary=0, tooFewTerms=2, (crossesIlmBoundary AND tooFewTerms=0)])
      Routing using eGR only...
        Early Global Route - eGR only step...
(ccopt eGR): There are 1 nets to be routed. 0 nets have skip routing designation.
(ccopt eGR): There are 1 nets for routing of which 1 have one or more fixed wires.
(ccopt eGR): Start to route 1 all nets
[PSP]    Started Early Global Route kernel ( Curr Mem: 3.06 MB )
[NR-eGR] Early global route reroute 1 out of 299 routable nets
[NR-eGR] Track table information for default rule: 
[NR-eGR] M1 has single uniform track structure
[NR-eGR] M2 has non-uniform track structures
[NR-eGR] M3 has single uniform track structure
[NR-eGR] M4 has single uniform track structure
[NR-eGR] M5 has single uniform track structure
[NR-eGR] M6 has single uniform track structure
[NR-eGR] M7 has single uniform track structure
[NR-eGR] M8 has single uniform track structure
[NR-eGR] M9 has single uniform track structure
[NR-eGR] Pad has single uniform track structure
[NR-eGR] Read 24 PG shapes
[NR-eGR] Read 0 clock shapes
[NR-eGR] Read 0 other shapes
[NR-eGR] #Routing Blockages  : 0
[NR-eGR] #Bump Blockages     : 0
[NR-eGR] #Instance Blockages : 96
[NR-eGR] #PG Blockages       : 24
[NR-eGR] #Halo Blockages     : 0
[NR-eGR] #Boundary Blockages : 0
[NR-eGR] #Clock Blockages    : 0
[NR-eGR] #Other Blockages    : 0
[NR-eGR] Num Prerouted Nets = 0  Num Prerouted Wires = 0
[NR-eGR] Read 299 nets ( ignored 298 )
[NR-eGR] Connected 0 must-join pins/ports (pre-process)
[NR-eGR] #via pillars        : 0
[NR-eGR] #must join all port : 0
[NR-eGR] #multiple ports     : 0
[NR-eGR] #has must join      : 0
[NR-eGR] There are 1 clock nets ( 0 with NDR ).
[NR-eGR] ============ Routing rule table ============
[NR-eGR] Rule id: 0  Rule name: (Default)  Nets: 1
[NR-eGR] ========================================
[NR-eGR] 
[NR-eGR] Layer group 1: route 1 net(s) in layer range [2, 3]
[NR-eGR] Early Global Route overflow of layer group 1: 0.00% H + 0.00% V. EstWL: 5.616000e+01um
[NR-eGR] Congestion Analysis By layer: (blocked Gcells are excluded) 
[NR-eGR]                        OverCon            
[NR-eGR]                         #Gcell     %Gcell
[NR-eGR]        Layer             (1-0)    OverCon
[NR-eGR] ----------------------------------------------
[NR-eGR]      M1 ( 1)         0( 0.00%)   ( 0.00%) 
[NR-eGR]      M2 ( 2)         0( 0.00%)   ( 0.00%) 
[NR-eGR]      M3 ( 3)         0( 0.00%)   ( 0.00%) 
[NR-eGR]      M4 ( 4)         0( 0.00%)   ( 0.00%) 
[NR-eGR]      M5 ( 5)         0( 0.00%)   ( 0.00%) 
[NR-eGR]      M6 ( 6)         0( 0.00%)   ( 0.00%) 
[NR-eGR]      M7 ( 7)         0( 0.00%)   ( 0.00%) 
[NR-eGR]      M8 ( 8)         0( 0.00%)   ( 0.00%) 
[NR-eGR]      M9 ( 9)         0( 0.00%)   ( 0.00%) 
[NR-eGR] ----------------------------------------------
[NR-eGR]        Total         0( 0.00%)   ( 0.00%) 
[NR-eGR] 
[NR-eGR] Overflow after Early Global Route 0.00% H + 0.00% V
[NR-eGR] Connected 0 must-join pins/ports (post-process)
[NR-eGR] Total eGR-routed clock nets wire length: 64um, number of vias: 70
[NR-eGR] --------------------------------------------------------------------------
[NR-eGR] Report for selected net(s) only.
[NR-eGR]              Length (um)  Vias 
[NR-eGR] -------------------------------
[NR-eGR]  M1   (1V)             0    32 
[NR-eGR]  M2   (2H)            26    34 
[NR-eGR]  M3   (3V)            38     1 
[NR-eGR]  M4   (4H)             0     1 
[NR-eGR]  M5   (5V)             0     1 
[NR-eGR]  M6   (6H)             0     1 
[NR-eGR]  M7   (7V)             0     0 
[NR-eGR]  M8   (8H)             0     0 
[NR-eGR]  M9   (9V)             0     0 
[NR-eGR]  Pad  (10H)            0     0 
[NR-eGR] -------------------------------
[NR-eGR]       Total           64    70 
[NR-eGR] --------------------------------------------------------------------------
[NR-eGR] Total half perimeter of net bounding box: 37um
[NR-eGR] Total length: 64um, number of vias: 70
[NR-eGR] --------------------------------------------------------------------------
[NR-eGR] Total routed clock nets wire length: 64um, number of vias: 70
[NR-eGR] --------------------------------------------------------------------------
[NR-eGR]              Length (um)  Vias 
[NR-eGR] -------------------------------
[NR-eGR]  M1   (1V)             0   717 
[NR-eGR]  M2   (2H)           857   923 
[NR-eGR]  M3   (3V)           806   116 
[NR-eGR]  M4   (4H)           489   109 
[NR-eGR]  M5   (5V)           394    99 
[NR-eGR]  M6   (6H)           240    60 
[NR-eGR]  M7   (7V)           139     0 
[NR-eGR]  M8   (8H)             0     0 
[NR-eGR]  M9   (9V)             0     0 
[NR-eGR]  Pad  (10H)            0     0 
[NR-eGR] -------------------------------
[NR-eGR]       Total         2926  2024 
[NR-eGR] --------------------------------------------------------------------------
[NR-eGR] Total half perimeter of net bounding box: 2809um
[NR-eGR] Total length: 2926um, number of vias: 2024
[NR-eGR] --------------------------------------------------------------------------
[NR-eGR] Finished Early Global Route kernel ( CPU: 0.03 sec, Real: 0.03 sec, Curr Mem: 3.07 MB )
        Early Global Route - eGR only step done. (took cpu=0:00:00.1 real=0:00:00.1)
      Routing using eGR only done.
Net route status summary:
  Clock:         1 (unrouted=0, trialRouted=0, noStatus=0, routed=1, fixed=0, [crossesIlmBoundary=0, tooFewTerms=0, (crossesIlmBoundary AND tooFewTerms=0)])
  Non-clock:   300 (unrouted=2, trialRouted=298, noStatus=0, routed=0, fixed=0, [crossesIlmBoundary=0, tooFewTerms=2, (crossesIlmBoundary AND tooFewTerms=0)])

CCOPT: Done with clock implementation routing.

      Leaving CCOpt scope - Routing Tools done. (took cpu=0:00:00.1 real=0:00:00.1)
    Clock implementation routing done.
    Leaving CCOpt scope - extractRC...
    Updating RC parasitics by calling: "extractRC -noRouteCheck"...
Extraction called for design 'Adder32' of instances=227 and nets=301 using extraction engine 'preRoute' .
PreRoute RC Extraction called for design Adder32.
RC Extraction called in multi-corner(1) mode.
RCMode: PreRoute
      RC Corner Indexes            0   
Capacitance Scaling Factor   : 1.00000 
Resistance Scaling Factor    : 1.00000 
Clock Cap. Scaling Factor    : 1.00000 
Clock Res. Scaling Factor    : 1.00000 
Shrink Factor                : 1.00000
PreRoute extraction is honoring NDR/Shielding/ExtraSpace for clock nets.
Using Quantus QRC technology file ...
Updating RC Grid density data for preRoute extraction ...
Initializing multi-corner resistance tables ...
PreRoute RC Extraction DONE (CPU Time: 0:00:00.0  Real Time: 0:00:00.0  MEM: 3212.699M)
    Updating RC parasitics by calling: "extractRC -noRouteCheck" done.
    Leaving CCOpt scope - extractRC done. (took cpu=0:00:00.0 real=0:00:00.0)
    Leaving CCOpt scope - Initializing placement interface...
    Leaving CCOpt scope - Initializing placement interface done. (took cpu=0:00:00.0 real=0:00:00.0)
    Calling post conditioning for eGRPC...
      eGRPC...
        eGRPC active optimizations:
         - Move Down
         - Downsizing before DRV sizing
         - DRV fixing with sizing
         - Move to fanout
         - Cloning
        
        Currently running CTS, using active skew data
        ProEngine running partially connected to DB
        Reset bufferability constraints...
        Resetting previous bufferability status on all nets so that eGRPC will attempt to fix all clock tree violations.
        Clock tree timing engine global stage delay update for corner:both.late...
        Clock tree timing engine global stage delay update for corner:both.late done. (took cpu=0:00:00.0 real=0:00:00.0)
        Reset bufferability constraints done. (took cpu=0:00:00.0 real=0:00:00.0)
        Clock DAG stats eGRPC initial state:
          cell counts      : b=0, i=0, icg=0, dcg=0, l=0, total=0
          sink counts      : regular=32, enable_latch=0, load_capacitance=0, antenna=0, node_sink=0, total=32
          misc counts      : r=1, pp=0, mci=0
          cell areas       : b=0.000um^2, i=0.000um^2, icg=0.000um^2, dcg=0.000um^2, l=0.000um^2, total=0.000um^2
          cell capacitance : b=0.000fF, i=0.000fF, icg=0.000fF, dcg=0.000fF, l=0.000fF, total=0.000fF
          sink capacitance : total=15.192fF, avg=0.475fF, sd=0.000fF, min=0.475fF, max=0.475fF
          wire capacitance : top=0.000fF, trunk=0.000fF, leaf=1.717fF, total=1.717fF
          wire lengths     : top=0.000um, trunk=0.000um, leaf=64.476um, total=64.476um
          hp wire lengths  : top=0.000um, trunk=0.000um, leaf=0.000um, total=0.000um
        Clock DAG net violations eGRPC initial state: none
        Clock DAG primary half-corner transition distribution eGRPC initial state:
          Leaf : target=320.0ps count=1 avg=9.7ps sd=0.0ps min=9.7ps max=9.7ps {1 <= 192.0ps, 0 <= 256.0ps, 0 <= 288.0ps, 0 <= 304.0ps, 0 <= 320.0ps}
        Primary reporting skew groups eGRPC initial state:
          skew_group CLK/mode_normal: insertion delay [min=1.1, max=4.1, avg=2.8, sd=1.0, skn=-0.372, kur=-1.373], skew [3.0 vs 58.6], 100% {1.1, 4.1} (wid=4.1 ws=3.0) (gid=0.0 gs=0.0)
        Skew group summary eGRPC initial state:
          skew_group CLK/mode_normal: insertion delay [min=1.1, max=4.1, avg=2.8, sd=1.0, skn=-0.372, kur=-1.373], skew [3.0 vs 58.6], 100% {1.1, 4.1} (wid=4.1 ws=3.0) (gid=0.0 gs=0.0)
        eGRPC Moving buffers...
          Violation analysis...
          Violation analysis done. (took cpu=0:00:00.0 real=0:00:00.0)
          Clock DAG stats after 'eGRPC Moving buffers':
            cell counts      : b=0, i=0, icg=0, dcg=0, l=0, total=0
            sink counts      : regular=32, enable_latch=0, load_capacitance=0, antenna=0, node_sink=0, total=32
            misc counts      : r=1, pp=0, mci=0
            cell areas       : b=0.000um^2, i=0.000um^2, icg=0.000um^2, dcg=0.000um^2, l=0.000um^2, total=0.000um^2
            cell capacitance : b=0.000fF, i=0.000fF, icg=0.000fF, dcg=0.000fF, l=0.000fF, total=0.000fF
            sink capacitance : total=15.192fF, avg=0.475fF, sd=0.000fF, min=0.475fF, max=0.475fF
            wire capacitance : top=0.000fF, trunk=0.000fF, leaf=1.717fF, total=1.717fF
            wire lengths     : top=0.000um, trunk=0.000um, leaf=64.476um, total=64.476um
            hp wire lengths  : top=0.000um, trunk=0.000um, leaf=0.000um, total=0.000um
          Clock DAG net violations after 'eGRPC Moving buffers': none
          Clock DAG primary half-corner transition distribution after 'eGRPC Moving buffers':
            Leaf : target=320.0ps count=1 avg=9.7ps sd=0.0ps min=9.7ps max=9.7ps {1 <= 192.0ps, 0 <= 256.0ps, 0 <= 288.0ps, 0 <= 304.0ps, 0 <= 320.0ps}
          Primary reporting skew groups after 'eGRPC Moving buffers':
            skew_group CLK/mode_normal: insertion delay [min=1.1, max=4.1], skew [3.0 vs 58.6]
          Skew group summary after 'eGRPC Moving buffers':
            skew_group CLK/mode_normal: insertion delay [min=1.1, max=4.1], skew [3.0 vs 58.6]
          Legalizer API calls during this step: 0 succeeded with high effort: 0 succeeded with medium effort: 0 succeeded with low effort: 0 succeeded with basic effort: 0 succeeded with basic unbounded effort: 0
        eGRPC Moving buffers done. (took cpu=0:00:00.0 real=0:00:00.0)
        eGRPC Initial Pass of Downsizing Clock Tree cells...
          Artificially removing long paths...
            Legalizer API calls during this step: 0 succeeded with high effort: 0 succeeded with medium effort: 0 succeeded with low effort: 0 succeeded with basic effort: 0 succeeded with basic unbounded effort: 0
          Artificially removing long paths done. (took cpu=0:00:00.0 real=0:00:00.0)
          Modifying slew-target multiplier from 1 to 0.9
          Downsizing prefiltering...
          Downsizing prefiltering done.
          Prefiltering Summary : numPassedPreFiltering = 0, numSkippedDueToCloseToSlewTarget = 0, numSkippedDueToCloseToSkewTarget = 1
          Downsizing: ...20% ...40% ...60% ...80% ...100% 
          DoDownSizing Summary : numSized = 0, numUnchanged = 0
          CCOpt-eGRPC Downsizing: considered: 0, tested: 0, violation detected: 0, violation ignored (due to small violation): 0, cannot run: 0, attempted: 0, unsuccessful: 0, sized: 0
          Reverting slew-target multiplier from 0.9 to 1
          Clock DAG stats after 'eGRPC Initial Pass of Downsizing Clock Tree cells':
            cell counts      : b=0, i=0, icg=0, dcg=0, l=0, total=0
            sink counts      : regular=32, enable_latch=0, load_capacitance=0, antenna=0, node_sink=0, total=32
            misc counts      : r=1, pp=0, mci=0
            cell areas       : b=0.000um^2, i=0.000um^2, icg=0.000um^2, dcg=0.000um^2, l=0.000um^2, total=0.000um^2
            cell capacitance : b=0.000fF, i=0.000fF, icg=0.000fF, dcg=0.000fF, l=0.000fF, total=0.000fF
            sink capacitance : total=15.192fF, avg=0.475fF, sd=0.000fF, min=0.475fF, max=0.475fF
            wire capacitance : top=0.000fF, trunk=0.000fF, leaf=1.717fF, total=1.717fF
            wire lengths     : top=0.000um, trunk=0.000um, leaf=64.476um, total=64.476um
            hp wire lengths  : top=0.000um, trunk=0.000um, leaf=0.000um, total=0.000um
          Clock DAG net violations after 'eGRPC Initial Pass of Downsizing Clock Tree cells': none
          Clock DAG primary half-corner transition distribution after 'eGRPC Initial Pass of Downsizing Clock Tree cells':
            Leaf : target=320.0ps count=1 avg=9.7ps sd=0.0ps min=9.7ps max=9.7ps {1 <= 192.0ps, 0 <= 256.0ps, 0 <= 288.0ps, 0 <= 304.0ps, 0 <= 320.0ps}
          Primary reporting skew groups after 'eGRPC Initial Pass of Downsizing Clock Tree cells':
            skew_group CLK/mode_normal: insertion delay [min=1.1, max=4.1], skew [3.0 vs 58.6]
          Skew group summary after 'eGRPC Initial Pass of Downsizing Clock Tree cells':
            skew_group CLK/mode_normal: insertion delay [min=1.1, max=4.1], skew [3.0 vs 58.6]
          Legalizer API calls during this step: 0 succeeded with high effort: 0 succeeded with medium effort: 0 succeeded with low effort: 0 succeeded with basic effort: 0 succeeded with basic unbounded effort: 0
        eGRPC Initial Pass of Downsizing Clock Tree cells done. (took cpu=0:00:00.0 real=0:00:00.0)
        eGRPC Fixing DRVs...
          Fixing clock tree DRVs: ...20% ...40% ...60% ...80% ...100% 
          CCOpt-eGRPC: considered: 1, tested: 1, violation detected: 0, violation ignored (due to small violation): 0, cannot run: 0, attempted: 0, unsuccessful: 0, sized: 0
          
          Statistics: Fix DRVs (cell sizing):
          ===================================
          
          Cell changes by Net Type:
          
          -------------------------------------------------------------------------------------------------
          Net Type    Attempted    Upsized     Downsized    Swapped Same Size    Total Changed    Not Sized
          -------------------------------------------------------------------------------------------------
          top                0            0           0            0                    0                0
          trunk              0            0           0            0                    0                0
          leaf               0            0           0            0                    0                0
          -------------------------------------------------------------------------------------------------
          Total              0            0           0            0                    0                0
          -------------------------------------------------------------------------------------------------
          
          Upsized: 0, Downsized: 0, Sized but same area: 0, Unchanged: 0, Area change: 0.000um^2
          Max. move: 0.000um, Min. move: 0.000um, Avg. move: N/A
          
          Clock DAG stats after 'eGRPC Fixing DRVs':
            cell counts      : b=0, i=0, icg=0, dcg=0, l=0, total=0
            sink counts      : regular=32, enable_latch=0, load_capacitance=0, antenna=0, node_sink=0, total=32
            misc counts      : r=1, pp=0, mci=0
            cell areas       : b=0.000um^2, i=0.000um^2, icg=0.000um^2, dcg=0.000um^2, l=0.000um^2, total=0.000um^2
            cell capacitance : b=0.000fF, i=0.000fF, icg=0.000fF, dcg=0.000fF, l=0.000fF, total=0.000fF
            sink capacitance : total=15.192fF, avg=0.475fF, sd=0.000fF, min=0.475fF, max=0.475fF
            wire capacitance : top=0.000fF, trunk=0.000fF, leaf=1.717fF, total=1.717fF
            wire lengths     : top=0.000um, trunk=0.000um, leaf=64.476um, total=64.476um
            hp wire lengths  : top=0.000um, trunk=0.000um, leaf=0.000um, total=0.000um
          Clock DAG net violations after 'eGRPC Fixing DRVs': none
          Clock DAG primary half-corner transition distribution after 'eGRPC Fixing DRVs':
            Leaf : target=320.0ps count=1 avg=9.7ps sd=0.0ps min=9.7ps max=9.7ps {1 <= 192.0ps, 0 <= 256.0ps, 0 <= 288.0ps, 0 <= 304.0ps, 0 <= 320.0ps}
          Primary reporting skew groups after 'eGRPC Fixing DRVs':
            skew_group CLK/mode_normal: insertion delay [min=1.1, max=4.1], skew [3.0 vs 58.6]
          Skew group summary after 'eGRPC Fixing DRVs':
            skew_group CLK/mode_normal: insertion delay [min=1.1, max=4.1], skew [3.0 vs 58.6]
          Legalizer API calls during this step: 0 succeeded with high effort: 0 succeeded with medium effort: 0 succeeded with low effort: 0 succeeded with basic effort: 0 succeeded with basic unbounded effort: 0
        eGRPC Fixing DRVs done. (took cpu=0:00:00.0 real=0:00:00.0)
        Reconnecting optimized routes...
        Reset timing graph...
Ignoring AAE DB Resetting ...
        Reset timing graph done.
        Reconnecting optimized routes done. (took cpu=0:00:00.0 real=0:00:00.0)
        Violation analysis...
        Violation analysis done. (took cpu=0:00:00.0 real=0:00:00.0)
        Reset timing graph...
Ignoring AAE DB Resetting ...
        Reset timing graph done.
        Clock DAG stats before routing clock trees:
          cell counts      : b=0, i=0, icg=0, dcg=0, l=0, total=0
          sink counts      : regular=32, enable_latch=0, load_capacitance=0, antenna=0, node_sink=0, total=32
          misc counts      : r=1, pp=0, mci=0
          cell areas       : b=0.000um^2, i=0.000um^2, icg=0.000um^2, dcg=0.000um^2, l=0.000um^2, total=0.000um^2
          cell capacitance : b=0.000fF, i=0.000fF, icg=0.000fF, dcg=0.000fF, l=0.000fF, total=0.000fF
          sink capacitance : total=15.192fF, avg=0.475fF, sd=0.000fF, min=0.475fF, max=0.475fF
          wire capacitance : top=0.000fF, trunk=0.000fF, leaf=1.717fF, total=1.717fF
          wire lengths     : top=0.000um, trunk=0.000um, leaf=64.476um, total=64.476um
          hp wire lengths  : top=0.000um, trunk=0.000um, leaf=0.000um, total=0.000um
        Clock DAG net violations before routing clock trees: none
        Clock DAG primary half-corner transition distribution before routing clock trees:
          Leaf : target=320.0ps count=1 avg=9.7ps sd=0.0ps min=9.7ps max=9.7ps {1 <= 192.0ps, 0 <= 256.0ps, 0 <= 288.0ps, 0 <= 304.0ps, 0 <= 320.0ps}
        Primary reporting skew groups before routing clock trees:
          skew_group CLK/mode_normal: insertion delay [min=1.1, max=4.1, avg=2.8, sd=1.0, skn=-0.372, kur=-1.373], skew [3.0 vs 58.6], 100% {1.1, 4.1} (wid=4.1 ws=3.0) (gid=0.0 gs=0.0)
        Skew group summary before routing clock trees:
          skew_group CLK/mode_normal: insertion delay [min=1.1, max=4.1, avg=2.8, sd=1.0, skn=-0.372, kur=-1.373], skew [3.0 vs 58.6], 100% {1.1, 4.1} (wid=4.1 ws=3.0) (gid=0.0 gs=0.0)
      eGRPC done.
    Calling post conditioning for eGRPC done.
  eGR Post Conditioning done.
  Refine place not called during Post Conditioning. Calling it now the eGR->PC Loop is complete.
  Leaving CCOpt scope - Cleaning up placement interface...
  Leaving CCOpt scope - Cleaning up placement interface done. (took cpu=0:00:00.0 real=0:00:00.0)
  Leaving CCOpt scope - ClockRefiner...
  Soft fixed 0 clock instances.
  Performing Single Pass Refine Place.
*** Starting refinePlace (0:01:42 mem=3212.9M) ***
Total net bbox length = 2.809e+03 (1.520e+03 1.290e+03) (ext = 1.632e+03)
Move report: Detail placement moves 0 insts, mean move: 0.00 um, max move: 0.00 um 
	Runtime: CPU: 0:00:00.0 REAL: 0:00:00.0 MEM: 3196.8MB
Summary Report:
Instances move: 0 (out of 227 movable)
Instances flipped: 0
Mean displacement: 0.00 um
Max displacement: 0.00 um 
Total net bbox length = 2.809e+03 (1.520e+03 1.290e+03) (ext = 1.632e+03)
Runtime: CPU: 0:00:00.0 REAL: 0:00:00.0 MEM: 3196.8MB
*** Finished refinePlace (0:01:42 mem=3196.8M) ***
  ClockRefiner summary
  All clock instances: Moved 0, flipped 0 and cell swapped 0 (out of a total of 32).
  Restoring pStatusCts on 0 clock instances.
  Leaving CCOpt scope - ClockRefiner done. (took cpu=0:00:00.0 real=0:00:00.1)
  CCOpt::Phase::eGRPC done. (took cpu=0:00:00.2 real=0:00:00.2)
  CCOpt::Phase::Routing...
  Clock implementation routing...
    Leaving CCOpt scope - Routing Tools...
Net route status summary:
  Clock:         1 (unrouted=0, trialRouted=0, noStatus=0, routed=1, fixed=0, [crossesIlmBoundary=0, tooFewTerms=0, (crossesIlmBoundary AND tooFewTerms=0)])
  Non-clock:   300 (unrouted=2, trialRouted=298, noStatus=0, routed=0, fixed=0, [crossesIlmBoundary=0, tooFewTerms=2, (crossesIlmBoundary AND tooFewTerms=0)])
    Routing using eGR in eGR->NR Step...
      Early Global Route - eGR->Nr High Frequency step...
(ccopt eGR): There are 1 nets to be routed. 0 nets have skip routing designation.
(ccopt eGR): There are 1 nets for routing of which 1 have one or more fixed wires.
(ccopt eGR): Start to route 1 all nets
[PSP]    Started Early Global Route kernel ( Curr Mem: 3.06 MB )
[NR-eGR] Early global route reroute 1 out of 299 routable nets
[NR-eGR] Track table information for default rule: 
[NR-eGR] M1 has single uniform track structure
[NR-eGR] M2 has non-uniform track structures
[NR-eGR] M3 has single uniform track structure
[NR-eGR] M4 has single uniform track structure
[NR-eGR] M5 has single uniform track structure
[NR-eGR] M6 has single uniform track structure
[NR-eGR] M7 has single uniform track structure
[NR-eGR] M8 has single uniform track structure
[NR-eGR] M9 has single uniform track structure
[NR-eGR] Pad has single uniform track structure
[NR-eGR] Read 24 PG shapes
[NR-eGR] Read 0 clock shapes
[NR-eGR] Read 0 other shapes
[NR-eGR] #Routing Blockages  : 0
[NR-eGR] #Bump Blockages     : 0
[NR-eGR] #Instance Blockages : 96
[NR-eGR] #PG Blockages       : 24
[NR-eGR] #Halo Blockages     : 0
[NR-eGR] #Boundary Blockages : 0
[NR-eGR] #Clock Blockages    : 0
[NR-eGR] #Other Blockages    : 0
[NR-eGR] Num Prerouted Nets = 0  Num Prerouted Wires = 0
[NR-eGR] Read 299 nets ( ignored 298 )
[NR-eGR] Connected 0 must-join pins/ports (pre-process)
[NR-eGR] #via pillars        : 0
[NR-eGR] #must join all port : 0
[NR-eGR] #multiple ports     : 0
[NR-eGR] #has must join      : 0
[NR-eGR] There are 1 clock nets ( 0 with NDR ).
[NR-eGR] ============ Routing rule table ============
[NR-eGR] Rule id: 0  Rule name: (Default)  Nets: 1
[NR-eGR] ========================================
[NR-eGR] 
[NR-eGR] Layer group 1: route 1 net(s) in layer range [2, 3]
[NR-eGR] Early Global Route overflow of layer group 1: 0.00% H + 0.00% V. EstWL: 5.616000e+01um
[NR-eGR] Congestion Analysis By layer: (blocked Gcells are excluded) 
[NR-eGR]                        OverCon            
[NR-eGR]                         #Gcell     %Gcell
[NR-eGR]        Layer             (1-0)    OverCon
[NR-eGR] ----------------------------------------------
[NR-eGR]      M1 ( 1)         0( 0.00%)   ( 0.00%) 
[NR-eGR]      M2 ( 2)         0( 0.00%)   ( 0.00%) 
[NR-eGR]      M3 ( 3)         0( 0.00%)   ( 0.00%) 
[NR-eGR]      M4 ( 4)         0( 0.00%)   ( 0.00%) 
[NR-eGR]      M5 ( 5)         0( 0.00%)   ( 0.00%) 
[NR-eGR]      M6 ( 6)         0( 0.00%)   ( 0.00%) 
[NR-eGR]      M7 ( 7)         0( 0.00%)   ( 0.00%) 
[NR-eGR]      M8 ( 8)         0( 0.00%)   ( 0.00%) 
[NR-eGR]      M9 ( 9)         0( 0.00%)   ( 0.00%) 
[NR-eGR] ----------------------------------------------
[NR-eGR]        Total         0( 0.00%)   ( 0.00%) 
[NR-eGR] 
[NR-eGR] Overflow after Early Global Route 0.00% H + 0.00% V
[NR-eGR] Connected 0 must-join pins/ports (post-process)
[NR-eGR] Total eGR-routed clock nets wire length: 64um, number of vias: 70
[NR-eGR] --------------------------------------------------------------------------
[NR-eGR] Report for selected net(s) only.
[NR-eGR]              Length (um)  Vias 
[NR-eGR] -------------------------------
[NR-eGR]  M1   (1V)             0    32 
[NR-eGR]  M2   (2H)            26    34 
[NR-eGR]  M3   (3V)            38     1 
[NR-eGR]  M4   (4H)             0     1 
[NR-eGR]  M5   (5V)             0     1 
[NR-eGR]  M6   (6H)             0     1 
[NR-eGR]  M7   (7V)             0     0 
[NR-eGR]  M8   (8H)             0     0 
[NR-eGR]  M9   (9V)             0     0 
[NR-eGR]  Pad  (10H)            0     0 
[NR-eGR] -------------------------------
[NR-eGR]       Total           64    70 
[NR-eGR] --------------------------------------------------------------------------
[NR-eGR] Total half perimeter of net bounding box: 37um
[NR-eGR] Total length: 64um, number of vias: 70
[NR-eGR] --------------------------------------------------------------------------
[NR-eGR] Total routed clock nets wire length: 64um, number of vias: 70
[NR-eGR] --------------------------------------------------------------------------
[NR-eGR]              Length (um)  Vias 
[NR-eGR] -------------------------------
[NR-eGR]  M1   (1V)             0   717 
[NR-eGR]  M2   (2H)           857   923 
[NR-eGR]  M3   (3V)           806   116 
[NR-eGR]  M4   (4H)           489   109 
[NR-eGR]  M5   (5V)           394    99 
[NR-eGR]  M6   (6H)           240    60 
[NR-eGR]  M7   (7V)           139     0 
[NR-eGR]  M8   (8H)             0     0 
[NR-eGR]  M9   (9V)             0     0 
[NR-eGR]  Pad  (10H)            0     0 
[NR-eGR] -------------------------------
[NR-eGR]       Total         2926  2024 
[NR-eGR] --------------------------------------------------------------------------
[NR-eGR] Total half perimeter of net bounding box: 2809um
[NR-eGR] Total length: 2926um, number of vias: 2024
[NR-eGR] --------------------------------------------------------------------------
[NR-eGR] Finished Early Global Route kernel ( CPU: 0.03 sec, Real: 0.03 sec, Curr Mem: 3.07 MB )
      Early Global Route - eGR->Nr High Frequency step done. (took cpu=0:00:00.1 real=0:00:00.1)
    Routing using eGR in eGR->NR Step done.
    Routing using NR in eGR->NR Step...

CCOPT: Preparing to route 1 clock nets with NanoRoute.
  All net are default rule.
  Preferred NanoRoute mode settings: Current
      Clock detailed routing...
        NanoRoute...
% Begin globalDetailRoute (date=04/12 20:36:57, mem=2357.9M)

globalDetailRoute

#Start globalDetailRoute on Sun Apr 12 20:36:57 2026
#
#NanoRoute Version 22.17-s086_1 NR240905-1647/22_17-UB
#
#Wire/Via statistics before line assignment ...
#Total wire length = 64 um.
#Total half perimeter of net bounding box = 38 um.
#Total wire length on LAYER M1 = 0 um.
#Total wire length on LAYER M2 = 26 um.
#Total wire length on LAYER M3 = 38 um.
#Total wire length on LAYER M4 = 0 um.
#Total wire length on LAYER M5 = 0 um.
#Total wire length on LAYER M6 = 1 um.
#Total wire length on LAYER M7 = 1 um.
#Total wire length on LAYER M8 = 0 um.
#Total wire length on LAYER M9 = 0 um.
#Total wire length on LAYER Pad = 0 um.
#Total number of vias = 70
#Up-Via Summary (total 70):
#           
#-----------------------
# M1                 32
# M2                 34
# M3                  1
# M4                  1
# M5                  1
# M6                  1
#-----------------------
#                    70 
#
#Start routing data preparation on Sun Apr 12 20:36:57 2026
#
#Initial pin access analysis.
#Detail pin access analysis.
# M1           V   Track-Pitch = 0.14400    Line-2-Via Pitch = 0.14400
# M2           H   Track-Pitch = 0.14400    Line-2-Via Pitch = 0.14400
# M3           V   Track-Pitch = 0.14400    Line-2-Via Pitch = 0.14400
# M4           H   Track-Pitch = 0.19200    Line-2-Via Pitch = 0.19200
# M5           V   Track-Pitch = 0.21600    Line-2-Via Pitch = 0.19200
# M6           H   Track-Pitch = 0.28800    Line-2-Via Pitch = 0.25600
# M7           V   Track-Pitch = 0.28800    Line-2-Via Pitch = 0.25600
# M8           H   Track-Pitch = 0.38400    Line-2-Via Pitch = 0.32000
# M9           V   Track-Pitch = 0.36000    Line-2-Via Pitch = 0.32000
# Pad          H   Track-Pitch = 0.38400    Line-2-Via Pitch = 8.16000
#WARNING (NRAG-44) Track pitch is too small compared with line-2-via pitch.
#Bottom routing layer index=1(M1), bottom routing layer for shielding=1(M1), bottom shield layer=1(M1)
#shield_bottom_stripe_layer=1(M1), shield_top_stripe_layer=9(M9)
#pin_access_rlayer=2(M2)
#shield_top_dpt_rlayer=-1 top_rlayer=9 top_trim_metal_rlayer=-1 rlayer_lowest=1 bottom_rlayer=1
#enable_trim_layer_shield=F enable_dpt_layer_shield=F has_line_end_grid=F
#enable_dpt_layer_shield=F
#has_line_end_grid=F
#cpu time = 00:00:00, elapsed time = 00:00:00, memory = 2364.85 (MB), peak = 2459.37 (MB)
#Regenerating Ggrids automatically.
#Auto generating G-grids with size=15 tracks, using layer M3's pitch = 0.14400.
#Using automatically generated G-grids.
#Done routing data preparation.
#cpu time = 00:00:01, elapsed time = 00:00:01, memory = 2376.73 (MB), peak = 2459.37 (MB)
Updating RC Grid density data for preRoute extraction ...
Initializing multi-corner resistance tables ...
#
#Distribution of nets:
#  
# #pin range           #net       % 
#------------------------------------
#          2             160 ( 53.2%)
#          3              94 ( 31.2%)
#          4              41 ( 13.6%)
#          5               3 (  1.0%)
#  30  -  39               1 (  0.3%)
#     >=2000               0 (  0.0%)
#
#Total: 301 nets, 299 non-trivial nets
#                              #net       % 
#-------------------------------------------
#  Fully global routed            1 ( 0.3%)
#  Clock                          1
#  Prefer layer range             1
#
#Nets in 1 layer range:
#  Bottom Pref.Layer    Top Pref.Layer       #net       % 
#---------------------------------------------------------
#              2 M2             3 M3            1 (  0.3%)
#
#1 net selected.
#
#
#..
#
#Iteration 1.1: cpu:00:00:00, real:00:00:00, mem:2.3 GB, peak:2.4 GB --0.13 [2]--
#Iteration 2.1: cpu:00:00:00, real:00:00:00, mem:2.3 GB, peak:2.4 GB --0.82 [2]--
#Iteration 3.1: cpu:00:00:00, real:00:00:00, mem:2.3 GB, peak:2.4 GB --0.21 [2]--
#
#Line Assignment statistics:
#Cpu time = 00:00:00
#Elapsed time = 00:00:00
#Increased memory = 0.97 (MB)
#Total memory = 2381.50 (MB)
#Peak memory = 2459.37 (MB)
#End Line Assignment: cpu:00:00:00, real:00:00:00, mem:2.3 GB, peak:2.4 GB --0.35 [2]--
#
#Wire/Via statistics after line assignment ...
#Total wire length = 64 um.
#Total half perimeter of net bounding box = 38 um.
#Total wire length on LAYER M1 = 0 um.
#Total wire length on LAYER M2 = 26 um.
#Total wire length on LAYER M3 = 37 um.
#Total wire length on LAYER M4 = 1 um.
#Total wire length on LAYER M5 = 1 um.
#Total wire length on LAYER M6 = 1 um.
#Total wire length on LAYER M7 = 1 um.
#Total wire length on LAYER M8 = 0 um.
#Total wire length on LAYER M9 = 0 um.
#Total wire length on LAYER Pad = 0 um.
#Total number of vias = 68
#Up-Via Summary (total 68):
#           
#-----------------------
# M1                 32
# M2                 32
# M3                  1
# M4                  1
# M5                  1
# M6                  1
#-----------------------
#                    68 
#
#Routing data preparation, pin analysis, line assignment statistics:
#Cpu time = 00:00:01
#Elapsed time = 00:00:01
#Increased memory = 19.24 (MB)
#Total memory = 2378.42 (MB)
#Peak memory = 2459.37 (MB)
#Skip comparing routing design signature in db-snapshot flow
#Using multithreading with 2 threads.
#
#Start Detail Routing..
#start initial detail routing ...
#   number of violations = 2
#
#    By Layer and Type :
#	            Enc   Totals
#	M1            0        0
#	M2            0        0
#	M3            1        1
#	M4            0        0
#	M5            1        1
#	Totals        2        2
#cpu time = 00:00:00, elapsed time = 00:00:00, memory = 2381.34 (MB), peak = 2459.37 (MB)
#start 1st optimization iteration ...
#   number of violations = 2
#
#    By Layer and Type :
#	            Enc   Totals
#	M1            0        0
#	M2            0        0
#	M3            1        1
#	M4            0        0
#	M5            1        1
#	Totals        2        2
#cpu time = 00:00:00, elapsed time = 00:00:00, memory = 2381.57 (MB), peak = 2459.37 (MB)
#start 2nd optimization iteration ...
#   number of violations = 2
#
#    By Layer and Type :
#	            Enc   Totals
#	M1            0        0
#	M2            0        0
#	M3            1        1
#	M4            0        0
#	M5            1        1
#	Totals        2        2
#cpu time = 00:00:00, elapsed time = 00:00:00, memory = 2380.25 (MB), peak = 2459.37 (MB)
#start 3rd optimization iteration ...
#   number of violations = 2
#
#    By Layer and Type :
#	            Enc   Totals
#	M1            0        0
#	M2            0        0
#	M3            1        1
#	M4            0        0
#	M5            1        1
#	Totals        2        2
#cpu time = 00:00:00, elapsed time = 00:00:00, memory = 2379.49 (MB), peak = 2459.37 (MB)
#start 4th optimization iteration ...
#   number of violations = 2
#
#    By Layer and Type :
#	            Enc   Totals
#	M1            0        0
#	M2            0        0
#	M3            1        1
#	M4            0        0
#	M5            1        1
#	Totals        2        2
#cpu time = 00:00:00, elapsed time = 00:00:00, memory = 2379.11 (MB), peak = 2459.37 (MB)
#start 5th optimization iteration ...
#   number of violations = 2
#
#    By Layer and Type :
#	            Enc   Totals
#	M1            0        0
#	M2            0        0
#	M3            1        1
#	M4            0        0
#	M5            1        1
#	Totals        2        2
#cpu time = 00:00:00, elapsed time = 00:00:00, memory = 2379.19 (MB), peak = 2459.37 (MB)
#start 6th optimization iteration ...
#   number of violations = 2
#
#    By Layer and Type :
#	            Enc   Totals
#	M1            0        0
#	M2            0        0
#	M3            1        1
#	M4            0        0
#	M5            1        1
#	Totals        2        2
#cpu time = 00:00:00, elapsed time = 00:00:00, memory = 2379.16 (MB), peak = 2459.37 (MB)
#start 7th optimization iteration ...
#   number of violations = 2
#
#    By Layer and Type :
#	            Enc   Totals
#	M1            0        0
#	M2            0        0
#	M3            1        1
#	M4            0        0
#	M5            1        1
#	Totals        2        2
#cpu time = 00:00:00, elapsed time = 00:00:00, memory = 2379.04 (MB), peak = 2459.37 (MB)
#start 8th optimization iteration ...
#   number of violations = 2
#
#    By Layer and Type :
#	            Enc   Totals
#	M1            0        0
#	M2            0        0
#	M3            1        1
#	M4            0        0
#	M5            1        1
#	Totals        2        2
#cpu time = 00:00:00, elapsed time = 00:00:00, memory = 2379.08 (MB), peak = 2459.37 (MB)
#start 9th optimization iteration ...
#   number of violations = 2
#
#    By Layer and Type :
#	            Enc   Totals
#	M1            0        0
#	M2            0        0
#	M3            1        1
#	M4            0        0
#	M5            1        1
#	Totals        2        2
#cpu time = 00:00:00, elapsed time = 00:00:00, memory = 2378.77 (MB), peak = 2459.37 (MB)
#start 10th optimization iteration ...
#   number of violations = 2
#
#    By Layer and Type :
#	            Enc   Totals
#	M1            0        0
#	M2            0        0
#	M3            1        1
#	M4            0        0
#	M5            1        1
#	Totals        2        2
#cpu time = 00:00:00, elapsed time = 00:00:00, memory = 2378.84 (MB), peak = 2459.37 (MB)
#start 11th optimization iteration ...
#   number of violations = 2
#
#    By Layer and Type :
#	            Enc   Totals
#	M1            0        0
#	M2            0        0
#	M3            1        1
#	M4            0        0
#	M5            1        1
#	Totals        2        2
#cpu time = 00:00:00, elapsed time = 00:00:00, memory = 2378.90 (MB), peak = 2459.37 (MB)
#start 12th optimization iteration ...
#   number of violations = 2
#
#    By Layer and Type :
#	            Enc   Totals
#	M1            0        0
#	M2            0        0
#	M3            1        1
#	M4            0        0
#	M5            1        1
#	Totals        2        2
#cpu time = 00:00:00, elapsed time = 00:00:00, memory = 2378.86 (MB), peak = 2459.37 (MB)
#start 13th optimization iteration ...
#   number of violations = 2
#
#    By Layer and Type :
#	            Enc   Totals
#	M1            0        0
#	M2            0        0
#	M3            1        1
#	M4            0        0
#	M5            1        1
#	Totals        2        2
#cpu time = 00:00:00, elapsed time = 00:00:00, memory = 2378.82 (MB), peak = 2459.37 (MB)
#start 14th optimization iteration ...
#   number of violations = 2
#
#    By Layer and Type :
#	            Enc   Totals
#	M1            0        0
#	M2            0        0
#	M3            1        1
#	M4            0        0
#	M5            1        1
#	Totals        2        2
#cpu time = 00:00:00, elapsed time = 00:00:00, memory = 2378.77 (MB), peak = 2459.37 (MB)
#start 15th optimization iteration ...
#   number of violations = 2
#
#    By Layer and Type :
#	            Enc   Totals
#	M1            0        0
#	M2            0        0
#	M3            1        1
#	M4            0        0
#	M5            1        1
#	Totals        2        2
#cpu time = 00:00:00, elapsed time = 00:00:00, memory = 2378.67 (MB), peak = 2459.37 (MB)
#start 16th optimization iteration ...
#   number of violations = 2
#
#    By Layer and Type :
#	            Enc   Totals
#	M1            0        0
#	M2            0        0
#	M3            1        1
#	M4            0        0
#	M5            1        1
#	Totals        2        2
#cpu time = 00:00:00, elapsed time = 00:00:00, memory = 2378.90 (MB), peak = 2459.37 (MB)
#start 17th optimization iteration ...
#   number of violations = 2
#
#    By Layer and Type :
#	            Enc   Totals
#	M1            0        0
#	M2            0        0
#	M3            1        1
#	M4            0        0
#	M5            1        1
#	Totals        2        2
#cpu time = 00:00:00, elapsed time = 00:00:00, memory = 2378.82 (MB), peak = 2459.37 (MB)
#start 18th optimization iteration ...
#   number of violations = 2
#
#    By Layer and Type :
#	            Enc   Totals
#	M1            0        0
#	M2            0        0
#	M3            1        1
#	M4            0        0
#	M5            1        1
#	Totals        2        2
#cpu time = 00:00:00, elapsed time = 00:00:00, memory = 2378.73 (MB), peak = 2459.37 (MB)
#start 19th optimization iteration ...
#   number of violations = 2
#
#    By Layer and Type :
#	            Enc   Totals
#	M1            0        0
#	M2            0        0
#	M3            1        1
#	M4            0        0
#	M5            1        1
#	Totals        2        2
#cpu time = 00:00:00, elapsed time = 00:00:00, memory = 2378.65 (MB), peak = 2459.37 (MB)
#start 20th optimization iteration ...
#   number of violations = 2
#
#    By Layer and Type :
#	            Enc   Totals
#	M1            0        0
#	M2            0        0
#	M3            1        1
#	M4            0        0
#	M5            1        1
#	Totals        2        2
#cpu time = 00:00:00, elapsed time = 00:00:00, memory = 2378.78 (MB), peak = 2459.37 (MB)
#Complete Detail Routing.
#Total wire length = 71 um.
#Total half perimeter of net bounding box = 38 um.
#Total wire length on LAYER M1 = 0 um.
#Total wire length on LAYER M2 = 27 um.
#Total wire length on LAYER M3 = 37 um.
#Total wire length on LAYER M4 = 0 um.
#Total wire length on LAYER M5 = 1 um.
#Total wire length on LAYER M6 = 6 um.
#Total wire length on LAYER M7 = 1 um.
#Total wire length on LAYER M8 = 0 um.
#Total wire length on LAYER M9 = 0 um.
#Total wire length on LAYER Pad = 0 um.
#Total number of vias = 72
#Up-Via Summary (total 72):
#           
#-----------------------
# M1                 32
# M2                 36
# M3                  1
# M4                  1
# M5                  1
# M6                  1
#-----------------------
#                    72 
#
#Total number of DRC violations = 2
#Total number of violations on LAYER M1 = 0
#Total number of violations on LAYER M2 = 0
#Total number of violations on LAYER M3 = 1
#Total number of violations on LAYER M4 = 0
#Total number of violations on LAYER M5 = 1
#Total number of violations on LAYER M6 = 0
#Total number of violations on LAYER M7 = 0
#Total number of violations on LAYER M8 = 0
#Total number of violations on LAYER M9 = 0
#Total number of violations on LAYER Pad = 0
#Cpu time = 00:00:01
#Elapsed time = 00:00:01
#Increased memory = 0.32 (MB)
#Total memory = 2378.79 (MB)
#Peak memory = 2459.37 (MB)
#detailRoute Statistics:
#Cpu time = 00:00:01
#Elapsed time = 00:00:01
#Increased memory = 0.38 (MB)
#Total memory = 2378.80 (MB)
#Peak memory = 2459.37 (MB)
Extracting standard cell pins and blockage ...... 
**WARN: (IMPTR-2104):	Layer M10: Pitch=1280 is less than min width=640 + min spacing=32000.
**ERROR: (IMPTR-2101):	Layer M10: Pitch=11520x9 is still less than min width=32000 + min spacing=640.
**WARN: (IMPTR-2108):	For layer M10, the gaps of 82 out of 82 tracks are narrower than 8.160um (space 8.000 + width 0.160).
Type 'man IMPTR-2108' for more detail.
 As a result, your trialRoute congestion could be incorrect.
Pin and blockage extraction finished
#
#globalDetailRoute statistics:
#Cpu time = 00:00:02
#Elapsed time = 00:00:02
#Increased memory = 20.61 (MB)
#Total memory = 2378.51 (MB)
#Peak memory = 2459.37 (MB)
#Number of warnings = 1
#Total number of warnings = 9
#Number of fails = 0
#Total number of fails = 0
#Complete globalDetailRoute on Sun Apr 12 20:36:59 2026
#
% End globalDetailRoute (date=04/12 20:36:59, total cpu=0:00:02.0, real=0:00:02.0, peak res=2378.0M, current mem=2378.0M)
        NanoRoute done. (took cpu=0:00:02.0 real=0:00:02.1)
      Clock detailed routing done.
Skipping check of guided vs. routed net lengths.
Set FIXED routing status on 1 net(s)
      Route Remaining Unrouted Nets...
Running earlyGlobalRoute to complete any remaining unrouted nets.
Updating RC Grid density data for preRoute extraction ...
Initializing multi-corner resistance tables ...
[NR-eGR] Started Early Global Route kernel ( Curr Mem: 3.09 MB )
[NR-eGR] Early global route reroute all routable nets
[NR-eGR] Track table information for default rule: 
[NR-eGR] M1 has single uniform track structure
[NR-eGR] M2 has non-uniform track structures
[NR-eGR] M3 has single uniform track structure
[NR-eGR] M4 has single uniform track structure
[NR-eGR] M5 has single uniform track structure
[NR-eGR] M6 has single uniform track structure
[NR-eGR] M7 has single uniform track structure
[NR-eGR] M8 has single uniform track structure
[NR-eGR] M9 has single uniform track structure
[NR-eGR] Pad has single uniform track structure
[NR-eGR] Read 24 PG shapes
[NR-eGR] Read 0 clock shapes
[NR-eGR] Read 0 other shapes
[NR-eGR] #Routing Blockages  : 0
[NR-eGR] #Bump Blockages     : 0
[NR-eGR] #Instance Blockages : 96
[NR-eGR] #PG Blockages       : 24
[NR-eGR] #Halo Blockages     : 0
[NR-eGR] #Boundary Blockages : 0
[NR-eGR] #Clock Blockages    : 0
[NR-eGR] #Other Blockages    : 0
[NR-eGR] Num Prerouted Nets = 1  Num Prerouted Wires = 78
[NR-eGR] Read 299 nets ( ignored 1 )
[NR-eGR] ============ Routing rule table ============
[NR-eGR] Rule id: 0  Rule name: (Default)  Nets: 298
[NR-eGR] ========================================
[NR-eGR] 
[NR-eGR] Layer group 1: route 298 net(s) in layer range [2, 9]
[NR-eGR] Early Global Route overflow of layer group 1: 0.00% H + 0.00% V. EstWL: 2.691360e+03um
[NR-eGR] Congestion Analysis By layer: (blocked Gcells are excluded) 
[NR-eGR]                        OverCon            
[NR-eGR]                         #Gcell     %Gcell
[NR-eGR]        Layer             (1-0)    OverCon
[NR-eGR] ----------------------------------------------
[NR-eGR]      M1 ( 1)         0( 0.00%)   ( 0.00%) 
[NR-eGR]      M2 ( 2)         0( 0.00%)   ( 0.00%) 
[NR-eGR]      M3 ( 3)         0( 0.00%)   ( 0.00%) 
[NR-eGR]      M4 ( 4)         0( 0.00%)   ( 0.00%) 
[NR-eGR]      M5 ( 5)         0( 0.00%)   ( 0.00%) 
[NR-eGR]      M6 ( 6)         0( 0.00%)   ( 0.00%) 
[NR-eGR]      M7 ( 7)         0( 0.00%)   ( 0.00%) 
[NR-eGR]      M8 ( 8)         0( 0.00%)   ( 0.00%) 
[NR-eGR]      M9 ( 9)         0( 0.00%)   ( 0.00%) 
[NR-eGR] ----------------------------------------------
[NR-eGR]        Total         0( 0.00%)   ( 0.00%) 
[NR-eGR] 
[NR-eGR] Overflow after Early Global Route 0.00% H + 0.00% V
[NR-eGR] Connected 0 must-join pins/ports (post-process)
[NR-eGR] Total eGR-routed clock nets wire length: 0um, number of vias: 0
[NR-eGR] --------------------------------------------------------------------------
[NR-eGR]              Length (um)  Vias 
[NR-eGR] -------------------------------
[NR-eGR]  M1   (1V)             0   717 
[NR-eGR]  M2   (2H)           839   917 
[NR-eGR]  M3   (3V)           818   115 
[NR-eGR]  M4   (4H)           501   108 
[NR-eGR]  M5   (5V)           380    99 
[NR-eGR]  M6   (6H)           243    60 
[NR-eGR]  M7   (7V)           141     0 
[NR-eGR]  M8   (8H)             0     0 
[NR-eGR]  M9   (9V)             0     0 
[NR-eGR]  Pad  (10H)            0     0 
[NR-eGR] -------------------------------
[NR-eGR]       Total         2921  2016 
[NR-eGR] --------------------------------------------------------------------------
[NR-eGR] Total half perimeter of net bounding box: 2799um
[NR-eGR] Total length: 2921um, number of vias: 2016
[NR-eGR] --------------------------------------------------------------------------
[NR-eGR] Finished Early Global Route kernel ( CPU: 0.03 sec, Real: 0.04 sec, Curr Mem: 3.09 MB )
      Route Remaining Unrouted Nets done. (took cpu=0:00:00.1 real=0:00:00.1)
    Routing using NR in eGR->NR Step done.
Net route status summary:
  Clock:         1 (unrouted=0, trialRouted=0, noStatus=0, routed=0, fixed=1, [crossesIlmBoundary=0, tooFewTerms=0, (crossesIlmBoundary AND tooFewTerms=0)])
  Non-clock:   300 (unrouted=2, trialRouted=298, noStatus=0, routed=0, fixed=0, [crossesIlmBoundary=0, tooFewTerms=2, (crossesIlmBoundary AND tooFewTerms=0)])

CCOPT: Done with clock implementation routing.

    Leaving CCOpt scope - Routing Tools done. (took cpu=0:00:02.2 real=0:00:02.3)
  Clock implementation routing done.
  Leaving CCOpt scope - extractRC...
  Updating RC parasitics by calling: "extractRC -noRouteCheck"...
Extraction called for design 'Adder32' of instances=227 and nets=301 using extraction engine 'preRoute' .
PreRoute RC Extraction called for design Adder32.
RC Extraction called in multi-corner(1) mode.
RCMode: PreRoute
      RC Corner Indexes            0   
Capacitance Scaling Factor   : 1.00000 
Resistance Scaling Factor    : 1.00000 
Clock Cap. Scaling Factor    : 1.00000 
Clock Res. Scaling Factor    : 1.00000 
Shrink Factor                : 1.00000
PreRoute extraction is honoring NDR/Shielding/ExtraSpace for clock nets.
Using Quantus QRC technology file ...
Updating RC Grid density data for preRoute extraction ...
Initializing multi-corner resistance tables ...
PreRoute RC Extraction DONE (CPU Time: 0:00:00.0  Real Time: 0:00:00.0  MEM: 3233.980M)
  Updating RC parasitics by calling: "extractRC -noRouteCheck" done.
  Leaving CCOpt scope - extractRC done. (took cpu=0:00:00.0 real=0:00:00.0)
  Clock tree timing engine global stage delay update for corner:both.late...
  Clock tree timing engine global stage delay update for corner:both.late done. (took cpu=0:00:00.0 real=0:00:00.0)
  Clock DAG stats after routing clock trees:
    cell counts      : b=0, i=0, icg=0, dcg=0, l=0, total=0
    sink counts      : regular=32, enable_latch=0, load_capacitance=0, antenna=0, node_sink=0, total=32
    misc counts      : r=1, pp=0, mci=0
    cell areas       : b=0.000um^2, i=0.000um^2, icg=0.000um^2, dcg=0.000um^2, l=0.000um^2, total=0.000um^2
    cell capacitance : b=0.000fF, i=0.000fF, icg=0.000fF, dcg=0.000fF, l=0.000fF, total=0.000fF
    sink capacitance : total=15.192fF, avg=0.475fF, sd=0.000fF, min=0.475fF, max=0.475fF
    wire capacitance : top=0.000fF, trunk=0.000fF, leaf=1.786fF, total=1.786fF
    wire lengths     : top=0.000um, trunk=0.000um, leaf=70.812um, total=70.812um
    hp wire lengths  : top=0.000um, trunk=0.000um, leaf=0.000um, total=0.000um
  Clock DAG net violations after routing clock trees: none
  Clock DAG primary half-corner transition distribution after routing clock trees:
    Leaf : target=320.0ps count=1 avg=14.5ps sd=0.0ps min=14.5ps max=14.5ps {1 <= 192.0ps, 0 <= 256.0ps, 0 <= 288.0ps, 0 <= 304.0ps, 0 <= 320.0ps}
  Primary reporting skew groups after routing clock trees:
    skew_group CLK/mode_normal: insertion delay [min=1.6, max=5.8, avg=4.3, sd=1.3, skn=-0.804, kur=-0.496], skew [4.2 vs 58.6], 100% {1.6, 5.8} (wid=5.8 ws=4.2) (gid=0.0 gs=0.0)
  Skew group summary after routing clock trees:
    skew_group CLK/mode_normal: insertion delay [min=1.6, max=5.8, avg=4.3, sd=1.3, skn=-0.804, kur=-0.496], skew [4.2 vs 58.6], 100% {1.6, 5.8} (wid=5.8 ws=4.2) (gid=0.0 gs=0.0)
  CCOpt::Phase::Routing done. (took cpu=0:00:02.2 real=0:00:02.4)
  CCOpt::Phase::PostConditioning...
  Leaving CCOpt scope - Initializing placement interface...
  Leaving CCOpt scope - Initializing placement interface done. (took cpu=0:00:00.0 real=0:00:00.0)
  PostConditioning...
    PostConditioning active optimizations:
     - DRV fixing with initial upsizing, sizing and buffering
     - Skew fixing with sizing
    
    Currently running CTS, using active skew data
    ProEngine running partially connected to DB
    Reset bufferability constraints...
    Resetting previous bufferability status on all nets so that PostConditioning will attempt to fix all clock tree violations.
    Reset bufferability constraints done. (took cpu=0:00:00.0 real=0:00:00.0)
    PostConditioning Upsizing To Fix DRVs...
      Fixing clock tree DRVs with upsizing: ...20% ...40% ...60% ...80% ...100% 
      CCOpt-PostConditioning: considered: 1, tested: 1, violation detected: 0, violation ignored (due to small violation): 0, cannot run: 0, attempted: 0, unsuccessful: 0, sized: 0
      
      Statistics: Fix DRVs (initial upsizing):
      ========================================
      
      Cell changes by Net Type:
      
      -------------------------------------------------------------------------------------------------
      Net Type    Attempted    Upsized     Downsized    Swapped Same Size    Total Changed    Not Sized
      -------------------------------------------------------------------------------------------------
      top                0            0           0            0                    0                0
      trunk              0            0           0            0                    0                0
      leaf               0            0           0            0                    0                0
      -------------------------------------------------------------------------------------------------
      Total              0            0           0            0                    0                0
      -------------------------------------------------------------------------------------------------
      
      Upsized: 0, Downsized: 0, Sized but same area: 0, Unchanged: 0, Area change: 0.000um^2
      Max. move: 0.000um, Min. move: 0.000um, Avg. move: N/A
      
      Clock DAG stats after 'PostConditioning Upsizing To Fix DRVs':
        cell counts      : b=0, i=0, icg=0, dcg=0, l=0, total=0
        sink counts      : regular=32, enable_latch=0, load_capacitance=0, antenna=0, node_sink=0, total=32
        misc counts      : r=1, pp=0, mci=0
        cell areas       : b=0.000um^2, i=0.000um^2, icg=0.000um^2, dcg=0.000um^2, l=0.000um^2, total=0.000um^2
        cell capacitance : b=0.000fF, i=0.000fF, icg=0.000fF, dcg=0.000fF, l=0.000fF, total=0.000fF
        sink capacitance : total=15.192fF, avg=0.475fF, sd=0.000fF, min=0.475fF, max=0.475fF
        wire capacitance : top=0.000fF, trunk=0.000fF, leaf=1.786fF, total=1.786fF
        wire lengths     : top=0.000um, trunk=0.000um, leaf=70.812um, total=70.812um
        hp wire lengths  : top=0.000um, trunk=0.000um, leaf=0.000um, total=0.000um
      Clock DAG net violations after 'PostConditioning Upsizing To Fix DRVs': none
      Clock DAG primary half-corner transition distribution after 'PostConditioning Upsizing To Fix DRVs':
        Leaf : target=320.0ps count=1 avg=14.5ps sd=0.0ps min=14.5ps max=14.5ps {1 <= 192.0ps, 0 <= 256.0ps, 0 <= 288.0ps, 0 <= 304.0ps, 0 <= 320.0ps}
      Primary reporting skew groups after 'PostConditioning Upsizing To Fix DRVs':
        skew_group CLK/mode_normal: insertion delay [min=1.6, max=5.8], skew [4.2 vs 58.6]
      Skew group summary after 'PostConditioning Upsizing To Fix DRVs':
        skew_group CLK/mode_normal: insertion delay [min=1.6, max=5.8], skew [4.2 vs 58.6]
      Legalizer API calls during this step: 0 succeeded with high effort: 0 succeeded with medium effort: 0 succeeded with low effort: 0 succeeded with basic effort: 0 succeeded with basic unbounded effort: 0
    PostConditioning Upsizing To Fix DRVs done. (took cpu=0:00:00.0 real=0:00:00.0)
    Recomputing CTS skew targets...
    Resolving skew group constraints...
      Solving LP: 1 skew groups; 2 fragments, 2 fraglets and 3 vertices; 12 variables and 27 constraints; tolerance 1
    Resolving skew group constraints done.
    Recomputing CTS skew targets done. (took cpu=0:00:00.0 real=0:00:00.0)
    PostConditioning Fixing DRVs...
      Fixing clock tree DRVs: ...20% ...40% ...60% ...80% ...100% 
      CCOpt-PostConditioning: considered: 1, tested: 1, violation detected: 0, violation ignored (due to small violation): 0, cannot run: 0, attempted: 0, unsuccessful: 0, sized: 0
      
      Statistics: Fix DRVs (cell sizing):
      ===================================
      
      Cell changes by Net Type:
      
      -------------------------------------------------------------------------------------------------
      Net Type    Attempted    Upsized     Downsized    Swapped Same Size    Total Changed    Not Sized
      -------------------------------------------------------------------------------------------------
      top                0            0           0            0                    0                0
      trunk              0            0           0            0                    0                0
      leaf               0            0           0            0                    0                0
      -------------------------------------------------------------------------------------------------
      Total              0            0           0            0                    0                0
      -------------------------------------------------------------------------------------------------
      
      Upsized: 0, Downsized: 0, Sized but same area: 0, Unchanged: 0, Area change: 0.000um^2
      Max. move: 0.000um, Min. move: 0.000um, Avg. move: N/A
      
      Clock DAG stats after 'PostConditioning Fixing DRVs':
        cell counts      : b=0, i=0, icg=0, dcg=0, l=0, total=0
        sink counts      : regular=32, enable_latch=0, load_capacitance=0, antenna=0, node_sink=0, total=32
        misc counts      : r=1, pp=0, mci=0
        cell areas       : b=0.000um^2, i=0.000um^2, icg=0.000um^2, dcg=0.000um^2, l=0.000um^2, total=0.000um^2
        cell capacitance : b=0.000fF, i=0.000fF, icg=0.000fF, dcg=0.000fF, l=0.000fF, total=0.000fF
        sink capacitance : total=15.192fF, avg=0.475fF, sd=0.000fF, min=0.475fF, max=0.475fF
        wire capacitance : top=0.000fF, trunk=0.000fF, leaf=1.786fF, total=1.786fF
        wire lengths     : top=0.000um, trunk=0.000um, leaf=70.812um, total=70.812um
        hp wire lengths  : top=0.000um, trunk=0.000um, leaf=0.000um, total=0.000um
      Clock DAG net violations after 'PostConditioning Fixing DRVs': none
      Clock DAG primary half-corner transition distribution after 'PostConditioning Fixing DRVs':
        Leaf : target=320.0ps count=1 avg=14.5ps sd=0.0ps min=14.5ps max=14.5ps {1 <= 192.0ps, 0 <= 256.0ps, 0 <= 288.0ps, 0 <= 304.0ps, 0 <= 320.0ps}
      Primary reporting skew groups after 'PostConditioning Fixing DRVs':
        skew_group CLK/mode_normal: insertion delay [min=1.6, max=5.8], skew [4.2 vs 58.6]
      Skew group summary after 'PostConditioning Fixing DRVs':
        skew_group CLK/mode_normal: insertion delay [min=1.6, max=5.8], skew [4.2 vs 58.6]
      Legalizer API calls during this step: 0 succeeded with high effort: 0 succeeded with medium effort: 0 succeeded with low effort: 0 succeeded with basic effort: 0 succeeded with basic unbounded effort: 0
    PostConditioning Fixing DRVs done. (took cpu=0:00:00.0 real=0:00:00.0)
    Buffering to fix DRVs...
    Fixing DRVs with route buffering pass 1. Quick buffering: enabled
    Rebuffering to fix clock tree DRVs: ...20% ...40% ...60% ...80% ...100% 
    Inserted 0 buffers and inverters.
    success count. Default: 0, QS: 0, QD: 0, FS: 0, MQS: 0
    CCOpt-PostConditioning: nets considered: 1, nets tested: 1, nets violation detected: 0, nets violation ignored (due to small violation): 0, nets cannot run: 0, nets attempted: 0, nets unsuccessful: 0, buffered: 0
    Clock DAG stats PostConditioning after re-buffering DRV fixing:
      cell counts      : b=0, i=0, icg=0, dcg=0, l=0, total=0
      sink counts      : regular=32, enable_latch=0, load_capacitance=0, antenna=0, node_sink=0, total=32
      misc counts      : r=1, pp=0, mci=0
      cell areas       : b=0.000um^2, i=0.000um^2, icg=0.000um^2, dcg=0.000um^2, l=0.000um^2, total=0.000um^2
      cell capacitance : b=0.000fF, i=0.000fF, icg=0.000fF, dcg=0.000fF, l=0.000fF, total=0.000fF
      sink capacitance : total=15.192fF, avg=0.475fF, sd=0.000fF, min=0.475fF, max=0.475fF
      wire capacitance : top=0.000fF, trunk=0.000fF, leaf=1.786fF, total=1.786fF
      wire lengths     : top=0.000um, trunk=0.000um, leaf=70.812um, total=70.812um
      hp wire lengths  : top=0.000um, trunk=0.000um, leaf=0.000um, total=0.000um
    Clock DAG net violations PostConditioning after re-buffering DRV fixing: none
    Clock DAG primary half-corner transition distribution PostConditioning after re-buffering DRV fixing:
      Leaf : target=320.0ps count=1 avg=14.5ps sd=0.0ps min=14.5ps max=14.5ps {1 <= 192.0ps, 0 <= 256.0ps, 0 <= 288.0ps, 0 <= 304.0ps, 0 <= 320.0ps}
    Primary reporting skew groups PostConditioning after re-buffering DRV fixing:
      skew_group CLK/mode_normal: insertion delay [min=1.6, max=5.8, avg=4.3, sd=1.3, skn=-0.804, kur=-0.496], skew [4.2 vs 58.6], 100% {1.6, 5.8} (wid=5.8 ws=4.2) (gid=0.0 gs=0.0)
    Skew group summary PostConditioning after re-buffering DRV fixing:
      skew_group CLK/mode_normal: insertion delay [min=1.6, max=5.8, avg=4.3, sd=1.3, skn=-0.804, kur=-0.496], skew [4.2 vs 58.6], 100% {1.6, 5.8} (wid=5.8 ws=4.2) (gid=0.0 gs=0.0)
    Buffering to fix DRVs done. (took cpu=0:00:00.0 real=0:00:00.0)
    PostConditioning Fixing Skew by cell sizing...
      Resized 0 clock insts to decrease delay.
      Resized 0 clock insts to increase delay.
      
      Statistics: Fix Skew (cell sizing):
      ===================================
      
      Cell changes by Net Type:
      
      -------------------------------------------------------------------------------------------------
      Net Type    Attempted    Upsized     Downsized    Swapped Same Size    Total Changed    Not Sized
      -------------------------------------------------------------------------------------------------
      top                0            0           0            0                    0                0
      trunk              0            0           0            0                    0                0
      leaf               0            0           0            0                    0                0
      -------------------------------------------------------------------------------------------------
      Total              0            0           0            0                    0                0
      -------------------------------------------------------------------------------------------------
      
      Upsized: 0, Downsized: 0, Sized but same area: 0, Unchanged: 0, Area change: 0.000um^2
      Max. move: 0.000um, Min. move: 0.000um, Avg. move: N/A
      
      Clock DAG stats after 'PostConditioning Fixing Skew by cell sizing':
        cell counts      : b=0, i=0, icg=0, dcg=0, l=0, total=0
        sink counts      : regular=32, enable_latch=0, load_capacitance=0, antenna=0, node_sink=0, total=32
        misc counts      : r=1, pp=0, mci=0
        cell areas       : b=0.000um^2, i=0.000um^2, icg=0.000um^2, dcg=0.000um^2, l=0.000um^2, total=0.000um^2
        cell capacitance : b=0.000fF, i=0.000fF, icg=0.000fF, dcg=0.000fF, l=0.000fF, total=0.000fF
        sink capacitance : total=15.192fF, avg=0.475fF, sd=0.000fF, min=0.475fF, max=0.475fF
        wire capacitance : top=0.000fF, trunk=0.000fF, leaf=1.786fF, total=1.786fF
        wire lengths     : top=0.000um, trunk=0.000um, leaf=70.812um, total=70.812um
        hp wire lengths  : top=0.000um, trunk=0.000um, leaf=0.000um, total=0.000um
      Clock DAG net violations after 'PostConditioning Fixing Skew by cell sizing': none
      Clock DAG primary half-corner transition distribution after 'PostConditioning Fixing Skew by cell sizing':
        Leaf : target=320.0ps count=1 avg=14.5ps sd=0.0ps min=14.5ps max=14.5ps {1 <= 192.0ps, 0 <= 256.0ps, 0 <= 288.0ps, 0 <= 304.0ps, 0 <= 320.0ps}
      Primary reporting skew groups after 'PostConditioning Fixing Skew by cell sizing':
        skew_group CLK/mode_normal: insertion delay [min=1.6, max=5.8, avg=4.3, sd=1.3, skn=-0.804, kur=-0.496], skew [4.2 vs 58.6], 100% {1.6, 5.8} (wid=5.8 ws=4.2) (gid=0.0 gs=0.0)
      Skew group summary after 'PostConditioning Fixing Skew by cell sizing':
        skew_group CLK/mode_normal: insertion delay [min=1.6, max=5.8, avg=4.3, sd=1.3, skn=-0.804, kur=-0.496], skew [4.2 vs 58.6], 100% {1.6, 5.8} (wid=5.8 ws=4.2) (gid=0.0 gs=0.0)
      Legalizer API calls during this step: 0 succeeded with high effort: 0 succeeded with medium effort: 0 succeeded with low effort: 0 succeeded with basic effort: 0 succeeded with basic unbounded effort: 0
    PostConditioning Fixing Skew by cell sizing done. (took cpu=0:00:00.0 real=0:00:00.0)
    Reconnecting optimized routes...
    Reset timing graph...
Ignoring AAE DB Resetting ...
    Reset timing graph done.
    Reconnecting optimized routes done. (took cpu=0:00:00.0 real=0:00:00.0)
Skipping refinePlace: no changes were made during DRV and/or skew fixing steps so it is unnecessary.
  PostConditioning done.
Net route status summary:
  Clock:         1 (unrouted=0, trialRouted=0, noStatus=0, routed=0, fixed=1, [crossesIlmBoundary=0, tooFewTerms=0, (crossesIlmBoundary AND tooFewTerms=0)])
  Non-clock:   300 (unrouted=2, trialRouted=298, noStatus=0, routed=0, fixed=0, [crossesIlmBoundary=0, tooFewTerms=2, (crossesIlmBoundary AND tooFewTerms=0)])
  Update timing and DAG stats after post-conditioning...
  Update timing and DAG stats after post-conditioning done. (took cpu=0:00:00.0 real=0:00:00.0)
  Clock tree timing engine global stage delay update for corner:both.late...
  Clock tree timing engine global stage delay update for corner:both.late done. (took cpu=0:00:00.0 real=0:00:00.0)
  Clock DAG stats after post-conditioning:
    cell counts      : b=0, i=0, icg=0, dcg=0, l=0, total=0
    sink counts      : regular=32, enable_latch=0, load_capacitance=0, antenna=0, node_sink=0, total=32
    misc counts      : r=1, pp=0, mci=0
    cell areas       : b=0.000um^2, i=0.000um^2, icg=0.000um^2, dcg=0.000um^2, l=0.000um^2, total=0.000um^2
    cell capacitance : b=0.000fF, i=0.000fF, icg=0.000fF, dcg=0.000fF, l=0.000fF, total=0.000fF
    sink capacitance : total=15.192fF, avg=0.475fF, sd=0.000fF, min=0.475fF, max=0.475fF
    wire capacitance : top=0.000fF, trunk=0.000fF, leaf=1.786fF, total=1.786fF
    wire lengths     : top=0.000um, trunk=0.000um, leaf=70.812um, total=70.812um
    hp wire lengths  : top=0.000um, trunk=0.000um, leaf=0.000um, total=0.000um
  Clock DAG net violations after post-conditioning: none
  Clock DAG primary half-corner transition distribution after post-conditioning:
    Leaf : target=320.0ps count=1 avg=14.5ps sd=0.0ps min=14.5ps max=14.5ps {1 <= 192.0ps, 0 <= 256.0ps, 0 <= 288.0ps, 0 <= 304.0ps, 0 <= 320.0ps}
  Primary reporting skew groups after post-conditioning:
    skew_group CLK/mode_normal: insertion delay [min=1.6, max=5.8, avg=4.3, sd=1.3, skn=-0.804, kur=-0.496], skew [4.2 vs 58.6], 100% {1.6, 5.8} (wid=5.8 ws=4.2) (gid=0.0 gs=0.0)
  Skew group summary after post-conditioning:
    skew_group CLK/mode_normal: insertion delay [min=1.6, max=5.8, avg=4.3, sd=1.3, skn=-0.804, kur=-0.496], skew [4.2 vs 58.6], 100% {1.6, 5.8} (wid=5.8 ws=4.2) (gid=0.0 gs=0.0)
  CCOpt::Phase::PostConditioning done. (took cpu=0:00:00.0 real=0:00:00.1)
  Post-balance tidy up or trial balance steps...
  
  Clock DAG stats at end of CTS:
  ==============================
  
  -------------------------------------------------------
  Cell type                 Count    Area     Capacitance
  -------------------------------------------------------
  Buffers                     0      0.000       0.000
  Inverters                   0      0.000       0.000
  Integrated Clock Gates      0      0.000       0.000
  Discrete Clock Gates        0      0.000       0.000
  Clock Logic                 0      0.000       0.000
  All                         0      0.000       0.000
  -------------------------------------------------------
  
  Clock DAG miscellaneous counts at end of CTS:
  =============================================
  
  ------------------------------
  Type                     Count
  ------------------------------
  Roots                      1
  Preserved Ports            0
  Multiple Clock Inputs      0
  ------------------------------
  
  
  Clock DAG sink counts at end of CTS:
  ====================================
  
  -------------------------
  Sink type           Count
  -------------------------
  Regular              32
  Enable Latch          0
  Load Capacitance      0
  Antenna Diode         0
  Node Sink             0
  Total                32
  -------------------------
  
  
  Clock DAG wire lengths at end of CTS:
  =====================================
  
  --------------------
  Type     Wire Length
  --------------------
  Top         0.000
  Trunk       0.000
  Leaf       70.812
  Total      70.812
  --------------------
  
  
  Clock DAG hp wire lengths at end of CTS:
  ========================================
  
  -----------------------
  Type     hp Wire Length
  -----------------------
  Top          0.000
  Trunk        0.000
  Leaf         0.000
  Total        0.000
  -----------------------
  
  
  Clock DAG capacitances at end of CTS:
  =====================================
  
  ----------------------------------
  Type     Gate      Wire     Total
  ----------------------------------
  Top       0.000    0.000     0.000
  Trunk     0.000    0.000     0.000
  Leaf     17.492    1.786    19.277
  Total    17.492    1.786    19.277
  ----------------------------------
  
  
  Clock DAG sink capacitances at end of CTS:
  ==========================================
  
  ------------------------------------------------
  Total     Average    Std. Dev.    Min      Max
  ------------------------------------------------
  15.192     0.475       0.000      0.475    0.475
  ------------------------------------------------
  
  
  Clock DAG net violations at end of CTS:
  =======================================
  
  None
  
  
  Clock DAG primary half-corner transition distribution at end of CTS:
  ====================================================================
  
  ------------------------------------------------------------------------------------------------------------------------------------------------------------
  Net Type    Target    Count    Average    Std. Dev.    Min     Max     Distribution                                                              Over Target
  ------------------------------------------------------------------------------------------------------------------------------------------------------------
  Leaf        320.0       1       14.5         0.0       14.5    14.5    {1 <= 192.0ps, 0 <= 256.0ps, 0 <= 288.0ps, 0 <= 304.0ps, 0 <= 320.0ps}         -
  ------------------------------------------------------------------------------------------------------------------------------------------------------------
  
  
  Primary reporting skew groups summary at end of CTS:
  ====================================================
  
  ----------------------------------------------------------------------------------------------------------------------------------------------------------------------------------------
  Half-corner         Skew Group         Min ID    Max ID    Skew    Skew target    Wire skew    Worst sink skew    Average ID    Std.Dev    Skewness    Kurtosis    Skew window occupancy
  ----------------------------------------------------------------------------------------------------------------------------------------------------------------------------------------
  corner:both.late    CLK/mode_normal     1.6       5.8      4.2        58.6           4.2             4.2             4.3          1.3       -0.804      -0.496     100% {1.6, 5.8}
  ----------------------------------------------------------------------------------------------------------------------------------------------------------------------------------------
  
  
  Skew group summary at end of CTS:
  =================================
  
  ----------------------------------------------------------------------------------------------------------------------------------------------------------------------------------------
  Half-corner         Skew Group         Min ID    Max ID    Skew    Skew target    Wire skew    Worst sink skew    Average ID    Std.Dev    Skewness    Kurtosis    Skew window occupancy
  ----------------------------------------------------------------------------------------------------------------------------------------------------------------------------------------
  corner:both.late    CLK/mode_normal     1.6       5.8      4.2        58.6           4.2             4.2             4.3          1.3       -0.804      -0.496     100% {1.6, 5.8}
  ----------------------------------------------------------------------------------------------------------------------------------------------------------------------------------------
  
  
  Found a total of 0 clock tree pins with a slew violation.
  
  Post-balance tidy up or trial balance steps done. (took cpu=0:00:00.0 real=0:00:00.0)
Synthesizing clock trees done.
Tidy Up And Update Timing...
External - Set all clocks to propagated mode...
**WARN: (IMPCCOPT-2015):	Innovus will not update I/O latencies for the following reason(s):
 * The following are in propagated mode:
   - SDC clock CLK in view tt

Setting all clocks to propagated mode.
mode_normal
External - Set all clocks to propagated mode done. (took cpu=0:00:00.1 real=0:00:00.1)
Clock DAG stats after update timingGraph:
  cell counts      : b=0, i=0, icg=0, dcg=0, l=0, total=0
  sink counts      : regular=32, enable_latch=0, load_capacitance=0, antenna=0, node_sink=0, total=32
  misc counts      : r=1, pp=0, mci=0
  cell areas       : b=0.000um^2, i=0.000um^2, icg=0.000um^2, dcg=0.000um^2, l=0.000um^2, total=0.000um^2
  cell capacitance : b=0.000fF, i=0.000fF, icg=0.000fF, dcg=0.000fF, l=0.000fF, total=0.000fF
  sink capacitance : total=15.192fF, avg=0.475fF, sd=0.000fF, min=0.475fF, max=0.475fF
  wire capacitance : top=0.000fF, trunk=0.000fF, leaf=1.786fF, total=1.786fF
  wire lengths     : top=0.000um, trunk=0.000um, leaf=70.812um, total=70.812um
  hp wire lengths  : top=0.000um, trunk=0.000um, leaf=0.000um, total=0.000um
Clock DAG net violations after update timingGraph: none
Clock DAG primary half-corner transition distribution after update timingGraph:
  Leaf : target=320.0ps count=1 avg=14.5ps sd=0.0ps min=14.5ps max=14.5ps {1 <= 192.0ps, 0 <= 256.0ps, 0 <= 288.0ps, 0 <= 304.0ps, 0 <= 320.0ps}
Primary reporting skew groups after update timingGraph:
  skew_group CLK/mode_normal: insertion delay [min=1.6, max=5.8, avg=4.3, sd=1.3, skn=-0.804, kur=-0.496], skew [4.2 vs 58.6], 100% {1.6, 5.8} (wid=5.8 ws=4.2) (gid=0.0 gs=0.0)
Skew group summary after update timingGraph:
  skew_group CLK/mode_normal: insertion delay [min=1.6, max=5.8, avg=4.3, sd=1.3, skn=-0.804, kur=-0.496], skew [4.2 vs 58.6], 100% {1.6, 5.8} (wid=5.8 ws=4.2) (gid=0.0 gs=0.0)
Logging CTS constraint violations...
  No violations found.
Logging CTS constraint violations done.
Tidy Up And Update Timing done. (took cpu=0:00:00.1 real=0:00:00.1)
Runtime done. (took cpu=0:00:07.5 real=0:00:07.8)
Runtime Summary
===============
Clock Runtime:  (60%) Core CTS           4.38 (Init 3.98, Construction 0.05, Implementation 0.07, eGRPC 0.06, PostConditioning 0.07, Other 0.15)
Clock Runtime:  (35%) CTS services       2.57 (RefinePlace 0.18, EarlyGlobalClock 0.18, NanoRoute 2.12, ExtractRC 0.09, TimingAnalysis 0.00)
Clock Runtime:   (4%) Other CTS          0.32 (Init 0.08, CongRepair/EGR-DP 0.14, TimingUpdate 0.09, Other 0.00)
Clock Runtime: (100%) Total              7.27

Leaving CCOpt scope - Cleaning up placement interface...
Leaving CCOpt scope - Cleaning up placement interface done. (took cpu=0:00:00.0 real=0:00:00.0)
*** CTS #1 [finish] (ccopt_design #1) : cpu/real = 0:00:06.9/0:00:07.2 (1.0), totSession cpu/real = 0:01:44.5/0:02:05.9 (0.8), mem = 3238.2M
Synthesizing clock trees with CCOpt done.
Begin: Reorder Scan Chains
**WARN: (IMPSP-9025):	No scan chain specified/traced.
Type 'man IMPSP-9025' for more detail.
End: Reorder Scan Chains
**optDesign ... cpu = 0:00:00, real = 0:00:00, mem = 2394.5M, totSessionCpu=0:01:44 **
GigaOpt running with 2 threads.
*** InitOpt #1 [begin] (ccopt_design #1) : totSession cpu/real = 0:01:44.5/0:02:06.0 (0.8), mem = 3221.1M
**INFO: setDesignMode -flowEffort standard -> setting 'setOptMode -allEndPoints true' for the duration of this command.
Need call spDPlaceInit before registerPrioInstLoc.
Info: Using Genus executable '/home/share_file/cadence/installs/DDI221/GENUS221/tools.lnx86/bin/genus'.
      Genus workers will not check out additional licenses.
#################################################################################
# Design Stage: PreRoute
# Design Name: Adder32
# Design Mode: 7nm
# Analysis Mode: MMMC Non-OCV 
# Parasitics Mode: No SPEF/RCDB 
# Signoff Settings: SI Off 
#################################################################################
             0V	    VSS
           0.7V	    VDD

Starting Levelizing
2026-Apr-12 20:37:14 (2026-Apr-12 13:37:14 GMT)
2026-Apr-12 20:37:14 (2026-Apr-12 13:37:14 GMT): 10%
2026-Apr-12 20:37:14 (2026-Apr-12 13:37:14 GMT): 20%
2026-Apr-12 20:37:14 (2026-Apr-12 13:37:14 GMT): 30%
2026-Apr-12 20:37:14 (2026-Apr-12 13:37:14 GMT): 40%
2026-Apr-12 20:37:14 (2026-Apr-12 13:37:14 GMT): 50%
2026-Apr-12 20:37:14 (2026-Apr-12 13:37:14 GMT): 60%
2026-Apr-12 20:37:14 (2026-Apr-12 13:37:14 GMT): 70%
2026-Apr-12 20:37:14 (2026-Apr-12 13:37:14 GMT): 80%
2026-Apr-12 20:37:14 (2026-Apr-12 13:37:14 GMT): 90%

Finished Levelizing
2026-Apr-12 20:37:14 (2026-Apr-12 13:37:14 GMT)

Starting Activity Propagation
2026-Apr-12 20:37:14 (2026-Apr-12 13:37:14 GMT)
2026-Apr-12 20:37:14 (2026-Apr-12 13:37:14 GMT): 10%
2026-Apr-12 20:37:14 (2026-Apr-12 13:37:14 GMT): 20%
2026-Apr-12 20:37:14 (2026-Apr-12 13:37:14 GMT): 30%

Finished Activity Propagation
2026-Apr-12 20:37:14 (2026-Apr-12 13:37:14 GMT)
**optDesign ... cpu = 0:00:16, real = 0:00:30, mem = 2394.0M, totSessionCpu=0:02:00 **
#optDebug: { P: 7 W: 0195 FE: standard PE: high LDR: 0.5}
*** optDesign -postCTS ***
DRC Margin: user margin 0.0; extra margin 0.2
Hold Target Slack: user slack 0
Setup Target Slack: user slack 0; extra slack 0.0
setUsefulSkewMode -opt_skew_eco_route false
**INFO: setOptMode -opt_power_effort high -> Total Power Opt will be called for all Setup Timing optDesign commands, with leakageToDynamicRatio 0.5.
Start to check current routing status for nets...
All nets are already routed correctly.
End to check current routing status for nets (mem=3187.2M)
Compute RC Scale Done ...
Starting delay calculation for Setup views
AAE_INFO: opIsDesignInPostRouteState() is 0
#################################################################################
# Design Stage: PreRoute
# Design Name: Adder32
# Design Mode: 7nm
# Analysis Mode: MMMC Non-OCV 
# Parasitics Mode: No SPEF/RCDB 
# Signoff Settings: SI Off 
#################################################################################
Calculate delays in Single mode...
Start delay calculation (fullDC) (2 T). (MEM=3372.64)
Total number of fetched objects 299
End delay calculation. (MEM=3378.79 CPU=0:00:00.1 REAL=0:00:00.0)
End delay calculation (fullDC). (MEM=3378.79 CPU=0:00:00.1 REAL=0:00:00.0)
*** Done Building Timing Graph (cpu=0:00:00.3 real=0:00:00.0 totSessionCpu=0:02:01 mem=3378.8M)

------------------------------------------------------------------
             Initial Summary
------------------------------------------------------------------

Setup views included:
 tt 

+--------------------+---------+---------+---------+
|     Setup mode     |   all   | reg2reg | default |
+--------------------+---------+---------+---------+
|           WNS (ns):| -0.013  |   N/A   | -0.013  |
|           TNS (ns):| -0.013  |   N/A   | -0.013  |
|    Violating Paths:|    1    |   N/A   |    1    |
|          All Paths:|   64    |   N/A   |   64    |
+--------------------+---------+---------+---------+

+----------------+-------------------------------+------------------+
|                |              Real             |       Total      |
|    DRVs        +------------------+------------+------------------|
|                |  Nr nets(terms)  | Worst Vio  |  Nr nets(terms)  |
+----------------+------------------+------------+------------------+
|   max_cap      |      0 (0)       |   0.000    |      0 (0)       |
|   max_tran     |      0 (0)       |   0.000    |      0 (0)       |
|   max_fanout   |      0 (0)       |     0      |      0 (0)       |
|   max_length   |      0 (0)       |     0      |      0 (0)       |
+----------------+------------------+------------+------------------+

Density: 66.810%
------------------------------------------------------------------
**optDesign ... cpu = 0:00:17, real = 0:00:31, mem = 2513.1M, totSessionCpu=0:02:01 **
*** InitOpt #1 [finish] (ccopt_design #1) : cpu/real = 0:00:16.7/0:00:31.1 (0.5), totSession cpu/real = 0:02:01.1/0:02:37.1 (0.8), mem = 3275.8M
** INFO : this run is activating low effort ccoptDesign flow
OPTC: m4 20.0 50.0 [ 50.0 20.0 50.0 ]
OPTC: view 50.0 [ 0.0500 ]

Power view               = tt
Number of VT partitions  = 2
Standard cells in design = 202
Instances in design      = 227

Instance distribution across the VT partitions:

 LVT : inst = 10 (4.4%), cells = 49 (24.26%)
   Lib asap7sc7p5t_AO_RVT_TT_ccs_211120 : inst = 1 (0.4%)
   Lib asap7sc7p5t_INVBUF_RVT_TT_ccs_211120 : inst = 0 (0.0%)
   Lib asap7sc7p5t_OA_RVT_TT_ccs_211120 : inst = 4 (1.8%)
   Lib asap7sc7p5t_SEQ_RVT_TT_ccs_220123 : inst = 0 (0.0%)
   Lib asap7sc7p5t_SIMPLE_RVT_TT_ccs_211120 : inst = 5 (2.2%)

 HVT : inst = 202 (89.0%), cells = 109 (53.96%)
   Lib asap7sc7p5t_AO_RVT_TT_ccs_211120 : inst = 16 (7.0%)
   Lib asap7sc7p5t_INVBUF_RVT_TT_ccs_211120 : inst = 22 (9.7%)
   Lib asap7sc7p5t_OA_RVT_TT_ccs_211120 : inst = 16 (7.0%)
   Lib asap7sc7p5t_SEQ_RVT_TT_ccs_220123 : inst = 32 (14.1%)
   Lib asap7sc7p5t_SIMPLE_RVT_TT_ccs_211120 : inst = 116 (51.1%)

Reporting took 0 sec
-opt_post_cts_congestion_repair false      # bool, default=false, private
Begin: GigaOpt Route Type Constraints Refinement
*** CongRefineRouteType #1 [begin] (ccopt_design #1) : totSession cpu/real = 0:02:01.3/0:02:37.2 (0.8), mem = 3244.8M
Updated routing constraints on 0 nets.
Bottom Preferred Layer:
+-----------+------------+----------+
|   Layer   |    CLK     |   Rule   |
+-----------+------------+----------+
| M2 (z=2)  |          1 | default  |
+-----------+------------+----------+
Via Pillar Rule:
    None
*** CongRefineRouteType #1 [finish] (ccopt_design #1) : cpu/real = 0:00:00.0/0:00:00.0 (2.0), totSession cpu/real = 0:02:01.3/0:02:37.2 (0.8), mem = 3260.8M
End: GigaOpt Route Type Constraints Refinement
#InfoCS: Num dontuse cells 0, Num usable cells 213
optDesignOneStep: Power Flow
#InfoCS: Num dontuse cells 0, Num usable cells 213
*** SimplifyNetlist #1 [begin] (ccopt_design #1) : totSession cpu/real = 0:02:01.3/0:02:37.3 (0.8), mem = 3260.8M
Info: 1 net with fixed/cover wires excluded.
Info: 1 clock net  excluded from IPO operation.
(I,S,L,T): tt: 0.0561147, 0.0202042, 2.11447e-05, 0.0763401
(I,S,L) ClockInsts: tt: 0, 0, 0

Netlist preparation processing... 
Removed 0 instance
*info: Marking 0 isolation instances dont touch
*info: Marking 0 level shifter instances dont touch
(I,S,L,T): tt: 0.0561147, 0.0202042, 2.11447e-05, 0.0763401
(I,S,L) ClockInsts: tt: 0, 0, 0
*** SimplifyNetlist #1 [finish] (ccopt_design #1) : cpu/real = 0:00:01.0/0:00:01.0 (1.0), totSession cpu/real = 0:02:02.2/0:02:38.2 (0.8), mem = 3277.2M
*** ExcludedClockNetOpt #1 [begin] (ccopt_design #1) : totSession cpu/real = 0:02:02.2/0:02:38.2 (0.8), mem = 3277.2M
*** Starting optimizing excluded clock nets MEM= 3277.2M) ***
*info: No excluded clock nets to be optimized.
*** Finished optimizing excluded clock nets (CPU Time= 0:00:00.0  MEM= 3277.2M) ***
*** ExcludedClockNetOpt #1 [finish] (ccopt_design #1) : cpu/real = 0:00:00.0/0:00:00.0 (0.0), totSession cpu/real = 0:02:02.2/0:02:38.2 (0.8), mem = 3277.2M
*** ExcludedClockNetOpt #2 [begin] (ccopt_design #1) : totSession cpu/real = 0:02:02.2/0:02:38.2 (0.8), mem = 3277.2M
*** Starting optimizing excluded clock nets MEM= 3277.2M) ***
*info: No excluded clock nets to be optimized.
*** Finished optimizing excluded clock nets (CPU Time= 0:00:00.0  MEM= 3277.2M) ***
*** ExcludedClockNetOpt #2 [finish] (ccopt_design #1) : cpu/real = 0:00:00.0/0:00:00.0 (0.0), totSession cpu/real = 0:02:02.2/0:02:38.2 (0.8), mem = 3277.2M
Info: Done creating the CCOpt slew target map.
Begin: GigaOpt high fanout net optimization
*** DrvOpt #1 [begin] (ccopt_design #1) : totSession cpu/real = 0:02:02.3/0:02:38.2 (0.8), mem = 3277.2M
Info: 1 net with fixed/cover wires excluded.
Info: 1 clock net  excluded from IPO operation.
(I,S,L,T): tt: 0.0561147, 0.0202042, 2.11447e-05, 0.0763401
(I,S,L) ClockInsts: tt: 0, 0, 0
(I,S,L,T): tt: 0.0561147, 0.0202042, 2.11447e-05, 0.0763401
(I,S,L) ClockInsts: tt: 0, 0, 0
*** DrvOpt #1 [finish] (ccopt_design #1) : cpu/real = 0:00:01.3/0:00:01.3 (1.0), totSession cpu/real = 0:02:03.6/0:02:39.5 (0.8), mem = 3277.4M
End: GigaOpt high fanout net optimization
skipped the cell partition in DRV
Leakage Power Opt: re-selecting buf/inv list 
#InfoCS: Num dontuse cells 0, Num usable cells 213
optDesignOneStep: Power Flow
#InfoCS: Num dontuse cells 0, Num usable cells 213
Begin: GigaOpt Global Optimization
*info: use new DP (enabled)
Info: 1 net with fixed/cover wires excluded.
Info: 1 clock net  excluded from IPO operation.
*** GlobalOpt #1 [begin] (ccopt_design #1) : totSession cpu/real = 0:02:03.6/0:02:39.5 (0.8), mem = 3277.4M
(I,S,L,T): tt: 0.0561147, 0.0202042, 2.11447e-05, 0.0763401
(I,S,L) ClockInsts: tt: 0, 0, 0
*info: 1 clock net excluded
*info: 1 net with fixed/cover wires excluded.
** GigaOpt Global Opt WNS Slack -0.013  TNS Slack -0.013 
+--------+--------+---------+------------+--------+----------+---------+--------------+
|  WNS   |  TNS   | Density |    Real    |  Mem   |Worst View|Pathgroup|  End Point   |
+--------+--------+---------+------------+--------+----------+---------+--------------+
|  -0.013|  -0.013|   66.81%|   0:00:00.0| 3376.7M|        tt|  default| oS_reg[31]/D |
|  -0.013|  -0.013|   66.81%|   0:00:00.0| 3395.7M|        tt|  default| oS_reg[31]/D |
|  -0.013|  -0.013|   66.81%|   0:00:00.0| 3396.7M|        tt|  default| oS_reg[31]/D |
|  -0.013|  -0.013|   66.81%|   0:00:00.0| 3396.7M|        tt|  default| oS_reg[31]/D |
|  -0.006|  -0.006|   66.93%|   0:00:00.0| 3425.3M|        tt|  default| oS_reg[31]/D |
|  -0.006|  -0.006|   66.93%|   0:00:00.0| 3426.3M|        tt|  default| oS_reg[31]/D |
|  -0.006|  -0.006|   66.93%|   0:00:00.0| 3426.3M|        tt|  default| oS_reg[31]/D |
|  -0.006|  -0.006|   66.93%|   0:00:00.0| 3426.3M|        tt|  default| oS_reg[31]/D |
|  -0.006|  -0.006|   66.93%|   0:00:00.0| 3426.3M|        tt|  default| oS_reg[31]/D |
|  -0.006|  -0.006|   66.93%|   0:00:00.0| 3426.3M|        tt|  default| oS_reg[31]/D |
|  -0.006|  -0.006|   66.93%|   0:00:00.0| 3426.3M|        tt|  default| oS_reg[31]/D |
|  -0.006|  -0.006|   66.93%|   0:00:00.0| 3426.3M|        tt|  default| oS_reg[31]/D |
|  -0.006|  -0.006|   66.93%|   0:00:00.0| 3426.3M|        tt|  default| oS_reg[31]/D |
|  -0.006|  -0.006|   66.93%|   0:00:00.0| 3426.3M|        tt|  default| oS_reg[31]/D |
|  -0.006|  -0.006|   66.93%|   0:00:00.0| 3426.3M|        tt|  default| oS_reg[31]/D |
|  -0.006|  -0.006|   66.93%|   0:00:00.0| 3426.3M|        tt|  default| oS_reg[31]/D |
|  -0.006|  -0.006|   66.93%|   0:00:00.0| 3426.3M|        tt|  default| oS_reg[31]/D |
|  -0.006|  -0.006|   66.93%|   0:00:00.0| 3426.3M|        tt|  default| oS_reg[31]/D |
+--------+--------+---------+------------+--------+----------+---------+--------------+

*** Finish post-CTS Global Setup Fixing (cpu=0:00:00.1 real=0:00:00.0 mem=3426.3M) ***

*** Finish post-CTS Setup Fixing (cpu=0:00:00.1 real=0:00:00.0 mem=3426.3M) ***
Bottom Preferred Layer:
+-----------+------------+----------+
|   Layer   |    CLK     |   Rule   |
+-----------+------------+----------+
| M2 (z=2)  |          1 | default  |
+-----------+------------+----------+
Via Pillar Rule:
    None
** GigaOpt Global Opt End WNS Slack -0.006  TNS Slack -0.006 
(I,S,L,T): tt: 0.0561523, 0.0202903, 2.12082e-05, 0.0764638
(I,S,L) ClockInsts: tt: 0, 0, 0
*** GlobalOpt #1 [finish] (ccopt_design #1) : cpu/real = 0:00:04.5/0:00:04.4 (1.0), totSession cpu/real = 0:02:08.1/0:02:43.9 (0.8), mem = 3298.3M
End: GigaOpt Global Optimization
Leakage Power Opt: resetting the buf/inv selection
*** Timing NOT met, worst failing slack is -0.006
*** Check timing (0:00:00.0)
#InfoCS: Num dontuse cells 0, Num usable cells 213
optDesignOneStep: Power Flow
#InfoCS: Num dontuse cells 0, Num usable cells 213
Info: 1 net with fixed/cover wires excluded.
Info: 1 clock net  excluded from IPO operation.

Begin: Area Power Optimization
Begin: Area Power Reclaim Optimization
*** AreaOpt #1 [begin] (ccopt_design #1) : totSession cpu/real = 0:02:08.2/0:02:44.0 (0.8), mem = 3401.5M
(I,S,L,T): tt: 0.0561523, 0.0202903, 2.12082e-05, 0.0764638
(I,S,L) ClockInsts: tt: 0, 0, 0
Reclaim Optimization WNS Slack -0.006  TNS Slack -0.006 Density 66.93
+---------+---------+--------+--------+------------+--------+
| Density | Commits |  WNS   |  TNS   |    Real    |  Mem   |
+---------+---------+--------+--------+------------+--------+
|   66.93%|        -|  -0.006|  -0.006|   0:00:00.0| 3403.5M|
|   66.93%|        0|  -0.006|  -0.006|   0:00:00.0| 3403.5M|
|   66.93%|        0|  -0.006|  -0.006|   0:00:00.0| 3403.5M|
|   66.93%|        0|  -0.006|  -0.006|   0:00:00.0| 3403.5M|
|   66.93%|        0|  -0.006|  -0.006|   0:00:00.0| 3403.5M|
|   66.93%|        0|  -0.006|  -0.006|   0:00:00.0| 3403.5M|
|   66.93%|        0|  -0.006|  -0.006|   0:00:00.0| 3403.5M|
+---------+---------+--------+--------+------------+--------+
Reclaim Optimization End WNS Slack -0.006  TNS Slack -0.006 Density 66.93
Bottom Preferred Layer:
+-----------+------------+----------+
|   Layer   |    CLK     |   Rule   |
+-----------+------------+----------+
| M2 (z=2)  |          1 | default  |
+-----------+------------+----------+
Via Pillar Rule:
    None

Number of times islegalLocAvaiable called = 0 skipped = 0, called in commitmove = 0, skipped in commitmove = 0
End: Core Area Reclaim Optimization (cpu = 0:00:01.1) (real = 0:00:01.0) **
(I,S,L,T): tt: 0.0561523, 0.0202903, 2.12082e-05, 0.0764638
(I,S,L) ClockInsts: tt: 0, 0, 0
*** AreaOpt #1 [finish] (ccopt_design #1) : cpu/real = 0:00:01.1/0:00:01.0 (1.1), totSession cpu/real = 0:02:09.3/0:02:45.0 (0.8), mem = 3403.5M
Executing incremental physical updates
Executing incremental physical updates
End: Area Reclaim Optimization (cpu=0:00:01, real=0:00:01, mem=3300.52M, totSessionCpu=0:02:09).
skipped the cell partition in DRV
#InfoCS: Num dontuse cells 0, Num usable cells 213
optDesignOneStep: Power Flow
#InfoCS: Num dontuse cells 0, Num usable cells 213
Begin: GigaOpt Optimization in WNS mode
Info: 1 net with fixed/cover wires excluded.
Info: 1 clock net  excluded from IPO operation.
*** WnsOpt #1 [begin] (ccopt_design #1) : totSession cpu/real = 0:02:09.4/0:02:45.0 (0.8), mem = 3300.5M
(I,S,L,T): tt: 0.0561523, 0.0202903, 2.12082e-05, 0.0764638
(I,S,L) ClockInsts: tt: 0, 0, 0
*info: 1 clock net excluded
*info: 1 net with fixed/cover wires excluded.
** GigaOpt Optimizer WNS Slack -0.006 TNS Slack -0.006 Density 66.93
OptDebug: Start of Optimizer WNS Pass 0:
+----------+------+------+
|Path Group|   WNS|   TNS|
+----------+------+------+
|default   |-0.006|-0.006|
|reg2reg   | 0.000| 0.000|
|HEPG      | 0.000| 0.000|
|All Paths |-0.006|-0.006|
+----------+------+------+

CCOptDebug: Start of Optimizer WNS Pass 0: reg2reg* WNS - TNS 0.0ps; HEPG WNS - TNS 0.0ps; all paths WNS -5.8ps TNS -5.8ps; Real time 0:00:51.0
Active Path Group: default 
+--------+---------+--------+---------+---------+------------+--------+----------+---------+--------------+
|  WNS   | All WNS |  TNS   | All TNS | Density |    Real    |  Mem   |Worst View|Pathgroup|  End Point   |
+--------+---------+--------+---------+---------+------------+--------+----------+---------+--------------+
|  -0.006|   -0.006|  -0.006|   -0.006|   66.93%|   0:00:00.0| 3387.8M|        tt|  default| oS_reg[31]/D |
|   0.007|    0.007|   0.000|    0.000|   67.12%|   0:00:01.0| 3449.5M|        tt|  default| oS_reg[31]/D |
|   0.007|    0.007|   0.000|    0.000|   67.12%|   0:00:00.0| 3449.5M|        tt|  default| oS_reg[31]/D |
+--------+---------+--------+---------+---------+------------+--------+----------+---------+--------------+

*** Finish Core Optimize Step (cpu=0:00:00.2 real=0:00:01.0 mem=3449.5M) ***

*** Finished Optimize Step Cumulative (cpu=0:00:00.2 real=0:00:01.0 mem=3449.5M) ***
OptDebug: End of Optimizer WNS Pass 0:
+----------+-----+-----+
|Path Group|  WNS|  TNS|
+----------+-----+-----+
|default   |0.007|0.000|
|reg2reg   |0.000|0.000|
|HEPG      |0.000|0.000|
|All Paths |0.007|0.000|
+----------+-----+-----+

CCOptDebug: End of Optimizer WNS Pass 0: reg2reg* WNS - TNS 0.0ps; HEPG WNS - TNS 0.0ps; all paths WNS 7.5ps TNS 0.0ps; Real time 0:00:52.0
** GigaOpt Optimizer WNS Slack 0.007 TNS Slack 0.000 Density 67.12
*** Starting refinePlace (0:02:14 mem=3449.5M) ***
Total net bbox length = 2.797e+03 (1.509e+03 1.288e+03) (ext = 1.631e+03)

Starting Small incrNP...
Density distribution unevenness ratio = 4.387%
Skipped incrNP (cpu=0:00:00.0, real=0:00:00.0, mem=3449.5M)
End of Small incrNP (cpu=0:00:00.0, real=0:00:00.0)
Move report: Detail placement moves 4 insts, mean move: 0.27 um, max move: 0.43 um 
	Max move on inst (add_8_11_g1195__5122): (14.69, 6.48) --> (14.26, 6.48)
	Runtime: CPU: 0:00:00.0 REAL: 0:00:00.0 MEM: 3451.5MB
Summary Report:
Instances move: 4 (out of 227 movable)
Instances flipped: 0
Mean displacement: 0.27 um
Max displacement: 0.43 um (Instance: add_8_11_g1195__5122) (14.688, 6.48) -> (14.256, 6.48)
	Length: 8 sites, height: 1 rows, site name: asap7sc7p5t, cell type: OAI21x1_ASAP7_75t_R
Total net bbox length = 2.800e+03 (1.511e+03 1.288e+03) (ext = 1.631e+03)
Runtime: CPU: 0:00:00.0 REAL: 0:00:00.0 MEM: 3451.5MB
*** Finished refinePlace (0:02:14 mem=3451.5M) ***
*** maximum move = 0.43 um ***
*** Finished re-routing un-routed nets (3451.5M) ***

*** Finish Physical Update (cpu=0:00:00.1 real=0:00:00.0 mem=3467.5M) ***
** GigaOpt Optimizer WNS Slack 0.007 TNS Slack 0.000 Density 67.12
OptDebug: End of Setup Fixing:
+----------+-----+-----+
|Path Group|  WNS|  TNS|
+----------+-----+-----+
|default   |0.007|0.000|
|reg2reg   |0.000|0.000|
|HEPG      |0.000|0.000|
|All Paths |0.007|0.000|
+----------+-----+-----+

Bottom Preferred Layer:
+-----------+------------+----------+
|   Layer   |    CLK     |   Rule   |
+-----------+------------+----------+
| M2 (z=2)  |          1 | default  |
+-----------+------------+----------+
Via Pillar Rule:
    None

*** Finish post-CTS Setup Fixing (cpu=0:00:00.6 real=0:00:01.0 mem=3467.5M) ***

(I,S,L,T): tt: 0.0562297, 0.0203818, 2.13264e-05, 0.0766329
(I,S,L) ClockInsts: tt: 0, 0, 0
*** WnsOpt #1 [finish] (ccopt_design #1) : cpu/real = 0:00:04.7/0:00:04.5 (1.0), totSession cpu/real = 0:02:14.0/0:02:49.6 (0.8), mem = 3316.5M
End: GigaOpt Optimization in WNS mode
#InfoCS: Num dontuse cells 0, Num usable cells 213
optDesignOneStep: Power Flow
#InfoCS: Num dontuse cells 0, Num usable cells 213
GigaOpt: target slack met, skip TNS optimization
Info: 1 net with fixed/cover wires excluded.
Info: 1 clock net  excluded from IPO operation.

Begin: Area Power Optimization
Begin: Area Power Reclaim Optimization
*** AreaOpt #2 [begin] (ccopt_design #1) : totSession cpu/real = 0:02:14.1/0:02:49.6 (0.8), mem = 3417.7M
(I,S,L,T): tt: 0.0562297, 0.0203818, 2.13264e-05, 0.0766329
(I,S,L) ClockInsts: tt: 0, 0, 0
Reclaim Optimization WNS Slack 0.007  TNS Slack 0.000 Density 67.12
+---------+---------+--------+--------+------------+--------+
| Density | Commits |  WNS   |  TNS   |    Real    |  Mem   |
+---------+---------+--------+--------+------------+--------+
|   67.12%|        -|   0.007|   0.000|   0:00:00.0| 3421.7M|
|   67.12%|        0|   0.007|   0.000|   0:00:00.0| 3421.7M|
|   67.12%|        0|   0.007|   0.000|   0:00:00.0| 3421.7M|
|   67.12%|        0|   0.007|   0.000|   0:00:01.0| 3421.7M|
|   67.12%|        0|   0.007|   0.000|   0:00:00.0| 3421.7M|
|   67.12%|        0|   0.007|   0.000|   0:00:00.0| 3421.7M|
|   67.12%|        0|   0.007|   0.000|   0:00:00.0| 3421.7M|
+---------+---------+--------+--------+------------+--------+
Reclaim Optimization End WNS Slack 0.007  TNS Slack 0.000 Density 67.12
Bottom Preferred Layer:
+-----------+------------+----------+
|   Layer   |    CLK     |   Rule   |
+-----------+------------+----------+
| M2 (z=2)  |          1 | default  |
+-----------+------------+----------+
Via Pillar Rule:
    None

Number of times islegalLocAvaiable called = 0 skipped = 0, called in commitmove = 0, skipped in commitmove = 0
End: Core Area Reclaim Optimization (cpu = 0:00:01.1) (real = 0:00:01.0) **
*** Starting refinePlace (0:02:15 mem=3421.7M) ***
Total net bbox length = 2.800e+03 (1.511e+03 1.288e+03) (ext = 1.631e+03)
Move report: Detail placement moves 0 insts, mean move: 0.00 um, max move: 0.00 um 
	Runtime: CPU: 0:00:00.0 REAL: 0:00:00.0 MEM: 3405.7MB
Summary Report:
Instances move: 0 (out of 227 movable)
Instances flipped: 0
Mean displacement: 0.00 um
Max displacement: 0.00 um 
Total net bbox length = 2.800e+03 (1.511e+03 1.288e+03) (ext = 1.631e+03)
Runtime: CPU: 0:00:00.0 REAL: 0:00:00.0 MEM: 3405.7MB
*** Finished refinePlace (0:02:15 mem=3405.7M) ***
*** maximum move = 0.00 um ***
*** Finished re-routing un-routed nets (3405.7M) ***

*** Finish Physical Update (cpu=0:00:00.1 real=0:00:00.0 mem=3421.7M) ***
(I,S,L,T): tt: 0.0562297, 0.0203818, 2.13264e-05, 0.0766329
(I,S,L) ClockInsts: tt: 0, 0, 0
*** AreaOpt #2 [finish] (ccopt_design #1) : cpu/real = 0:00:01.1/0:00:01.0 (1.1), totSession cpu/real = 0:02:15.2/0:02:50.7 (0.8), mem = 3421.7M
End: Area Reclaim Optimization (cpu=0:00:01, real=0:00:01, mem=3318.71M, totSessionCpu=0:02:15).
**optDesign ... cpu = 0:00:31, real = 0:00:45, mem = 2538.8M, totSessionCpu=0:02:15 **

------------------------------------------------------------------
        Before Power Reclaim
------------------------------------------------------------------

Setup views included:
 tt 

+--------------------+---------+---------+---------+
|     Setup mode     |   all   | reg2reg | default |
+--------------------+---------+---------+---------+
|           WNS (ns):|  0.007  |   N/A   |  0.007  |
|           TNS (ns):|  0.000  |   N/A   |  0.000  |
|    Violating Paths:|    0    |   N/A   |    0    |
|          All Paths:|   64    |   N/A   |   64    |
+--------------------+---------+---------+---------+

+----------------+-------------------------------+------------------+
|                |              Real             |       Total      |
|    DRVs        +------------------+------------+------------------|
|                |  Nr nets(terms)  | Worst Vio  |  Nr nets(terms)  |
+----------------+------------------+------------+------------------+
|   max_cap      |      0 (0)       |   0.000    |      0 (0)       |
|   max_tran     |      0 (0)       |   0.000    |      0 (0)       |
|   max_fanout   |      0 (0)       |     0      |      0 (0)       |
|   max_length   |      0 (0)       |     0      |      0 (0)       |
+----------------+------------------+------------+------------------+

Density: 67.124%
Routing Overflow: 0.00% H and 0.00% V
------------------------------------------------------------------
Info: 1 net with fixed/cover wires excluded.
Info: 1 clock net  excluded from IPO operation.

Begin: Power Optimization
env CDS_WORKAREA is set to /data/tkvm2/Asap7design/adder
Using Power View: tt.

Begin Power Analysis

             0V	    VSS
           0.7V	    VDD
Begin Processing Timing Library for Power Calculation

Ended Processing Timing Library for Power Calculation: (cpu=0:00:00, real=0:00:00, mem(process/total/peak)=2562.47MB/5348.82MB/2562.47MB)



Begin Processing Power Net/Grid for Power Calculation

Ended Processing Power Net/Grid for Power Calculation: (cpu=0:00:00, real=0:00:00, mem(process/total/peak)=2562.47MB/5348.82MB/2562.47MB)

Begin Processing Timing Window Data for Power Calculation

Ended Processing Timing Window Data for Power Calculation: (cpu=0:00:00, real=0:00:00, mem(process/total/peak)=2562.47MB/5348.82MB/2562.47MB)

Begin Processing User Attributes

Ended Processing User Attributes: (cpu=0:00:00, real=0:00:00, mem(process/total/peak)=2562.47MB/5348.82MB/2562.47MB)

Begin Processing Signal Activity


Starting Levelizing
2026-Apr-12 20:37:44 (2026-Apr-12 13:37:44 GMT)
2026-Apr-12 20:37:44 (2026-Apr-12 13:37:44 GMT): 10%
2026-Apr-12 20:37:44 (2026-Apr-12 13:37:44 GMT): 20%
2026-Apr-12 20:37:44 (2026-Apr-12 13:37:44 GMT): 30%
2026-Apr-12 20:37:44 (2026-Apr-12 13:37:44 GMT): 40%
2026-Apr-12 20:37:44 (2026-Apr-12 13:37:44 GMT): 50%
2026-Apr-12 20:37:44 (2026-Apr-12 13:37:44 GMT): 60%
2026-Apr-12 20:37:44 (2026-Apr-12 13:37:44 GMT): 70%
2026-Apr-12 20:37:44 (2026-Apr-12 13:37:44 GMT): 80%
2026-Apr-12 20:37:44 (2026-Apr-12 13:37:44 GMT): 90%

Finished Levelizing
2026-Apr-12 20:37:44 (2026-Apr-12 13:37:44 GMT)

Starting Activity Propagation
2026-Apr-12 20:37:44 (2026-Apr-12 13:37:44 GMT)
2026-Apr-12 20:37:44 (2026-Apr-12 13:37:44 GMT): 10%
2026-Apr-12 20:37:44 (2026-Apr-12 13:37:44 GMT): 20%
2026-Apr-12 20:37:44 (2026-Apr-12 13:37:44 GMT): 30%

Finished Activity Propagation
2026-Apr-12 20:37:44 (2026-Apr-12 13:37:44 GMT)
Ended Processing Signal Activity: (cpu=0:00:00, real=0:00:00, mem(process/total/peak)=2562.47MB/5348.82MB/2562.47MB)

Begin Power Computation

      ----------------------------------------------------------
      # of cell(s) missing both power/leakage table: 0
      # of cell(s) missing power table: 0
      # of cell(s) missing leakage table: 0
      ----------------------------------------------------------



Starting Calculating power
2026-Apr-12 20:37:44 (2026-Apr-12 13:37:44 GMT)
2026-Apr-12 20:37:44 (2026-Apr-12 13:37:44 GMT): 10%
2026-Apr-12 20:37:44 (2026-Apr-12 13:37:44 GMT): 20%
2026-Apr-12 20:37:44 (2026-Apr-12 13:37:44 GMT): 30%
2026-Apr-12 20:37:44 (2026-Apr-12 13:37:44 GMT): 40%
2026-Apr-12 20:37:44 (2026-Apr-12 13:37:44 GMT): 50%
2026-Apr-12 20:37:44 (2026-Apr-12 13:37:44 GMT): 60%
2026-Apr-12 20:37:44 (2026-Apr-12 13:37:44 GMT): 70%
2026-Apr-12 20:37:44 (2026-Apr-12 13:37:44 GMT): 80%
2026-Apr-12 20:37:44 (2026-Apr-12 13:37:44 GMT): 90%

Finished Calculating power
2026-Apr-12 20:37:44 (2026-Apr-12 13:37:44 GMT)
      # of MSMV cell(s) missing power_level: 0
Ended Power Computation: (cpu=0:00:00, real=0:00:00, mem(process/total/peak)=2563.96MB/5360.82MB/2563.96MB)

Begin Processing User Attributes

Begin Processing set_power
Ended Processing set_power: (cpu=0:00:00, real=0:00:00,
mem(process/total/peak)=2563.96MB/5360.82MB/2563.96MB)
Ended Processing User Attributes: (cpu=0:00:00, real=0:00:00, mem(process/total/peak)=2563.96MB/5360.82MB/2563.96MB)

Ended Power Analysis: (cpu=0:00:00, real=0:00:00, mem(process/total/peak)=2563.96MB/5360.82MB/2563.96MB)

Begin Boundary Leakage Calculation
Ended Boundary Leakage Calculation: (cpu=0:00:00, real=0:00:00,
mem(process/total/peak)=2563.96MB/5360.82MB/2563.96MB)
Begin Static Power Report Generation
*----------------------------------------------------------------------------------------
*	Innovus 22.17-s086_1 (64bit) 09/24/2024 10:51 (Linux 3.10.0-693.el7.x86_64)
*	
*
* 	Date & Time:	2026-Apr-12 20:37:44 (2026-Apr-12 13:37:44 GMT)
*
*----------------------------------------------------------------------------------------
*
*	Design: Adder32
*
*	Parasitic Files used:
*
*	Power Units = 1mW
*
*	Time Units = 1e-12 secs
*
*       report_power
*
-----------------------------------------------------------------------------------------
*



Total Power
-----------------------------------------------------------------------------------------
Total Internal Power:        0.05627461 	   73.3903%
Total Switching Power:       0.02038182 	   26.5809%
Total Leakage Power:         0.00002209 	    0.0288%
Total Power:                 0.07667852
-----------------------------------------------------------------------------------------


Group                           Internal   Switching     Leakage       Total  Percentage 
                                Power      Power         Power         Power  (%)        
-----------------------------------------------------------------------------------------
Sequential                       0.04425    0.004028   7.351e-06     0.04828       62.97
Macro                                  0           0           0           0           0
IO                                     0           0           0           0           0
Combinational                    0.01203     0.01635   1.474e-05     0.02839       37.03
Clock (Combinational)                  0           0           0           0           0
Clock (Sequential)                     0           0           0           0           0
-----------------------------------------------------------------------------------------
Total                            0.05627     0.02038   2.209e-05     0.07668         100
-----------------------------------------------------------------------------------------


Rail                  Voltage   Internal   Switching     Leakage       Total  Percentage 
                                Power      Power         Power         Power  (%)        
-----------------------------------------------------------------------------------------
VDD                       0.7    0.05627     0.02038   2.209e-05     0.07668         100
 
 
-----------------------------------------------------------------------------------------
*	Power Distribution Summary: 
*              Highest Average Power:                 oS_reg[9] (DFFHQNx1_ASAP7_75t_R):         0.001532
*              Highest Leakage Power:                 oS_reg[0] (DFFHQNx1_ASAP7_75t_R):        2.298e-07
*                Total Cap:      2.96177e-13 F
*                Total instances in design:   227
*                Total instances in design with no power:     0
*                Total instances in design with no activty:     0

*                Total Fillers and Decap:     0
-----------------------------------------------------------------------------------------
 
** INFO:  (VOLTUS_POWR-3465): There are 0 decaps and 0 fillers in the design

Ended Static Power Report Generation: (cpu=0:00:00, real=0:00:00,
mem(process/total/peak)=2563.96MB/5360.82MB/2563.96MB)

OptDebug: Start of Power Reclaim:
+----------+-----+-----+
|Path Group|  WNS|  TNS|
+----------+-----+-----+
|default   |0.007|0.000|
|reg2reg   |0.000|0.000|
|HEPG      |0.000|0.000|
|All Paths |0.007|0.000|
+----------+-----+-----+

Begin: Core Power Optimization
*** PowerOpt #1 [begin] (ccopt_design #1) : totSession cpu/real = 0:02:15.5/0:02:51.0 (0.8), mem = 3520.5M
(I,S,L,T): tt: 0.0562297, 0.0203818, 2.13264e-05, 0.0766329
(I,S,L) ClockInsts: tt: 0, 0, 0
+---------+---------+--------+--------+------------+--------+
| Density | Commits |  WNS   |  TNS   |    Real    |  Mem   |
+---------+---------+--------+--------+------------+--------+
|   67.12%|        -|  -0.029|   0.000|   0:00:00.0| 3520.5M|
|   67.12%|        8|  -0.029|   0.000|   0:00:01.0| 3563.1M|
+---------+---------+--------+--------+------------+--------+
Bottom Preferred Layer:
+-----------+------------+----------+
|   Layer   |    CLK     |   Rule   |
+-----------+------------+----------+
| M2 (z=2)  |          1 | default  |
+-----------+------------+----------+
Via Pillar Rule:
    None

Number of insts committed for which the initial cell was dont use = 0

Number of times islegalLocAvaiable called = 0 skipped = 0, called in commitmove = 0, skipped in commitmove = 0
Info : Out of 33 seq cells, 0 cells are internal dont use, and 0 cells are db dont use.
End: Core Power Optimization (cpu = 0:00:00.8) (real = 0:00:01.0) **
(I,S,L,T): tt: 0.0562297, 0.0203818, 2.13264e-05, 0.0766329
(I,S,L) ClockInsts: tt: 0, 0, 0
*** PowerOpt #1 [finish] (ccopt_design #1) : cpu/real = 0:00:00.8/0:00:00.6 (1.3), totSession cpu/real = 0:02:16.3/0:02:51.6 (0.8), mem = 3563.1M
OptDebug: End of Power Reclaim:
+----------+-----+-----+
|Path Group|  WNS|  TNS|
+----------+-----+-----+
|default   |0.007|0.000|
|reg2reg   |0.000|0.000|
|HEPG      |0.000|0.000|
|All Paths |0.007|0.000|
+----------+-----+-----+

End: Power Optimization (cpu=0:00:01, real=0:00:01, mem=3403.13M, totSessionCpu=0:02:16).
Storing power gain ratio parameter in DB at postCts power optimization stage 0
**optDesign ... cpu = 0:00:32, real = 0:00:46, mem = 2616.0M, totSessionCpu=0:02:16 **
*** LocalWireReclaim #1 [begin] (ccopt_design #1) : totSession cpu/real = 0:02:16.3/0:02:51.6 (0.8), mem = 3403.1M
Starting local wire reclaim
*** Starting refinePlace (0:02:16 mem=3403.1M) ***
**WARN: (IMPSP-12502):	Slack driven placement is disabled because either timing libraries or timing constraint files are not provided.
**WARN: AAE based timing driven is off.
Call icdpEval cleanup ...
Move report: Detail placement moves 85 insts, mean move: 1.44 um, max move: 5.40 um 
	Max move on inst (g1389): (12.96, 20.52) --> (15.12, 23.76)
	Runtime: CPU: 0:00:03.0 REAL: 0:00:02.0 MEM: 3408.1MB
Summary Report:
Instances move: 85 (out of 227 movable)
Instances flipped: 7
Mean displacement: 1.44 um
Max displacement: 5.40 um (Instance: g1389) (12.96, 20.52) -> (15.12, 23.76)
	Length: 9 sites, height: 1 rows, site name: asap7sc7p5t, cell type: XNOR2xp5_ASAP7_75t_R
Runtime: CPU: 0:00:03.0 REAL: 0:00:02.0 MEM: 3408.1MB
*** Finished refinePlace (0:02:19 mem=3408.1M) ***
*** LocalWireReclaim #1 [finish] (ccopt_design #1) : cpu/real = 0:00:03.0/0:00:02.2 (1.4), totSession cpu/real = 0:02:19.3/0:02:53.8 (0.8), mem = 3408.1M
eGR doReRoute: optGuide
[NR-eGR] Early global route reroute all routable nets
[NR-eGR] Track table information for default rule: 
[NR-eGR] M1 has single uniform track structure
[NR-eGR] M2 has non-uniform track structures
[NR-eGR] M3 has single uniform track structure
[NR-eGR] M4 has single uniform track structure
[NR-eGR] M5 has single uniform track structure
[NR-eGR] M6 has single uniform track structure
[NR-eGR] M7 has single uniform track structure
[NR-eGR] M8 has single uniform track structure
[NR-eGR] M9 has single uniform track structure
[NR-eGR] Pad has single uniform track structure
[NR-eGR] Read 24 PG shapes
[NR-eGR] Read 0 clock shapes
[NR-eGR] Read 0 other shapes
[NR-eGR] #Routing Blockages  : 0
[NR-eGR] #Bump Blockages     : 0
[NR-eGR] #Instance Blockages : 96
[NR-eGR] #PG Blockages       : 24
[NR-eGR] #Halo Blockages     : 0
[NR-eGR] #Boundary Blockages : 0
[NR-eGR] #Clock Blockages    : 0
[NR-eGR] #Other Blockages    : 0
[NR-eGR] Num Prerouted Nets = 1  Num Prerouted Wires = 78
[NR-eGR] Read 299 nets ( ignored 1 )
[NR-eGR] ============ Routing rule table ============
[NR-eGR] Rule id: 0  Rule name: (Default)  Nets: 298
[NR-eGR] ========================================
[NR-eGR] 
[NR-eGR] Layer group 1: route 298 net(s) in layer range [2, 9]
[NR-eGR] Early Global Route overflow of layer group 1: 0.00% H + 0.00% V. EstWL: 2.587680e+03um
[NR-eGR] Congestion Analysis By layer: (blocked Gcells are excluded) 
[NR-eGR]                        OverCon            
[NR-eGR]                         #Gcell     %Gcell
[NR-eGR]        Layer             (1-0)    OverCon
[NR-eGR] ----------------------------------------------
[NR-eGR]      M1 ( 1)         0( 0.00%)   ( 0.00%) 
[NR-eGR]      M2 ( 2)         0( 0.00%)   ( 0.00%) 
[NR-eGR]      M3 ( 3)         0( 0.00%)   ( 0.00%) 
[NR-eGR]      M4 ( 4)         0( 0.00%)   ( 0.00%) 
[NR-eGR]      M5 ( 5)         0( 0.00%)   ( 0.00%) 
[NR-eGR]      M6 ( 6)         0( 0.00%)   ( 0.00%) 
[NR-eGR]      M7 ( 7)         0( 0.00%)   ( 0.00%) 
[NR-eGR]      M8 ( 8)         0( 0.00%)   ( 0.00%) 
[NR-eGR]      M9 ( 9)         0( 0.00%)   ( 0.00%) 
[NR-eGR] ----------------------------------------------
[NR-eGR]        Total         0( 0.00%)   ( 0.00%) 
[NR-eGR] 
[NR-eGR] Overflow after Early Global Route 0.00% H + 0.00% V
[NR-eGR] Connected 0 must-join pins/ports (post-process)
[NR-eGR] Total eGR-routed clock nets wire length: 0um, number of vias: 0
[NR-eGR] --------------------------------------------------------------------------
[NR-eGR]              Length (um)  Vias 
[NR-eGR] -------------------------------
[NR-eGR]  M1   (1V)             0   717 
[NR-eGR]  M2   (2H)           774   831 
[NR-eGR]  M3   (3V)           767   114 
[NR-eGR]  M4   (4H)           463   108 
[NR-eGR]  M5   (5V)           371   103 
[NR-eGR]  M6   (6H)           260    59 
[NR-eGR]  M7   (7V)           176     0 
[NR-eGR]  M8   (8H)             0     0 
[NR-eGR]  M9   (9V)             0     0 
[NR-eGR]  Pad  (10H)            0     0 
[NR-eGR] -------------------------------
[NR-eGR]       Total         2811  1932 
[NR-eGR] --------------------------------------------------------------------------
[NR-eGR] Total half perimeter of net bounding box: 2705um
[NR-eGR] Total length: 2811um, number of vias: 1932
[NR-eGR] --------------------------------------------------------------------------
[NR-eGR] Finished Early Global Route kernel ( CPU: 0.04 sec, Real: 0.05 sec, Curr Mem: 3.26 MB )
Extraction called for design 'Adder32' of instances=227 and nets=301 using extraction engine 'preRoute' .
PreRoute RC Extraction called for design Adder32.
RC Extraction called in multi-corner(1) mode.
RCMode: PreRoute
      RC Corner Indexes            0   
Capacitance Scaling Factor   : 1.00000 
Resistance Scaling Factor    : 1.00000 
Clock Cap. Scaling Factor    : 1.00000 
Clock Res. Scaling Factor    : 1.00000 
Shrink Factor                : 1.00000
PreRoute extraction is honoring NDR/Shielding/ExtraSpace for clock nets.
Using Quantus QRC technology file ...
Updating RC Grid density data for preRoute extraction ...
Initializing multi-corner resistance tables ...
PreRoute RC Extraction DONE (CPU Time: 0:00:00.0  Real Time: 0:00:00.0  MEM: 3405.613M)
Compute RC Scale Done ...
[hotspot] +------------+---------------+---------------+
[hotspot] |            |   max hotspot | total hotspot |
[hotspot] +------------+---------------+---------------+
[hotspot] | normalized |          0.00 |          0.00 |
[hotspot] +------------+---------------+---------------+
Local HotSpot Analysis: normalized max congestion hotspot area = 0.00, normalized total congestion hotspot area = 0.00 (area is in unit of 4 std-cell row bins)
Begin: GigaOpt Route Type Constraints Refinement
*** CongRefineRouteType #2 [begin] (ccopt_design #1) : totSession cpu/real = 0:02:19.4/0:02:53.9 (0.8), mem = 3450.7M
Updated routing constraints on 0 nets.
Bottom Preferred Layer:
+-----------+------------+----------+
|   Layer   |    CLK     |   Rule   |
+-----------+------------+----------+
| M2 (z=2)  |          1 | default  |
+-----------+------------+----------+
Via Pillar Rule:
    None
*** CongRefineRouteType #2 [finish] (ccopt_design #1) : cpu/real = 0:00:00.0/0:00:00.0 (2.9), totSession cpu/real = 0:02:19.4/0:02:53.9 (0.8), mem = 3450.7M
End: GigaOpt Route Type Constraints Refinement
skip EGR on cluster skew clock nets.
AAE_INFO: opIsDesignInPostRouteState() is 0
#################################################################################
# Design Stage: PreRoute
# Design Name: Adder32
# Design Mode: 7nm
# Analysis Mode: MMMC Non-OCV 
# Parasitics Mode: No SPEF/RCDB 
# Signoff Settings: SI Off 
#################################################################################
Calculate delays in Single mode...
Start delay calculation (fullDC) (2 T). (MEM=3444.21)
Total number of fetched objects 299
End delay calculation. (MEM=3503.04 CPU=0:00:00.1 REAL=0:00:00.0)
End delay calculation (fullDC). (MEM=3503.04 CPU=0:00:00.1 REAL=0:00:00.0)
OPT: Doing preprocessing before recovery...
OptDebug: Start of preprocessForPowerRecovery:
+----------+-----+-----+
|Path Group|  WNS|  TNS|
+----------+-----+-----+
|default   |0.010|0.000|
|reg2reg   |0.000|0.000|
|HEPG      |0.000|0.000|
|All Paths |0.010|0.000|
+----------+-----+-----+

OptDebug: End of preprocessForPowerRecovery:
+----------+-----+-----+
|Path Group|  WNS|  TNS|
+----------+-----+-----+
|default   |0.010|0.000|
|reg2reg   |0.000|0.000|
|HEPG      |0.000|0.000|
|All Paths |0.010|0.000|
+----------+-----+-----+

Begin: GigaOpt postEco DRV Optimization
*** DrvOpt #2 [begin] (ccopt_design #1) : totSession cpu/real = 0:02:20.4/0:02:54.9 (0.8), mem = 3511.5M
Info: 1 net with fixed/cover wires excluded.
Info: 1 clock net  excluded from IPO operation.
(I,S,L,T): tt: 0.0562282, 0.020177, 2.13264e-05, 0.0764266
(I,S,L) ClockInsts: tt: 0, 0, 0
+-------------------------------------------------------------------------------------------------------------------------------------------------------+
|        max-tran       |        max-cap        |  max-fanout |  max-length |       setup       |        |        |        |       |          |         |
+-------------------------------------------------------------------------------------------------------------------------------------------------------+
| nets | terms|  wViol  | nets | terms|  wViol  | nets | terms| nets | terms|   WNS   |   TNS   |  #Buf  |  #Inv  | #Resize|Density|   Real   |   Mem   |
+-------------------------------------------------------------------------------------------------------------------------------------------------------+
|     0|     0|     0.00|     0|     0|     0.00|     0|     0|     0|     0|     0.01|     0.00|       0|       0|       0| 67.12%|          |         |
|     0|     0|     0.00|     0|     0|     0.00|     0|     0|     0|     0|     0.01|     0.00|       0|       0|       0| 67.12%| 0:00:00.0|  3546.6M|
+-------------------------------------------------------------------------------------------------------------------------------------------------------+
Bottom Preferred Layer:
+-----------+------------+----------+
|   Layer   |    CLK     |   Rule   |
+-----------+------------+----------+
| M2 (z=2)  |          1 | default  |
+-----------+------------+----------+
Via Pillar Rule:
    None

*** Finish DRV Fixing (cpu=0:00:00.0 real=0:00:00.0 mem=3546.6M) ***

(I,S,L,T): tt: 0.0562282, 0.020177, 2.13264e-05, 0.0764266
(I,S,L) ClockInsts: tt: 0, 0, 0
*** DrvOpt #2 [finish] (ccopt_design #1) : cpu/real = 0:00:01.3/0:00:01.3 (1.0), totSession cpu/real = 0:02:21.7/0:02:56.3 (0.8), mem = 3424.6M
End: GigaOpt postEco DRV Optimization
Running refinePlace -preserveRouting true -hardFence false
*** Starting refinePlace (0:02:22 mem=3424.6M) ***

Starting Small incrNP...
Density distribution unevenness ratio = 4.211%
Skipped incrNP (cpu=0:00:00.0, real=0:00:00.0, mem=3424.6M)
End of Small incrNP (cpu=0:00:00.0, real=0:00:00.0)
Move report: Detail placement moves 0 insts, mean move: 0.00 um, max move: 0.00 um 
	Runtime: CPU: 0:00:00.0 REAL: 0:00:01.0 MEM: 3392.6MB
Summary Report:
Instances move: 0 (out of 227 movable)
Instances flipped: 0
Mean displacement: 0.00 um
Max displacement: 0.00 um 
Runtime: CPU: 0:00:00.0 REAL: 0:00:01.0 MEM: 3392.6MB
*** Finished refinePlace (0:02:22 mem=3392.6M) ***
GigaOpt: WNS changes after postEco optimization: 0.000 -> 0.000 (bump = 0.0)
GigaOpt: Skipping nonLegal postEco optimization
Design TNS changes after trial route: 0.000 -> 0.000
GigaOpt: Skipping post-eco TNS optimization
Adjusting target slack by 0.0 ns for power optimization
**optDesign ... cpu = 0:00:37, real = 0:00:51, mem = 2620.6M, totSessionCpu=0:02:22 **

------------------------------------------------------------------
        Before Power Reclaim
------------------------------------------------------------------

Setup views included:
 tt 

+--------------------+---------+---------+---------+
|     Setup mode     |   all   | reg2reg | default |
+--------------------+---------+---------+---------+
|           WNS (ns):|  0.010  |   N/A   |  0.010  |
|           TNS (ns):|  0.000  |   N/A   |  0.000  |
|    Violating Paths:|    0    |   N/A   |    0    |
|          All Paths:|   64    |   N/A   |   64    |
+--------------------+---------+---------+---------+

+----------------+-------------------------------+------------------+
|                |              Real             |       Total      |
|    DRVs        +------------------+------------+------------------|
|                |  Nr nets(terms)  | Worst Vio  |  Nr nets(terms)  |
+----------------+------------------+------------+------------------+
|   max_cap      |      0 (0)       |   0.000    |      0 (0)       |
|   max_tran     |      0 (0)       |   0.000    |      0 (0)       |
|   max_fanout   |      0 (0)       |     0      |      0 (0)       |
|   max_length   |      0 (0)       |     0      |      0 (0)       |
+----------------+------------------+------------+------------------+

Density: 67.124%
------------------------------------------------------------------
Info: 1 net with fixed/cover wires excluded.
Info: 1 clock net  excluded from IPO operation.

Begin: Power Optimization
             0V	    VSS
           0.7V	    VDD

Starting Levelizing
2026-Apr-12 20:37:50 (2026-Apr-12 13:37:50 GMT)
2026-Apr-12 20:37:50 (2026-Apr-12 13:37:50 GMT): 10%
2026-Apr-12 20:37:50 (2026-Apr-12 13:37:50 GMT): 20%
2026-Apr-12 20:37:50 (2026-Apr-12 13:37:50 GMT): 30%
2026-Apr-12 20:37:50 (2026-Apr-12 13:37:50 GMT): 40%
2026-Apr-12 20:37:50 (2026-Apr-12 13:37:50 GMT): 50%
2026-Apr-12 20:37:50 (2026-Apr-12 13:37:50 GMT): 60%
2026-Apr-12 20:37:50 (2026-Apr-12 13:37:50 GMT): 70%
2026-Apr-12 20:37:50 (2026-Apr-12 13:37:50 GMT): 80%
2026-Apr-12 20:37:50 (2026-Apr-12 13:37:50 GMT): 90%

Finished Levelizing
2026-Apr-12 20:37:50 (2026-Apr-12 13:37:50 GMT)

Starting Activity Propagation
2026-Apr-12 20:37:50 (2026-Apr-12 13:37:50 GMT)
2026-Apr-12 20:37:50 (2026-Apr-12 13:37:50 GMT): 10%
2026-Apr-12 20:37:50 (2026-Apr-12 13:37:50 GMT): 20%
2026-Apr-12 20:37:50 (2026-Apr-12 13:37:50 GMT): 30%

Finished Activity Propagation
2026-Apr-12 20:37:50 (2026-Apr-12 13:37:50 GMT)
OptDebug: Start of Power Reclaim:
+----------+-----+-----+
|Path Group|  WNS|  TNS|
+----------+-----+-----+
|default   |0.010|0.000|
|reg2reg   |0.000|0.000|
|HEPG      |0.000|0.000|
|All Paths |0.010|0.000|
+----------+-----+-----+

Begin: Core Power Optimization
*** PowerOpt #2 [begin] (ccopt_design #1) : totSession cpu/real = 0:02:21.9/0:02:56.5 (0.8), mem = 3556.2M
(I,S,L,T): tt: 0.0562282, 0.020177, 2.13264e-05, 0.0764266
(I,S,L) ClockInsts: tt: 0, 0, 0
Reclaim Optimization WNS Slack 0.000  TNS Slack 0.000 Density 67.12
+---------+---------+--------+--------+------------+--------+
| Density | Commits |  WNS   |  TNS   |    Real    |  Mem   |
+---------+---------+--------+--------+------------+--------+
|   67.12%|        -|   0.000|   0.000|   0:00:00.0| 3556.2M|
|   67.12%|        0|   0.000|   0.000|   0:00:00.0| 3556.2M|
|   67.12%|        0|   0.000|   0.000|   0:00:00.0| 3556.2M|
+---------+---------+--------+--------+------------+--------+
Reclaim Optimization End WNS Slack 0.000  TNS Slack 0.000 Density 67.12
Bottom Preferred Layer:
+-----------+------------+----------+
|   Layer   |    CLK     |   Rule   |
+-----------+------------+----------+
| M2 (z=2)  |          1 | default  |
+-----------+------------+----------+
Via Pillar Rule:
    None

Number of insts committed for which the initial cell was dont use = 0

Number of times islegalLocAvaiable called = 0 skipped = 0, called in commitmove = 0, skipped in commitmove = 0
Info : Out of 33 seq cells, 0 cells are internal dont use, and 0 cells are db dont use.
End: Core Power Optimization (cpu = 0:00:01.0) (real = 0:00:00.0) **
(I,S,L,T): tt: 0.0562282, 0.020177, 2.13264e-05, 0.0764266
(I,S,L) ClockInsts: tt: 0, 0, 0
*** PowerOpt #2 [finish] (ccopt_design #1) : cpu/real = 0:00:01.0/0:00:00.7 (1.4), totSession cpu/real = 0:02:22.8/0:02:57.2 (0.8), mem = 3556.2M
*** Starting refinePlace (0:02:23 mem=3529.2M) ***
Total net bbox length = 2.705e+03 (1.436e+03 1.269e+03) (ext = 1.627e+03)
Move report: Detail placement moves 0 insts, mean move: 0.00 um, max move: 0.00 um 
	Runtime: CPU: 0:00:00.0 REAL: 0:00:00.0 MEM: 3513.2MB
Summary Report:
Instances move: 0 (out of 227 movable)
Instances flipped: 0
Mean displacement: 0.00 um
Max displacement: 0.00 um 
Total net bbox length = 2.705e+03 (1.436e+03 1.269e+03) (ext = 1.627e+03)
Runtime: CPU: 0:00:00.0 REAL: 0:00:00.0 MEM: 3513.2MB
*** Finished refinePlace (0:02:23 mem=3513.2M) ***
*** maximum move = 0.00 um ***
*** Finished re-routing un-routed nets (3513.2M) ***

*** Finish Physical Update (cpu=0:00:00.1 real=0:00:00.0 mem=3529.2M) ***
AAE_INFO: opIsDesignInPostRouteState() is 0
#################################################################################
# Design Stage: PreRoute
# Design Name: Adder32
# Design Mode: 7nm
# Analysis Mode: MMMC Non-OCV 
# Parasitics Mode: No SPEF/RCDB 
# Signoff Settings: SI Off 
#################################################################################
Calculate delays in Single mode...
Start delay calculation (fullDC) (2 T). (MEM=3536.24)
Total number of fetched objects 299
End delay calculation. (MEM=3635.62 CPU=0:00:00.1 REAL=0:00:00.0)
End delay calculation (fullDC). (MEM=3635.62 CPU=0:00:00.1 REAL=0:00:00.0)
Checking setup slack degradation ...
OptDebug: End of Power Reclaim:
+----------+-----+-----+
|Path Group|  WNS|  TNS|
+----------+-----+-----+
|default   |0.010|0.000|
|reg2reg   |0.000|0.000|
|HEPG      |0.000|0.000|
|All Paths |0.010|0.000|
+----------+-----+-----+

End: Power Optimization (cpu=0:00:01, real=0:00:01, mem=3428.62M, totSessionCpu=0:02:23).
Storing power gain ratio parameter in DB at postCts power optimization stage 0
**optDesign ... cpu = 0:00:39, real = 0:00:52, mem = 2624.8M, totSessionCpu=0:02:23 **
Register exp ratio and priority group on 0 nets on 299 nets : 

Active setup views:
 tt
  Dominating endpoints: 0
  Dominating TNS: -0.000

Extraction called for design 'Adder32' of instances=227 and nets=301 using extraction engine 'preRoute' .
PreRoute RC Extraction called for design Adder32.
RC Extraction called in multi-corner(1) mode.
RCMode: PreRoute
      RC Corner Indexes            0   
Capacitance Scaling Factor   : 1.00000 
Resistance Scaling Factor    : 1.00000 
Clock Cap. Scaling Factor    : 1.00000 
Clock Res. Scaling Factor    : 1.00000 
Shrink Factor                : 1.00000
PreRoute extraction is honoring NDR/Shielding/ExtraSpace for clock nets.
Using Quantus QRC technology file ...
Grid density data update skipped
Initializing multi-corner resistance tables ...
PreRoute RC Extraction DONE (CPU Time: 0:00:00.0  Real Time: 0:00:00.0  MEM: 3399.340M)
<optDesign CMD> Restore Using all VT Cells
Starting delay calculation for Setup views
AAE_INFO: opIsDesignInPostRouteState() is 0
#################################################################################
# Design Stage: PreRoute
# Design Name: Adder32
# Design Mode: 7nm
# Analysis Mode: MMMC Non-OCV 
# Parasitics Mode: No SPEF/RCDB 
# Signoff Settings: SI Off 
#################################################################################
Calculate delays in Single mode...
Start delay calculation (fullDC) (2 T). (MEM=3419.89)
Total number of fetched objects 299
End delay calculation. (MEM=3503.28 CPU=0:00:00.1 REAL=0:00:00.0)
End delay calculation (fullDC). (MEM=3503.28 CPU=0:00:00.1 REAL=0:00:00.0)
*** Done Building Timing Graph (cpu=0:00:00.3 real=0:00:00.0 totSessionCpu=0:02:24 mem=3503.3M)
OPTC: user 20.0
[NR-eGR] Early global route reroute all routable nets
[NR-eGR] Track table information for default rule: 
[NR-eGR] M1 has single uniform track structure
[NR-eGR] M2 has non-uniform track structures
[NR-eGR] M3 has single uniform track structure
[NR-eGR] M4 has single uniform track structure
[NR-eGR] M5 has single uniform track structure
[NR-eGR] M6 has single uniform track structure
[NR-eGR] M7 has single uniform track structure
[NR-eGR] M8 has single uniform track structure
[NR-eGR] M9 has single uniform track structure
[NR-eGR] Pad has single uniform track structure
[NR-eGR] Read 24 PG shapes
[NR-eGR] Read 0 clock shapes
[NR-eGR] Read 0 other shapes
[NR-eGR] #Routing Blockages  : 0
[NR-eGR] #Bump Blockages     : 0
[NR-eGR] #Instance Blockages : 96
[NR-eGR] #PG Blockages       : 24
[NR-eGR] #Halo Blockages     : 0
[NR-eGR] #Boundary Blockages : 0
[NR-eGR] #Clock Blockages    : 0
[NR-eGR] #Other Blockages    : 0
[NR-eGR] Num Prerouted Nets = 1  Num Prerouted Wires = 78
[NR-eGR] Read 299 nets ( ignored 1 )
[NR-eGR] ============ Routing rule table ============
[NR-eGR] Rule id: 0  Rule name: (Default)  Nets: 298
[NR-eGR] ========================================
[NR-eGR] 
[NR-eGR] Layer group 1: route 298 net(s) in layer range [2, 9]
[NR-eGR] Early Global Route overflow of layer group 1: 0.00% H + 0.00% V. EstWL: 2.587680e+03um
[NR-eGR] Congestion Analysis By layer: (blocked Gcells are excluded) 
[NR-eGR]                        OverCon            
[NR-eGR]                         #Gcell     %Gcell
[NR-eGR]        Layer             (1-0)    OverCon
[NR-eGR] ----------------------------------------------
[NR-eGR]      M1 ( 1)         0( 0.00%)   ( 0.00%) 
[NR-eGR]      M2 ( 2)         0( 0.00%)   ( 0.00%) 
[NR-eGR]      M3 ( 3)         0( 0.00%)   ( 0.00%) 
[NR-eGR]      M4 ( 4)         0( 0.00%)   ( 0.00%) 
[NR-eGR]      M5 ( 5)         0( 0.00%)   ( 0.00%) 
[NR-eGR]      M6 ( 6)         0( 0.00%)   ( 0.00%) 
[NR-eGR]      M7 ( 7)         0( 0.00%)   ( 0.00%) 
[NR-eGR]      M8 ( 8)         0( 0.00%)   ( 0.00%) 
[NR-eGR]      M9 ( 9)         0( 0.00%)   ( 0.00%) 
[NR-eGR] ----------------------------------------------
[NR-eGR]        Total         0( 0.00%)   ( 0.00%) 
[NR-eGR] 
[NR-eGR] Overflow after Early Global Route 0.00% H + 0.00% V
[NR-eGR] Finished Early Global Route kernel ( CPU: 0.02 sec, Real: 0.03 sec, Curr Mem: 3.27 MB )
[hotspot] +------------+---------------+---------------+
[hotspot] |            |   max hotspot | total hotspot |
[hotspot] +------------+---------------+---------------+
[hotspot] | normalized |          0.00 |          0.00 |
[hotspot] +------------+---------------+---------------+
Local HotSpot Analysis: normalized max congestion hotspot area = 0.00, normalized total congestion hotspot area = 0.00 (area is in unit of 4 std-cell row bins)
[hotspot] Hotspot report including placement blocked areas
[hotspot] +------------+---------------+---------------+
[hotspot] |            |   max hotspot | total hotspot |
[hotspot] +------------+---------------+---------------+
[hotspot] | normalized |          0.00 |          0.00 |
[hotspot] +------------+---------------+---------------+
Local HotSpot Analysis (blockage included): normalized max congestion hotspot area = 0.00, normalized total congestion hotspot area = 0.00 (area is in unit of 4 std-cell row bins)
Reported timing to dir ./timingReports
**optDesign ... cpu = 0:00:39, real = 0:00:52, mem = 2617.4M, totSessionCpu=0:02:24 **
env CDS_WORKAREA is set to /data/tkvm2/Asap7design/adder
Using Power View: tt.

Begin Power Analysis

             0V	    VSS
           0.7V	    VDD
Begin Processing Timing Library for Power Calculation

Ended Processing Timing Library for Power Calculation: (cpu=0:00:00, real=0:00:00, mem(process/total/peak)=2619.51MB/5312.24MB/2736.68MB)



Begin Processing Power Net/Grid for Power Calculation

Ended Processing Power Net/Grid for Power Calculation: (cpu=0:00:00, real=0:00:00, mem(process/total/peak)=2619.51MB/5312.24MB/2736.68MB)

Begin Processing Timing Window Data for Power Calculation

Ended Processing Timing Window Data for Power Calculation: (cpu=0:00:00, real=0:00:00, mem(process/total/peak)=2619.51MB/5312.24MB/2736.68MB)

Begin Processing User Attributes

Ended Processing User Attributes: (cpu=0:00:00, real=0:00:00, mem(process/total/peak)=2619.51MB/5312.24MB/2736.68MB)

Begin Processing Signal Activity


Starting Levelizing
2026-Apr-12 20:37:52 (2026-Apr-12 13:37:52 GMT)
2026-Apr-12 20:37:52 (2026-Apr-12 13:37:52 GMT): 10%
2026-Apr-12 20:37:52 (2026-Apr-12 13:37:52 GMT): 20%
2026-Apr-12 20:37:52 (2026-Apr-12 13:37:52 GMT): 30%
2026-Apr-12 20:37:52 (2026-Apr-12 13:37:52 GMT): 40%
2026-Apr-12 20:37:52 (2026-Apr-12 13:37:52 GMT): 50%
2026-Apr-12 20:37:52 (2026-Apr-12 13:37:52 GMT): 60%
2026-Apr-12 20:37:52 (2026-Apr-12 13:37:52 GMT): 70%
2026-Apr-12 20:37:52 (2026-Apr-12 13:37:52 GMT): 80%
2026-Apr-12 20:37:52 (2026-Apr-12 13:37:52 GMT): 90%

Finished Levelizing
2026-Apr-12 20:37:52 (2026-Apr-12 13:37:52 GMT)

Starting Activity Propagation
2026-Apr-12 20:37:52 (2026-Apr-12 13:37:52 GMT)
2026-Apr-12 20:37:52 (2026-Apr-12 13:37:52 GMT): 10%
2026-Apr-12 20:37:52 (2026-Apr-12 13:37:52 GMT): 20%
2026-Apr-12 20:37:52 (2026-Apr-12 13:37:52 GMT): 30%

Finished Activity Propagation
2026-Apr-12 20:37:52 (2026-Apr-12 13:37:52 GMT)
Ended Processing Signal Activity: (cpu=0:00:00, real=0:00:00, mem(process/total/peak)=2619.51MB/5312.24MB/2736.68MB)

Begin Power Computation

      ----------------------------------------------------------
      # of cell(s) missing both power/leakage table: 0
      # of cell(s) missing power table: 0
      # of cell(s) missing leakage table: 0
      ----------------------------------------------------------



Starting Calculating power
2026-Apr-12 20:37:52 (2026-Apr-12 13:37:52 GMT)
2026-Apr-12 20:37:52 (2026-Apr-12 13:37:52 GMT): 10%
2026-Apr-12 20:37:52 (2026-Apr-12 13:37:52 GMT): 20%
2026-Apr-12 20:37:52 (2026-Apr-12 13:37:52 GMT): 30%
2026-Apr-12 20:37:52 (2026-Apr-12 13:37:52 GMT): 40%
2026-Apr-12 20:37:52 (2026-Apr-12 13:37:52 GMT): 50%
2026-Apr-12 20:37:52 (2026-Apr-12 13:37:52 GMT): 60%
2026-Apr-12 20:37:52 (2026-Apr-12 13:37:52 GMT): 70%
2026-Apr-12 20:37:52 (2026-Apr-12 13:37:52 GMT): 80%
2026-Apr-12 20:37:52 (2026-Apr-12 13:37:52 GMT): 90%

Finished Calculating power
2026-Apr-12 20:37:52 (2026-Apr-12 13:37:52 GMT)
      # of MSMV cell(s) missing power_level: 0
Ended Power Computation: (cpu=0:00:00, real=0:00:00, mem(process/total/peak)=2621.27MB/5330.24MB/2736.68MB)

Begin Processing User Attributes

Begin Processing set_power
Ended Processing set_power: (cpu=0:00:00, real=0:00:00,
mem(process/total/peak)=2621.27MB/5330.24MB/2736.68MB)
Ended Processing User Attributes: (cpu=0:00:00, real=0:00:00, mem(process/total/peak)=2621.27MB/5330.24MB/2736.68MB)

Ended Power Analysis: (cpu=0:00:00, real=0:00:00, mem(process/total/peak)=2621.27MB/5330.24MB/2736.68MB)

Begin Boundary Leakage Calculation
Ended Boundary Leakage Calculation: (cpu=0:00:00, real=0:00:00,
mem(process/total/peak)=2621.27MB/5330.24MB/2736.68MB)
Begin Static Power Report Generation
*----------------------------------------------------------------------------------------
*	Innovus 22.17-s086_1 (64bit) 09/24/2024 10:51 (Linux 3.10.0-693.el7.x86_64)
*	
*
* 	Date & Time:	2026-Apr-12 20:37:52 (2026-Apr-12 13:37:52 GMT)
*
*----------------------------------------------------------------------------------------

*

*	Design: Adder32

*

*	Power Domain used: 

*              Rail:        VDD      Voltage:        0.7 

*

*	Power Units = 1mW

*

*	Time Units = 1e-12 secs 

*

*       report_power -outfile ./timingReports/postCTS.power

*

-----------------------------------------------------------------------------------------

*



Total Power
-----------------------------------------------------------------------------------------
Total Internal Power:        0.05627266 	   73.5862%
Total Switching Power:       0.02017702 	   26.3849%
Total Leakage Power:         0.00002209 	    0.0289%
Total Power:                 0.07647177
-----------------------------------------------------------------------------------------


Group                           Internal   Switching     Leakage       Total  Percentage 
                                Power      Power         Power         Power  (%)        
-----------------------------------------------------------------------------------------
Sequential                       0.04425    0.004026   7.351e-06     0.04828       63.14
Macro                                  0           0           0           0           0
IO                                     0           0           0           0           0
Combinational                    0.01202     0.01615   1.474e-05     0.02819       36.86
Clock (Combinational)                  0           0           0           0           0
Clock (Sequential)                     0           0           0           0           0
-----------------------------------------------------------------------------------------
Total                            0.05627     0.02018   2.209e-05     0.07647         100
-----------------------------------------------------------------------------------------


Rail                  Voltage   Internal   Switching     Leakage       Total  Percentage 
                                Power      Power         Power         Power  (%)        
-----------------------------------------------------------------------------------------
VDD                       0.7    0.05627     0.02018   2.209e-05     0.07647         100
** INFO:  (VOLTUS_POWR-3465): There are 0 decaps and 0 fillers in the design

Ended Static Power Report Generation: (cpu=0:00:00, real=0:00:00,
mem(process/total/peak)=2621.27MB/5330.24MB/2736.68MB)


Output file is ./timingReports/postCTS.power.

------------------------------------------------------------------
     optDesign Final Summary
------------------------------------------------------------------

Setup views included:
 tt 

+--------------------+---------+---------+---------+
|     Setup mode     |   all   | reg2reg | default |
+--------------------+---------+---------+---------+
|           WNS (ns):|  0.010  |   N/A   |  0.010  |
|           TNS (ns):|  0.000  |   N/A   |  0.000  |
|    Violating Paths:|    0    |   N/A   |    0    |
|          All Paths:|   64    |   N/A   |   64    |
+--------------------+---------+---------+---------+

+----------------+-------------------------------+------------------+
|                |              Real             |       Total      |
|    DRVs        +------------------+------------+------------------|
|                |  Nr nets(terms)  | Worst Vio  |  Nr nets(terms)  |
+----------------+------------------+------------+------------------+
|   max_cap      |      0 (0)       |   0.000    |      0 (0)       |
|   max_tran     |      0 (0)       |   0.000    |      0 (0)       |
|   max_fanout   |      0 (0)       |     0      |      0 (0)       |
|   max_length   |      0 (0)       |     0      |      0 (0)       |
+----------------+------------------+------------+------------------+

Density: 67.124%
Routing Overflow: 0.00% H and 0.00% V
------------------------------------------------------------------
**optDesign ... cpu = 0:00:40, real = 0:00:53, mem = 2621.7M, totSessionCpu=0:02:24 **
*** Finished optDesign ***
Info: final physical memory for 3 CRR processes is 743.16MB.
Info: Summary of CRR changes:
      - Timing transform commits:       0
Info: Destroy the CCOpt slew target map.
Set place::cacheFPlanSiteMark to 0

*** Summary of all messages that are not suppressed in this session:
Severity  ID               Count  Summary                                  
WARNING   IMPSP-12502          1  Slack driven placement is disabled becau...
WARNING   IMPSP-9025           1  No scan chain specified/traced.          
ERROR     IMPCCOPT-4334        1  The lib cell '%s' specified in %s was no...
WARNING   IMPCCOPT-2427        3  The target_max_trans %s is too high for ...
WARNING   IMPCCOPT-2015        2  %s will not update I/O latencies for the...
ERROR     IMPTR-2101           1  Layer %s: Pitch=%dx%d is still less than...
WARNING   IMPTR-2104           1  Layer %s: Pitch=%d is less than min widt...
WARNING   IMPTR-2108           1  For layer M%d, the gaps of %d out of %d ...
*** Message Summary: 9 warning(s), 2 error(s)

*** ccopt_design #1 [finish] () : cpu/real = 0:00:47.2/0:01:07.2 (0.7), totSession cpu/real = 0:02:24.2/0:03:05.4 (0.8), mem = 3436.0M
#% End ccopt_design (date=04/12 20:37:59, total cpu=0:00:47.2, real=0:01:08, peak res=2748.9M, current mem=2521.0M)
<CMD> optDesign -prefix postCTS -postCTS -setup -hold
**optDesign ... cpu = 0:00:00, real = 0:00:00, mem = 2521.0M, totSessionCpu=0:02:24 **
*** optDesign #1 [begin] () : totSession cpu/real = 0:02:24.3/0:03:05.4 (0.8), mem = 3360.0M
GigaOpt running with 2 threads.
*** InitOpt #1 [begin] (optDesign #1) : totSession cpu/real = 0:02:24.3/0:03:05.4 (0.8), mem = 3360.0M
**INFO: User settings:
setDesignMode -process                                         7
setDesignMode -topRoutingLayer                                 9
setExtractRCMode -coupling_c_th                                0.1
setExtractRCMode -engine                                       preRoute
setExtractRCMode -relative_c_th                                1
setExtractRCMode -total_c_th                                   0
setUsefulSkewMode -opt_skew_eco_route                          false
setDelayCalMode -enable_high_fanout                            true
setDelayCalMode -eng_enablePrePlacedFlow                       false
setDelayCalMode -engine                                        aae
setDelayCalMode -ignoreNetLoad                                 false
setDelayCalMode -socv_accuracy_mode                            low
setOptMode -opt_view_pruning_setup_views_active_list           { tt }
setOptMode -opt_view_pruning_setup_views_persistent_list       { tt}
setOptMode -opt_view_pruning_tdgr_setup_views_persistent_list  { tt}
setOptMode -opt_drv_margin                                     0
setOptMode -opt_drv                                            true
setOptMode -opt_fix_fanout_load                                true
setOptMode -opt_leakage_to_dynamic_ratio                       0.5
setOptMode -opt_resize_flip_flops                              true
setOptMode -opt_power_effort                                   high
setOptMode -opt_preserve_all_sequential                        false
setOptMode -opt_area_recovery                                  true
setOptMode -opt_setup_target_slack                             0
setPlaceMode -macroPlaceMode                                   0
setPlaceMode -place_design_refine_macro                        true
setPlaceMode -place_detail_preroute_as_obs                     {1 2 3}
setPlaceMode -place_global_auto_blockage_in_channel            soft
setPlaceMode -place_global_cong_effort                         high
setPlaceMode -place_global_module_aware_spare                  true
setPlaceMode -place_global_uniform_density                     true
setAnalysisMode -analysisType                                  single
setAnalysisMode -checkType                                     setup
setAnalysisMode -clkSrcPath                                    true
setAnalysisMode -clockPropagation                              sdcControl
setAnalysisMode -usefulSkew                                    true
setAnalysisMode -virtualIPO                                    false

**INFO: setDesignMode -flowEffort standard -> setting 'setOptMode -allEndPoints true' for the duration of this command.
Need call spDPlaceInit before registerPrioInstLoc.
Info: Using Genus executable '/home/share_file/cadence/installs/DDI221/GENUS221/tools.lnx86/bin/genus'.
      Genus workers will not check out additional licenses.
             0V	    VSS
           0.7V	    VDD

Starting Activity Propagation
2026-Apr-12 20:38:13 (2026-Apr-12 13:38:13 GMT)
2026-Apr-12 20:38:13 (2026-Apr-12 13:38:13 GMT): 10%
2026-Apr-12 20:38:13 (2026-Apr-12 13:38:13 GMT): 20%
2026-Apr-12 20:38:13 (2026-Apr-12 13:38:13 GMT): 30%

Finished Activity Propagation
2026-Apr-12 20:38:13 (2026-Apr-12 13:38:13 GMT)
**optDesign ... cpu = 0:00:16, real = 0:00:29, mem = 2609.6M, totSessionCpu=0:02:40 **
#optDebug: { P: 7 W: 0195 FE: standard PE: high LDR: 0.5}
*** optDesign -postCTS ***
DRC Margin: user margin 0.0; extra margin 0.2
Hold Target Slack: user slack 0
Setup Target Slack: user slack 0; extra slack 0.0
setUsefulSkewMode -opt_skew_eco_route false
**INFO: setOptMode -opt_power_effort high -> Total Power Opt will be called for all Setup Timing optDesign commands, with leakageToDynamicRatio 0.5.
Start to check current routing status for nets...
All nets are already routed correctly.
End to check current routing status for nets (mem=3439.2M)
Compute RC Scale Done ...

------------------------------------------------------------------
             Initial Summary
------------------------------------------------------------------

Setup views included:
 tt 

+--------------------+---------+---------+---------+
|     Setup mode     |   all   | reg2reg | default |
+--------------------+---------+---------+---------+
|           WNS (ns):|  0.010  |   N/A   |  0.010  |
|           TNS (ns):|  0.000  |   N/A   |  0.000  |
|    Violating Paths:|    0    |   N/A   |    0    |
|          All Paths:|   64    |   N/A   |   64    |
+--------------------+---------+---------+---------+

+----------------+-------------------------------+------------------+
|                |              Real             |       Total      |
|    DRVs        +------------------+------------+------------------|
|                |  Nr nets(terms)  | Worst Vio  |  Nr nets(terms)  |
+----------------+------------------+------------+------------------+
|   max_cap      |      0 (0)       |   0.000    |      0 (0)       |
|   max_tran     |      0 (0)       |   0.000    |      0 (0)       |
|   max_fanout   |      0 (0)       |     0      |      0 (0)       |
|   max_length   |      0 (0)       |     0      |      0 (0)       |
+----------------+------------------+------------+------------------+

Density: 67.124%
Routing Overflow: 0.00% H and 0.00% V
------------------------------------------------------------------
**optDesign ... cpu = 0:00:16, real = 0:00:29, mem = 2693.9M, totSessionCpu=0:02:41 **
*** InitOpt #1 [finish] (optDesign #1) : cpu/real = 0:00:16.3/0:00:29.7 (0.5), totSession cpu/real = 0:02:40.6/0:03:35.1 (0.7), mem = 3499.4M
** INFO : this run is activating low effort ccoptDesign flow
OPTC: m4 20.0 50.0 [ 50.0 20.0 50.0 ]
OPTC: view 50.0 [ 0.0500 ]

Power view               = tt
Number of VT partitions  = 2
Standard cells in design = 202
Instances in design      = 227

Instance distribution across the VT partitions:

 LVT : inst = 13 (5.7%), cells = 49 (24.26%)
   Lib asap7sc7p5t_AO_RVT_TT_ccs_211120 : inst = 2 (0.9%)
   Lib asap7sc7p5t_INVBUF_RVT_TT_ccs_211120 : inst = 0 (0.0%)
   Lib asap7sc7p5t_OA_RVT_TT_ccs_211120 : inst = 5 (2.2%)
   Lib asap7sc7p5t_SEQ_RVT_TT_ccs_220123 : inst = 0 (0.0%)
   Lib asap7sc7p5t_SIMPLE_RVT_TT_ccs_211120 : inst = 6 (2.6%)

 HVT : inst = 199 (87.7%), cells = 109 (53.96%)
   Lib asap7sc7p5t_AO_RVT_TT_ccs_211120 : inst = 15 (6.6%)
   Lib asap7sc7p5t_INVBUF_RVT_TT_ccs_211120 : inst = 22 (9.7%)
   Lib asap7sc7p5t_OA_RVT_TT_ccs_211120 : inst = 15 (6.6%)
   Lib asap7sc7p5t_SEQ_RVT_TT_ccs_220123 : inst = 32 (14.1%)
   Lib asap7sc7p5t_SIMPLE_RVT_TT_ccs_211120 : inst = 115 (50.7%)

Reporting took 0 sec
-opt_post_cts_congestion_repair false      # bool, default=false, private
Begin: GigaOpt Route Type Constraints Refinement
*** CongRefineRouteType #1 [begin] (optDesign #1) : totSession cpu/real = 0:02:40.8/0:03:35.4 (0.7), mem = 3467.3M
Updated routing constraints on 0 nets.
Bottom Preferred Layer:
+-----------+------------+----------+
|   Layer   |    CLK     |   Rule   |
+-----------+------------+----------+
| M2 (z=2)  |          1 | default  |
+-----------+------------+----------+
Via Pillar Rule:
    None
*** CongRefineRouteType #1 [finish] (optDesign #1) : cpu/real = 0:00:00.0/0:00:00.0 (1.1), totSession cpu/real = 0:02:40.8/0:03:35.4 (0.7), mem = 3483.4M
End: GigaOpt Route Type Constraints Refinement
#InfoCS: Num dontuse cells 0, Num usable cells 213
optDesignOneStep: Power Flow
#InfoCS: Num dontuse cells 0, Num usable cells 213
*** SimplifyNetlist #1 [begin] (optDesign #1) : totSession cpu/real = 0:02:40.8/0:03:35.4 (0.7), mem = 3483.4M
Info: 1 net with fixed/cover wires excluded.
Info: 1 clock net  excluded from IPO operation.
(I,S,L,T): tt: 0.0562282, 0.020177, 2.13264e-05, 0.0764266
(I,S,L) ClockInsts: tt: 0, 0, 0

Netlist preparation processing... 
Removed 0 instance
*info: Marking 0 isolation instances dont touch
*info: Marking 0 level shifter instances dont touch
(I,S,L,T): tt: 0.0562282, 0.020177, 2.13264e-05, 0.0764266
(I,S,L) ClockInsts: tt: 0, 0, 0
*** SimplifyNetlist #1 [finish] (optDesign #1) : cpu/real = 0:00:01.0/0:00:01.1 (0.9), totSession cpu/real = 0:02:41.8/0:03:36.5 (0.7), mem = 3499.7M
*** ExcludedClockNetOpt #1 [begin] (optDesign #1) : totSession cpu/real = 0:02:41.8/0:03:36.5 (0.7), mem = 3499.7M
*** Starting optimizing excluded clock nets MEM= 3499.7M) ***
*info: No excluded clock nets to be optimized.
*** Finished optimizing excluded clock nets (CPU Time= 0:00:00.0  MEM= 3499.7M) ***
*** ExcludedClockNetOpt #1 [finish] (optDesign #1) : cpu/real = 0:00:00.0/0:00:00.0 (0.0), totSession cpu/real = 0:02:41.8/0:03:36.5 (0.7), mem = 3499.7M
*** ExcludedClockNetOpt #2 [begin] (optDesign #1) : totSession cpu/real = 0:02:41.8/0:03:36.5 (0.7), mem = 3499.7M
*** Starting optimizing excluded clock nets MEM= 3499.7M) ***
*info: No excluded clock nets to be optimized.
*** Finished optimizing excluded clock nets (CPU Time= 0:00:00.0  MEM= 3499.7M) ***
*** ExcludedClockNetOpt #2 [finish] (optDesign #1) : cpu/real = 0:00:00.0/0:00:00.0 (0.0), totSession cpu/real = 0:02:41.8/0:03:36.5 (0.7), mem = 3499.7M
Info: Done creating the CCOpt slew target map.
Begin: GigaOpt high fanout net optimization
*** DrvOpt #1 [begin] (optDesign #1) : totSession cpu/real = 0:02:41.8/0:03:36.5 (0.7), mem = 3499.7M
Info: 1 net with fixed/cover wires excluded.
Info: 1 clock net  excluded from IPO operation.
(I,S,L,T): tt: 0.0562282, 0.020177, 2.13264e-05, 0.0764266
(I,S,L) ClockInsts: tt: 0, 0, 0
(I,S,L,T): tt: 0.0562282, 0.020177, 2.13264e-05, 0.0764266
(I,S,L) ClockInsts: tt: 0, 0, 0
*** DrvOpt #1 [finish] (optDesign #1) : cpu/real = 0:00:01.3/0:00:01.3 (1.0), totSession cpu/real = 0:02:43.1/0:03:37.8 (0.7), mem = 3500.0M
End: GigaOpt high fanout net optimization
skipped the cell partition in DRV
Leakage Power Opt: re-selecting buf/inv list 
#InfoCS: Num dontuse cells 0, Num usable cells 213
optDesignOneStep: Power Flow
#InfoCS: Num dontuse cells 0, Num usable cells 213
Begin: GigaOpt Global Optimization
*info: use new DP (enabled)
Info: 1 net with fixed/cover wires excluded.
Info: 1 clock net  excluded from IPO operation.
*** GlobalOpt #1 [begin] (optDesign #1) : totSession cpu/real = 0:02:43.1/0:03:37.9 (0.7), mem = 3500.0M
(I,S,L,T): tt: 0.0562282, 0.020177, 2.13264e-05, 0.0764266
(I,S,L) ClockInsts: tt: 0, 0, 0
*info: 1 clock net excluded
*info: 1 net with fixed/cover wires excluded.
** GigaOpt Global Opt WNS Slack 0.000  TNS Slack 0.000 
+--------+--------+---------+------------+--------+----------+---------+--------------+
|  WNS   |  TNS   | Density |    Real    |  Mem   |Worst View|Pathgroup|  End Point   |
+--------+--------+---------+------------+--------+----------+---------+--------------+
|   0.000|   0.000|   67.12%|   0:00:00.0| 3591.2M|        tt|       NA| NA           |
+--------+--------+---------+------------+--------+----------+---------+--------------+

*** Finish post-CTS Global Setup Fixing (cpu=0:00:00.0 real=0:00:00.0 mem=3591.2M) ***

*** Finish post-CTS Setup Fixing (cpu=0:00:00.0 real=0:00:00.0 mem=3591.2M) ***
Bottom Preferred Layer:
+-----------+------------+----------+
|   Layer   |    CLK     |   Rule   |
+-----------+------------+----------+
| M2 (z=2)  |          1 | default  |
+-----------+------------+----------+
Via Pillar Rule:
    None
** GigaOpt Global Opt End WNS Slack 0.000  TNS Slack 0.000 
(I,S,L,T): tt: 0.0562282, 0.020177, 2.13264e-05, 0.0764266
(I,S,L) ClockInsts: tt: 0, 0, 0
*** GlobalOpt #1 [finish] (optDesign #1) : cpu/real = 0:00:04.4/0:00:04.2 (1.0), totSession cpu/real = 0:02:47.5/0:03:42.1 (0.8), mem = 3502.2M
End: GigaOpt Global Optimization
Leakage Power Opt: resetting the buf/inv selection
*** Timing Is met
*** Check timing (0:00:00.0)
#InfoCS: Num dontuse cells 0, Num usable cells 213
optDesignOneStep: Power Flow
#InfoCS: Num dontuse cells 0, Num usable cells 213
Info: 1 net with fixed/cover wires excluded.
Info: 1 clock net  excluded from IPO operation.

Begin: Area Power Optimization
Begin: Area Power Reclaim Optimization
*** AreaOpt #1 [begin] (optDesign #1) : totSession cpu/real = 0:02:47.5/0:03:42.1 (0.8), mem = 3605.5M
(I,S,L,T): tt: 0.0562282, 0.020177, 2.13264e-05, 0.0764266
(I,S,L) ClockInsts: tt: 0, 0, 0
Reclaim Optimization WNS Slack 0.010  TNS Slack 0.000 Density 67.12
+---------+---------+--------+--------+------------+--------+
| Density | Commits |  WNS   |  TNS   |    Real    |  Mem   |
+---------+---------+--------+--------+------------+--------+
|   67.12%|        -|   0.010|   0.000|   0:00:00.0| 3607.5M|
|   67.12%|        0|   0.010|   0.000|   0:00:00.0| 3609.5M|
|   67.12%|        0|   0.010|   0.000|   0:00:00.0| 3609.5M|
|   67.12%|        0|   0.010|   0.000|   0:00:00.0| 3609.5M|
|   67.12%|        0|   0.010|   0.000|   0:00:00.0| 3609.5M|
|   67.12%|        0|   0.010|   0.000|   0:00:00.0| 3609.5M|
|   67.12%|        0|   0.010|   0.000|   0:00:00.0| 3609.5M|
+---------+---------+--------+--------+------------+--------+
Reclaim Optimization End WNS Slack 0.010  TNS Slack 0.000 Density 67.12
Bottom Preferred Layer:
+-----------+------------+----------+
|   Layer   |    CLK     |   Rule   |
+-----------+------------+----------+
| M2 (z=2)  |          1 | default  |
+-----------+------------+----------+
Via Pillar Rule:
    None

Number of times islegalLocAvaiable called = 0 skipped = 0, called in commitmove = 0, skipped in commitmove = 0
End: Core Area Reclaim Optimization (cpu = 0:00:01.1) (real = 0:00:01.0) **
(I,S,L,T): tt: 0.0562282, 0.020177, 2.13264e-05, 0.0764266
(I,S,L) ClockInsts: tt: 0, 0, 0
*** AreaOpt #1 [finish] (optDesign #1) : cpu/real = 0:00:01.1/0:00:01.0 (1.1), totSession cpu/real = 0:02:48.6/0:03:43.1 (0.8), mem = 3609.5M
Executing incremental physical updates
Executing incremental physical updates
End: Area Reclaim Optimization (cpu=0:00:01, real=0:00:01, mem=3504.46M, totSessionCpu=0:02:49).
skipped the cell partition in DRV
#InfoCS: Num dontuse cells 0, Num usable cells 213
optDesignOneStep: Power Flow
#InfoCS: Num dontuse cells 0, Num usable cells 213
Begin: GigaOpt Optimization in WNS mode
Info: 1 net with fixed/cover wires excluded.
Info: 1 clock net  excluded from IPO operation.
*** WnsOpt #1 [begin] (optDesign #1) : totSession cpu/real = 0:02:48.6/0:03:43.1 (0.8), mem = 3504.5M
(I,S,L,T): tt: 0.0562282, 0.020177, 2.13264e-05, 0.0764266
(I,S,L) ClockInsts: tt: 0, 0, 0
*info: 1 clock net excluded
*info: 1 net with fixed/cover wires excluded.
** GigaOpt Optimizer WNS Slack 0.009 TNS Slack 0.000 Density 67.12
OptDebug: End of Setup Fixing:
+----------+-----+-----+
|Path Group|  WNS|  TNS|
+----------+-----+-----+
|default   |0.010|0.000|
|reg2reg   |0.000|0.000|
|HEPG      |0.000|0.000|
|All Paths |0.010|0.000|
+----------+-----+-----+

Bottom Preferred Layer:
+-----------+------------+----------+
|   Layer   |    CLK     |   Rule   |
+-----------+------------+----------+
| M2 (z=2)  |          1 | default  |
+-----------+------------+----------+
Via Pillar Rule:
    None

*** Finish post-CTS Setup Fixing (cpu=0:00:00.0 real=0:00:00.0 mem=3607.7M) ***

(I,S,L,T): tt: 0.0562282, 0.020177, 2.13264e-05, 0.0764266
(I,S,L) ClockInsts: tt: 0, 0, 0
*** WnsOpt #1 [finish] (optDesign #1) : cpu/real = 0:00:04.0/0:00:04.0 (1.0), totSession cpu/real = 0:02:52.7/0:03:47.2 (0.8), mem = 3502.7M
End: GigaOpt Optimization in WNS mode
#InfoCS: Num dontuse cells 0, Num usable cells 213
optDesignOneStep: Power Flow
#InfoCS: Num dontuse cells 0, Num usable cells 213
GigaOpt: target slack met, skip TNS optimization
Info: 1 net with fixed/cover wires excluded.
Info: 1 clock net  excluded from IPO operation.

Begin: Area Power Optimization
Begin: Area Power Reclaim Optimization
*** AreaOpt #2 [begin] (optDesign #1) : totSession cpu/real = 0:02:52.7/0:03:47.2 (0.8), mem = 3603.9M
(I,S,L,T): tt: 0.0562282, 0.020177, 2.13264e-05, 0.0764266
(I,S,L) ClockInsts: tt: 0, 0, 0
Reclaim Optimization WNS Slack 0.010  TNS Slack 0.000 Density 67.12
+---------+---------+--------+--------+------------+--------+
| Density | Commits |  WNS   |  TNS   |    Real    |  Mem   |
+---------+---------+--------+--------+------------+--------+
|   67.12%|        -|   0.010|   0.000|   0:00:00.0| 3607.9M|
|   67.12%|        0|   0.010|   0.000|   0:00:00.0| 3608.9M|
|   67.12%|        0|   0.010|   0.000|   0:00:00.0| 3608.9M|
|   67.12%|        0|   0.010|   0.000|   0:00:00.0| 3608.9M|
|   67.12%|        0|   0.010|   0.000|   0:00:00.0| 3608.9M|
|   67.12%|        0|   0.010|   0.000|   0:00:00.0| 3608.9M|
|   67.12%|        0|   0.010|   0.000|   0:00:00.0| 3608.9M|
+---------+---------+--------+--------+------------+--------+
Reclaim Optimization End WNS Slack 0.010  TNS Slack 0.000 Density 67.12
Bottom Preferred Layer:
+-----------+------------+----------+
|   Layer   |    CLK     |   Rule   |
+-----------+------------+----------+
| M2 (z=2)  |          1 | default  |
+-----------+------------+----------+
Via Pillar Rule:
    None

Number of times islegalLocAvaiable called = 0 skipped = 0, called in commitmove = 0, skipped in commitmove = 0
End: Core Area Reclaim Optimization (cpu = 0:00:01.1) (real = 0:00:01.0) **
*** Starting refinePlace (0:02:54 mem=3608.9M) ***
Total net bbox length = 2.705e+03 (1.436e+03 1.269e+03) (ext = 1.627e+03)
Move report: Detail placement moves 0 insts, mean move: 0.00 um, max move: 0.00 um 
	Runtime: CPU: 0:00:00.0 REAL: 0:00:00.0 MEM: 3592.9MB
Summary Report:
Instances move: 0 (out of 227 movable)
Instances flipped: 0
Mean displacement: 0.00 um
Max displacement: 0.00 um 
Total net bbox length = 2.705e+03 (1.436e+03 1.269e+03) (ext = 1.627e+03)
Runtime: CPU: 0:00:00.0 REAL: 0:00:00.0 MEM: 3592.9MB
*** Finished refinePlace (0:02:54 mem=3592.9M) ***
*** maximum move = 0.00 um ***
*** Finished re-routing un-routed nets (3592.9M) ***

*** Finish Physical Update (cpu=0:00:00.0 real=0:00:00.0 mem=3608.9M) ***
(I,S,L,T): tt: 0.0562282, 0.020177, 2.13264e-05, 0.0764266
(I,S,L) ClockInsts: tt: 0, 0, 0
*** AreaOpt #2 [finish] (optDesign #1) : cpu/real = 0:00:01.1/0:00:01.1 (1.1), totSession cpu/real = 0:02:53.8/0:03:48.3 (0.8), mem = 3608.9M
End: Area Reclaim Optimization (cpu=0:00:01, real=0:00:01, mem=3505.94M, totSessionCpu=0:02:54).
**optDesign ... cpu = 0:00:30, real = 0:00:42, mem = 2709.3M, totSessionCpu=0:02:54 **

------------------------------------------------------------------
        Before Power Reclaim
------------------------------------------------------------------

Setup views included:
 tt 

+--------------------+---------+---------+---------+
|     Setup mode     |   all   | reg2reg | default |
+--------------------+---------+---------+---------+
|           WNS (ns):|  0.010  |   N/A   |  0.010  |
|           TNS (ns):|  0.000  |   N/A   |  0.000  |
|    Violating Paths:|    0    |   N/A   |    0    |
|          All Paths:|   64    |   N/A   |   64    |
+--------------------+---------+---------+---------+

+----------------+-------------------------------+------------------+
|                |              Real             |       Total      |
|    DRVs        +------------------+------------+------------------|
|                |  Nr nets(terms)  | Worst Vio  |  Nr nets(terms)  |
+----------------+------------------+------------+------------------+
|   max_cap      |      0 (0)       |   0.000    |      0 (0)       |
|   max_tran     |      0 (0)       |   0.000    |      0 (0)       |
|   max_fanout   |      0 (0)       |     0      |      0 (0)       |
|   max_length   |      0 (0)       |     0      |      0 (0)       |
+----------------+------------------+------------+------------------+

Density: 67.124%
Routing Overflow: 0.00% H and 0.00% V
------------------------------------------------------------------
Info: 1 net with fixed/cover wires excluded.
Info: 1 clock net  excluded from IPO operation.

Begin: Power Optimization
env CDS_WORKAREA is set to /data/tkvm2/Asap7design/adder
Using Power View: tt.

Begin Power Analysis

             0V	    VSS
           0.7V	    VDD
Begin Processing Timing Library for Power Calculation

Ended Processing Timing Library for Power Calculation: (cpu=0:00:00, real=0:00:00, mem(process/total/peak)=2732.98MB/5526.05MB/2736.68MB)



Begin Processing Power Net/Grid for Power Calculation

Ended Processing Power Net/Grid for Power Calculation: (cpu=0:00:00, real=0:00:00, mem(process/total/peak)=2732.98MB/5526.05MB/2736.68MB)

Begin Processing Timing Window Data for Power Calculation

Ended Processing Timing Window Data for Power Calculation: (cpu=0:00:00, real=0:00:00, mem(process/total/peak)=2732.98MB/5526.05MB/2736.68MB)

Begin Processing User Attributes

Ended Processing User Attributes: (cpu=0:00:00, real=0:00:00, mem(process/total/peak)=2732.98MB/5526.05MB/2736.68MB)

Begin Processing Signal Activity


Starting Activity Propagation
2026-Apr-12 20:38:42 (2026-Apr-12 13:38:42 GMT)
2026-Apr-12 20:38:42 (2026-Apr-12 13:38:42 GMT): 10%
2026-Apr-12 20:38:42 (2026-Apr-12 13:38:42 GMT): 20%
2026-Apr-12 20:38:42 (2026-Apr-12 13:38:42 GMT): 30%

Finished Activity Propagation
2026-Apr-12 20:38:42 (2026-Apr-12 13:38:42 GMT)
Ended Processing Signal Activity: (cpu=0:00:00, real=0:00:00, mem(process/total/peak)=2732.98MB/5526.05MB/2736.68MB)

Begin Power Computation

      ----------------------------------------------------------
      # of cell(s) missing both power/leakage table: 0
      # of cell(s) missing power table: 0
      # of cell(s) missing leakage table: 0
      ----------------------------------------------------------



Starting Calculating power
2026-Apr-12 20:38:42 (2026-Apr-12 13:38:42 GMT)
2026-Apr-12 20:38:42 (2026-Apr-12 13:38:42 GMT): 10%
2026-Apr-12 20:38:42 (2026-Apr-12 13:38:42 GMT): 20%
2026-Apr-12 20:38:42 (2026-Apr-12 13:38:42 GMT): 30%
2026-Apr-12 20:38:42 (2026-Apr-12 13:38:42 GMT): 40%
2026-Apr-12 20:38:42 (2026-Apr-12 13:38:42 GMT): 50%
2026-Apr-12 20:38:42 (2026-Apr-12 13:38:42 GMT): 60%
2026-Apr-12 20:38:42 (2026-Apr-12 13:38:42 GMT): 70%
2026-Apr-12 20:38:42 (2026-Apr-12 13:38:42 GMT): 80%
2026-Apr-12 20:38:42 (2026-Apr-12 13:38:42 GMT): 90%

Finished Calculating power
2026-Apr-12 20:38:42 (2026-Apr-12 13:38:42 GMT)
      # of MSMV cell(s) missing power_level: 0
Ended Power Computation: (cpu=0:00:00, real=0:00:00, mem(process/total/peak)=2734.48MB/5530.06MB/2736.68MB)

Begin Processing User Attributes

Begin Processing set_power
Ended Processing set_power: (cpu=0:00:00, real=0:00:00,
mem(process/total/peak)=2734.48MB/5530.06MB/2736.68MB)
Ended Processing User Attributes: (cpu=0:00:00, real=0:00:00, mem(process/total/peak)=2734.48MB/5530.06MB/2736.68MB)

Ended Power Analysis: (cpu=0:00:00, real=0:00:00, mem(process/total/peak)=2734.48MB/5530.06MB/2736.68MB)

Begin Boundary Leakage Calculation
Ended Boundary Leakage Calculation: (cpu=0:00:00, real=0:00:00,
mem(process/total/peak)=2734.48MB/5530.06MB/2736.68MB)
Begin Static Power Report Generation
*----------------------------------------------------------------------------------------
*	Innovus 22.17-s086_1 (64bit) 09/24/2024 10:51 (Linux 3.10.0-693.el7.x86_64)
*	
*
* 	Date & Time:	2026-Apr-12 20:38:42 (2026-Apr-12 13:38:42 GMT)
*
*----------------------------------------------------------------------------------------
*
*	Design: Adder32
*
*	Parasitic Files used:
*
*	Power Units = 1mW
*
*	Time Units = 1e-12 secs
*
*       report_power
*
-----------------------------------------------------------------------------------------
*



Total Power
-----------------------------------------------------------------------------------------
Total Internal Power:        0.05627266 	   73.5862%
Total Switching Power:       0.02017702 	   26.3849%
Total Leakage Power:         0.00002209 	    0.0289%
Total Power:                 0.07647177
-----------------------------------------------------------------------------------------


Group                           Internal   Switching     Leakage       Total  Percentage 
                                Power      Power         Power         Power  (%)        
-----------------------------------------------------------------------------------------
Sequential                       0.04425    0.004026   7.351e-06     0.04828       63.14
Macro                                  0           0           0           0           0
IO                                     0           0           0           0           0
Combinational                    0.01202     0.01615   1.474e-05     0.02819       36.86
Clock (Combinational)                  0           0           0           0           0
Clock (Sequential)                     0           0           0           0           0
-----------------------------------------------------------------------------------------
Total                            0.05627     0.02018   2.209e-05     0.07647         100
-----------------------------------------------------------------------------------------


Rail                  Voltage   Internal   Switching     Leakage       Total  Percentage 
                                Power      Power         Power         Power  (%)        
-----------------------------------------------------------------------------------------
VDD                       0.7    0.05627     0.02018   2.209e-05     0.07647         100
 
 
-----------------------------------------------------------------------------------------
*	Power Distribution Summary: 
*              Highest Average Power:                 oS_reg[9] (DFFHQNx1_ASAP7_75t_R):         0.001532
*              Highest Leakage Power:                 oS_reg[0] (DFFHQNx1_ASAP7_75t_R):        2.298e-07
*                Total Cap:      2.93719e-13 F
*                Total instances in design:   227
*                Total instances in design with no power:     0
*                Total instances in design with no activty:     0

*                Total Fillers and Decap:     0
-----------------------------------------------------------------------------------------
 
** INFO:  (VOLTUS_POWR-3465): There are 0 decaps and 0 fillers in the design

Ended Static Power Report Generation: (cpu=0:00:00, real=0:00:00,
mem(process/total/peak)=2734.48MB/5530.06MB/2736.68MB)

OptDebug: Start of Power Reclaim:
+----------+-----+-----+
|Path Group|  WNS|  TNS|
+----------+-----+-----+
|default   |0.010|0.000|
|reg2reg   |0.000|0.000|
|HEPG      |0.000|0.000|
|All Paths |0.010|0.000|
+----------+-----+-----+

Begin: Core Power Optimization
*** PowerOpt #1 [begin] (optDesign #1) : totSession cpu/real = 0:02:54.1/0:03:48.6 (0.8), mem = 3702.6M
(I,S,L,T): tt: 0.0562282, 0.020177, 2.13264e-05, 0.0764266
(I,S,L) ClockInsts: tt: 0, 0, 0
+---------+---------+--------+--------+------------+--------+
| Density | Commits |  WNS   |  TNS   |    Real    |  Mem   |
+---------+---------+--------+--------+------------+--------+
|   67.12%|        -|  -0.029|   0.000|   0:00:00.0| 3702.6M|
|   67.12%|       10|  -0.029|   0.000|   0:00:00.0| 3742.7M|
+---------+---------+--------+--------+------------+--------+
Bottom Preferred Layer:
+-----------+------------+----------+
|   Layer   |    CLK     |   Rule   |
+-----------+------------+----------+
| M2 (z=2)  |          1 | default  |
+-----------+------------+----------+
Via Pillar Rule:
    None

Number of insts committed for which the initial cell was dont use = 0

Number of times islegalLocAvaiable called = 0 skipped = 0, called in commitmove = 0, skipped in commitmove = 0
Info : Out of 33 seq cells, 0 cells are internal dont use, and 0 cells are db dont use.
End: Core Power Optimization (cpu = 0:00:00.8) (real = 0:00:00.0) **
(I,S,L,T): tt: 0.0562282, 0.020177, 2.13264e-05, 0.0764266
(I,S,L) ClockInsts: tt: 0, 0, 0
*** PowerOpt #1 [finish] (optDesign #1) : cpu/real = 0:00:00.8/0:00:00.7 (1.2), totSession cpu/real = 0:02:54.9/0:03:49.2 (0.8), mem = 3742.7M
OptDebug: End of Power Reclaim:
+----------+-----+-----+
|Path Group|  WNS|  TNS|
+----------+-----+-----+
|default   |0.009|0.000|
|reg2reg   |0.000|0.000|
|HEPG      |0.000|0.000|
|All Paths |0.009|0.000|
+----------+-----+-----+

End: Power Optimization (cpu=0:00:01, real=0:00:00, mem=3588.73M, totSessionCpu=0:02:55).
Storing power gain ratio parameter in DB at postCts power optimization stage 0
**optDesign ... cpu = 0:00:31, real = 0:00:43, mem = 2787.6M, totSessionCpu=0:02:55 **
*** LocalWireReclaim #1 [begin] (optDesign #1) : totSession cpu/real = 0:02:54.9/0:03:49.2 (0.8), mem = 3588.7M
Starting local wire reclaim
*** Starting refinePlace (0:02:55 mem=3588.7M) ***
**WARN: (IMPSP-12502):	Slack driven placement is disabled because either timing libraries or timing constraint files are not provided.
**WARN: AAE based timing driven is off.
Call icdpEval cleanup ...
Move report: Detail placement moves 26 insts, mean move: 1.58 um, max move: 4.10 um 
	Max move on inst (add_8_11_g1254): (18.14, 23.76) --> (19.01, 27.00)
	Runtime: CPU: 0:00:02.8 REAL: 0:00:02.0 MEM: 3596.7MB
Summary Report:
Instances move: 26 (out of 227 movable)
Instances flipped: 0
Mean displacement: 1.58 um
Max displacement: 4.10 um (Instance: add_8_11_g1254) (18.144, 23.76) -> (19.008, 27)
	Length: 3 sites, height: 1 rows, site name: asap7sc7p5t, cell type: INVxp33_ASAP7_75t_R
Runtime: CPU: 0:00:02.8 REAL: 0:00:02.0 MEM: 3596.7MB
*** Finished refinePlace (0:02:58 mem=3596.7M) ***
*** LocalWireReclaim #1 [finish] (optDesign #1) : cpu/real = 0:00:02.8/0:00:01.9 (1.5), totSession cpu/real = 0:02:57.7/0:03:51.1 (0.8), mem = 3596.7M
eGR doReRoute: optGuide
[NR-eGR] Early global route reroute all routable nets
[NR-eGR] Track table information for default rule: 
[NR-eGR] M1 has single uniform track structure
[NR-eGR] M2 has non-uniform track structures
[NR-eGR] M3 has single uniform track structure
[NR-eGR] M4 has single uniform track structure
[NR-eGR] M5 has single uniform track structure
[NR-eGR] M6 has single uniform track structure
[NR-eGR] M7 has single uniform track structure
[NR-eGR] M8 has single uniform track structure
[NR-eGR] M9 has single uniform track structure
[NR-eGR] Pad has single uniform track structure
[NR-eGR] Read 24 PG shapes
[NR-eGR] Read 0 clock shapes
[NR-eGR] Read 0 other shapes
[NR-eGR] #Routing Blockages  : 0
[NR-eGR] #Bump Blockages     : 0
[NR-eGR] #Instance Blockages : 96
[NR-eGR] #PG Blockages       : 24
[NR-eGR] #Halo Blockages     : 0
[NR-eGR] #Boundary Blockages : 0
[NR-eGR] #Clock Blockages    : 0
[NR-eGR] #Other Blockages    : 0
[NR-eGR] Num Prerouted Nets = 1  Num Prerouted Wires = 78
[NR-eGR] Read 299 nets ( ignored 1 )
[NR-eGR] ============ Routing rule table ============
[NR-eGR] Rule id: 0  Rule name: (Default)  Nets: 298
[NR-eGR] ========================================
[NR-eGR] 
[NR-eGR] Layer group 1: route 298 net(s) in layer range [2, 9]
[NR-eGR] Early Global Route overflow of layer group 1: 0.00% H + 0.00% V. EstWL: 2.566080e+03um
[NR-eGR] Congestion Analysis By layer: (blocked Gcells are excluded) 
[NR-eGR]                        OverCon            
[NR-eGR]                         #Gcell     %Gcell
[NR-eGR]        Layer             (1-0)    OverCon
[NR-eGR] ----------------------------------------------
[NR-eGR]      M1 ( 1)         0( 0.00%)   ( 0.00%) 
[NR-eGR]      M2 ( 2)         0( 0.00%)   ( 0.00%) 
[NR-eGR]      M3 ( 3)         0( 0.00%)   ( 0.00%) 
[NR-eGR]      M4 ( 4)         0( 0.00%)   ( 0.00%) 
[NR-eGR]      M5 ( 5)         0( 0.00%)   ( 0.00%) 
[NR-eGR]      M6 ( 6)         0( 0.00%)   ( 0.00%) 
[NR-eGR]      M7 ( 7)         0( 0.00%)   ( 0.00%) 
[NR-eGR]      M8 ( 8)         0( 0.00%)   ( 0.00%) 
[NR-eGR]      M9 ( 9)         0( 0.00%)   ( 0.00%) 
[NR-eGR] ----------------------------------------------
[NR-eGR]        Total         0( 0.00%)   ( 0.00%) 
[NR-eGR] 
[NR-eGR] Overflow after Early Global Route 0.00% H + 0.00% V
[NR-eGR] Connected 0 must-join pins/ports (post-process)
[NR-eGR] Total eGR-routed clock nets wire length: 0um, number of vias: 0
[NR-eGR] --------------------------------------------------------------------------
[NR-eGR]              Length (um)  Vias 
[NR-eGR] -------------------------------
[NR-eGR]  M1   (1V)             0   717 
[NR-eGR]  M2   (2H)           771   826 
[NR-eGR]  M3   (3V)           802   113 
[NR-eGR]  M4   (4H)           466   110 
[NR-eGR]  M5   (5V)           341   102 
[NR-eGR]  M6   (6H)           244    60 
[NR-eGR]  M7   (7V)           171     2 
[NR-eGR]  M8   (8H)             1     0 
[NR-eGR]  M9   (9V)             0     0 
[NR-eGR]  Pad  (10H)            0     0 
[NR-eGR] -------------------------------
[NR-eGR]       Total         2796  1930 
[NR-eGR] --------------------------------------------------------------------------
[NR-eGR] Total half perimeter of net bounding box: 2695um
[NR-eGR] Total length: 2796um, number of vias: 1930
[NR-eGR] --------------------------------------------------------------------------
[NR-eGR] Finished Early Global Route kernel ( CPU: 0.02 sec, Real: 0.04 sec, Curr Mem: 3.43 MB )
Extraction called for design 'Adder32' of instances=227 and nets=301 using extraction engine 'preRoute' .
PreRoute RC Extraction called for design Adder32.
RC Extraction called in multi-corner(1) mode.
RCMode: PreRoute
      RC Corner Indexes            0   
Capacitance Scaling Factor   : 1.00000 
Resistance Scaling Factor    : 1.00000 
Clock Cap. Scaling Factor    : 1.00000 
Clock Res. Scaling Factor    : 1.00000 
Shrink Factor                : 1.00000
PreRoute extraction is honoring NDR/Shielding/ExtraSpace for clock nets.
Using Quantus QRC technology file ...
Updating RC Grid density data for preRoute extraction ...
Initializing multi-corner resistance tables ...
PreRoute RC Extraction DONE (CPU Time: 0:00:00.0  Real Time: 0:00:00.0  MEM: 3597.215M)
Compute RC Scale Done ...
[hotspot] +------------+---------------+---------------+
[hotspot] |            |   max hotspot | total hotspot |
[hotspot] +------------+---------------+---------------+
[hotspot] | normalized |          0.00 |          0.00 |
[hotspot] +------------+---------------+---------------+
Local HotSpot Analysis: normalized max congestion hotspot area = 0.00, normalized total congestion hotspot area = 0.00 (area is in unit of 4 std-cell row bins)
Begin: GigaOpt Route Type Constraints Refinement
*** CongRefineRouteType #2 [begin] (optDesign #1) : totSession cpu/real = 0:02:57.8/0:03:51.3 (0.8), mem = 3642.3M
Updated routing constraints on 0 nets.
Bottom Preferred Layer:
+-----------+------------+----------+
|   Layer   |    CLK     |   Rule   |
+-----------+------------+----------+
| M2 (z=2)  |          1 | default  |
+-----------+------------+----------+
Via Pillar Rule:
    None
*** CongRefineRouteType #2 [finish] (optDesign #1) : cpu/real = 0:00:00.0/0:00:00.0 (0.5), totSession cpu/real = 0:02:57.8/0:03:51.3 (0.8), mem = 3642.3M
End: GigaOpt Route Type Constraints Refinement
skip EGR on cluster skew clock nets.
AAE_INFO: opIsDesignInPostRouteState() is 0
#################################################################################
# Design Stage: PreRoute
# Design Name: Adder32
# Design Mode: 7nm
# Analysis Mode: MMMC Non-OCV 
# Parasitics Mode: No SPEF/RCDB 
# Signoff Settings: SI Off 
#################################################################################
Calculate delays in Single mode...
Start delay calculation (fullDC) (2 T). (MEM=3635.81)
Total number of fetched objects 299
End delay calculation. (MEM=3707.65 CPU=0:00:00.1 REAL=0:00:00.0)
End delay calculation (fullDC). (MEM=3707.65 CPU=0:00:00.1 REAL=0:00:00.0)
OPT: Doing preprocessing before recovery...
OptDebug: Start of preprocessForPowerRecovery:
+----------+-----+-----+
|Path Group|  WNS|  TNS|
+----------+-----+-----+
|default   |0.011|0.000|
|reg2reg   |0.000|0.000|
|HEPG      |0.000|0.000|
|All Paths |0.011|0.000|
+----------+-----+-----+

OptDebug: End of preprocessForPowerRecovery:
+----------+-----+-----+
|Path Group|  WNS|  TNS|
+----------+-----+-----+
|default   |0.011|0.000|
|reg2reg   |0.000|0.000|
|HEPG      |0.000|0.000|
|All Paths |0.011|0.000|
+----------+-----+-----+

Begin: GigaOpt postEco DRV Optimization
*** DrvOpt #2 [begin] (optDesign #1) : totSession cpu/real = 0:02:58.8/0:03:52.3 (0.8), mem = 3704.2M
Info: 1 net with fixed/cover wires excluded.
Info: 1 clock net  excluded from IPO operation.
(I,S,L,T): tt: 0.0562288, 0.020156, 2.13264e-05, 0.0764061
(I,S,L) ClockInsts: tt: 0, 0, 0
+-------------------------------------------------------------------------------------------------------------------------------------------------------+
|        max-tran       |        max-cap        |  max-fanout |  max-length |       setup       |        |        |        |       |          |         |
+-------------------------------------------------------------------------------------------------------------------------------------------------------+
| nets | terms|  wViol  | nets | terms|  wViol  | nets | terms| nets | terms|   WNS   |   TNS   |  #Buf  |  #Inv  | #Resize|Density|   Real   |   Mem   |
+-------------------------------------------------------------------------------------------------------------------------------------------------------+
|     0|     0|     0.00|     0|     0|     0.00|     0|     0|     0|     0|     0.01|     0.00|       0|       0|       0| 67.12%|          |         |
|     0|     0|     0.00|     0|     0|     0.00|     0|     0|     0|     0|     0.01|     0.00|       0|       0|       0| 67.12%| 0:00:00.0|  3720.2M|
+-------------------------------------------------------------------------------------------------------------------------------------------------------+
Bottom Preferred Layer:
+-----------+------------+----------+
|   Layer   |    CLK     |   Rule   |
+-----------+------------+----------+
| M2 (z=2)  |          1 | default  |
+-----------+------------+----------+
Via Pillar Rule:
    None

*** Finish DRV Fixing (cpu=0:00:00.0 real=0:00:00.0 mem=3720.2M) ***

(I,S,L,T): tt: 0.0562288, 0.020156, 2.13264e-05, 0.0764061
(I,S,L) ClockInsts: tt: 0, 0, 0
*** DrvOpt #2 [finish] (optDesign #1) : cpu/real = 0:00:01.3/0:00:01.3 (1.0), totSession cpu/real = 0:03:00.1/0:03:53.6 (0.8), mem = 3617.2M
End: GigaOpt postEco DRV Optimization
Running refinePlace -preserveRouting true -hardFence false
*** Starting refinePlace (0:03:00 mem=3617.2M) ***

Starting Small incrNP...
Density distribution unevenness ratio = 4.562%
Skipped incrNP (cpu=0:00:00.0, real=0:00:00.0, mem=3617.2M)
End of Small incrNP (cpu=0:00:00.0, real=0:00:00.0)
Move report: Detail placement moves 0 insts, mean move: 0.00 um, max move: 0.00 um 
	Runtime: CPU: 0:00:00.0 REAL: 0:00:00.0 MEM: 3585.2MB
Summary Report:
Instances move: 0 (out of 227 movable)
Instances flipped: 0
Mean displacement: 0.00 um
Max displacement: 0.00 um 
Runtime: CPU: 0:00:00.0 REAL: 0:00:00.0 MEM: 3585.2MB
*** Finished refinePlace (0:03:00 mem=3585.2M) ***
GigaOpt: WNS changes after postEco optimization: 0.000 -> 0.000 (bump = 0.0)
GigaOpt: Skipping nonLegal postEco optimization
Design TNS changes after trial route: 0.000 -> 0.000
GigaOpt: Skipping post-eco TNS optimization
Adjusting target slack by 0.0 ns for power optimization
**optDesign ... cpu = 0:00:36, real = 0:00:48, mem = 2798.0M, totSessionCpu=0:03:00 **

------------------------------------------------------------------
        Before Power Reclaim
------------------------------------------------------------------

Setup views included:
 tt 

+--------------------+---------+---------+---------+
|     Setup mode     |   all   | reg2reg | default |
+--------------------+---------+---------+---------+
|           WNS (ns):|  0.011  |   N/A   |  0.011  |
|           TNS (ns):|  0.000  |   N/A   |  0.000  |
|    Violating Paths:|    0    |   N/A   |    0    |
|          All Paths:|   64    |   N/A   |   64    |
+--------------------+---------+---------+---------+

+----------------+-------------------------------+------------------+
|                |              Real             |       Total      |
|    DRVs        +------------------+------------+------------------|
|                |  Nr nets(terms)  | Worst Vio  |  Nr nets(terms)  |
+----------------+------------------+------------+------------------+
|   max_cap      |      0 (0)       |   0.000    |      0 (0)       |
|   max_tran     |      0 (0)       |   0.000    |      0 (0)       |
|   max_fanout   |      0 (0)       |     0      |      0 (0)       |
|   max_length   |      0 (0)       |     0      |      0 (0)       |
+----------------+------------------+------------+------------------+

Density: 67.124%
------------------------------------------------------------------
Info: 1 net with fixed/cover wires excluded.
Info: 1 clock net  excluded from IPO operation.

Begin: Power Optimization
             0V	    VSS
           0.7V	    VDD

Starting Levelizing
2026-Apr-12 20:38:47 (2026-Apr-12 13:38:47 GMT)
2026-Apr-12 20:38:47 (2026-Apr-12 13:38:47 GMT): 10%
2026-Apr-12 20:38:47 (2026-Apr-12 13:38:47 GMT): 20%
2026-Apr-12 20:38:47 (2026-Apr-12 13:38:47 GMT): 30%
2026-Apr-12 20:38:47 (2026-Apr-12 13:38:47 GMT): 40%
2026-Apr-12 20:38:47 (2026-Apr-12 13:38:47 GMT): 50%
2026-Apr-12 20:38:47 (2026-Apr-12 13:38:47 GMT): 60%
2026-Apr-12 20:38:47 (2026-Apr-12 13:38:47 GMT): 70%
2026-Apr-12 20:38:47 (2026-Apr-12 13:38:47 GMT): 80%
2026-Apr-12 20:38:47 (2026-Apr-12 13:38:47 GMT): 90%

Finished Levelizing
2026-Apr-12 20:38:47 (2026-Apr-12 13:38:47 GMT)

Starting Activity Propagation
2026-Apr-12 20:38:47 (2026-Apr-12 13:38:47 GMT)
2026-Apr-12 20:38:47 (2026-Apr-12 13:38:47 GMT): 10%
2026-Apr-12 20:38:47 (2026-Apr-12 13:38:47 GMT): 20%
2026-Apr-12 20:38:47 (2026-Apr-12 13:38:47 GMT): 30%

Finished Activity Propagation
2026-Apr-12 20:38:47 (2026-Apr-12 13:38:47 GMT)
OptDebug: Start of Power Reclaim:
+----------+-----+-----+
|Path Group|  WNS|  TNS|
+----------+-----+-----+
|default   |0.011|0.000|
|reg2reg   |0.000|0.000|
|HEPG      |0.000|0.000|
|All Paths |0.011|0.000|
+----------+-----+-----+

Begin: Core Power Optimization
*** PowerOpt #2 [begin] (optDesign #1) : totSession cpu/real = 0:03:00.3/0:03:53.8 (0.8), mem = 3748.8M
(I,S,L,T): tt: 0.0562288, 0.020156, 2.13264e-05, 0.0764061
(I,S,L) ClockInsts: tt: 0, 0, 0
Reclaim Optimization WNS Slack 0.000  TNS Slack 0.000 Density 67.12
+---------+---------+--------+--------+------------+--------+
| Density | Commits |  WNS   |  TNS   |    Real    |  Mem   |
+---------+---------+--------+--------+------------+--------+
|   67.12%|        -|   0.000|   0.000|   0:00:00.0| 3748.8M|
|   67.12%|        0|   0.000|   0.000|   0:00:00.0| 3748.8M|
|   67.12%|        0|   0.000|   0.000|   0:00:01.0| 3748.8M|
+---------+---------+--------+--------+------------+--------+
Reclaim Optimization End WNS Slack 0.000  TNS Slack 0.000 Density 67.12
Bottom Preferred Layer:
+-----------+------------+----------+
|   Layer   |    CLK     |   Rule   |
+-----------+------------+----------+
| M2 (z=2)  |          1 | default  |
+-----------+------------+----------+
Via Pillar Rule:
    None

Number of insts committed for which the initial cell was dont use = 0

Number of times islegalLocAvaiable called = 0 skipped = 0, called in commitmove = 0, skipped in commitmove = 0
Info : Out of 33 seq cells, 0 cells are internal dont use, and 0 cells are db dont use.
End: Core Power Optimization (cpu = 0:00:00.9) (real = 0:00:01.0) **
(I,S,L,T): tt: 0.0562288, 0.020156, 2.13264e-05, 0.0764061
(I,S,L) ClockInsts: tt: 0, 0, 0
*** PowerOpt #2 [finish] (optDesign #1) : cpu/real = 0:00:00.9/0:00:00.7 (1.4), totSession cpu/real = 0:03:01.2/0:03:54.5 (0.8), mem = 3748.8M
*** Starting refinePlace (0:03:01 mem=3720.8M) ***
Total net bbox length = 2.695e+03 (1.423e+03 1.272e+03) (ext = 1.629e+03)
Move report: Detail placement moves 0 insts, mean move: 0.00 um, max move: 0.00 um 
	Runtime: CPU: 0:00:00.0 REAL: 0:00:00.0 MEM: 3704.7MB
Summary Report:
Instances move: 0 (out of 227 movable)
Instances flipped: 0
Mean displacement: 0.00 um
Max displacement: 0.00 um 
Total net bbox length = 2.695e+03 (1.423e+03 1.272e+03) (ext = 1.629e+03)
Runtime: CPU: 0:00:00.0 REAL: 0:00:00.0 MEM: 3704.7MB
*** Finished refinePlace (0:03:01 mem=3704.7M) ***
*** maximum move = 0.00 um ***
*** Finished re-routing un-routed nets (3704.7M) ***

*** Finish Physical Update (cpu=0:00:00.1 real=0:00:00.0 mem=3720.8M) ***
AAE_INFO: opIsDesignInPostRouteState() is 0
#################################################################################
# Design Stage: PreRoute
# Design Name: Adder32
# Design Mode: 7nm
# Analysis Mode: MMMC Non-OCV 
# Parasitics Mode: No SPEF/RCDB 
# Signoff Settings: SI Off 
#################################################################################
Calculate delays in Single mode...
Start delay calculation (fullDC) (2 T). (MEM=3720.75)
Total number of fetched objects 299
End delay calculation. (MEM=3820.14 CPU=0:00:00.1 REAL=0:00:00.0)
End delay calculation (fullDC). (MEM=3820.14 CPU=0:00:00.1 REAL=0:00:00.0)
Checking setup slack degradation ...
OptDebug: End of Power Reclaim:
+----------+-----+-----+
|Path Group|  WNS|  TNS|
+----------+-----+-----+
|default   |0.011|0.000|
|reg2reg   |0.000|0.000|
|HEPG      |0.000|0.000|
|All Paths |0.011|0.000|
+----------+-----+-----+

End: Power Optimization (cpu=0:00:02, real=0:00:01, mem=3608.14M, totSessionCpu=0:03:02).
Storing power gain ratio parameter in DB at postCts power optimization stage 0
**optDesign ... cpu = 0:00:37, real = 0:00:49, mem = 2791.9M, totSessionCpu=0:03:02 **
Register exp ratio and priority group on 0 nets on 299 nets : 

Active setup views:
 tt
  Dominating endpoints: 0
  Dominating TNS: -0.000

Extraction called for design 'Adder32' of instances=227 and nets=301 using extraction engine 'preRoute' .
PreRoute RC Extraction called for design Adder32.
RC Extraction called in multi-corner(1) mode.
RCMode: PreRoute
      RC Corner Indexes            0   
Capacitance Scaling Factor   : 1.00000 
Resistance Scaling Factor    : 1.00000 
Clock Cap. Scaling Factor    : 1.00000 
Clock Res. Scaling Factor    : 1.00000 
Shrink Factor                : 1.00000
PreRoute extraction is honoring NDR/Shielding/ExtraSpace for clock nets.
Using Quantus QRC technology file ...
Grid density data update skipped
Initializing multi-corner resistance tables ...
PreRoute RC Extraction DONE (CPU Time: 0:00:00.0  Real Time: 0:00:00.0  MEM: 3590.855M)
GigaOpt Hold Optimizer is used
Include MVT Delays for Hold Opt
<optDesign CMD> fixhold  no -lvt Cells
#InfoCS: Num dontuse cells 49, Num usable cells 164
optDesignOneStep: Power Flow
#InfoCS: Num dontuse cells 49, Num usable cells 164
Starting initialization (fixHold) cpu=0:00:00.0 real=0:00:00.0 totSessionCpu=0:03:02 mem=3590.9M ***
*** BuildHoldData #1 [begin] (optDesign #1) : totSession cpu/real = 0:03:02.1/0:03:55.5 (0.8), mem = 3590.9M
OPTC: user 20.0
Starting delay calculation for Hold views
AAE_INFO: opIsDesignInPostRouteState() is 0
#################################################################################
# Design Stage: PreRoute
# Design Name: Adder32
# Design Mode: 7nm
# Analysis Mode: MMMC Non-OCV 
# Parasitics Mode: No SPEF/RCDB 
# Signoff Settings: SI Off 
#################################################################################
Calculate delays in Single mode...
Start delay calculation (fullDC) (2 T). (MEM=3609.4)
Total number of fetched objects 299
End delay calculation. (MEM=3692.79 CPU=0:00:00.1 REAL=0:00:00.0)
End delay calculation (fullDC). (MEM=3692.79 CPU=0:00:00.1 REAL=0:00:00.0)
*** Done Building Timing Graph (cpu=0:00:00.3 real=0:00:00.0 totSessionCpu=0:03:02 mem=3692.8M)

Active hold views:
 tt
  Dominating endpoints: 0
  Dominating TNS: -0.000

Done building cte hold timing graph (fixHold) cpu=0:00:00.4 real=0:00:00.0 totSessionCpu=0:03:03 mem=3724.8M ***
Done building hold timer [845 node(s), 1222 edge(s), 1 view(s)] (fixHold) cpu=0:00:00.4 real=0:00:00.0 totSessionCpu=0:03:03 mem=3724.8M ***
OPTC: m4 20.0 50.0 [ 50.0 20.0 50.0 ]
OPTC: view 50.0 [ 0.0500 ]
Starting delay calculation for Setup views
AAE_INFO: opIsDesignInPostRouteState() is 0
#################################################################################
# Design Stage: PreRoute
# Design Name: Adder32
# Design Mode: 7nm
# Analysis Mode: MMMC Non-OCV 
# Parasitics Mode: No SPEF/RCDB 
# Signoff Settings: SI Off 
#################################################################################
Calculate delays in Single mode...
Start delay calculation (fullDC) (2 T). (MEM=3724.79)
Total number of fetched objects 299
End delay calculation. (MEM=3692.79 CPU=0:00:00.1 REAL=0:00:00.0)
End delay calculation (fullDC). (MEM=3692.79 CPU=0:00:00.1 REAL=0:00:00.0)
*** Done Building Timing Graph (cpu=0:00:00.3 real=0:00:01.0 totSessionCpu=0:03:03 mem=3692.8M)
Done building cte setup timing graph (fixHold) cpu=0:00:00.8 real=0:00:01.0 totSessionCpu=0:03:03 mem=3692.8M ***
OPTC: m4 50.0 50.0 [ 50.0 20.0 50.0 ]
OPTC: view 50.0 [ 0.0500 ]

*Info: minBufDelay = 13.1 ps, libStdDelay = 5.9 ps, minBufSize = 14929920 (4.0)
*Info: worst delay setup view: tt

------------------------------------------------------------------
     Hold Opt Initial Summary
------------------------------------------------------------------

Setup views included:
 tt
Hold views included:
 tt

+--------------------+---------+---------+---------+
|     Setup mode     |   all   | reg2reg | default |
+--------------------+---------+---------+---------+
|           WNS (ns):|  0.011  |   N/A   |  0.011  |
|           TNS (ns):|  0.000  |   N/A   |  0.000  |
|    Violating Paths:|    0    |   N/A   |    0    |
|          All Paths:|   64    |   N/A   |   64    |
+--------------------+---------+---------+---------+

+--------------------+---------+---------+---------+
|     Hold mode      |   all   | reg2reg | default |
+--------------------+---------+---------+---------+
|           WNS (ns):| -0.011  |   N/A   | -0.011  |
|           TNS (ns):| -0.012  |   N/A   | -0.012  |
|    Violating Paths:|    2    |   N/A   |    2    |
|          All Paths:|   64    |   N/A   |   64    |
+--------------------+---------+---------+---------+

+----------------+-------------------------------+------------------+
|                |              Real             |       Total      |
|    DRVs        +------------------+------------+------------------|
|                |  Nr nets(terms)  | Worst Vio  |  Nr nets(terms)  |
+----------------+------------------+------------+------------------+
|   max_cap      |      0 (0)       |   0.000    |      0 (0)       |
|   max_tran     |      0 (0)       |   0.000    |      0 (0)       |
|   max_fanout   |      0 (0)       |     0      |      0 (0)       |
|   max_length   |      0 (0)       |     0      |      0 (0)       |
+----------------+------------------+------------+------------------+

Density: 67.124%
Routing Overflow: 0.00% H and 0.00% V
------------------------------------------------------------------
**optDesign ... cpu = 0:00:40, real = 0:00:51, mem = 2816.5M, totSessionCpu=0:03:04 **
*** BuildHoldData #1 [finish] (optDesign #1) : cpu/real = 0:00:01.7/0:00:01.8 (1.0), totSession cpu/real = 0:03:03.9/0:03:57.2 (0.8), mem = 3607.8M
*** HoldOpt #1 [begin] (optDesign #1) : totSession cpu/real = 0:03:03.9/0:03:57.2 (0.8), mem = 3607.8M
(I,S,L,T): tt: 0.0562288, 0.020156, 2.13264e-05, 0.0764061
(I,S,L) ClockInsts: tt: 0, 0, 0
*info: Run optDesign holdfix with 2 threads.
Info: 1 net with fixed/cover wires excluded.
Info: 1 clock net  excluded from IPO operation.
Info: Do not create the CCOpt slew target map as it already exists.

*** Starting Core Fixing (fixHold) cpu=0:00:01.9 real=0:00:02.0 totSessionCpu=0:03:04 mem=3711.0M density=67.124% ***

Phase I ......
Executing transform: ECO Safe Resize
+----+----------+----------+--------+-----------+----------------+---------+------------+---------+
|Iter| Hold WNS | Hold TNS |  #VP   |  #Buffer  |  #Resize(F/F)  | Density |    Real    |   Mem   |
+----+----------+----------+--------+-----------+----------------+---------+------------+---------+
|   0|    -0.011|     -0.01|       2|          0|       0(     0)|   67.12%|   0:00:00.0|  3778.5M|
|   1|    -0.011|     -0.01|       2|          0|       0(     0)|   67.12%|   0:00:00.0|  3778.5M|
+----+----------+----------+--------+-----------+----------------+---------+------------+---------+
Executing transform: AddBuffer + LegalResize
+----+----------+----------+--------+-----------+----------------+---------+------------+---------+
|Iter| Hold WNS | Hold TNS |  #VP   |  #Buffer  |  #Resize(F/F)  | Density |    Real    |   Mem   |
+----+----------+----------+--------+-----------+----------------+---------+------------+---------+
|   0|    -0.011|     -0.01|       2|          0|       0(     0)|   67.12%|   0:00:00.0|  3778.5M|
|   1|     0.000|      0.00|       0|          2|       0(     0)|   67.44%|   0:00:00.0|  3805.5M|
+----+----------+----------+--------+-----------+----------------+---------+------------+---------+

*info:    Total 2 cells added for Phase I
*info:        in which 0 is ripple commits (0.000%)
Bottom Preferred Layer:
+-----------+------------+----------+
|   Layer   |    CLK     |   Rule   |
+-----------+------------+----------+
| M2 (z=2)  |          1 | default  |
+-----------+------------+----------+
Via Pillar Rule:
    None

*** Finished Core Fixing (fixHold) cpu=0:00:02.0 real=0:00:02.0 totSessionCpu=0:03:04 mem=3843.7M density=67.437% ***

*info:
*info: Added a total of 2 cells to fix/reduce hold violation
*info:
*info: Summary: 
*info:            2 cells of type 'HB1xp67_ASAP7_75t_R' used

*** Starting refinePlace (0:03:04 mem=3768.7M) ***
Total net bbox length = 2.700e+03 (1.425e+03 1.275e+03) (ext = 1.629e+03)
Move report: Detail placement moves 0 insts, mean move: 0.00 um, max move: 0.00 um 
	Runtime: CPU: 0:00:00.0 REAL: 0:00:00.0 MEM: 3752.7MB
Summary Report:
Instances move: 0 (out of 229 movable)
Instances flipped: 0
Mean displacement: 0.00 um
Max displacement: 0.00 um 
Total net bbox length = 2.700e+03 (1.425e+03 1.275e+03) (ext = 1.629e+03)
Runtime: CPU: 0:00:00.0 REAL: 0:00:00.0 MEM: 3752.7MB
*** Finished refinePlace (0:03:04 mem=3752.7M) ***
*** maximum move = 0.00 um ***
*** Finished re-routing un-routed nets (3752.7M) ***

*** Finish Physical Update (cpu=0:00:00.1 real=0:00:00.0 mem=3768.7M) ***
Capturing unweighted ref hold timing for Post CTS hold recovery....
*** Finish Post CTS Hold Fixing (cpu=0:00:02.1 real=0:00:02.0 totSessionCpu=0:03:04 mem=3836.1M density=67.437%) ***
(I,S,L,T): tt: 0.0563557, 0.0202081, 2.14287e-05, 0.0765852
(I,S,L) ClockInsts: tt: 0, 0, 0
**INFO: total 54 insts, 70 nets marked don't touch
**INFO: total 54 insts, 70 nets marked don't touch DB property
**INFO: total 54 insts, 70 nets unmarked don't touch
*** HoldOpt #1 [finish] (optDesign #1) : cpu/real = 0:00:00.4/0:00:00.5 (0.9), totSession cpu/real = 0:03:04.3/0:03:57.7 (0.8), mem = 3622.1M
*** Steiner Routed Nets: 1.329%; Threshold: 100; Threshold for Hold: 100
Re-routed 0 nets
GigaOpt_HOLD: Recover setup timing after hold fixing
GigaOpt_HOLD: max_tran 0 => 0, max_cap 0 => 0 (threshold 10) - Skip drv recovery
GigaOpt: WNS changes after routing: 0.000 -> 0.000 (bump = 0.0)
GigaOpt: WNS bump threshold: 0.00295
GigaOpt: Skipping postEco optimization
GigaOpt: WNS changes after postEco optimization: 0.000 -> 0.000 (bump = 0.0)
GigaOpt: Skipping nonLegal postEco optimization

Active setup views:
 tt
  Dominating endpoints: 0
  Dominating TNS: -0.000

OPTC: user 20.0
<optDesign CMD> Restore Using all VT Cells
OPTC: user 20.0
[NR-eGR] Early global route reroute all routable nets
[NR-eGR] Track table information for default rule: 
[NR-eGR] M1 has single uniform track structure
[NR-eGR] M2 has non-uniform track structures
[NR-eGR] M3 has single uniform track structure
[NR-eGR] M4 has single uniform track structure
[NR-eGR] M5 has single uniform track structure
[NR-eGR] M6 has single uniform track structure
[NR-eGR] M7 has single uniform track structure
[NR-eGR] M8 has single uniform track structure
[NR-eGR] M9 has single uniform track structure
[NR-eGR] Pad has single uniform track structure
[NR-eGR] Read 24 PG shapes
[NR-eGR] Read 0 clock shapes
[NR-eGR] Read 0 other shapes
[NR-eGR] #Routing Blockages  : 0
[NR-eGR] #Bump Blockages     : 0
[NR-eGR] #Instance Blockages : 96
[NR-eGR] #PG Blockages       : 24
[NR-eGR] #Halo Blockages     : 0
[NR-eGR] #Boundary Blockages : 0
[NR-eGR] #Clock Blockages    : 0
[NR-eGR] #Other Blockages    : 0
[NR-eGR] Num Prerouted Nets = 1  Num Prerouted Wires = 78
[NR-eGR] Read 301 nets ( ignored 1 )
[NR-eGR] ============ Routing rule table ============
[NR-eGR] Rule id: 0  Rule name: (Default)  Nets: 300
[NR-eGR] ========================================
[NR-eGR] 
[NR-eGR] Layer group 1: route 300 net(s) in layer range [2, 9]
[NR-eGR] Early Global Route overflow of layer group 1: 0.00% H + 0.00% V. EstWL: 2.572560e+03um
[NR-eGR] Congestion Analysis By layer: (blocked Gcells are excluded) 
[NR-eGR]                        OverCon            
[NR-eGR]                         #Gcell     %Gcell
[NR-eGR]        Layer             (1-0)    OverCon
[NR-eGR] ----------------------------------------------
[NR-eGR]      M1 ( 1)         0( 0.00%)   ( 0.00%) 
[NR-eGR]      M2 ( 2)         0( 0.00%)   ( 0.00%) 
[NR-eGR]      M3 ( 3)         0( 0.00%)   ( 0.00%) 
[NR-eGR]      M4 ( 4)         0( 0.00%)   ( 0.00%) 
[NR-eGR]      M5 ( 5)         0( 0.00%)   ( 0.00%) 
[NR-eGR]      M6 ( 6)         0( 0.00%)   ( 0.00%) 
[NR-eGR]      M7 ( 7)         0( 0.00%)   ( 0.00%) 
[NR-eGR]      M8 ( 8)         0( 0.00%)   ( 0.00%) 
[NR-eGR]      M9 ( 9)         0( 0.00%)   ( 0.00%) 
[NR-eGR] ----------------------------------------------
[NR-eGR]        Total         0( 0.00%)   ( 0.00%) 
[NR-eGR] 
[NR-eGR] Overflow after Early Global Route 0.00% H + 0.00% V
[NR-eGR] Finished Early Global Route kernel ( CPU: 0.03 sec, Real: 0.03 sec, Curr Mem: 3.47 MB )
[hotspot] +------------+---------------+---------------+
[hotspot] |            |   max hotspot | total hotspot |
[hotspot] +------------+---------------+---------------+
[hotspot] | normalized |          0.00 |          0.00 |
[hotspot] +------------+---------------+---------------+
Local HotSpot Analysis: normalized max congestion hotspot area = 0.00, normalized total congestion hotspot area = 0.00 (area is in unit of 4 std-cell row bins)
[hotspot] Hotspot report including placement blocked areas
[hotspot] +------------+---------------+---------------+
[hotspot] |            |   max hotspot | total hotspot |
[hotspot] +------------+---------------+---------------+
[hotspot] | normalized |          0.00 |          0.00 |
[hotspot] +------------+---------------+---------------+
Local HotSpot Analysis (blockage included): normalized max congestion hotspot area = 0.00, normalized total congestion hotspot area = 0.00 (area is in unit of 4 std-cell row bins)
Reported timing to dir ./timingReports
**optDesign ... cpu = 0:00:40, real = 0:00:52, mem = 2786.5M, totSessionCpu=0:03:04 **
Starting delay calculation for Hold views
AAE_INFO: opIsDesignInPostRouteState() is 0
#################################################################################
# Design Stage: PreRoute
# Design Name: Adder32
# Design Mode: 7nm
# Analysis Mode: MMMC Non-OCV 
# Parasitics Mode: No SPEF/RCDB 
# Signoff Settings: SI Off 
#################################################################################
Calculate delays in Single mode...
Start delay calculation (fullDC) (2 T). (MEM=3611.39)
Total number of fetched objects 301
End delay calculation. (MEM=3694.78 CPU=0:00:00.1 REAL=0:00:00.0)
End delay calculation (fullDC). (MEM=3694.78 CPU=0:00:00.1 REAL=0:00:00.0)
*** Done Building Timing Graph (cpu=0:00:00.3 real=0:00:00.0 totSessionCpu=0:03:05 mem=3694.8M)
Starting delay calculation for Setup views
AAE_INFO: opIsDesignInPostRouteState() is 0
#################################################################################
# Design Stage: PreRoute
# Design Name: Adder32
# Design Mode: 7nm
# Analysis Mode: MMMC Non-OCV 
# Parasitics Mode: No SPEF/RCDB 
# Signoff Settings: SI Off 
#################################################################################
Calculate delays in Single mode...
Start delay calculation (fullDC) (2 T). (MEM=3591.05)
Total number of fetched objects 301
End delay calculation. (MEM=3698.44 CPU=0:00:00.1 REAL=0:00:00.0)
End delay calculation (fullDC). (MEM=3698.44 CPU=0:00:00.1 REAL=0:00:00.0)
*** Done Building Timing Graph (cpu=0:00:00.2 real=0:00:00.0 totSessionCpu=0:03:05 mem=3698.4M)
env CDS_WORKAREA is set to /data/tkvm2/Asap7design/adder
Using Power View: tt.

Begin Power Analysis

             0V	    VSS
           0.7V	    VDD
Begin Processing Timing Library for Power Calculation

Ended Processing Timing Library for Power Calculation: (cpu=0:00:00, real=0:00:00, mem(process/total/peak)=2833.52MB/5505.97MB/2833.52MB)



Begin Processing Power Net/Grid for Power Calculation

Ended Processing Power Net/Grid for Power Calculation: (cpu=0:00:00, real=0:00:00, mem(process/total/peak)=2833.52MB/5505.97MB/2833.52MB)

Begin Processing Timing Window Data for Power Calculation

Ended Processing Timing Window Data for Power Calculation: (cpu=0:00:00, real=0:00:00, mem(process/total/peak)=2833.52MB/5505.97MB/2833.52MB)

Begin Processing User Attributes

Ended Processing User Attributes: (cpu=0:00:00, real=0:00:00, mem(process/total/peak)=2833.52MB/5505.97MB/2833.52MB)

Begin Processing Signal Activity


Starting Levelizing
2026-Apr-12 20:38:52 (2026-Apr-12 13:38:52 GMT)
2026-Apr-12 20:38:52 (2026-Apr-12 13:38:52 GMT): 10%
2026-Apr-12 20:38:52 (2026-Apr-12 13:38:52 GMT): 20%
2026-Apr-12 20:38:52 (2026-Apr-12 13:38:52 GMT): 30%
2026-Apr-12 20:38:52 (2026-Apr-12 13:38:52 GMT): 40%
2026-Apr-12 20:38:52 (2026-Apr-12 13:38:52 GMT): 50%
2026-Apr-12 20:38:52 (2026-Apr-12 13:38:52 GMT): 60%
2026-Apr-12 20:38:52 (2026-Apr-12 13:38:52 GMT): 70%
2026-Apr-12 20:38:52 (2026-Apr-12 13:38:52 GMT): 80%
2026-Apr-12 20:38:52 (2026-Apr-12 13:38:52 GMT): 90%

Finished Levelizing
2026-Apr-12 20:38:52 (2026-Apr-12 13:38:52 GMT)

Starting Activity Propagation
2026-Apr-12 20:38:52 (2026-Apr-12 13:38:52 GMT)
2026-Apr-12 20:38:52 (2026-Apr-12 13:38:52 GMT): 10%
2026-Apr-12 20:38:52 (2026-Apr-12 13:38:52 GMT): 20%
2026-Apr-12 20:38:52 (2026-Apr-12 13:38:52 GMT): 30%

Finished Activity Propagation
2026-Apr-12 20:38:52 (2026-Apr-12 13:38:52 GMT)
Ended Processing Signal Activity: (cpu=0:00:00, real=0:00:00, mem(process/total/peak)=2833.52MB/5505.97MB/2833.52MB)

Begin Power Computation

      ----------------------------------------------------------
      # of cell(s) missing both power/leakage table: 0
      # of cell(s) missing power table: 0
      # of cell(s) missing leakage table: 0
      ----------------------------------------------------------



Starting Calculating power
2026-Apr-12 20:38:52 (2026-Apr-12 13:38:52 GMT)
2026-Apr-12 20:38:52 (2026-Apr-12 13:38:52 GMT): 10%
2026-Apr-12 20:38:52 (2026-Apr-12 13:38:52 GMT): 20%
2026-Apr-12 20:38:52 (2026-Apr-12 13:38:52 GMT): 30%
2026-Apr-12 20:38:52 (2026-Apr-12 13:38:52 GMT): 40%
2026-Apr-12 20:38:52 (2026-Apr-12 13:38:52 GMT): 50%
2026-Apr-12 20:38:52 (2026-Apr-12 13:38:52 GMT): 60%
2026-Apr-12 20:38:52 (2026-Apr-12 13:38:52 GMT): 70%
2026-Apr-12 20:38:52 (2026-Apr-12 13:38:52 GMT): 80%
2026-Apr-12 20:38:52 (2026-Apr-12 13:38:52 GMT): 90%

Finished Calculating power
2026-Apr-12 20:38:52 (2026-Apr-12 13:38:52 GMT)
      # of MSMV cell(s) missing power_level: 0
Ended Power Computation: (cpu=0:00:00, real=0:00:00, mem(process/total/peak)=2835.32MB/5523.97MB/2835.32MB)

Begin Processing User Attributes

Begin Processing set_power
Ended Processing set_power: (cpu=0:00:00, real=0:00:00,
mem(process/total/peak)=2835.32MB/5523.97MB/2835.32MB)
Ended Processing User Attributes: (cpu=0:00:00, real=0:00:00, mem(process/total/peak)=2835.32MB/5523.97MB/2835.32MB)

Ended Power Analysis: (cpu=0:00:00, real=0:00:00, mem(process/total/peak)=2835.32MB/5523.97MB/2835.32MB)

Begin Boundary Leakage Calculation
Ended Boundary Leakage Calculation: (cpu=0:00:00, real=0:00:00,
mem(process/total/peak)=2835.32MB/5523.97MB/2835.32MB)
Begin Static Power Report Generation
*----------------------------------------------------------------------------------------
*	Innovus 22.17-s086_1 (64bit) 09/24/2024 10:51 (Linux 3.10.0-693.el7.x86_64)
*	
*
* 	Date & Time:	2026-Apr-12 20:38:52 (2026-Apr-12 13:38:52 GMT)
*
*----------------------------------------------------------------------------------------

*

*	Design: Adder32

*

*	Power Domain used: 

*              Rail:        VDD      Voltage:        0.7 

*

*	Power Units = 1mW

*

*	Time Units = 1e-12 secs 

*

*       report_power -outfile ./timingReports/postCTS.power

*

-----------------------------------------------------------------------------------------

*



Total Power
-----------------------------------------------------------------------------------------
Total Internal Power:        0.05639420 	   73.5982%
Total Switching Power:       0.02020807 	   26.3729%
Total Leakage Power:         0.00002219 	    0.0290%
Total Power:                 0.07662446
-----------------------------------------------------------------------------------------


Group                           Internal   Switching     Leakage       Total  Percentage 
                                Power      Power         Power         Power  (%)        
-----------------------------------------------------------------------------------------
Sequential                       0.04425    0.004026   7.351e-06     0.04828       63.01
Macro                                  0           0           0           0           0
IO                                     0           0           0           0           0
Combinational                    0.01214     0.01618   1.484e-05     0.02834       36.99
Clock (Combinational)                  0           0           0           0           0
Clock (Sequential)                     0           0           0           0           0
-----------------------------------------------------------------------------------------
Total                            0.05639     0.02021   2.219e-05     0.07662         100
-----------------------------------------------------------------------------------------


Rail                  Voltage   Internal   Switching     Leakage       Total  Percentage 
                                Power      Power         Power         Power  (%)        
-----------------------------------------------------------------------------------------
VDD                       0.7    0.05639     0.02021   2.219e-05     0.07662         100
** INFO:  (VOLTUS_POWR-3465): There are 0 decaps and 0 fillers in the design

Ended Static Power Report Generation: (cpu=0:00:00, real=0:00:00,
mem(process/total/peak)=2835.32MB/5523.97MB/2835.32MB)


Output file is ./timingReports/postCTS.power.

------------------------------------------------------------------
     optDesign Final Summary
------------------------------------------------------------------

Setup views included:
 tt 
Hold views included:
 tt

+--------------------+---------+---------+---------+
|     Setup mode     |   all   | reg2reg | default |
+--------------------+---------+---------+---------+
|           WNS (ns):|  0.011  |   N/A   |  0.011  |
|           TNS (ns):|  0.000  |   N/A   |  0.000  |
|    Violating Paths:|    0    |   N/A   |    0    |
|          All Paths:|   64    |   N/A   |   64    |
+--------------------+---------+---------+---------+

+--------------------+---------+---------+---------+
|     Hold mode      |   all   | reg2reg | default |
+--------------------+---------+---------+---------+
|           WNS (ns):|  0.000  |   N/A   |  0.000  |
|           TNS (ns):|  0.000  |   N/A   |  0.000  |
|    Violating Paths:|    0    |   N/A   |    0    |
|          All Paths:|   64    |   N/A   |   64    |
+--------------------+---------+---------+---------+

+----------------+-------------------------------+------------------+
|                |              Real             |       Total      |
|    DRVs        +------------------+------------+------------------|
|                |  Nr nets(terms)  | Worst Vio  |  Nr nets(terms)  |
+----------------+------------------+------------+------------------+
|   max_cap      |      0 (0)       |   0.000    |      0 (0)       |
|   max_tran     |      0 (0)       |   0.000    |      0 (0)       |
|   max_fanout   |      0 (0)       |     0      |      0 (0)       |
|   max_length   |      0 (0)       |     0      |      0 (0)       |
+----------------+------------------+------------+------------------+

Density: 67.437%
Routing Overflow: 0.00% H and 0.00% V
------------------------------------------------------------------
**optDesign ... cpu = 0:00:41, real = 0:00:54, mem = 2835.8M, totSessionCpu=0:03:05 **
*** Finished optDesign ***
Info: final physical memory for 3 CRR processes is 737.73MB.
Info: Summary of CRR changes:
      - Timing transform commits:       0
Info: Destroy the CCOpt slew target map.
*** optDesign #1 [finish] () : cpu/real = 0:00:41.3/0:00:59.5 (0.7), totSession cpu/real = 0:03:05.6/0:04:04.9 (0.8), mem = 3629.7M
<CMD> setNanoRouteMode -reset
<CMD> setNanoRouteMode -drouteFixAntenna false -routeInsertAntennaDiode false -routeInsertDiodeForClockNets false -drouteAutoStop false -droutePostRouteSwapVia true -routeReserveSpaceForMultiCut true
#WARNING (NRIF-81) When route_detail_post_route_swap_via is set to 'true', the post route via swapping step will be performed on all nets. If route_via_weight is also specified, it will swap vias to DFM vias based on via weight; otherwise it will swap vias to double cut vias.
<CMD> routeDesign
#% Begin routeDesign (date=04/12 20:38:58, mem=2738.3M)
#routeDesign: cpu time = 00:00:00, elapsed time = 00:00:00, memory = 2738.29 (MB), peak = 2918.82 (MB)
AAE_INFO: Pre Route call back at the beginning of routeDesign
#**INFO: setDesignMode -flowEffort standard
#**INFO: setDesignMode -powerEffort none
**INFO: User settings:
setNanoRouteMode -route_detail_auto_stop                   false
setNanoRouteMode -route_detail_fix_antenna                 false
setNanoRouteMode -route_detail_post_route_swap_via         true
setNanoRouteMode -route_route_side                         front
setNanoRouteMode -route_exp_design_mode_top_routing_layer  9
setNanoRouteMode -route_antenna_diode_insertion            false
setNanoRouteMode -route_diode_insertion_for_clock_nets     false
setNanoRouteMode -route_reserve_space_for_multi_cut        true
setDesignMode -process                                     7
setDesignMode -topRoutingLayer                             9
setExtractRCMode -coupling_c_th                            0.1
setExtractRCMode -engine                                   preRoute
setExtractRCMode -relative_c_th                            1
setExtractRCMode -total_c_th                               0
setDelayCalMode -enable_high_fanout                        true
setDelayCalMode -eng_enablePrePlacedFlow                   false
setDelayCalMode -engine                                    aae
setDelayCalMode -ignoreNetLoad                             false
setDelayCalMode -socv_accuracy_mode                        low
setSIMode -separate_delta_delay_on_data                    true

#**INFO: multi-cut via swapping will be performed after routing.
#**INFO: All auto set options tuned by routeDesign will be restored to their original settings on command completion.
Begin checking placement ... (start mem=3573.7M, init mem=3573.7M)
*info: Placed = 229           
*info: Unplaced = 0           
Placement Density:67.43%(401/595)
Placement Density (including fixed std cells):67.43%(401/595)
Finished checkPlace (total: cpu=0:00:00.0, real=0:00:00.0; vio checks: cpu=0:00:00.0, real=0:00:00.0; mem=3539.7M)

changeUseClockNetStatus Option :  -ignoreSkipRoutingNets -noFixedNetWires 
*** Changed status on (1) nets in Clock.
*** End changeUseClockNetStatus (cpu=0:00:00.0, real=0:00:00.0, mem=3539.7M) ***
#Start route 1 clock and analog nets...
% Begin globalDetailRoute (date=04/12 20:38:58, mem=2736.3M)

globalDetailRoute

#Start globalDetailRoute on Sun Apr 12 20:38:58 2026
#
Grid density data update skipped
Initializing multi-corner resistance tables ...
#WARNING (NRIG-1303) The congestion map does not match the GCELL grid. Clearing the congestion map.
#NanoRoute Version 22.17-s086_1 NR240905-1647/22_17-UB
#Skip comparing routing design signature in db-snapshot flow
#Total number of trivial nets (e.g. < 2 pins) = 2 (skipped).
#Total number of nets with skipped attribute = 300 (skipped).
#Total number of routable nets = 1.
#Total number of nets in the design = 303.
#1 routable net has routed wires.
#300 skipped nets have only detail routed wires.
#1 detail routed (routable) net has been constrained (e.g. have preferred extra spacing, require shielding etc.)
#No nets have been global routed.
#Using multithreading with 2 threads.
#Start routing data preparation on Sun Apr 12 20:38:58 2026
#
#Rebuild pin access data for design.
#Initial pin access analysis.
#Detail pin access analysis.
# M1           V   Track-Pitch = 0.14400    Line-2-Via Pitch = 0.14400
# M2           H   Track-Pitch = 0.14400    Line-2-Via Pitch = 0.14400
# M3           V   Track-Pitch = 0.14400    Line-2-Via Pitch = 0.14400
# M4           H   Track-Pitch = 0.19200    Line-2-Via Pitch = 0.19200
# M5           V   Track-Pitch = 0.21600    Line-2-Via Pitch = 0.19200
# M6           H   Track-Pitch = 0.28800    Line-2-Via Pitch = 0.25600
# M7           V   Track-Pitch = 0.28800    Line-2-Via Pitch = 0.25600
# M8           H   Track-Pitch = 0.38400    Line-2-Via Pitch = 0.32000
# M9           V   Track-Pitch = 0.36000    Line-2-Via Pitch = 0.32000
# Pad          H   Track-Pitch = 0.38400    Line-2-Via Pitch = 8.16000
#WARNING (NRAG-44) Track pitch is too small compared with line-2-via pitch.
#Bottom routing layer index=1(M1), bottom routing layer for shielding=1(M1), bottom shield layer=1(M1)
#shield_bottom_stripe_layer=1(M1), shield_top_stripe_layer=9(M9)
#pin_access_rlayer=2(M2)
#shield_top_dpt_rlayer=-1 top_rlayer=9 top_trim_metal_rlayer=-1 rlayer_lowest=1 bottom_rlayer=1
#enable_trim_layer_shield=F enable_dpt_layer_shield=F has_line_end_grid=F
#enable_dpt_layer_shield=F
#has_line_end_grid=F
#cpu time = 00:00:00, elapsed time = 00:00:00, memory = 2737.87 (MB), peak = 2918.82 (MB)
#Regenerating Ggrids automatically.
#Auto generating G-grids with size=15 tracks, using layer M3's pitch = 0.14400.
#Using automatically generated G-grids.
#Done routing data preparation.
#cpu time = 00:00:01, elapsed time = 00:00:01, memory = 2749.20 (MB), peak = 2918.82 (MB)
#
#Finished routing data preparation on Sun Apr 12 20:38:59 2026
#
#Cpu time = 00:00:01
#Elapsed time = 00:00:01
#Increased memory = 15.23 (MB)
#Total memory = 2749.25 (MB)
#Peak memory = 2918.82 (MB)
#
#
#Start global routing on Sun Apr 12 20:38:59 2026
#
#
#Start global routing initialization on Sun Apr 12 20:38:59 2026
#
#WARNING (NRGR-22) Design is already detail routed.
#Routing data preparation, pin analysis, global routing and track assignment statistics:
#Cpu time = 00:00:01
#Elapsed time = 00:00:01
#Increased memory = 15.32 (MB)
#Total memory = 2749.28 (MB)
#Peak memory = 2918.82 (MB)
#Using multithreading with 2 threads.
#
#Start Detail Routing..
#start initial detail routing ...
# ECO: 50.00% of the total area was rechecked for DRC, and 0.00% required routing.
#   number of violations = 2
#
#    By Layer and Type :
#	            Enc   Totals
#	M1            0        0
#	M2            0        0
#	M3            1        1
#	M4            0        0
#	M5            1        1
#	Totals        2        2
#113 out of 229 instances (49.3%) need to be verified(marked ipoed), dirty area = 14.5%.
#   number of violations = 2
#
#    By Layer and Type :
#	            Enc   Totals
#	M1            0        0
#	M2            0        0
#	M3            1        1
#	M4            0        0
#	M5            1        1
#	Totals        2        2
#cpu time = 00:00:00, elapsed time = 00:00:00, memory = 2749.37 (MB), peak = 2918.82 (MB)
#start 1st optimization iteration ...
#   number of violations = 2
#
#    By Layer and Type :
#	            Enc   Totals
#	M1            0        0
#	M2            0        0
#	M3            1        1
#	M4            0        0
#	M5            1        1
#	Totals        2        2
#cpu time = 00:00:00, elapsed time = 00:00:00, memory = 2749.46 (MB), peak = 2918.82 (MB)
#start 2nd optimization iteration ...
#   number of violations = 2
#
#    By Layer and Type :
#	            Enc   Totals
#	M1            0        0
#	M2            0        0
#	M3            1        1
#	M4            0        0
#	M5            1        1
#	Totals        2        2
#cpu time = 00:00:00, elapsed time = 00:00:00, memory = 2748.88 (MB), peak = 2918.82 (MB)
#start 3rd optimization iteration ...
#   number of violations = 2
#
#    By Layer and Type :
#	            Enc   Totals
#	M1            0        0
#	M2            0        0
#	M3            1        1
#	M4            0        0
#	M5            1        1
#	Totals        2        2
#cpu time = 00:00:00, elapsed time = 00:00:00, memory = 2748.53 (MB), peak = 2918.82 (MB)
#start 4th optimization iteration ...
#   number of violations = 2
#
#    By Layer and Type :
#	            Enc   Totals
#	M1            0        0
#	M2            0        0
#	M3            1        1
#	M4            0        0
#	M5            1        1
#	Totals        2        2
#cpu time = 00:00:00, elapsed time = 00:00:00, memory = 2748.57 (MB), peak = 2918.82 (MB)
#start 5th optimization iteration ...
#   number of violations = 2
#
#    By Layer and Type :
#	            Enc   Totals
#	M1            0        0
#	M2            0        0
#	M3            1        1
#	M4            0        0
#	M5            1        1
#	Totals        2        2
#cpu time = 00:00:00, elapsed time = 00:00:00, memory = 2748.28 (MB), peak = 2918.82 (MB)
#Complete Detail Routing.
#Total wire length = 68 um.
#Total half perimeter of net bounding box = 38 um.
#Total wire length on LAYER M1 = 0 um.
#Total wire length on LAYER M2 = 29 um.
#Total wire length on LAYER M3 = 37 um.
#Total wire length on LAYER M4 = 0 um.
#Total wire length on LAYER M5 = 1 um.
#Total wire length on LAYER M6 = 0 um.
#Total wire length on LAYER M7 = 1 um.
#Total wire length on LAYER M8 = 2 um.
#Total wire length on LAYER M9 = 0 um.
#Total wire length on LAYER Pad = 0 um.
#Total number of vias = 74
#Up-Via Summary (total 74):
#           
#-----------------------
# M1                 32
# M2                 36
# M3                  1
# M4                  1
# M5                  1
# M6                  1
# M7                  2
#-----------------------
#                    74 
#
#Total number of DRC violations = 2
#Total number of violations on LAYER M1 = 0
#Total number of violations on LAYER M2 = 0
#Total number of violations on LAYER M3 = 1
#Total number of violations on LAYER M4 = 0
#Total number of violations on LAYER M5 = 1
#Total number of violations on LAYER M6 = 0
#Total number of violations on LAYER M7 = 0
#Total number of violations on LAYER M8 = 0
#Total number of violations on LAYER M9 = 0
#Total number of violations on LAYER Pad = 0
#Cpu time = 00:00:00
#Elapsed time = 00:00:00
#Increased memory = -1.00 (MB)
#Total memory = 2748.28 (MB)
#Peak memory = 2918.82 (MB)
#
#Start Post Route via swapping...
#   number of violations = 2
#
#    By Layer and Type :
#	            Enc   Totals
#	M1            0        0
#	M2            0        0
#	M3            1        1
#	M4            0        0
#	M5            1        1
#	Totals        2        2
#cpu time = 00:00:00, elapsed time = 00:00:00, memory = 2748.34 (MB), peak = 2918.82 (MB)
#CELL_VIEW Adder32,init has 2 DRC violations
#Total number of DRC violations = 2
#Total number of violations on LAYER M1 = 0
#Total number of violations on LAYER M2 = 0
#Total number of violations on LAYER M3 = 1
#Total number of violations on LAYER M4 = 0
#Total number of violations on LAYER M5 = 1
#Total number of violations on LAYER M6 = 0
#Total number of violations on LAYER M7 = 0
#Total number of violations on LAYER M8 = 0
#Total number of violations on LAYER M9 = 0
#Total number of violations on LAYER Pad = 0
#No via is swapped.
#Post Route via swapping is done.
#Total wire length = 68 um.
#Total half perimeter of net bounding box = 38 um.
#Total wire length on LAYER M1 = 0 um.
#Total wire length on LAYER M2 = 29 um.
#Total wire length on LAYER M3 = 37 um.
#Total wire length on LAYER M4 = 0 um.
#Total wire length on LAYER M5 = 1 um.
#Total wire length on LAYER M6 = 0 um.
#Total wire length on LAYER M7 = 1 um.
#Total wire length on LAYER M8 = 2 um.
#Total wire length on LAYER M9 = 0 um.
#Total wire length on LAYER Pad = 0 um.
#Total number of vias = 74
#Up-Via Summary (total 74):
#           
#-----------------------
# M1                 32
# M2                 36
# M3                  1
# M4                  1
# M5                  1
# M6                  1
# M7                  2
#-----------------------
#                    74 
#
#detailRoute Statistics:
#Cpu time = 00:00:00
#Elapsed time = 00:00:00
#Increased memory = -0.93 (MB)
#Total memory = 2748.35 (MB)
#Peak memory = 2918.82 (MB)
#
#globalDetailRoute statistics:
#Cpu time = 00:00:01
#Elapsed time = 00:00:01
#Increased memory = -31.11 (MB)
#Total memory = 2705.24 (MB)
#Peak memory = 2918.82 (MB)
#Number of warnings = 3
#Total number of warnings = 13
#Number of fails = 0
#Total number of fails = 0
#Complete globalDetailRoute on Sun Apr 12 20:38:59 2026
#
% End globalDetailRoute (date=04/12 20:38:59, total cpu=0:00:01.1, real=0:00:01.0, peak res=2736.3M, current mem=2704.6M)
% Begin globalDetailRoute (date=04/12 20:38:59, mem=2704.6M)

globalDetailRoute

#Start globalDetailRoute on Sun Apr 12 20:38:59 2026
#
#Generating timing data, please wait...
#301 total nets, 1 already routed, 1 will ignore in trialRoute
#View pruning: cpu time = 00:00:00, elapsed time = 00:00:00, memory = 2698.72 (MB), peak = 2918.82 (MB)
#Reporting timing...
#Normalized TNS: 0.000 -> 0.000, r2r 0.000 -> 0.000, unit 1.000, clk period 1.000 (ns)
#Stage 1: cpu time = 00:00:01, elapsed time = 00:00:01, memory = 2758.61 (MB), peak = 2918.82 (MB)
#Library Standard Delay: 5.90ps
#Slack threshold: 11.80ps
#*** Analyzed 0 timing critical paths, and collected 0.
#Stage 2: cpu time = 00:00:00, elapsed time = 00:00:00, memory = 2758.65 (MB), peak = 2918.82 (MB)
#Stage 3: cpu time = 00:00:00, elapsed time = 00:00:00, memory = 2764.48 (MB), peak = 2918.82 (MB)
#Default setup view is reset to tt.
#Stage 4: cpu time = 00:00:00, elapsed time = 00:00:00, memory = 2764.48 (MB), peak = 2918.82 (MB)
#Current view: tt 
#Current enabled view: tt 
#Generating timing data took: cpu time = 00:00:01, elapsed time = 00:00:01, memory = 2764.66 (MB), peak = 2918.82 (MB)
#Done generating timing data.
#WARNING (NRIG-1303) The congestion map does not match the GCELL grid. Clearing the congestion map.
#NanoRoute Version 22.17-s086_1 NR240905-1647/22_17-UB
#Start routing data preparation on Sun Apr 12 20:39:01 2026
#
#Initial pin access analysis.
#Detail pin access analysis.
# M1           V   Track-Pitch = 0.14400    Line-2-Via Pitch = 0.14400
# M2           H   Track-Pitch = 0.14400    Line-2-Via Pitch = 0.14400
# M3           V   Track-Pitch = 0.14400    Line-2-Via Pitch = 0.14400
# M4           H   Track-Pitch = 0.19200    Line-2-Via Pitch = 0.19200
# M5           V   Track-Pitch = 0.21600    Line-2-Via Pitch = 0.19200
# M6           H   Track-Pitch = 0.28800    Line-2-Via Pitch = 0.25600
# M7           V   Track-Pitch = 0.28800    Line-2-Via Pitch = 0.25600
# M8           H   Track-Pitch = 0.38400    Line-2-Via Pitch = 0.32000
# M9           V   Track-Pitch = 0.36000    Line-2-Via Pitch = 0.32000
# Pad          H   Track-Pitch = 0.38400    Line-2-Via Pitch = 8.16000
#WARNING (NRAG-44) Track pitch is too small compared with line-2-via pitch.
#Bottom routing layer index=1(M1), bottom routing layer for shielding=1(M1), bottom shield layer=1(M1)
#shield_bottom_stripe_layer=1(M1), shield_top_stripe_layer=9(M9)
#pin_access_rlayer=2(M2)
#shield_top_dpt_rlayer=-1 top_rlayer=9 top_trim_metal_rlayer=-1 rlayer_lowest=1 bottom_rlayer=1
#enable_trim_layer_shield=F enable_dpt_layer_shield=F has_line_end_grid=F
#enable_dpt_layer_shield=F
#has_line_end_grid=F
#cpu time = 00:00:00, elapsed time = 00:00:00, memory = 2768.95 (MB), peak = 2918.82 (MB)
#Regenerating Ggrids automatically.
#Auto generating G-grids with size=15 tracks, using layer M3's pitch = 0.14400.
#Using automatically generated G-grids.
#Done routing data preparation.
#cpu time = 00:00:00, elapsed time = 00:00:00, memory = 2780.28 (MB), peak = 2918.82 (MB)
#
#Summary of active signal nets routing constraints set by OPT:
#	preferred routing layers      : 0
#	preferred routing layer effort: 0
#	preferred extra space         : 0
#	preferred multi-cut via       : 0
#	avoid detour                  : 0
#	expansion ratio               : 0
#	net priority                  : 0
#	s2s control                   : 0
#	avoid chaining                : 0
#	inst-based stacking via       : 0
#
#Summary of active signal nets routing constraints set by USER:
#	preferred routing layers      : 0
#	preferred routing layer effort     : 0
#	preferred extra space              : 0
#	preferred multi-cut via            : 0
#	avoid detour                       : 0
#	net weight                         : 0
#	avoid chaining                     : 0
#	cell-based stacking via (required) : 0
#	cell-based stacking via (optional) : 0
#
#Start timing driven prevention iteration...
#Setup timing driven global route constraints on 0 nets
#
#----------------------------------------------------
# Summary of active signal nets routing constraints
#+--------------------------+-----------+
#+--------------------------+-----------+
#
#----------------------------------------------------
#Skipped timing-driven prevention.
#cpu time = 00:00:00, elapsed time = 00:00:00, memory = 2780.30 (MB), peak = 2918.82 (MB)
#Total number of trivial nets (e.g. < 2 pins) = 2 (skipped).
#Total number of routable nets = 301.
#Total number of nets in the design = 303.
#300 routable nets do not have any wires.
#1 routable net has routed wires.
#300 nets will be global routed.
#1 detail routed (routable) net has been constrained (e.g. have preferred extra spacing, require shielding etc.)
#Using multithreading with 2 threads.
#
#Finished routing data preparation on Sun Apr 12 20:39:01 2026
#
#Cpu time = 00:00:00
#Elapsed time = 00:00:00
#Increased memory = 0.02 (MB)
#Total memory = 2780.32 (MB)
#Peak memory = 2918.82 (MB)
#
#
#Start global routing on Sun Apr 12 20:39:01 2026
#
#
#Start global routing initialization on Sun Apr 12 20:39:01 2026
#
#Number of eco nets is 0
#
#Start global routing data preparation on Sun Apr 12 20:39:01 2026
#
#Start routing resource analysis on Sun Apr 12 20:39:01 2026
#
#Routing resource analysis is done on Sun Apr 12 20:39:02 2026
#
#  Resource Analysis:
#
#               Routing  #Avail      #Track     #Total     %Gcell
#  Layer      Direction   Track     Blocked      Gcell    Blocked
#  --------------------------------------------------------------
#  M1             V          95         139         240    44.58%
#  M2             H         199          12         240     0.00%
#  M3             V         232           2         240     0.00%
#  M4             H         164           1         240     0.00%
#  M5             V         155           1         240     0.00%
#  M6             H         108           4         240     0.00%
#  M7             V         113           4         240     0.00%
#  M8             H          72          11         240     0.00%
#  M9             V          81          12         240     0.00%
#  --------------------------------------------------------------
#  Total                   1222      10.93%        2160     4.95%
#
#
#
#
#Global routing data preparation is done on Sun Apr 12 20:39:02 2026
#
#cpu time = 00:00:00, elapsed time = 00:00:00, memory = 2773.23 (MB), peak = 2974.52 (MB)
#
#
#Global routing initialization is done on Sun Apr 12 20:39:02 2026
#
#cpu time = 00:00:00, elapsed time = 00:00:00, memory = 2773.29 (MB), peak = 2974.52 (MB)
#
#Skip 1/3 round for no nets in the round...
#Skip 2/3 round for no nets in the round...
#Route nets in 3/3 round...
#start global routing iteration 1...
#cpu time = 00:00:00, elapsed time = 00:00:00, memory = 2773.84 (MB), peak = 2974.52 (MB)
#
#start global routing iteration 2...
#cpu time = 00:00:00, elapsed time = 00:00:00, memory = 2773.86 (MB), peak = 2974.52 (MB)
#
#
#Total number of trivial nets (e.g. < 2 pins) = 2 (skipped).
#Total number of routable nets = 301.
#Total number of nets in the design = 303.
#
#301 routable nets have routed wires.
#1 detail routed (routable) net has been constrained (e.g. have preferred extra spacing, require shielding etc.)
#
#Routed nets constraints summary:
#-----------------------------
#        Rules   Unconstrained  
#-----------------------------
#      Default             300  
#-----------------------------
#        Total             300  
#-----------------------------
#
#Routing constraints summary of the whole design:
#---------------------------------------------------------
#        Rules   Pref Layer   Avoid Detour   Unconstrained  
#---------------------------------------------------------
#      Default            1              1             300  
#---------------------------------------------------------
#        Total            1              1             300  
#---------------------------------------------------------
#
#
#  Congestion Analysis: (blocked Gcells are excluded)
#
#                 OverCon          
#                  #Gcell    %Gcell
#     Layer           (1)   OverCon
#  --------------------------------
#  M1            0(0.00%)   (0.00%)
#  M2            0(0.00%)   (0.00%)
#  M3            0(0.00%)   (0.00%)
#  M4            0(0.00%)   (0.00%)
#  M5            0(0.00%)   (0.00%)
#  M6            0(0.00%)   (0.00%)
#  M7            0(0.00%)   (0.00%)
#  M8            0(0.00%)   (0.00%)
#  M9            0(0.00%)   (0.00%)
#  --------------------------------
#     Total      0(0.00%)   (0.00%)
#
#  The worst congested Gcell overcon (routing demand over resource in number of tracks) = 1
#  Overflow after GR: 0.00% H + 0.00% V
#
#Hotspot report including placement blocked areas
[hotspot] +------------+---------------+---------------+-------------------------------------+
[hotspot] |   layer    |  max hotspot  | total hotspot |            hotspot bbox             |
[hotspot] +------------+---------------+---------------+-------------------------------------+
[hotspot] |   M1(V)    |          0.00 |          0.00 |   (none)                            |
[hotspot] |   M2(H)    |          0.00 |          0.00 |   (none)                            |
[hotspot] |   M3(V)    |          0.00 |          0.00 |   (none)                            |
[hotspot] |   M4(H)    |          0.00 |          0.00 |   (none)                            |
[hotspot] |   M5(V)    |          0.00 |          0.00 |   (none)                            |
[hotspot] |   M6(H)    |          0.00 |          0.00 |   (none)                            |
[hotspot] |   M7(V)    |          0.00 |          0.00 |   (none)                            |
[hotspot] |   M8(H)    |          0.00 |          0.00 |   (none)                            |
[hotspot] |   M9(V)    |          0.00 |          0.00 |   (none)                            |
[hotspot] +------------+---------------+---------------+-------------------------------------+
[hotspot] |   worst    |          0.00 |          0.00 |                                     |
[hotspot] +------------+---------------+---------------+-------------------------------------+
[hotspot] | all layers |          0.00 |          0.00 |                                     |
[hotspot] +------------+---------------+---------------+-------------------------------------+
Local HotSpot Analysis (blockage included) (3d): normalized congestion max/total hotspot area = 0.00/0.00 (area is in unit of 4 std-cell row bins)
#Complete Global Routing.
#Total wire length = 2557 um.
#Total half perimeter of net bounding box = 3027 um.
#Total wire length on LAYER M1 = 0 um.
#Total wire length on LAYER M2 = 551 um.
#Total wire length on LAYER M3 = 427 um.
#Total wire length on LAYER M4 = 186 um.
#Total wire length on LAYER M5 = 89 um.
#Total wire length on LAYER M6 = 614 um.
#Total wire length on LAYER M7 = 688 um.
#Total wire length on LAYER M8 = 2 um.
#Total wire length on LAYER M9 = 0 um.
#Total wire length on LAYER Pad = 0 um.
#Total number of vias = 1420
#Up-Via Summary (total 1420):
#           
#-----------------------
# M1                677
# M2                392
# M3                105
# M4                 98
# M5                 97
# M6                 49
# M7                  2
#-----------------------
#                  1420 
#
#Total number of involved regular nets 63
#Maximum src to sink distance  34.7
#Average of max src_to_sink distance  22.0
#Average of ave src_to_sink distance  21.4
#Max overcon = 0 track.
#Total overcon = 0.00%.
#Worst layer Gcell overcon rate = 0.00%.
#
#Global routing statistics:
#Cpu time = 00:00:01
#Elapsed time = 00:00:01
#Increased memory = -7.07 (MB)
#Total memory = 2773.25 (MB)
#Peak memory = 2974.52 (MB)
#
#Finished global routing on Sun Apr 12 20:39:02 2026
#
#
#cpu time = 00:00:00, elapsed time = 00:00:00, memory = 2773.25 (MB), peak = 2974.52 (MB)
#Start Track Assignment.
#Done with 250 horizontal wires in 1 hboxes and 237 vertical wires in 1 hboxes.
#Done with 59 horizontal wires in 1 hboxes and 16 vertical wires in 1 hboxes.
#Done with 1 horizontal wires in 1 hboxes and 1 vertical wires in 1 hboxes.
#
#Track assignment summary:
# layer   (wire length)   (overlap)     (long ovlp)	(with obs/pg/clk)  
#------------------------------------------------------------------------
# M1             0.00 	  0.00%  	  0.00% 	  0.00%
# M2           507.17 	  0.01%  	  0.00% 	  0.01%
# M3           376.12 	  0.02%  	  0.00% 	  0.00%
# M4           184.13 	  0.00%  	  0.00% 	  0.00%
# M5            87.20 	  0.00%  	  0.00% 	  0.00%
# M6           611.21 	  0.00%  	  0.00% 	  0.00%
# M7           688.92 	  0.00%  	  0.00% 	  0.00%
# M8             0.00 	  0.00%  	  0.00% 	  0.00%
# M9             0.00 	  0.00%  	  0.00% 	  0.00%
#------------------------------------------------------------------------
# All        2454.74  	  0.01% 	  0.00% 	  0.00%
#Complete Track Assignment.
#Total wire length = 2487 um.
#Total half perimeter of net bounding box = 3027 um.
#Total wire length on LAYER M1 = 0 um.
#Total wire length on LAYER M2 = 528 um.
#Total wire length on LAYER M3 = 404 um.
#Total wire length on LAYER M4 = 182 um.
#Total wire length on LAYER M5 = 85 um.
#Total wire length on LAYER M6 = 602 um.
#Total wire length on LAYER M7 = 684 um.
#Total wire length on LAYER M8 = 2 um.
#Total wire length on LAYER M9 = 0 um.
#Total wire length on LAYER Pad = 0 um.
#Total number of vias = 1420
#Up-Via Summary (total 1420):
#           
#-----------------------
# M1                677
# M2                392
# M3                105
# M4                 98
# M5                 97
# M6                 49
# M7                  2
#-----------------------
#                  1420 
#
#cpu time = 00:00:00, elapsed time = 00:00:00, memory = 2773.57 (MB), peak = 2974.52 (MB)
#
#number of short segments in preferred routing layers
#	
#	
#
#Start post global route fixing for timing critical nets ...
#
#* Updating design timing data...
#Extracting RC...
Un-suppress "**WARN ..." messages.
#
#Start tQuantus RC extraction...
#Finish check_net_pin_list step Enter extract_rc_after_routing
#Extract in track assign mode
#Start building rc corner(s)...
#Number of RC Corner = 1
#Corner rccorner /data/tkvm2/Asap7/asap7/asap7sc7p5t_28/qrc/qrcTechFile_typ03_scaled4xV06 25.000000 (real) 
#(i=10, n=10 4000)
#LISD -> M1 (1)
#M1 -> M2 (2)
#M2 -> M3 (3)
#M3 -> M4 (4)
#M4 -> M5 (5)
#M5 -> M6 (6)
#M6 -> M7 (7)
#M7 -> M8 (8)
#M8 -> M9 (9)
#M9 -> Pad (10)
#SADV_On
# Corner(s) : 
#rccorner [25.00]
# Corner id: 0
# Layout Scale: 1.000000
# Has Metal Fill model: yes
# Temperature was set
# Temperature : 25.000000
# Ref. Temp   : 25.000000
#SADV_Off
#
#layer[1] tech width 288 != ict width 400.0
#
#layer[1] tech spc 288 != ict spc 464.0
#
#layer[4] tech width 384 != ict width 288.0
#
#layer[4] tech spc 384 != ict spc 288.0
#
#layer[6] tech width 512 != ict width 384.0
#
#layer[6] tech spc 512 != ict spc 384.0
#
#layer[8] tech width 640 != ict width 512.0
#
#layer[8] tech spc 640 != ict spc 512.0
#
#layer[10] tech spc 32000 != ict spc 640.0
#total pattern=220 [10, 605]
#Generating the tQuantus model file automatically.
#num_tile=19228 avg_aspect_ratio=1.204440 
#Vertical num_row 51 per_row= 372 halo= 49000 
#hor_num_col = 85 final aspect_ratio= 1.292968
#Build RC corners: cpu time = 00:00:19, elapsed time = 00:00:20, memory = 2827.93 (MB), peak = 2974.52 (MB)
#Finish check_net_pin_list step Enter extract
#Start init net ripin tree building
#Finish init net ripin tree building
#Cpu time = 00:00:00
#Elapsed time = 00:00:00
#Increased memory = 0.00 (MB)
#Total memory = 2832.18 (MB)
#Peak memory = 2974.52 (MB)
#Using multithreading with 2 threads.
#begin processing metal fill model file
#end processing metal fill model file
#
#Start Post Track Assignment Wire Spread.
#Done with 60 horizontal wires in 1 hboxes and 42 vertical wires in 1 hboxes.
#Complete Post Track Assignment Wire Spread.
#
#Length limit = 200 pitches
#opt mode = 2
#Finish check_net_pin_list step Fix net pin list
#Start generate extraction boxes.
#
#Extract using 30 x 30 Hboxes
#2x2 initial hboxes
#Use area based hbox pruning.
#0/0 hboxes pruned.
#Complete generating extraction boxes.
#Extract 1 hboxes with 2 threads on machine with  Xeon 2.30GHz 22528KB Cache 2CPU...
#Process 0 special clock nets for rc extraction
#Total 301 nets were built. 0 nodes added to break long wires. 0 net(s) have incomplete routes.
#Run Statistics for Extraction:
#   Cpu time = 00:00:00, elapsed time = 00:00:00 .
#   Increased memory =     3.40 (MB), total memory =  2835.80 (MB), peak memory =  2974.52 (MB)
#
#Scale RC for track assignment: res 1.000000; cap 1.000000; clk res 1.000000; clk cap 1.000000, xcap 1.000000
#Simplify RC tree: cpu time = 00:00:00, elapsed time = 00:00:00, memory = 2832.70 (MB), peak = 2974.52 (MB)
#RC Statistics: 695 Res, 487 Ground Cap, 13 XCap (Edge to Edge)
#RC V/H edge ratio: 0.44, Avg V/H Edge Length: 7142.61 (450), Avg L-Edge Length: 26901.89 (152)
#Register nets and terms for rcdb /data/tkvm2/Asap7design/adder/innovus_temp_1468_99ba87a8-704b-47df-a392-91e6d03013f8_vlsiktmt_tkvm2_Skkn3S/nr1468_OcRl7F.rcdb.d
#Finish registering nets and terms for rcdb.
#Start writing RC data.
#Finish writing RC data
#Finish writing rcdb with 1305 nodes, 1004 edges, and 26 xcaps
#0 inserted nodes are removed
#Restored 0 tie nets, 0 tie snets, 0 partial nets
#Remove Post Track Assignment Wire Spread
Restoring parasitic data from file '/data/tkvm2/Asap7design/adder/innovus_temp_1468_99ba87a8-704b-47df-a392-91e6d03013f8_vlsiktmt_tkvm2_Skkn3S/nr1468_OcRl7F.rcdb.d' ...
Reading RCDB with compressed RC data.
Reading RCDB with compressed RC data.
Begin read_parasitics... (cpu: 0:00:00.0 real: 0:00:00.0 mem: 3654.484M)
Following multi-corner parasitics specified:
	/data/tkvm2/Asap7design/adder/innovus_temp_1468_99ba87a8-704b-47df-a392-91e6d03013f8_vlsiktmt_tkvm2_Skkn3S/nr1468_OcRl7F.rcdb.d (rcdb)
Reading RCDB with compressed RC data.
		Cell Adder32 has rcdb /data/tkvm2/Asap7design/adder/innovus_temp_1468_99ba87a8-704b-47df-a392-91e6d03013f8_vlsiktmt_tkvm2_Skkn3S/nr1468_OcRl7F.rcdb.d specified
Cell Adder32, hinst 
Reading RCDB with compressed RC data.
Done read_parasitics... (cpu: 0:00:00.0 real: 0:00:00.0 mem: 3654.484M)
#
#Restore RCDB.
#Remove Post Track Assignment Wire Spread
#
#Complete tQuantus RC extraction.
#Cpu time = 00:00:20
#Elapsed time = 00:00:21
#Increased memory = 59.21 (MB)
#Total memory = 2832.79 (MB)
#Peak memory = 2974.52 (MB)
#
Un-suppress "**WARN ..." messages.
#RC Extraction Completed...
AAE_INFO: switching -siAware from false to true ...
AAE_INFO: The setting is changed from false to true in setDelayCalMode -SIAware
#Reporting timing...
#Normalized TNS: -0.014 -> -0.014, r2r 0.000 -> 0.000, unit 1.000, clk period 1.000 (ns)
#Stage 1: cpu time = 00:00:01, elapsed time = 00:00:01, memory = 2838.20 (MB), peak = 2974.52 (MB)
#Library Standard Delay: 5.90ps
#Slack threshold: 0.00ps
#*** Analyzed 0 timing critical paths, and collected 0.
#Stage 2: cpu time = 00:00:00, elapsed time = 00:00:00, memory = 2838.20 (MB), peak = 2974.52 (MB)
#Stage 3: cpu time = 00:00:00, elapsed time = 00:00:00, memory = 2839.64 (MB), peak = 2974.52 (MB)
**WARN: (TCLCMD-1403):	'The -tcl_list output format of report_timing will not be supported in future releases of the software.   Path collections generated by 'report_timing -collection'  can be used instead for programmatic access to timing report data. The  report_timing -tcl_list will continue to work in this release - but, you should update your scripts to use path collections so that they are compatible with future releases.'
Worst slack reported in the design = 78.264709 (late)
*** writeDesignTiming (0:00:00.0) ***
#Stage 4: cpu time = 00:00:00, elapsed time = 00:00:00, memory = 2840.00 (MB), peak = 2974.52 (MB)
Un-suppress "**WARN ..." messages.
#Number of victim nets: 0
#Number of aggressor nets: 0
#Number of weak nets: 0
#Number of critical nets: 0
#	level 1 [   0.0, -1000.0]: 0 nets
#	level 2 [   0.0, -1000.0]: 0 nets
#	level 3 [   0.0, -1000.0]: 0 nets
#Total number of nets: 301
#Total number of significant detoured timing critical nets is 0
#Total number of selected detoured timing critical nets is 0
#
#----------------------------------------------------
# Summary of active signal nets routing constraints
#+--------------------------+-----------+
#+--------------------------+-----------+
#
#----------------------------------------------------
Current (total cpu=0:03:31, real=0:04:53, peak res=2974.5M, current mem=2737.8M)
Adder32
Ending "Constraint file reading stats" (total cpu=0:00:00.1, real=0:00:00.0, peak res=2748.7M, current mem=2748.7M)
Current (total cpu=0:03:32, real=0:04:53, peak res=2974.5M, current mem=2748.7M)
#cpu time = 00:00:00, elapsed time = 00:00:00, memory = 2748.70 (MB), peak = 2974.52 (MB)
#* Importing design timing data...
#Number of victim nets: 0
#Number of aggressor nets: 0
#Number of weak nets: 0
#Number of critical nets: 0
#	level 1 [   0.0, -1000.0]: 0 nets
#	level 2 [   0.0, -1000.0]: 0 nets
#	level 3 [   0.0, -1000.0]: 0 nets
#Total number of nets: 301
#
#timing driven effort level: 3
#Start Track Assignment With Timing Driven.
#Done with 7 horizontal wires in 1 hboxes and 7 vertical wires in 1 hboxes.
#Done with 0 horizontal wires in 1 hboxes and 2 vertical wires in 1 hboxes.
#Done with 1 horizontal wires in 1 hboxes and 1 vertical wires in 1 hboxes.
#
#Track assignment summary:
# layer   (wire length)   (overlap)     (long ovlp)	(with obs/pg/clk)  
#------------------------------------------------------------------------
# M1             0.00 	  0.00%  	  0.00% 	  0.00%
# M2           506.88 	  0.01%  	  0.00% 	  0.01%
# M3           376.08 	  0.02%  	  0.00% 	  0.00%
# M4           184.13 	  0.00%  	  0.00% 	  0.00%
# M5            87.20 	  0.00%  	  0.00% 	  0.00%
# M6           611.21 	  0.00%  	  0.00% 	  0.00%
# M7           688.92 	  0.00%  	  0.00% 	  0.00%
# M8             0.00 	  0.00%  	  0.00% 	  0.00%
# M9             0.00 	  0.00%  	  0.00% 	  0.00%
#------------------------------------------------------------------------
# All        2454.41  	  0.01% 	  0.00% 	  0.00%
#Complete Track Assignment With Timing Driven.
#Total wire length = 2487 um.
#Total half perimeter of net bounding box = 3027 um.
#Total wire length on LAYER M1 = 0 um.
#Total wire length on LAYER M2 = 527 um.
#Total wire length on LAYER M3 = 405 um.
#Total wire length on LAYER M4 = 182 um.
#Total wire length on LAYER M5 = 85 um.
#Total wire length on LAYER M6 = 602 um.
#Total wire length on LAYER M7 = 684 um.
#Total wire length on LAYER M8 = 2 um.
#Total wire length on LAYER M9 = 0 um.
#Total wire length on LAYER Pad = 0 um.
#Total number of vias = 1420
#Up-Via Summary (total 1420):
#           
#-----------------------
# M1                677
# M2                392
# M3                105
# M4                 98
# M5                 97
# M6                 49
# M7                  2
#-----------------------
#                  1420 
#
#cpu time = 00:00:00, elapsed time = 00:00:00, memory = 2750.17 (MB), peak = 2974.52 (MB)
#
#Routing data preparation, pin analysis, global routing and track assignment statistics:
#Cpu time = 00:00:23
#Elapsed time = 00:00:24
#Increased memory = -14.98 (MB)
#Total memory = 2750.17 (MB)
#Peak memory = 2974.52 (MB)
#Using multithreading with 2 threads.
#Start reading timing information from file .timing_file_1468.tif.gz ...
#Read in timing information for 97 ports, 229 instances from timing file .timing_file_1468.tif.gz.
#
#Start Detail Routing..
#start initial detail routing ...
#   number of violations = 207
#
#    By Layer and Type :
#	         EOLSpc    EolKO      Enc   Totals
#	M1            0        9        0        9
#	M2            1        0        0        1
#	M3            0        0      100      100
#	M4            0        0        0        0
#	M5            0        0       97       97
#	Totals        1        9      197      207
#cpu time = 00:00:02, elapsed time = 00:00:02, memory = 2748.85 (MB), peak = 2974.52 (MB)
#start 1st optimization iteration ...
#   number of violations = 201
#
#    By Layer and Type :
#	          EolKO      Enc   Totals
#	M1            2        0        2
#	M2            0        0        0
#	M3            0      102      102
#	M4            0        0        0
#	M5            0       97       97
#	Totals        2      199      201
#cpu time = 00:00:01, elapsed time = 00:00:01, memory = 2745.73 (MB), peak = 2974.52 (MB)
#start 2nd optimization iteration ...
#   number of violations = 198
#
#    By Layer and Type :
#	          EolKO      Enc   Totals
#	M1            1        0        1
#	M2            0        0        0
#	M3            0      100      100
#	M4            0        0        0
#	M5            0       97       97
#	Totals        1      197      198
#cpu time = 00:00:01, elapsed time = 00:00:01, memory = 2745.07 (MB), peak = 2974.52 (MB)
#start 3rd optimization iteration ...
#   number of violations = 198
#
#    By Layer and Type :
#	          EolKO      Enc   Totals
#	M1            1        0        1
#	M2            0        0        0
#	M3            0      100      100
#	M4            0        0        0
#	M5            0       97       97
#	Totals        1      197      198
#cpu time = 00:00:01, elapsed time = 00:00:01, memory = 2744.49 (MB), peak = 2974.52 (MB)
#start 4th optimization iteration ...
#   number of violations = 192
#
#    By Layer and Type :
#	          EolKO      Enc   Totals
#	M1            2        0        2
#	M2            0        0        0
#	M3            0       94       94
#	M4            0        0        0
#	M5            0       96       96
#	Totals        2      190      192
#cpu time = 00:00:02, elapsed time = 00:00:01, memory = 2743.93 (MB), peak = 2974.52 (MB)
#start 5th optimization iteration ...
#   number of violations = 198
#
#    By Layer and Type :
#	            Enc   Totals
#	M1            0        0
#	M2            0        0
#	M3          100      100
#	M4            0        0
#	M5           98       98
#	Totals      198      198
#cpu time = 00:00:02, elapsed time = 00:00:02, memory = 2744.53 (MB), peak = 2974.52 (MB)
#start 6th optimization iteration ...
#   number of violations = 192
#
#    By Layer and Type :
#	            Enc   Totals
#	M1            0        0
#	M2            0        0
#	M3           95       95
#	M4            0        0
#	M5           97       97
#	Totals      192      192
#cpu time = 00:00:02, elapsed time = 00:00:02, memory = 2744.34 (MB), peak = 2974.52 (MB)
#start 7th optimization iteration ...
#   number of violations = 193
#
#    By Layer and Type :
#	            Enc   Totals
#	M1            0        0
#	M2            0        0
#	M3           96       96
#	M4            0        0
#	M5           97       97
#	Totals      193      193
#cpu time = 00:00:03, elapsed time = 00:00:03, memory = 2745.02 (MB), peak = 2974.52 (MB)
#start 8th optimization iteration ...
#   number of violations = 190
#
#    By Layer and Type :
#	            Enc   Totals
#	M1            0        0
#	M2            0        0
#	M3           92       92
#	M4            0        0
#	M5           98       98
#	Totals      190      190
#cpu time = 00:00:04, elapsed time = 00:00:04, memory = 2744.91 (MB), peak = 2974.52 (MB)
#start 9th optimization iteration ...
#   number of violations = 193
#
#    By Layer and Type :
#	            Enc   Totals
#	M1            0        0
#	M2            0        0
#	M3           96       96
#	M4            0        0
#	M5           97       97
#	Totals      193      193
#cpu time = 00:00:05, elapsed time = 00:00:05, memory = 2744.65 (MB), peak = 2974.52 (MB)
#start 10th optimization iteration ...
#   number of violations = 190
#
#    By Layer and Type :
#	            Enc   Totals
#	M1            0        0
#	M2            0        0
#	M3           93       93
#	M4            0        0
#	M5           97       97
#	Totals      190      190
#cpu time = 00:00:03, elapsed time = 00:00:03, memory = 2746.27 (MB), peak = 2974.52 (MB)
#start 11th optimization iteration ...
#   number of violations = 187
#
#    By Layer and Type :
#	            Enc   Totals
#	M1            0        0
#	M2            0        0
#	M3           90       90
#	M4            0        0
#	M5           97       97
#	Totals      187      187
#cpu time = 00:00:04, elapsed time = 00:00:04, memory = 2746.45 (MB), peak = 2974.52 (MB)
#start 12th optimization iteration ...
#   number of violations = 191
#
#    By Layer and Type :
#	          EolKO      Enc   Totals
#	M1            1        0        1
#	M2            0        0        0
#	M3            0       94       94
#	M4            0        0        0
#	M5            0       96       96
#	Totals        1      190      191
#cpu time = 00:00:04, elapsed time = 00:00:04, memory = 2751.03 (MB), peak = 2974.52 (MB)
#start 13th optimization iteration ...
#   number of violations = 194
#
#    By Layer and Type :
#	            Enc   Totals
#	M1            0        0
#	M2            0        0
#	M3           97       97
#	M4            0        0
#	M5           97       97
#	Totals      194      194
#cpu time = 00:00:05, elapsed time = 00:00:05, memory = 2751.02 (MB), peak = 2974.52 (MB)
#start 14th optimization iteration ...
#   number of violations = 192
#
#    By Layer and Type :
#	            Enc   Totals
#	M1            0        0
#	M2            0        0
#	M3           95       95
#	M4            0        0
#	M5           97       97
#	Totals      192      192
#cpu time = 00:00:06, elapsed time = 00:00:06, memory = 2750.92 (MB), peak = 2974.52 (MB)
#start 15th optimization iteration ...
#   number of violations = 193
#
#    By Layer and Type :
#	            Enc   Totals
#	M1            0        0
#	M2            0        0
#	M3           96       96
#	M4            0        0
#	M5           97       97
#	Totals      193      193
#cpu time = 00:00:06, elapsed time = 00:00:06, memory = 2750.84 (MB), peak = 2974.52 (MB)
#start 16th optimization iteration ...
#   number of violations = 192
#
#    By Layer and Type :
#	            Enc   Totals
#	M1            0        0
#	M2            0        0
#	M3           95       95
#	M4            0        0
#	M5           97       97
#	Totals      192      192
#cpu time = 00:00:04, elapsed time = 00:00:04, memory = 2750.86 (MB), peak = 2974.52 (MB)
#Complete Detail Routing.
#Total wire length = 2791 um.
#Total half perimeter of net bounding box = 3027 um.
#Total wire length on LAYER M1 = 33 um.
#Total wire length on LAYER M2 = 994 um.
#Total wire length on LAYER M3 = 571 um.
#Total wire length on LAYER M4 = 44 um.
#Total wire length on LAYER M5 = 33 um.
#Total wire length on LAYER M6 = 410 um.
#Total wire length on LAYER M7 = 673 um.
#Total wire length on LAYER M8 = 34 um.
#Total wire length on LAYER M9 = 0 um.
#Total wire length on LAYER Pad = 0 um.
#Total number of vias = 1988
#Up-Via Summary (total 1988):
#           
#-----------------------
# M1                734
# M2                810
# M3                 97
# M4                105
# M5                 97
# M6                131
# M7                 14
#-----------------------
#                  1988 
#
#Total number of DRC violations = 192
#Total number of violations on LAYER M1 = 0
#Total number of violations on LAYER M2 = 0
#Total number of violations on LAYER M3 = 95
#Total number of violations on LAYER M4 = 0
#Total number of violations on LAYER M5 = 97
#Total number of violations on LAYER M6 = 0
#Total number of violations on LAYER M7 = 0
#Total number of violations on LAYER M8 = 0
#Total number of violations on LAYER M9 = 0
#Total number of violations on LAYER Pad = 0
#Cpu time = 00:00:57
#Elapsed time = 00:00:52
#Increased memory = 0.69 (MB)
#Total memory = 2750.86 (MB)
#Peak memory = 2974.52 (MB)
#
#Start Post Route via swapping...
#99.59% of area are rerouted by ECO routing.
#   number of violations = 167
#
#    By Layer and Type :
#	            Enc   Totals
#	M1            0        0
#	M2            0        0
#	M3           90       90
#	M4            0        0
#	M5           77       77
#	Totals      167      167
#cpu time = 00:00:01, elapsed time = 00:00:00, memory = 2752.88 (MB), peak = 2974.52 (MB)
#CELL_VIEW Adder32,init has 167 DRC violations
#Total number of DRC violations = 167
#Total number of violations on LAYER M1 = 0
#Total number of violations on LAYER M2 = 0
#Total number of violations on LAYER M3 = 90
#Total number of violations on LAYER M4 = 0
#Total number of violations on LAYER M5 = 77
#Total number of violations on LAYER M6 = 0
#Total number of violations on LAYER M7 = 0
#Total number of violations on LAYER M8 = 0
#Total number of violations on LAYER M9 = 0
#Total number of violations on LAYER Pad = 0
#Post Route via swapping is done.
#Total wire length = 2791 um.
#Total half perimeter of net bounding box = 3027 um.
#Total wire length on LAYER M1 = 33 um.
#Total wire length on LAYER M2 = 994 um.
#Total wire length on LAYER M3 = 571 um.
#Total wire length on LAYER M4 = 44 um.
#Total wire length on LAYER M5 = 33 um.
#Total wire length on LAYER M6 = 410 um.
#Total wire length on LAYER M7 = 673 um.
#Total wire length on LAYER M8 = 34 um.
#Total wire length on LAYER M9 = 0 um.
#Total wire length on LAYER Pad = 0 um.
#Total number of vias = 1988
#Total number of multi-cut vias = 420 ( 21.1%)
#Total number of single cut vias = 1568 ( 78.9%)
#Up-Via Summary (total 1988):
#                   single-cut          multi-cut      Total
#-----------------------------------------------------------
# M1               367 ( 50.0%)       367 ( 50.0%)        734
# M2               776 ( 95.8%)        34 (  4.2%)        810
# M3                97 (100.0%)         0 (  0.0%)         97
# M4               105 (100.0%)         0 (  0.0%)        105
# M5                78 ( 80.4%)        19 ( 19.6%)         97
# M6               131 (100.0%)         0 (  0.0%)        131
# M7                14 (100.0%)         0 (  0.0%)         14
#-----------------------------------------------------------
#                 1568 ( 78.9%)       420 ( 21.1%)       1988 
#
#
#Start Post Route wire spreading..
#
#Start DRC checking..
#   number of violations = 175
#
#    By Layer and Type :
#	            Enc   Totals
#	M1            0        0
#	M2            0        0
#	M3           97       97
#	M4            0        0
#	M5           78       78
#	Totals      175      175
#cpu time = 00:00:00, elapsed time = 00:00:00, memory = 2751.38 (MB), peak = 2974.52 (MB)
#CELL_VIEW Adder32,init has 175 DRC violations
#Total number of DRC violations = 175
#Total number of violations on LAYER M1 = 0
#Total number of violations on LAYER M2 = 0
#Total number of violations on LAYER M3 = 97
#Total number of violations on LAYER M4 = 0
#Total number of violations on LAYER M5 = 78
#Total number of violations on LAYER M6 = 0
#Total number of violations on LAYER M7 = 0
#Total number of violations on LAYER M8 = 0
#Total number of violations on LAYER M9 = 0
#Total number of violations on LAYER Pad = 0
#
#Start data preparation for wire spreading...
#
#Data preparation is done on Sun Apr 12 20:40:17 2026
#
#
#Start Post Route Wire Spread.
#Done with 0 horizontal wires in 1 hboxes and 1 vertical wires in 1 hboxes.
#Complete Post Route Wire Spread.
#
#Total wire length = 2792 um.
#Total half perimeter of net bounding box = 3027 um.
#Total wire length on LAYER M1 = 34 um.
#Total wire length on LAYER M2 = 994 um.
#Total wire length on LAYER M3 = 571 um.
#Total wire length on LAYER M4 = 44 um.
#Total wire length on LAYER M5 = 33 um.
#Total wire length on LAYER M6 = 410 um.
#Total wire length on LAYER M7 = 673 um.
#Total wire length on LAYER M8 = 34 um.
#Total wire length on LAYER M9 = 0 um.
#Total wire length on LAYER Pad = 0 um.
#Total number of vias = 1988
#Total number of multi-cut vias = 420 ( 21.1%)
#Total number of single cut vias = 1568 ( 78.9%)
#Up-Via Summary (total 1988):
#                   single-cut          multi-cut      Total
#-----------------------------------------------------------
# M1               367 ( 50.0%)       367 ( 50.0%)        734
# M2               776 ( 95.8%)        34 (  4.2%)        810
# M3                97 (100.0%)         0 (  0.0%)         97
# M4               105 (100.0%)         0 (  0.0%)        105
# M5                78 ( 80.4%)        19 ( 19.6%)         97
# M6               131 (100.0%)         0 (  0.0%)        131
# M7                14 (100.0%)         0 (  0.0%)         14
#-----------------------------------------------------------
#                 1568 ( 78.9%)       420 ( 21.1%)       1988 
#
#
#Start DRC checking..
#   number of violations = 175
#
#    By Layer and Type :
#	            Enc   Totals
#	M1            0        0
#	M2            0        0
#	M3           97       97
#	M4            0        0
#	M5           78       78
#	Totals      175      175
#cpu time = 00:00:00, elapsed time = 00:00:00, memory = 2751.87 (MB), peak = 2974.52 (MB)
#CELL_VIEW Adder32,init has 175 DRC violations
#Total number of DRC violations = 175
#Total number of violations on LAYER M1 = 0
#Total number of violations on LAYER M2 = 0
#Total number of violations on LAYER M3 = 97
#Total number of violations on LAYER M4 = 0
#Total number of violations on LAYER M5 = 78
#Total number of violations on LAYER M6 = 0
#Total number of violations on LAYER M7 = 0
#Total number of violations on LAYER M8 = 0
#Total number of violations on LAYER M9 = 0
#Total number of violations on LAYER Pad = 0
#   number of violations = 175
#
#    By Layer and Type :
#	            Enc   Totals
#	M1            0        0
#	M2            0        0
#	M3           97       97
#	M4            0        0
#	M5           78       78
#	Totals      175      175
#cpu time = 00:00:00, elapsed time = 00:00:00, memory = 2751.87 (MB), peak = 2974.52 (MB)
#CELL_VIEW Adder32,init has 175 DRC violations
#Total number of DRC violations = 175
#Total number of violations on LAYER M1 = 0
#Total number of violations on LAYER M2 = 0
#Total number of violations on LAYER M3 = 97
#Total number of violations on LAYER M4 = 0
#Total number of violations on LAYER M5 = 78
#Total number of violations on LAYER M6 = 0
#Total number of violations on LAYER M7 = 0
#Total number of violations on LAYER M8 = 0
#Total number of violations on LAYER M9 = 0
#Total number of violations on LAYER Pad = 0
#Post Route wire spread is done.
#Total wire length = 2792 um.
#Total half perimeter of net bounding box = 3027 um.
#Total wire length on LAYER M1 = 34 um.
#Total wire length on LAYER M2 = 994 um.
#Total wire length on LAYER M3 = 571 um.
#Total wire length on LAYER M4 = 44 um.
#Total wire length on LAYER M5 = 33 um.
#Total wire length on LAYER M6 = 410 um.
#Total wire length on LAYER M7 = 673 um.
#Total wire length on LAYER M8 = 34 um.
#Total wire length on LAYER M9 = 0 um.
#Total wire length on LAYER Pad = 0 um.
#Total number of vias = 1988
#Total number of multi-cut vias = 420 ( 21.1%)
#Total number of single cut vias = 1568 ( 78.9%)
#Up-Via Summary (total 1988):
#                   single-cut          multi-cut      Total
#-----------------------------------------------------------
# M1               367 ( 50.0%)       367 ( 50.0%)        734
# M2               776 ( 95.8%)        34 (  4.2%)        810
# M3                97 (100.0%)         0 (  0.0%)         97
# M4               105 (100.0%)         0 (  0.0%)        105
# M5                78 ( 80.4%)        19 ( 19.6%)         97
# M6               131 (100.0%)         0 (  0.0%)        131
# M7                14 (100.0%)         0 (  0.0%)         14
#-----------------------------------------------------------
#                 1568 ( 78.9%)       420 ( 21.1%)       1988 
#
#detailRoute Statistics:
#Cpu time = 00:00:59
#Elapsed time = 00:00:53
#Increased memory = -0.29 (MB)
#Total memory = 2749.88 (MB)
#Peak memory = 2974.52 (MB)
#
#globalDetailRoute statistics:
#Cpu time = 00:01:23
#Elapsed time = 00:01:18
#Increased memory = 28.95 (MB)
#Total memory = 2733.55 (MB)
#Peak memory = 2974.52 (MB)
#Number of warnings = 3
#Total number of warnings = 16
#Number of fails = 0
#Total number of fails = 0
#Complete globalDetailRoute on Sun Apr 12 20:40:18 2026
#
% End globalDetailRoute (date=04/12 20:40:18, total cpu=0:01:23, real=0:01:19, peak res=2974.5M, current mem=2732.0M)
#Default setup view is reset to tt.
#Default setup view is reset to tt.
AAE_INFO: Post Route call back at the end of routeDesign
#routeDesign: cpu time = 00:01:25, elapsed time = 00:01:20, memory = 2726.92 (MB), peak = 2974.52 (MB)

*** Summary of all messages that are not suppressed in this session:
Severity  ID               Count  Summary                                  
WARNING   NRAG-44              1  Track pitch is too small compared with l...
WARNING   NRIG-1303            1  The congestion map does not match the GC...
WARNING   NRIF-38              1  Option %s%s is not a Boolean option.     
WARNING   NRIF-81              1  When route_detail_post_route_swap_via is...
WARNING   TCLCMD-1403          1  '%s'                                     
*** Message Summary: 5 warning(s), 0 error(s)

#% End routeDesign (date=04/12 20:40:18, total cpu=0:01:25, real=0:01:20, peak res=2974.5M, current mem=2726.9M)
<CMD> routeDesign -viaOpt -wireOpt -trackOpt
#% Begin routeDesign (date=04/12 20:40:18, mem=2726.9M)
#routeDesign: cpu time = 00:00:00, elapsed time = 00:00:00, memory = 2726.93 (MB), peak = 2974.52 (MB)
AAE_INFO: Pre Route call back at the beginning of routeDesign
#**INFO: setDesignMode -flowEffort standard
#**INFO: setDesignMode -powerEffort none
#**INFO: Full design global route is not selected, ignore -trackOpt
**INFO: User settings:
setNanoRouteMode -route_detail_auto_stop                                                  false
setNanoRouteMode -route_detail_fix_antenna                                                false
setNanoRouteMode -route_detail_post_route_swap_via                                        true
setNanoRouteMode -route_detail_use_lef_pin_taper_rule                                     true
setNanoRouteMode -route_route_side                                                        front
setNanoRouteMode -extract_rc_model_file                                                   rc_model.bin
setNanoRouteMode -route_extract_third_party_compatible                                    false
setNanoRouteMode -route_global_exp_timing_driven_use_tif_timing_engine_for_import_design  false
setNanoRouteMode -route_exp_design_mode_top_routing_layer                                 9
setNanoRouteMode -route_exp_dont_invoke_reclaim_antenna_diode                             true
setNanoRouteMode -route_antenna_diode_insertion                                           false
setNanoRouteMode -route_diode_insertion_for_clock_nets                                    false
setNanoRouteMode -route_reserve_space_for_multi_cut                                       true
setNanoRouteMode -timingEngine                                                            .timing_file_1468.tif.gz
setDesignMode -process                                                                    7
setDesignMode -topRoutingLayer                                                            9
setExtractRCMode -coupling_c_th                                                           0.1
setExtractRCMode -engine                                                                  preRoute
setExtractRCMode -relative_c_th                                                           1
setExtractRCMode -total_c_th                                                              0
setDelayCalMode -enable_high_fanout                                                       true
setDelayCalMode -eng_enablePrePlacedFlow                                                  false
setDelayCalMode -engine                                                                   aae
setDelayCalMode -ignoreNetLoad                                                            false
setDelayCalMode -socv_accuracy_mode                                                       low
setSIMode -separate_delta_delay_on_data                                                   true

#**INFO: multi-cut via swapping will be performed after routing.
#**INFO: All auto set options tuned by routeDesign will be restored to their original settings on command completion.
Begin checking placement ... (start mem=3513.8M, init mem=3521.8M)
*info: Placed = 229           
*info: Unplaced = 0           
Placement Density:67.43%(401/595)
Placement Density (including fixed std cells):67.43%(401/595)
Finished checkPlace (total: cpu=0:00:00.0, real=0:00:00.0; vio checks: cpu=0:00:00.0, real=0:00:00.0; mem=3497.8M)

changeUseClockNetStatus Option :  -ignoreSkipRoutingNets -noFixedNetWires 
*** Changed status on (0) nets in Clock.
*** End changeUseClockNetStatus (cpu=0:00:00.0, real=0:00:00.0, mem=3497.8M) ***
% Begin detailRoute (date=04/12 20:40:18, mem=2726.6M)

detailRoute

#Start detailRoute on Sun Apr 12 20:40:18 2026
#
#NanoRoute Version 22.17-s086_1 NR240905-1647/22_17-UB
#Start routing data preparation on Sun Apr 12 20:40:18 2026
#
# M1           V   Track-Pitch = 0.14400    Line-2-Via Pitch = 0.14400
# M2           H   Track-Pitch = 0.14400    Line-2-Via Pitch = 0.14400
# M3           V   Track-Pitch = 0.14400    Line-2-Via Pitch = 0.14400
# M4           H   Track-Pitch = 0.19200    Line-2-Via Pitch = 0.19200
# M5           V   Track-Pitch = 0.21600    Line-2-Via Pitch = 0.19200
# M6           H   Track-Pitch = 0.28800    Line-2-Via Pitch = 0.25600
# M7           V   Track-Pitch = 0.28800    Line-2-Via Pitch = 0.25600
# M8           H   Track-Pitch = 0.38400    Line-2-Via Pitch = 0.32000
# M9           V   Track-Pitch = 0.36000    Line-2-Via Pitch = 0.32000
# Pad          H   Track-Pitch = 0.38400    Line-2-Via Pitch = 8.16000
#WARNING (NRAG-44) Track pitch is too small compared with line-2-via pitch.
#Bottom routing layer index=1(M1), bottom routing layer for shielding=1(M1), bottom shield layer=1(M1)
#shield_bottom_stripe_layer=1(M1), shield_top_stripe_layer=9(M9)
#pin_access_rlayer=2(M2)
#shield_top_dpt_rlayer=-1 top_rlayer=9 top_trim_metal_rlayer=-1 rlayer_lowest=1 bottom_rlayer=1
#enable_trim_layer_shield=F enable_dpt_layer_shield=F has_line_end_grid=F
#enable_dpt_layer_shield=F
#has_line_end_grid=F
#cpu time = 00:00:00, elapsed time = 00:00:00, memory = 2731.07 (MB), peak = 2974.52 (MB)
#Regenerating Ggrids automatically.
#Auto generating G-grids with size=15 tracks, using layer M3's pitch = 0.14400.
#Using automatically generated G-grids.
#Done routing data preparation.
#cpu time = 00:00:00, elapsed time = 00:00:00, memory = 2742.40 (MB), peak = 2974.52 (MB)
#
#Start Post Route via swapping...
#   number of violations = 354
#
#    By Layer and Type :
#	            Enc   Totals
#	M1            0        0
#	M2            0        0
#	M3          197      197
#	M4            0        0
#	M5          157      157
#	Totals      354      354
#cpu time = 00:00:00, elapsed time = 00:00:00, memory = 2742.49 (MB), peak = 2974.52 (MB)
#CELL_VIEW Adder32,init has 354 DRC violations
#Total number of DRC violations = 354
#Total number of violations on LAYER M1 = 0
#Total number of violations on LAYER M2 = 0
#Total number of violations on LAYER M3 = 197
#Total number of violations on LAYER M4 = 0
#Total number of violations on LAYER M5 = 157
#Total number of violations on LAYER M6 = 0
#Total number of violations on LAYER M7 = 0
#Total number of violations on LAYER M8 = 0
#Total number of violations on LAYER M9 = 0
#Total number of violations on LAYER Pad = 0
#No via is swapped.
#Post Route via swapping is done.
#Total wire length = 2792 um.
#Total half perimeter of net bounding box = 3027 um.
#Total wire length on LAYER M1 = 34 um.
#Total wire length on LAYER M2 = 994 um.
#Total wire length on LAYER M3 = 571 um.
#Total wire length on LAYER M4 = 44 um.
#Total wire length on LAYER M5 = 33 um.
#Total wire length on LAYER M6 = 410 um.
#Total wire length on LAYER M7 = 673 um.
#Total wire length on LAYER M8 = 34 um.
#Total wire length on LAYER M9 = 0 um.
#Total wire length on LAYER Pad = 0 um.
#Total number of vias = 1988
#Total number of multi-cut vias = 420 ( 21.1%)
#Total number of single cut vias = 1568 ( 78.9%)
#Up-Via Summary (total 1988):
#                   single-cut          multi-cut      Total
#-----------------------------------------------------------
# M1               367 ( 50.0%)       367 ( 50.0%)        734
# M2               776 ( 95.8%)        34 (  4.2%)        810
# M3                97 (100.0%)         0 (  0.0%)         97
# M4               105 (100.0%)         0 (  0.0%)        105
# M5                78 ( 80.4%)        19 ( 19.6%)         97
# M6               131 (100.0%)         0 (  0.0%)        131
# M7                14 (100.0%)         0 (  0.0%)         14
#-----------------------------------------------------------
#                 1568 ( 78.9%)       420 ( 21.1%)       1988 
#
#
#detailRoute statistics:
#Cpu time = 00:00:01
#Elapsed time = 00:00:01
#Increased memory = 4.07 (MB)
#Total memory = 2730.66 (MB)
#Peak memory = 2974.52 (MB)
#Number of warnings = 1
#Total number of warnings = 17
#Number of fails = 0
#Total number of fails = 0
#Complete detailRoute on Sun Apr 12 20:40:19 2026
#
% End detailRoute (date=04/12 20:40:19, total cpu=0:00:00.7, real=0:00:01.0, peak res=2730.6M, current mem=2730.6M)
% Begin detailRoute (date=04/12 20:40:19, mem=2730.6M)

detailRoute

#Start detailRoute on Sun Apr 12 20:40:19 2026
#
#NanoRoute Version 22.17-s086_1 NR240905-1647/22_17-UB
#Using multithreading with 2 threads.
#Start routing data preparation on Sun Apr 12 20:40:19 2026
#
#Initial pin access analysis.
#Detail pin access analysis.
# M1           V   Track-Pitch = 0.14400    Line-2-Via Pitch = 0.14400
# M2           H   Track-Pitch = 0.14400    Line-2-Via Pitch = 0.14400
# M3           V   Track-Pitch = 0.14400    Line-2-Via Pitch = 0.14400
# M4           H   Track-Pitch = 0.19200    Line-2-Via Pitch = 0.19200
# M5           V   Track-Pitch = 0.21600    Line-2-Via Pitch = 0.19200
# M6           H   Track-Pitch = 0.28800    Line-2-Via Pitch = 0.25600
# M7           V   Track-Pitch = 0.28800    Line-2-Via Pitch = 0.25600
# M8           H   Track-Pitch = 0.38400    Line-2-Via Pitch = 0.32000
# M9           V   Track-Pitch = 0.36000    Line-2-Via Pitch = 0.32000
# Pad          H   Track-Pitch = 0.38400    Line-2-Via Pitch = 8.16000
#WARNING (NRAG-44) Track pitch is too small compared with line-2-via pitch.
#Bottom routing layer index=1(M1), bottom routing layer for shielding=1(M1), bottom shield layer=1(M1)
#shield_bottom_stripe_layer=1(M1), shield_top_stripe_layer=9(M9)
#pin_access_rlayer=2(M2)
#shield_top_dpt_rlayer=-1 top_rlayer=9 top_trim_metal_rlayer=-1 rlayer_lowest=1 bottom_rlayer=1
#enable_trim_layer_shield=F enable_dpt_layer_shield=F has_line_end_grid=F
#enable_dpt_layer_shield=F
#has_line_end_grid=F
#cpu time = 00:00:00, elapsed time = 00:00:00, memory = 2734.86 (MB), peak = 2974.52 (MB)
#Regenerating Ggrids automatically.
#Auto generating G-grids with size=15 tracks, using layer M3's pitch = 0.14400.
#Using automatically generated G-grids.
#Done routing data preparation.
#cpu time = 00:00:00, elapsed time = 00:00:00, memory = 2746.19 (MB), peak = 2974.52 (MB)
#
#Start Detail Routing..
#start 1st optimization iteration ...
#   number of violations = 190
#
#    By Layer and Type :
#	            Enc   Totals
#	M1            0        0
#	M2            0        0
#	M3           95       95
#	M4            0        0
#	M5           95       95
#	Totals      190      190
#cpu time = 00:00:02, elapsed time = 00:00:01, memory = 2745.61 (MB), peak = 2974.52 (MB)
#start 2nd optimization iteration ...
#   number of violations = 190
#
#    By Layer and Type :
#	          EolKO      Enc   Totals
#	M1            1        0        1
#	M2            0        0        0
#	M3            0       94       94
#	M4            0        0        0
#	M5            0       95       95
#	Totals        1      189      190
#cpu time = 00:00:01, elapsed time = 00:00:01, memory = 2745.55 (MB), peak = 2974.52 (MB)
#start 3rd optimization iteration ...
#   number of violations = 189
#
#    By Layer and Type :
#	            Enc   Totals
#	M1            0        0
#	M2            0        0
#	M3           93       93
#	M4            0        0
#	M5           96       96
#	Totals      189      189
#cpu time = 00:00:01, elapsed time = 00:00:01, memory = 2745.38 (MB), peak = 2974.52 (MB)
#start 4th optimization iteration ...
#   number of violations = 188
#
#    By Layer and Type :
#	            Enc   Totals
#	M1            0        0
#	M2            0        0
#	M3           92       92
#	M4            0        0
#	M5           96       96
#	Totals      188      188
#cpu time = 00:00:02, elapsed time = 00:00:01, memory = 2748.50 (MB), peak = 2974.52 (MB)
#start 5th optimization iteration ...
#   number of violations = 189
#
#    By Layer and Type :
#	            Enc   Totals
#	M1            0        0
#	M2            0        0
#	M3           93       93
#	M4            0        0
#	M5           96       96
#	Totals      189      189
#cpu time = 00:00:02, elapsed time = 00:00:01, memory = 2746.60 (MB), peak = 2974.52 (MB)
#start 6th optimization iteration ...
#   number of violations = 189
#
#    By Layer and Type :
#	            Enc   Totals
#	M1            0        0
#	M2            0        0
#	M3           93       93
#	M4            0        0
#	M5           96       96
#	Totals      189      189
#cpu time = 00:00:03, elapsed time = 00:00:02, memory = 2746.41 (MB), peak = 2974.52 (MB)
#start 7th optimization iteration ...
#   number of violations = 190
#
#    By Layer and Type :
#	            Enc   Totals
#	M1            0        0
#	M2            0        0
#	M3           94       94
#	M4            0        0
#	M5           96       96
#	Totals      190      190
#cpu time = 00:00:04, elapsed time = 00:00:04, memory = 2746.46 (MB), peak = 2974.52 (MB)
#start 8th optimization iteration ...
#   number of violations = 190
#
#    By Layer and Type :
#	            Enc   Totals
#	M1            0        0
#	M2            0        0
#	M3           93       93
#	M4            0        0
#	M5           97       97
#	Totals      190      190
#cpu time = 00:00:05, elapsed time = 00:00:05, memory = 2746.45 (MB), peak = 2974.52 (MB)
#start 9th optimization iteration ...
#   number of violations = 192
#
#    By Layer and Type :
#	            Enc   Totals
#	M1            0        0
#	M2            0        0
#	M3           95       95
#	M4            0        0
#	M5           97       97
#	Totals      192      192
#cpu time = 00:00:06, elapsed time = 00:00:06, memory = 2746.32 (MB), peak = 2974.52 (MB)
#start 10th optimization iteration ...
#   number of violations = 192
#
#    By Layer and Type :
#	          EolKO      Enc   Totals
#	M1            1        0        1
#	M2            0        0        0
#	M3            0       93       93
#	M4            0        0        0
#	M5            0       98       98
#	Totals        1      191      192
#cpu time = 00:00:04, elapsed time = 00:00:03, memory = 2746.69 (MB), peak = 2974.52 (MB)
#start 11th optimization iteration ...
#   number of violations = 193
#
#    By Layer and Type :
#	            Enc   Totals
#	M1            0        0
#	M2            0        0
#	M3           96       96
#	M4            0        0
#	M5           97       97
#	Totals      193      193
#cpu time = 00:00:05, elapsed time = 00:00:04, memory = 2746.70 (MB), peak = 2974.52 (MB)
#start 12th optimization iteration ...
#   number of violations = 195
#
#    By Layer and Type :
#	          EolKO      Enc   Totals
#	M1            1        0        1
#	M2            0        0        0
#	M3            0       97       97
#	M4            0        0        0
#	M5            0       97       97
#	Totals        1      194      195
#cpu time = 00:00:05, elapsed time = 00:00:04, memory = 2746.56 (MB), peak = 2974.52 (MB)
#start 13th optimization iteration ...
#   number of violations = 188
#
#    By Layer and Type :
#	            Enc   Totals
#	M1            0        0
#	M2            0        0
#	M3           91       91
#	M4            0        0
#	M5           97       97
#	Totals      188      188
#cpu time = 00:00:05, elapsed time = 00:00:05, memory = 2747.00 (MB), peak = 2974.52 (MB)
#start 14th optimization iteration ...
#   number of violations = 192
#
#    By Layer and Type :
#	            Enc   Totals
#	M1            0        0
#	M2            0        0
#	M3           96       96
#	M4            0        0
#	M5           96       96
#	Totals      192      192
#cpu time = 00:00:06, elapsed time = 00:00:06, memory = 2747.04 (MB), peak = 2974.52 (MB)
#start 15th optimization iteration ...
#   number of violations = 194
#
#    By Layer and Type :
#	            Enc   Totals
#	M1            0        0
#	M2            0        0
#	M3           97       97
#	M4            0        0
#	M5           97       97
#	Totals      194      194
#cpu time = 00:00:07, elapsed time = 00:00:07, memory = 2747.01 (MB), peak = 2974.52 (MB)
#start 16th optimization iteration ...
#   number of violations = 194
#
#    By Layer and Type :
#	            Enc   Totals
#	M1            0        0
#	M2            0        0
#	M3           97       97
#	M4            0        0
#	M5           97       97
#	Totals      194      194
#cpu time = 00:00:03, elapsed time = 00:00:03, memory = 2747.20 (MB), peak = 2974.52 (MB)
#Complete Detail Routing.
#Total wire length = 2790 um.
#Total half perimeter of net bounding box = 3027 um.
#Total wire length on LAYER M1 = 35 um.
#Total wire length on LAYER M2 = 1052 um.
#Total wire length on LAYER M3 = 563 um.
#Total wire length on LAYER M4 = 37 um.
#Total wire length on LAYER M5 = 30 um.
#Total wire length on LAYER M6 = 363 um.
#Total wire length on LAYER M7 = 680 um.
#Total wire length on LAYER M8 = 29 um.
#Total wire length on LAYER M9 = 0 um.
#Total wire length on LAYER Pad = 0 um.
#Total number of vias = 2010
#Total number of multi-cut vias = 324 ( 16.1%)
#Total number of single cut vias = 1686 ( 83.9%)
#Up-Via Summary (total 2010):
#                   single-cut          multi-cut      Total
#-----------------------------------------------------------
# M1               445 ( 59.7%)       300 ( 40.3%)        745
# M2               797 ( 97.1%)        24 (  2.9%)        821
# M3                97 (100.0%)         0 (  0.0%)         97
# M4               103 (100.0%)         0 (  0.0%)        103
# M5                97 (100.0%)         0 (  0.0%)         97
# M6               133 (100.0%)         0 (  0.0%)        133
# M7                14 (100.0%)         0 (  0.0%)         14
#-----------------------------------------------------------
#                 1686 ( 83.9%)       324 ( 16.1%)       2010 
#
#Total number of DRC violations = 194
#Total number of violations on LAYER M1 = 0
#Total number of violations on LAYER M2 = 0
#Total number of violations on LAYER M3 = 97
#Total number of violations on LAYER M4 = 0
#Total number of violations on LAYER M5 = 97
#Total number of violations on LAYER M6 = 0
#Total number of violations on LAYER M7 = 0
#Total number of violations on LAYER M8 = 0
#Total number of violations on LAYER M9 = 0
#Total number of violations on LAYER Pad = 0
#Cpu time = 00:01:02
#Elapsed time = 00:00:54
#Increased memory = 16.11 (MB)
#Total memory = 2747.20 (MB)
#Peak memory = 2974.52 (MB)
#
#detailRoute statistics:
#Cpu time = 00:01:02
#Elapsed time = 00:00:54
#Increased memory = 4.78 (MB)
#Total memory = 2735.37 (MB)
#Peak memory = 2974.52 (MB)
#Number of warnings = 1
#Total number of warnings = 19
#Number of fails = 0
#Total number of fails = 0
#Complete detailRoute on Sun Apr 12 20:41:14 2026
#
% End detailRoute (date=04/12 20:41:14, total cpu=0:01:02, real=0:00:55.0, peak res=2903.8M, current mem=2735.1M)
#Default setup view is reset to tt.
AAE_INFO: Post Route call back at the end of routeDesign
#routeDesign: cpu time = 00:01:03, elapsed time = 00:00:55, memory = 2735.08 (MB), peak = 2974.52 (MB)

*** Summary of all messages that are not suppressed in this session:
Severity  ID               Count  Summary                                  
WARNING   NRAG-44              2  Track pitch is too small compared with l...
*** Message Summary: 1 warning(s), 0 error(s)

#% End routeDesign (date=04/12 20:41:14, total cpu=0:01:03, real=0:00:56.0, peak res=2903.8M, current mem=2735.1M)
<CMD> setAnalysisMode -analysisType onChipVariation -cppr both
<CMD> setNanoRouteMode -reset -drouteEndIteration
<CMD> setExtractRCMode -engine postRoute -effortLevel low -useShieldingInDetailMode true
**ERROR: (IMPEXT-6192):	Effort level 'low' for postRoute extraction mode is not allowed in current setup, as captable files are either ignored or not specified during multi-corner setup.
**ERROR: (IMPSYT-6692):	Invalid return code while executing 'tcl/innovus.tcl' was returned and script processing was stopped. Review the following error in 'tcl/innovus.tcl' then restart.
Error info: tcl/innovus.tcl: 
    while executing
"setExtractRCMode -engine postRoute -effortLevel low \
-useShieldingInDetailMode true"
    (file "tcl/innovus.tcl" line 197)
    invoked from within
"::se_source_orig tcl/innovus.tcl"
    ("uplevel" body line 1)
    invoked from within
"uplevel [concat ::se_source_orig  $args] "
    (procedure "source" line 224)
    invoked from within
"source tcl/innovus.tcl"
    invoked from within
"::se::run_command_from_console "source tcl/innovus.tcl""
    ("eval" body line 1)
    invoked from within
"eval {::se::run_command_from_console "source tcl/innovus.tcl"}"
    (in namespace inscope "::" script line 1)
    invoked from within
"namespace inscope :: eval "::se::run_command_from_console \"source $fileName\""".
<CMD> win
<CMD> set enc_check_rename_command_name 1
<CMD> zoomBox -9.26825 -5.21900 29.45325 29.86575

*** Memory Usage v#1 (Current mem = 3516.957M, initial mem = 646.375M) ***
*** Message Summary: 50 warning(s), 5 error(s)

--- Ending "Innovus" (totcpu=0:06:19, real=0:13:27, mem=3517.0M) ---
