Cadence Genus(TM) Synthesis Solution.
Copyright 2024 Cadence Design Systems, Inc. All rights reserved worldwide.
Cadence and the Cadence logo are registered trademarks and Genus is a trademark
of Cadence Design Systems, Inc. in the United States and other countries.

[11:45:12.222065] Configured Lic search path (22.01-s003): 5280@172.28.10.187

Version: 22.17-s071_1, built Wed Sep 11 22:37:05 PDT 2024
Options: -files tcl/genus.tcl 
Date:    Thu Apr 09 11:45:12 2026
Host:    vlsiktmt (x86_64 w/Linux 3.10.0-1160.119.1.el7.x86_64) (1core*2cpus*3physical cpus*Intel(R) Xeon(R) Gold 5218 CPU @ 2.30GHz 22528KB) (32780644KB)
PID:     3911
OS:      CentOS Linux release 7.9.2009 (Core)

Checking out license: Genus_Synthesis
[11:45:12.347129] Periodic Lic check successful
[11:45:12.347162] Feature usage summary:
[11:45:12.347162] Genus_Synthesis



***********************************************************************************************************
***********************************************************************************************************



Finished executable startup (2 seconds elapsed).

Loading tool scripts...
Finished loading tool scripts (19 seconds elapsed).

#@ Processing -files option
@genus 1> source tcl/genus.tcl
#@ Begin verbose source ./tcl/genus.tcl
@file(genus.tcl) 1: set ASAP7_DIR "../../Asap7/asap7"
@file(genus.tcl) 2: set LIB_PATH "${ASAP7_DIR}/asap7sc7p5t_28/LIB/CCS"
@file(genus.tcl) 3: set LEF_PATH "${ASAP7_DIR}/asap7sc7p5t_28/LEF/scaled"
@file(genus.tcl) 4: set TOP Multiplier32
@file(genus.tcl) 5: set SYNFILE "Multiplier32.v"
@file(genus.tcl) 7: if {![file exists ./outputs]} { file mkdir outputs }
@file(genus.tcl) 8: if {![file exists ./reports]} { file mkdir reports }
@file(genus.tcl) 10: set_db / .init_lib_search_path ${LIB_PATH}
  Setting attribute of root '/': 'init_lib_search_path' = ../../Asap7/asap7/asap7sc7p5t_28/LIB/CCS
@file(genus.tcl) 11: set_db / .script_search_path {./tcl}
  Setting attribute of root '/': 'script_search_path' = ./tcl
@file(genus.tcl) 12: set_db / .init_hdl_search_path {./rtl}
  Setting attribute of root '/': 'init_hdl_search_path' = ./rtl
@file(genus.tcl) 14: set_db / .hdl_unconnected_value 0
  Setting attribute of root '/': 'hdl_unconnected_value' = 0
@file(genus.tcl) 16: set MY_LIB [glob ${LIB_PATH}/*_TT_ccs_*.lib]
@file(genus.tcl) 17: set_db library $MY_LIB

  Message Summary for Library all 20 libraries:
  *********************************************
  An unsupported construct was detected in this library. [LBR-40]: 40
  *********************************************
 
Info    : Created nominal operating condition. [LBR-412]
        : Operating condition '_nominal_' was created for the PVT values (1.000000, 0.700000, 25.000000) in library 'asap7sc7p5t_SIMPLE_SRAM_TT_ccs_211120.lib'.
        : The nominal operating condition is represented, either by the nominal PVT values specified in the library source (via nom_process,nom_voltage and nom_temperature respectively), or by the default PVT values (1.0,1.0,1.0).
Info    : Created nominal operating condition. [LBR-412]
        : Operating condition '_nominal_' was created for the PVT values (1.000000, 0.700000, 25.000000) in library 'asap7sc7p5t_SIMPLE_SLVT_TT_ccs_211120.lib'.
Info    : Created nominal operating condition. [LBR-412]
        : Operating condition '_nominal_' was created for the PVT values (1.000000, 0.700000, 25.000000) in library 'asap7sc7p5t_SIMPLE_RVT_TT_ccs_211120.lib'.
Info    : Created nominal operating condition. [LBR-412]
        : Operating condition '_nominal_' was created for the PVT values (1.000000, 0.700000, 25.000000) in library 'asap7sc7p5t_SIMPLE_LVT_TT_ccs_211120.lib'.
Info    : Created nominal operating condition. [LBR-412]
        : Operating condition '_nominal_' was created for the PVT values (1.000000, 0.700000, 25.000000) in library 'asap7sc7p5t_SEQ_SRAM_TT_ccs_220123.lib'.
Info    : Created nominal operating condition. [LBR-412]
        : Operating condition '_nominal_' was created for the PVT values (1.000000, 0.700000, 25.000000) in library 'asap7sc7p5t_SEQ_SLVT_TT_ccs_220123.lib'.
Info    : Created nominal operating condition. [LBR-412]
        : Operating condition '_nominal_' was created for the PVT values (1.000000, 0.700000, 25.000000) in library 'asap7sc7p5t_SEQ_RVT_TT_ccs_220123.lib'.
Info    : Created nominal operating condition. [LBR-412]
        : Operating condition '_nominal_' was created for the PVT values (1.000000, 0.700000, 25.000000) in library 'asap7sc7p5t_SEQ_LVT_TT_ccs_220123.lib'.
Info    : Created nominal operating condition. [LBR-412]
        : Operating condition '_nominal_' was created for the PVT values (1.000000, 0.700000, 25.000000) in library 'asap7sc7p5t_OA_SRAM_TT_ccs_211120.lib'.
Info    : Created nominal operating condition. [LBR-412]
        : Operating condition '_nominal_' was created for the PVT values (1.000000, 0.700000, 25.000000) in library 'asap7sc7p5t_OA_SLVT_TT_ccs_211120.lib'.
Info    : Created nominal operating condition. [LBR-412]
        : Operating condition '_nominal_' was created for the PVT values (1.000000, 0.700000, 25.000000) in library 'asap7sc7p5t_OA_RVT_TT_ccs_211120.lib'.
Info    : Created nominal operating condition. [LBR-412]
        : Operating condition '_nominal_' was created for the PVT values (1.000000, 0.700000, 25.000000) in library 'asap7sc7p5t_OA_LVT_TT_ccs_211120.lib'.
Info    : Created nominal operating condition. [LBR-412]
        : Operating condition '_nominal_' was created for the PVT values (1.000000, 0.700000, 25.000000) in library 'asap7sc7p5t_INVBUF_SRAM_TT_ccs_220122.lib'.
Info    : Created nominal operating condition. [LBR-412]
        : Operating condition '_nominal_' was created for the PVT values (1.000000, 0.700000, 25.000000) in library 'asap7sc7p5t_INVBUF_SLVT_TT_ccs_220122.lib'.
Info    : Created nominal operating condition. [LBR-412]
        : Operating condition '_nominal_' was created for the PVT values (1.000000, 0.700000, 25.000000) in library 'asap7sc7p5t_INVBUF_RVT_TT_ccs_220122.lib'.
Info    : Created nominal operating condition. [LBR-412]
        : Operating condition '_nominal_' was created for the PVT values (1.000000, 0.700000, 25.000000) in library 'asap7sc7p5t_INVBUF_LVT_TT_ccs_220122.lib'.
Info    : Created nominal operating condition. [LBR-412]
        : Operating condition '_nominal_' was created for the PVT values (1.000000, 0.700000, 25.000000) in library 'asap7sc7p5t_AO_SRAM_TT_ccs_211120.lib'.
Info    : Created nominal operating condition. [LBR-412]
        : Operating condition '_nominal_' was created for the PVT values (1.000000, 0.700000, 25.000000) in library 'asap7sc7p5t_AO_LVT_TT_ccs_211120.lib'.
Info    : Created nominal operating condition. [LBR-412]
        : Operating condition '_nominal_' was created for the PVT values (1.000000, 0.700000, 25.000000) in library 'asap7sc7p5t_AO_SLVT_TT_ccs_211120.lib'.
Info    : Created nominal operating condition. [LBR-412]
        : Operating condition '_nominal_' was created for the PVT values (1.000000, 0.700000, 25.000000) in library 'asap7sc7p5t_AO_RVT_TT_ccs_211120.lib'.
  Setting attribute of root '/': 'library' = ../../Asap7/asap7/asap7sc7p5t_28/LIB/CCS/asap7sc7p5t_SIMPLE_SRAM_TT_ccs_211120.lib ../../Asap7/asap7/asap7sc7p5t_28/LIB/CCS/asap7sc7p5t_SIMPLE_SLVT_TT_ccs_211120.lib ../../Asap7/asap7/asap7sc7p5t_28/LIB/CCS/asap7sc7p5t_SIMPLE_RVT_TT_ccs_211120.lib ../../Asap7/asap7/asap7sc7p5t_28/LIB/CCS/asap7sc7p5t_SIMPLE_LVT_TT_ccs_211120.lib ../../Asap7/asap7/asap7sc7p5t_28/LIB/CCS/asap7sc7p5t_SEQ_SRAM_TT_ccs_220123.lib ../../Asap7/asap7/asap7sc7p5t_28/LIB/CCS/asap7sc7p5t_SEQ_SLVT_TT_ccs_220123.lib ../../Asap7/asap7/asap7sc7p5t_28/LIB/CCS/asap7sc7p5t_SEQ_RVT_TT_ccs_220123.lib ../../Asap7/asap7/asap7sc7p5t_28/LIB/CCS/asap7sc7p5t_SEQ_LVT_TT_ccs_220123.lib ../../Asap7/asap7/asap7sc7p5t_28/LIB/CCS/asap7sc7p5t_OA_SRAM_TT_ccs_211120.lib ../../Asap7/asap7/asap7sc7p5t_28/LIB/CCS/asap7sc7p5t_OA_SLVT_TT_ccs_211120.lib ../../Asap7/asap7/asap7sc7p5t_28/LIB/CCS/asap7sc7p5t_OA_RVT_TT_ccs_211120.lib ../../Asap7/asap7/asap7sc7p5t_28/LIB/CCS/asap7sc7p5t_OA_LVT_TT_ccs_211120.lib ../../Asap7/asap7/asap7sc7p5t_28/LIB/CCS/asap7sc7p5t_INVBUF_SRAM_TT_ccs_220122.lib ../../Asap7/asap7/asap7sc7p5t_28/LIB/CCS/asap7sc7p5t_INVBUF_SLVT_TT_ccs_220122.lib ../../Asap7/asap7/asap7sc7p5t_28/LIB/CCS/asap7sc7p5t_INVBUF_RVT_TT_ccs_220122.lib ../../Asap7/asap7/asap7sc7p5t_28/LIB/CCS/asap7sc7p5t_INVBUF_LVT_TT_ccs_220122.lib ../../Asap7/asap7/asap7sc7p5t_28/LIB/CCS/asap7sc7p5t_AO_SRAM_TT_ccs_211120.lib ../../Asap7/asap7/asap7sc7p5t_28/LIB/CCS/asap7sc7p5t_AO_LVT_TT_ccs_211120.lib ../../Asap7/asap7/asap7sc7p5t_28/LIB/CCS/asap7sc7p5t_AO_SLVT_TT_ccs_211120.lib ../../Asap7/asap7/asap7sc7p5t_28/LIB/CCS/asap7sc7p5t_AO_RVT_TT_ccs_211120.lib
@file(genus.tcl) 18: create_library_set -name libset -timing $MY_LIB
@file(genus.tcl) 20: create_rc_corner -name rccorner -pre_route_res 1 -post_route_res 1 \
-pre_route_cap 1 -post_route_cap 1 -post_route_cross_cap 1 \
-pre_route_clock_res 0 -pre_route_clock_cap 0 -temperature 25
@file(genus.tcl) 24: create_opcond -name opcond -process 1.0 -voltage 0.7 -temperature 25
@file(genus.tcl) 25: create_timing_condition -name timecond -library_sets libset -opcond opcond
@file(genus.tcl) 26: create_delay_corner -name corner -timing_condition timecond -rc_corner rccorner
@file(genus.tcl) 27: create_constraint_mode -name mode_normal -sdc_files ./tcl/constraint.sdc
@file(genus.tcl) 28: create_analysis_view -name tt -constraint_mode mode_normal -delay_corner corner
@file(genus.tcl) 29: set_analysis_view -setup {tt} -hold {tt}
@file(genus.tcl) 31: set_db / .hdl_track_filename_row_col true
Info   : Enabled hdl_track_filename_row_col attribute.
       : Setting this attribute to 'true' can have an impact on the run time. Use this attribute only when filename, line number, and column information are needed in reports.
  Setting attribute of root '/': 'hdl_track_filename_row_col' = true
@file(genus.tcl) 32: set_db / .lp_insert_clock_gating false
  Setting attribute of root '/': 'lp_insert_clock_gating' = false
@file(genus.tcl) 37: read_hdl ${SYNFILE}
@file(genus.tcl) 38: elaborate ${TOP}
  Libraries have 668 usable logic and 92 usable sequential lib-cells.
Info    : Elaborating Design. [ELAB-1]
        : Elaborating top-level block 'Multiplier32' from file './rtl/Multiplier32.v'.
Info    : Done Elaborating Design. [ELAB-3]
        : Done elaborating 'Multiplier32'.
Checking for analog nets...
Check completed for analog nets.
Checking for source RTL...
Check completed for source RTL.
Running Unified Mux Engine Tricks...
Completed Unified Mux Engine Tricks

Stage: post_elab
-------------------------------------------------------
| Trick             | Accepts | Rejects | Runtime (s) | 
-------------------------------------------------------
| ume_constant_bmux |       0 |       0 |        0.00 | 
| ume_merge         |       0 |       0 |        0.00 | 
| ume_ssm           |       0 |       0 |        0.00 | 
| ume_cse           |       1 |       0 |        0.02 | 
| ume_shrink        |       0 |       0 |        0.00 | 
| ume_sweep         |       0 |       0 |        0.00 | 
| ume_constant_bmux |       0 |       0 |        0.00 | 
| ume_merge         |       0 |       0 |        0.00 | 
| ume_ssm           |       0 |       0 |        0.00 | 
| ume_cse           |       0 |       0 |        0.01 | 
| ume_shrink        |       0 |       0 |        0.00 | 
| ume_sweep         |       0 |       0 |        0.00 | 
-------------------------------------------------------
Starting optimize datapath shifters [v1.0] (stage: post_elab, startdef: Multiplier32, recur: true)
Completed optimize datapath shifters (accepts: 0, rejects: 0, runtime: 0.000s)
Starting clip mux common data inputs [v1.0] (stage: post_elab, startdef: Multiplier32, recur: true)
Completed clip mux common data inputs (accepts: 0, rejects: 0, runtime: 0.000s)
Starting clip the non-user hierarchies [v2.0] (stage: post_elab, startdef: Multiplier32, recur: true)
Completed clip the non-user hierarchies (accepts: 0, rejects: 0, runtime: 0.000s)
Starting basic netlist cleanup [v1.0] (stage: post_elab, startdef: Multiplier32, recur: true)
Completed basic netlist cleanup (accepts: 0, rejects: 0, runtime: 0.000s)

Stage: post_elab
--------------------------------------------------------------------
| Transform                      | Accepts | Rejects | Runtime (s) | 
--------------------------------------------------------------------
| hlo_optimize_datapath_shifters |       0 |       0 |        0.00 | 
| hlo_clip_mux_input             |       0 |       0 |        0.00 | 
| hlo_clip                       |       0 |       0 |        0.00 | 
| hlo_cleanup                    |       0 |       0 |        0.00 | 
--------------------------------------------------------------------
UM:   flow.cputime  flow.realtime  timing.setup.tns  timing.setup.wns  snapshot
UM:*                                                                   elaborate
@file(genus.tcl) 39: uniquify ${TOP}
Info    : The given (sub)design is already uniquified. [TUI-296]
        : design:Multiplier32.
        : Try running the 'edit_netlist uniquify' command on the parent hierarchy of this (sub)design, if there exists any.
@file(genus.tcl) 41: check_design -unresolved


 	 Check Design Report (c)
	 ------------------- 

  Unresolved References & Empty Modules
  ------------------------------------- 
No unresolved references in design 'Multiplier32'

No empty modules in design 'Multiplier32'

  Done Checking the design.
@file(genus.tcl) 42: report_metric -format html -file reports/sequencer.html
@file(genus.tcl) 44: init_design
Started checking and loading power intent for design Multiplier32...
====================================================================
No power intent for design 'Multiplier32'.
Completed checking and loading power intent for design Multiplier32 (runtime:0.00s memory_usage:0.00M peak_memory:0.00M).
=========================================================================================================================
#
# Reading SDC ./tcl/constraint.sdc for view:tt (constraint_mode:mode_normal)
#
Statistics for commands executed by read_sdc:
 "all_clocks"               - successful      5 , failed      0 (runtime  0.00)
 "all_inputs"               - successful      8 , failed      0 (runtime  0.01)
 "all_outputs"              - successful      6 , failed      0 (runtime  0.00)
 "create_clock"             - successful      1 , failed      0 (runtime  0.01)
 "get_ports"                - successful      8 , failed      0 (runtime  0.01)
 "remove_from_collection"   - successful      8 , failed      0 (runtime  0.00)
 "set_clock_latency"        - successful      2 , failed      0 (runtime  0.00)
 "set_clock_transition"     - successful      2 , failed      0 (runtime  0.00)
 "set_clock_uncertainty"    - successful      1 , failed      0 (runtime  0.00)
 "set_input_delay"          - successful      4 , failed      0 (runtime  0.01)
 "set_input_transition"     - successful      2 , failed      0 (runtime  0.02)
 "set_load"                 - successful      2 , failed      0 (runtime  0.01)
 "set_max_fanout"           - successful      1 , failed      0 (runtime  0.01)
 "set_output_delay"         - successful      4 , failed      0 (runtime  0.00)
read_sdc completed in 00:00:00 (hh:mm:ss)
  Setting attribute of root '/': 'read_qrc_tech_file_rc_corner' = true
@file(genus.tcl) 49: if {[llength [all::all_seqs]] > 0} { 
  define_cost_group -name I2C -design ${TOP}
  define_cost_group -name C2O -design ${TOP}
  define_cost_group -name C2C -design ${TOP}
  
  path_group -from [all::all_seqs] -to [all::all_seqs] -group C2C -name C2C -view tt
  path_group -from [all::all_seqs] -to [all_outputs] -group C2O -name C2O -view tt
  path_group -from [all_inputs]  -to [all::all_seqs] -group I2C -name I2C -view tt 
}
@file(genus.tcl) 58: define_cost_group -name I2O -design ${TOP}
@file(genus.tcl) 59: path_group -from [all_inputs]  -to [all_outputs] -group I2O -name I2O -view tt
@file(genus.tcl) 60: foreach cg [vfind / -cost_group *] {
  report_timing -cost_group [list $cg] >> reports/synthesis_pretim.rpt }
Warning : Timing problems have been detected in this design. [TIM-11]
        : The design is 'Multiplier32'.
        : Use 'check_timing_intent' or 'report timing -lint' to report more information.
Warning : Timing problems have been detected in this design. [TIM-11]
        : The design is 'Multiplier32'.
Warning : Timing problems have been detected in this design. [TIM-11]
        : The design is 'Multiplier32'.
Warning : Timing problems have been detected in this design. [TIM-11]
        : The design is 'Multiplier32'.
Warning : Timing problems have been detected in this design. [TIM-11]
        : The design is 'Multiplier32'.
Warning : Timing problems have been detected in this design. [TIM-11]
        : The design is 'Multiplier32'.
@file(genus.tcl) 67: set_db / .syn_generic_effort high
  Setting attribute of root '/': 'syn_generic_effort' = high
@file(genus.tcl) 68: syn_generic

Stage: pre_early_cg
-----------------------------------------------
| Transform | Accepts | Rejects | Runtime (s) | 
-----------------------------------------------
-----------------------------------------------
Mapping ChipWare ICG instances in Multiplier32
Found 0 unmapped ChipWare ICG instances
Mapped 0 of 0 ChipWare ICG instances
##Generic Timing Info for library domain: _default_ typical gate delay: 16.7 ps std_slew: 4.8 ps std_load: 1.0 fF
Starting mux data reorder optimization [v1.0] (stage: pre_to_gen_setup, startdef: Multiplier32, recur: true)
Completed mux data reorder optimization (accepts: 0, rejects: 0, runtime: 0.000s)

Stage: pre_to_gen_setup
-----------------------------------------------------
| Transform       | Accepts | Rejects | Runtime (s) | 
-----------------------------------------------------
| hlo_mux_reorder |       0 |       0 |        0.00 | 
-----------------------------------------------------
Running DP early constant propagation (netlist Multiplier32)...
...done running DP early constant propagation (0 seconds CPU time, netlist Multiplier32).
Info    : Synthesizing. [SYNTH-1]
        : Synthesizing 'Multiplier32' to generic gates using 'high' effort.
Running Synthesis Turbo Flow Version 2.
PBS_Generic-Start - Elapsed_Time 0, CPU_Time 0.0
stamp 'PBS_Generic-Start' being created for table 'pbs_debug'

  Total Time (Wall) |  Stage Time (Wall)  |   % (Wall)   |    Date - Time     |  Memory   | Stage
--------------------+---------------------+--------------+--------------------+-----------+----------------------
 00:01:07(00:00:49) |  00:00:00(00:00:00) |   0.0(  0.0) |   11:46:11 (Apr09) |  677.1 MB | PBS_Generic-Start
--------------------+---------------------+--------------+--------------------+-----------+----------------------
Number of threads: 8 * 1   (id: pbs_debug, time_info v1.57)
Info: (*N*) indicates data that was populated from previously saved time_info database
Info: CPU time includes time of parent + longest thread
Info    : Partition Based Synthesis execution skipped. [PHYS-752]
        : Design size is less than the partition size '100000' for distributed generic optimization to kick in.
Starting mux data reorder optimization [v1.0] (stage: pre_to_gen_setup, startdef: Multiplier32, recur: true)
Completed mux data reorder optimization (accepts: 0, rejects: 0, runtime: 0.001s)

Stage: pre_to_gen_setup
-----------------------------------------------------
| Transform       | Accepts | Rejects | Runtime (s) | 
-----------------------------------------------------
| hlo_mux_reorder |       0 |       0 |        0.00 | 
-----------------------------------------------------
Starting mux data reorder optimization [v1.0] (stage: post_to_gen_setup, startdef: Multiplier32, recur: true)
Completed mux data reorder optimization (accepts: 0, rejects: 0, runtime: 0.000s)

Stage: post_to_gen_setup
-----------------------------------------------------
| Transform       | Accepts | Rejects | Runtime (s) | 
-----------------------------------------------------
| hlo_mux_reorder |       0 |       0 |        0.00 | 
-----------------------------------------------------
Running Unified Mux Engine Tricks...
Completed Unified Mux Engine Tricks

Stage: pre_hlo_rtlopt
-----------------------------------------------
| Trick     | Accepts | Rejects | Runtime (s) | 
-----------------------------------------------
| ume_ssm   |       0 |       0 |        0.00 | 
| ume_sweep |       0 |       0 |        0.00 | 
| ume_share |       0 |       0 |        0.00 | 
-----------------------------------------------
Begin SDR optimization 
  FRC fixing completed.
  Setting attribute of root '/': 'hier_sandbox_support_folded' = 1
#Special hiers formed inside Multiplier32 = 0
  Setting attribute of root '/': 'hier_sandbox_support_folded' = 0
No special hier is found 
End SDR optimization 
Starting recase case-box optimization [v1.0] (stage: pre_rtlopt, startdef: Multiplier32, recur: true)
Completed recase case-box optimization (accepts: 0, rejects: 0, runtime: 0.008s)
Starting infer macro optimization [v1.0] (stage: pre_rtlopt, startdef: Multiplier32, recur: true)
Completed infer macro optimization (accepts: 0, rejects: 0, runtime: 0.005s)
Starting decode mux sandwich optimization [v2.0] (stage: pre_rtlopt, startdef: Multiplier32, recur: true)
Completed decode mux sandwich optimization (accepts: 0, rejects: 0, runtime: 0.000s)
Starting decode mux optimization [v1.0] (stage: pre_rtlopt, startdef: Multiplier32, recur: true)
Completed decode mux optimization (accepts: 0, rejects: 0, runtime: 0.000s)
Starting chop wide muxes [v1.0] (stage: pre_rtlopt, startdef: Multiplier32, recur: true)
Completed chop wide muxes (accepts: 0, rejects: 0, runtime: 0.000s)
Starting common data mux cascade opt [v1.0] (stage: pre_rtlopt, startdef: Multiplier32, recur: true)
Completed common data mux cascade opt (accepts: 0, rejects: 0, runtime: 0.001s)
Starting mux input consolidation [v1.0] (stage: pre_rtlopt, startdef: Multiplier32, recur: true)
Completed mux input consolidation (accepts: 0, rejects: 0, runtime: 0.000s)
Starting constant-data mux optimization [v1.0] (stage: pre_rtlopt, startdef: Multiplier32, recur: true)
Completed constant-data mux optimization (accepts: 0, rejects: 0, runtime: 0.000s)
Starting chain-to-tree inequality transform [v2.0] (stage: pre_rtlopt, startdef: Multiplier32, recur: true)
Completed chain-to-tree inequality transform (accepts: 0, rejects: 0, runtime: 0.005s)
Starting reconvergence optimization [v1.0] (stage: pre_rtlopt, startdef: Multiplier32, recur: true)
Completed reconvergence optimization (accepts: 0, rejects: 0, runtime: 0.000s)
Starting logic restructure optimization [v1.0] (stage: pre_rtlopt, startdef: Multiplier32, recur: true)
Completed logic restructure optimization (accepts: 0, rejects: 0, runtime: 0.001s)
Starting identity transform [v3.0] (stage: pre_rtlopt, startdef: Multiplier32, recur: true)
Completed identity transform (accepts: 0, rejects: 0, runtime: 0.000s)
Starting reduce operator chain [v1.0] (stage: pre_rtlopt, startdef: Multiplier32, recur: true)
Completed reduce operator chain (accepts: 0, rejects: 0, runtime: 0.000s)
Starting common data mux cascade opt [v1.0] (stage: pre_rtlopt, startdef: Multiplier32, recur: true)
Completed common data mux cascade opt (accepts: 0, rejects: 0, runtime: 0.000s)
Starting mux input consolidation [v1.0] (stage: pre_rtlopt, startdef: Multiplier32, recur: true)
Completed mux input consolidation (accepts: 0, rejects: 0, runtime: 0.000s)
Starting optimize datapath elements [v1.0] (stage: pre_rtlopt, startdef: Multiplier32, recur: true)
Completed optimize datapath elements (accepts: 0, rejects: 0, runtime: 0.000s)
Starting datapath recasting [v1.0] (stage: pre_rtlopt, startdef: Multiplier32, recur: true)
Completed datapath recasting (accepts: 0, rejects: 0, runtime: 0.001s)
Starting word-level redundancy removal [v1.0] (stage: pre_rtlopt, startdef: Multiplier32, recur: true)
Completed word-level redundancy removal (accepts: 0, rejects: 0, runtime: 0.014s)
Starting clip mux common data inputs [v1.0] (stage: pre_rtlopt, startdef: Multiplier32, recur: true)
Completed clip mux common data inputs (accepts: 0, rejects: 0, runtime: 0.000s)
Starting clip the non-user hierarchies [v2.0] (stage: pre_rtlopt, startdef: Multiplier32, recur: true)
Completed clip the non-user hierarchies (accepts: 0, rejects: 0, runtime: 0.000s)
Starting basic netlist cleanup [v1.0] (stage: pre_rtlopt, startdef: Multiplier32, recur: true)
Completed basic netlist cleanup (accepts: 0, rejects: 0, runtime: 0.000s)

Stage: pre_rtlopt
-----------------------------------------------------------------
| Transform                   | Accepts | Rejects | Runtime (s) | 
-----------------------------------------------------------------
| hlo_recase_casebox          |       0 |       0 |        0.01 | 
| hlo_infer_macro             |       0 |       0 |        0.00 | 
| hlo_decode_mux_sandwich     |       0 |       0 |        0.00 | 
| hlo_mux_decode              |       0 |       0 |        0.00 | 
| hlo_chop_mux                |       0 |       0 |        0.00 | 
| hlo_mux_cascade_opt         |       0 |       0 |        0.00 | 
| hlo_mux_consolidation       |       0 |       0 |        0.00 | 
| hlo_constant_mux_opt        |       0 |       0 |        0.00 | 
| hlo_inequality_transform    |       0 |       0 |        0.00 | 
| hlo_reconv_opt              |       0 |       0 |        0.00 | 
| hlo_restructure             |       0 |       0 |        0.00 | 
| hlo_identity_transform      |       0 |       0 |        0.00 | 
| hlo_reduce_operator_chain   |       0 |       0 |        0.00 | 
| hlo_mux_cascade_opt         |       0 |       0 |        0.00 | 
| hlo_mux_consolidation       |       0 |       0 |        0.00 | 
| hlo_optimize_datapath       |       0 |       0 |        0.00 | 
| hlo_datapath_recast         |       0 |       0 |        0.00 | 
| hlo_redundancy_removal_word |       0 |       0 |        0.01 | 
| hlo_clip_mux_input          |       0 |       0 |        0.00 | 
| hlo_clip                    |       0 |       0 |        0.00 | 
| hlo_cleanup                 |       0 |       0 |        0.00 | 
-----------------------------------------------------------------
Running Unified Mux Engine Tricks...
Completed Unified Mux Engine Tricks

Stage: post_hlo_rtlopt
-------------------------------------------------
| Trick       | Accepts | Rejects | Runtime (s) | 
-------------------------------------------------
| ume_runtime |       0 |       0 |        0.00 | 
-------------------------------------------------
Number of big hc bmuxes before = 0
  FRC fixing completed.
Info    : Pre-processed datapath logic. [DPOPT-6]
        : No pre-processing optimizations applied to datapath logic in 'Multiplier32'.
Info    : Optimizing datapath logic. [DPOPT-1]
        : Optimizing datapath logic in 'Multiplier32'.
Info    : Implementing datapath configurations. [DPOPT-3]
        : Implementing datapath configurations for 'CDN_DP_region_0_0'
CSAGen Prep Share:0 Re-Write:0 Speculation: 0
MaxCSA: Successfully built Maximal CSA Expression Expr0
CDN_DP_region_0_0 level = 0 loads = 0 drivers = 0
CDN_DP_region_0_0_c0 in Multiplier32: area: 525402000 ,dp = 1 mux = 0 sg = slow         worst_clk_period: -1.0000 
    wns: 0  norm_wns:  -1.0000 
    fail_endp: -1 
    tns:  0  tns_per_endp:  -1.0000   norm_tns_per_endp:  -1.0000 
    tns_sense_max:  -1.0000  tns_sense_avg:  -1.0000   tns_sense_num: -1
 skipped
CDN_DP_region_0_0_c1 in Multiplier32: area: 525402000 ,dp = 1 mux = 0 sg = fast         worst_clk_period: -1.0000 
    wns: 0  norm_wns:  -1.0000 
    fail_endp: -1 
    tns:  0  tns_per_endp:  -1.0000   norm_tns_per_endp:  -1.0000 
    tns_sense_max:  -1.0000  tns_sense_avg:  -1.0000   tns_sense_num: -1
 is current best
CDN_DP_region_0_0_c2 in Multiplier32: area: 525402000 ,dp = 1 mux = 0 sg = very_slow    worst_clk_period: -1.0000 
    wns: 0  norm_wns:  -1.0000 
    fail_endp: -1 
    tns:  0  tns_per_endp:  -1.0000   norm_tns_per_endp:  -1.0000 
    tns_sense_max:  -1.0000  tns_sense_avg:  -1.0000   tns_sense_num: -1
 is current best
CDN_DP_region_0_0_c3 in Multiplier32: area: 525402000 ,dp = 1 mux = 0 sg = very_fast    worst_clk_period: -1.0000 
    wns: 0  norm_wns:  -1.0000 
    fail_endp: -1 
    tns:  0  tns_per_endp:  -1.0000   norm_tns_per_endp:  -1.0000 
    tns_sense_max:  -1.0000  tns_sense_avg:  -1.0000   tns_sense_num: -1
 is current best
CDN_DP_region_0_0_c4 in Multiplier32: area: 525402000 ,dp = 1 mux = 0 sg = very_fast    worst_clk_period: -1.0000 
    wns: 0  norm_wns:  -1.0000 
    fail_endp: -1 
    tns:  0  tns_per_endp:  -1.0000   norm_tns_per_endp:  -1.0000 
    tns_sense_max:  -1.0000  tns_sense_avg:  -1.0000   tns_sense_num: -1
 is current best
CDN_DP_region_0_0_c5 in Multiplier32: area: 525402000 ,dp = 1 mux = 0 sg = very_fast    worst_clk_period: -1.0000 
    wns: 0  norm_wns:  -1.0000 
    fail_endp: -1 
    tns:  0  tns_per_endp:  -1.0000   norm_tns_per_endp:  -1.0000 
    tns_sense_max:  -1.0000  tns_sense_avg:  -1.0000   tns_sense_num: -1
 is current best
CDN_DP_region_0_0_c6 in Multiplier32: area: 525402000 ,dp = 1 mux = 0 sg = very_fast    worst_clk_period: -1.0000 
    wns: 0  norm_wns:  -1.0000 
    fail_endp: -1 
    tns:  0  tns_per_endp:  -1.0000   norm_tns_per_endp:  -1.0000 
    tns_sense_max:  -1.0000  tns_sense_avg:  -1.0000   tns_sense_num: -1
 is current best
CDN_DP_region_0_0_c7 in Multiplier32: area: 525402000 ,dp = 1 mux = 0 sg = very_fast    worst_clk_period: -1.0000 
    wns: 0  norm_wns:  -1.0000 
    fail_endp: -1 
    tns:  0  tns_per_endp:  -1.0000   norm_tns_per_endp:  -1.0000 
    tns_sense_max:  -1.0000  tns_sense_avg:  -1.0000   tns_sense_num: -1
 is current best
Best config: CDN_DP_region_0_0_c7 in Multiplier32: area: 525402000 ,dp = 1 mux = 0 sg = very_fast    worst_clk_period: -1.0000 
    wns: 0  norm_wns:  -1.0000 
    fail_endp: -1 
    tns:  0  tns_per_endp:  -1.0000   norm_tns_per_endp:  -1.0000 
    tns_sense_max:  -1.0000  tns_sense_avg:  -1.0000   tns_sense_num: -1
  Smallest config area : 525402000.  Fastest config wns;  0
##>+----------------------------------------------------------------------------------------------------------------------------------------------------------------+
##>Summary table of configs (Best config is CDN_DP_region_0_0_c7)
##>+----------------------------------------------------------------------------------------------------------------------------------------------------------------+
##>                     0                  1                  2                  3                  4                  5                  6                  7            
##>+----------------------------------------------------------------------------------------------------------------------------------------------------------------+
##>           Area        525402000          525402000          525402000          525402000          525402000          525402000          525402000          525402000  
##>            WNS          +483.00            +483.00            +483.00            +483.00            +483.00            +483.00            +483.00            +483.00  
##>            TNS                0                  0                  0                  0                  0                  0                  0                  0  
##>    Num Rewrite                0                  0                  0                  0                  0                  0                  0                  0  
##>     Num Factor                0                  0                  0                  0                  0                  0                  0                  0  
##>      Num Share                0                  0                  0                  0                  0                  0                  0                  0  
##>   Num CmultCse                0                  0                  0                  0                  0                  0                  0                  0  
##>   Num Downsize                0                  0                  0                  0                  0                  0                  0                  0  
##>  Num Speculate                0                  0                  0                  0                  0                  0                  0                  0  
##>     Runtime(s)                0                  0                  0                  0                  0                  0                  0                  4  
+----------------------------------------------------------------------------------------------------------------------------------------------------------------+
##>
##>
##>+-----------------------------------------------------------------------------------------------------------------------------------------------------------------------------------------------------+
##>Optimization Step DEBUG Table for config CDN_DP_region_0_0_c7
##>
##>                          Step                        Area   (  % Chg)         WNS (Change)          TNS (Change)                Power   (  % Chg)        Runtime (s)        Comment                   
##>+-----------------------------------------------------------------------------------------------------------------------------------------------------------------------------------------------------+
##>EquationExtraction              START              525402000 (       )      483.00 (        )          0 (        )                    0 (       )              
##> rewrite                        START             2281472352 (+334.23)      455.40 (  -27.60)          0 (       0)                    0 (  +0.00)              (a,ar) Expr0_from --> Expr0_to
##>                                  END             1466422992 ( -35.72)      451.30 (   -4.10)          0 (       0)                    0 (  +0.00)           2  
##>                                  END              525402000 (  +0.00)      483.00 (   +0.00)          0 (       0)                    0 (  +0.00)           4  
##>createMaxCarrySave              START              525402000 (  +0.00)      483.00 (   +0.00)          0 (       0)                    0 (  +0.00)              
##> datapath_rewrite_one_def       START              525402000 (  +0.00)      483.00 (   +0.00)          0 (       0)                    0 (  +0.00)              
##>                                  END              525402000 (  +0.00)      483.00 (   +0.00)          0 (       0)                    0 (  +0.00)           0  
##> csa_opto                       START              525402000 (  +0.00)      483.00 (   +0.00)          0 (       0)                    0 (  +0.00)              
##>                                  END              525402000 (  +0.00)      483.00 (   +0.00)          0 (       0)                    0 (  +0.00)           0  
##>                                  END              525402000 (  +0.00)      483.00 (   +0.00)          0 (       0)                    0 (  +0.00)           0  
##>canonicalize_by_names           START              525402000 (  +0.00)      483.00 (   +0.00)          0 (       0)                    0 (  +0.00)              
##>                                  END              525402000 (  +0.00)      483.00 (   +0.00)          0 (       0)                    0 (  +0.00)           0  
##>datapath_rewrite_post_csa_one_  START              525402000 (  +0.00)      483.00 (   +0.00)          0 (       0)                    0 (  +0.00)              
##>                                  END              525402000 (  +0.00)      483.00 (   +0.00)          0 (       0)                    0 (  +0.00)           0  
##>datapath_csa_factoring_one_gde  START              525402000 (  +0.00)      483.00 (   +0.00)          0 (       0)                    0 (  +0.00)              
##>                                  END              525402000 (  +0.00)      483.00 (   +0.00)          0 (       0)                    0 (  +0.00)           0  
##>dpopt_share_one_def             START              525402000 (  +0.00)      483.00 (   +0.00)          0 (       0)                    0 (  +0.00)              
##>                                  END              525402000 (  +0.00)      483.00 (   +0.00)          0 (       0)                    0 (  +0.00)           0  
##>datapath_rewrite_post_share     START              525402000 (  +0.00)      483.00 (   +0.00)          0 (       0)                    0 (  +0.00)              
##>                                  END              525402000 (  +0.00)      483.00 (   +0.00)          0 (       0)                    0 (  +0.00)           0  
##>dp_combine_const_mult_with_com  START              525402000 (  +0.00)      483.00 (   +0.00)          0 (       0)                    0 (  +0.00)              
##>                                  END              525402000 (  +0.00)      483.00 (   +0.00)          0 (       0)                    0 (  +0.00)           0  
##>dp_operator_level_decompositio  START              525402000 (  +0.00)      483.00 (   +0.00)          0 (       0)                    0 (  +0.00)              
##>                                  END              525402000 (  +0.00)      483.00 (   +0.00)          0 (       0)                    0 (  +0.00)           0  
##>selective_flatten_dp_config     START              525402000 (  +0.00)      483.00 (   +0.00)          0 (       0)                    0 (  +0.00)              
##>                                  END              525402000 (  +0.00)      483.00 (   +0.00)          0 (       0)                    0 (  +0.00)           0  
##>createMaxCarrySave              START              525402000 (  +0.00)      483.00 (   +0.00)          0 (       0)                    0 (  +0.00)              
##> datapath_rewrite_one_def       START              525402000 (  +0.00)      483.00 (   +0.00)          0 (       0)                    0 (  +0.00)              
##>  fast_cse_elim                 START              525402000 (  +0.00)      483.00 (   +0.00)          0 (       0)                    0 (  +0.00)              
##>                                  END              525402000 (  +0.00)      483.00 (   +0.00)          0 (       0)                    0 (  +0.00)           0  
##>  fast_cse_elim                 START              525402000 (  +0.00)      483.00 (   +0.00)          0 (       0)                    0 (  +0.00)              
##>                                  END              525402000 (  +0.00)      483.00 (   +0.00)          0 (       0)                    0 (  +0.00)           0  
##>                                  END              525402000 (  +0.00)      483.00 (   +0.00)          0 (       0)                    0 (  +0.00)           0  
##> csa_opto                       START              525402000 (  +0.00)      483.00 (   +0.00)          0 (       0)                    0 (  +0.00)              
##>                                  END              525402000 (  +0.00)      483.00 (   +0.00)          0 (       0)                    0 (  +0.00)           0  
##>                                  END              525402000 (  +0.00)      483.00 (   +0.00)          0 (       0)                    0 (  +0.00)           0  
##>context_based_simplify          START              525402000 (  +0.00)      483.00 (   +0.00)          0 (       0)                    0 (  +0.00)              
##>                                  END              525402000 (  +0.00)      483.00 (   +0.00)          0 (       0)                    0 (  +0.00)           0  
##>group_csa_final_adder_dp        START              525402000 (  +0.00)      483.00 (   +0.00)          0 (       0)                    0 (  +0.00)              
##>                                  END              525402000 (  +0.00)      483.00 (   +0.00)          0 (       0)                    0 (  +0.00)           0  
##>dpopt_flatten_critical_muxes_i  START              525402000 (  +0.00)      483.00 (   +0.00)          0 (       0)                    0 (  +0.00)              
##>                                  END              525402000 (  +0.00)      483.00 (   +0.00)          0 (       0)                    0 (  +0.00)           0  
##>create_score                    START              525402000 (  +0.00)      483.00 (   +0.00)          0 (       0)                    0 (  +0.00)              
##>                                  END              525402000 (  +0.00)      483.00 (   +0.00)          0 (       0)                    0 (  +0.00)           0  
##>+-----------------------------------------------------------------------------------------------------------------------------------------------------------------------------------------------------+
Committed config: CDN_DP_region_0_0_c7
Info    : Done implementing datapath configurations. [DPOPT-4]
        : Selected 'very_fast' configuration 7 for module 'CDN_DP_region_0_0_c7'.
          Optimizations applied to 'very_fast' configuration:
            rewriting(0), factoring(0), sharing(0), cmultcse(0), downsizing(0), speculation(0)
Info:  Ungrouped 0 dp-cluster instances.  0 cluster instances were left intact, to aid verification.
Info    : Done optimizing datapath logic. [DPOPT-2]
        : Done optimizing datapath logic in 'Multiplier32'.
  FRC checking completed.
Number of big hc bmuxes after = 0
Starting bit-level redundancy removal [v1.0] (stage: post_rtlopt, startdef: Multiplier32, recur: true)
Completed bit-level redundancy removal (accepts: 0, rejects: 0, runtime: 0.014s)
Starting logic reduction [v1.0] (stage: post_rtlopt, startdef: Multiplier32, recur: true)
Completed logic reduction (accepts: 0, rejects: 0, runtime: 0.000s)
Starting mux data reorder optimization [v1.0] (stage: post_rtlopt, startdef: Multiplier32, recur: true)
Completed mux data reorder optimization (accepts: 0, rejects: 0, runtime: 0.000s)

Stage: post_rtlopt
----------------------------------------------------------------
| Transform                  | Accepts | Rejects | Runtime (s) | 
----------------------------------------------------------------
| hlo_redundancy_removal_bit |       0 |       0 |        0.01 | 
| hlo_logic_reduction        |       0 |       0 |        0.00 | 
| hlo_mux_reorder            |       0 |       0 |        0.00 | 
----------------------------------------------------------------
Starting mux speculation [v1.0] (stage: post_muxopt, startdef: Multiplier32, recur: true)
Starting speculation optimization
Completed speculation optimization (accepts:0)
Completed mux speculation (accepts: 0, rejects: 0, runtime: 0.109s)

Stage: post_muxopt
-----------------------------------------------------
| Transform       | Accepts | Rejects | Runtime (s) | 
-----------------------------------------------------
| hlo_speculation |       0 |       0 |        0.11 | 
-----------------------------------------------------
==================================
Stage : to_generic 
==================================
  =================
   Message Summary
  =================
-------------------------------------------------------------------------------------------------------------------------------------------------------------------------------
|   Id   |  Sev  |Count|                                                                     Message Text                                                                     |
-------------------------------------------------------------------------------------------------------------------------------------------------------------------------------
|CDFG-372|Info   |    1|Bitwidth mismatch in assignment.                                                                                                                      |
|        |       |     |Review and make sure the mismatch is intentional. Genus can possibly issue bitwidth mismatch warning for explicit assignments present in RTL          |
|        |       |     | as-well-as for implicit assignments inferred by the tool. For example, in case of enum declaration without value, the tool will implicitly assign    |
|        |       |     | value to the enum variables. It also issues the warning for any bitwidth mismatch that appears in this implicit assignment.                          |
|CWD-19  |Info   |    2|An implementation was inferred.                                                                                                                       |
|DPOPT-1 |Info   |    1|Optimizing datapath logic.                                                                                                                            |
|DPOPT-2 |Info   |    1|Done optimizing datapath logic.                                                                                                                       |
|DPOPT-3 |Info   |    1|Implementing datapath configurations.                                                                                                                 |
|DPOPT-4 |Info   |    1|Done implementing datapath configurations.                                                                                                            |
|DPOPT-6 |Info   |    1|Pre-processed datapath logic.                                                                                                                         |
|ELAB-1  |Info   |    1|Elaborating Design.                                                                                                                                   |
|ELAB-3  |Info   |    1|Done Elaborating Design.                                                                                                                              |
|LBR-40  |Info   |   40|An unsupported construct was detected in this library.                                                                                                |
|        |       |     |Check to see if this construct is really needed for synthesis. Many liberty constructs are not actually required.                                     |
|LBR-155 |Info   |    8|Mismatch in unateness between 'timing_sense' attribute and the function.                                                                              |
|        |       |     |The 'timing_sense' attribute will be respected.                                                                                                       |
|LBR-162 |Info   |   68|Both 'pos_unate' and 'neg_unate' timing_sense arcs have been processed.                                                                               |
|        |       |     |Setting the 'timing_sense' to non_unate.                                                                                                              |
|LBR-412 |Info   |   20|Created nominal operating condition.                                                                                                                  |
|        |       |     |The nominal operating condition is represented, either by the nominal PVT values specified in the library source                                      |
|        |       |     | (via nom_process,nom_voltage and nom_temperature respectively), or by the default PVT values (1.0,1.0,1.0).                                          |
|PHYS-752|Info   |    1|Partition Based Synthesis execution skipped.                                                                                                          |
|SYNTH-1 |Info   |    1|Synthesizing.                                                                                                                                         |
|TIM-11  |Warning|    6|Timing problems have been detected in this design.                                                                                                    |
|        |       |     |Use 'check_timing_intent' or 'report timing -lint' to report more information.                                                                        |
|TIM-1000|Info   |    1|Multimode clock gating check is disabled.                                                                                                             |
|TUI-296 |Info   |    1|The given (sub)design is already uniquified.                                                                                                          |
|        |       |     |Try running the 'edit_netlist uniquify' command on the parent hierarchy of this (sub)design, if there exists any.                                     |
-------------------------------------------------------------------------------------------------------------------------------------------------------------------------------
Mapper: Libraries have:
	domain _default_: 668 combo usable cells and 92 sequential usable cells
Warning : Not obtained requested number of super thread servers. [ST-136]
        : The tool is running on a 2 cpu machine.
        : The requested number of cpus are not available on machine.
Multi-threaded constant propagation [1|0] ...
Multi-threaded Virtual Mapping    (2 threads per ST process, 2 of 2 CPUs usable)
==================================
Stage : first_condense 
==================================
  =================
   Message Summary
  =================
---------------------------------------------------------------------------------
|  Id  |  Sev  |Count|                       Message Text                       |
---------------------------------------------------------------------------------
|ST-136|Warning|    1|Not obtained requested number of super thread servers.    |
|      |       |     |The requested number of cpus are not available on machine.|
---------------------------------------------------------------------------------
 
Global mapping target info
==========================
Cost Group 'C2O' target slack:    17 ps
Target path end-point (Port: Multiplier32/p[0])

Cost Group 'I2C' target slack:    19 ps
Target path end-point (Pin: b_reg_reg[31]/d)

Cost Group 'C2C' target slack:    28 ps
Target path end-point (Pin: mult_reg_reg[59]/d)


State Retention Synthesis Status
================================

Category                        Flops   Percentage
--------------------------------------------------
Total instances                   192        100.0
Excluded from State Retention     192        100.0
    - Will not convert            192        100.0
      - Preserved                   0          0.0
      - Power intent excluded     192        100.0
    - Could not convert             0          0.0
      - Scan type                   0          0.0
      - No suitable cell            0          0.0
State Retention instances           0          0.0
--------------------------------------------------

PBS_Generic_Opt-Post - Elapsed_Time 26, CPU_Time 25.150183
stamp 'PBS_Generic_Opt-Post' being created for table 'pbs_debug'

  Total Time (Wall) |  Stage Time (Wall)  |   % (Wall)   |    Date - Time     |  Memory   | Stage
--------------------+---------------------+--------------+--------------------+-----------+----------------------
 00:01:07(00:00:49) |  00:00:00(00:00:00) |   0.0(  0.0) |   11:46:11 (Apr09) |  677.1 MB | PBS_Generic-Start
--------------------+---------------------+--------------+--------------------+-----------+----------------------
 00:01:33(00:01:16) |  00:00:25(00:00:27) | 100.0(100.0) |   11:46:37 (Apr09) |   1.16 GB | PBS_Generic_Opt-Post
--------------------+---------------------+--------------+--------------------+-----------+----------------------
Number of threads: 8 * 1   (id: pbs_debug, time_info v1.57)
Info: (*N*) indicates data that was populated from previously saved time_info database
Info: CPU time includes time of parent + longest thread
PBS_Generic-Postgen HBO Optimizations - Elapsed_Time 0, CPU_Time 0.0
stamp 'PBS_Generic-Postgen HBO Optimizations' being created for table 'pbs_debug'

  Total Time (Wall) |  Stage Time (Wall)  |   % (Wall)   |    Date - Time     |  Memory   | Stage
--------------------+---------------------+--------------+--------------------+-----------+----------------------
 00:01:07(00:00:49) |  00:00:00(00:00:00) |   0.0(  0.0) |   11:46:11 (Apr09) |  677.1 MB | PBS_Generic-Start
--------------------+---------------------+--------------+--------------------+-----------+----------------------
 00:01:33(00:01:16) |  00:00:25(00:00:27) | 100.0(100.0) |   11:46:37 (Apr09) |   1.16 GB | PBS_Generic_Opt-Post
--------------------+---------------------+--------------+--------------------+-----------+----------------------
 00:01:33(00:01:16) |  00:00:00(00:00:00) |   0.0(  0.0) |   11:46:37 (Apr09) |   1.16 GB | PBS_Generic-Postgen HBO Optimizations
--------------------+---------------------+--------------+--------------------+-----------+----------------------
Number of threads: 8 * 1   (id: pbs_debug, time_info v1.57)
Info: (*N*) indicates data that was populated from previously saved time_info database
Info: CPU time includes time of parent + longest thread
##>=================== Cadence Confidential (Generic-Logical) ===================
##>=================== Cadence Confidential (Generic-Logical) ===================
##>Main Thread Summary:
##>----------------------------------------------------------------------------------------
##>STEP                           Elapsed       WNS       TNS     Insts      Area    Memory
##>----------------------------------------------------------------------------------------
##>G:Initial                            1         -         -      6436       581       677
##>G:Setup                              0         -         -         -         -         -
##>G:Early Clock Gating                 0         -         -         -         -         -
##>G:Launch ST                          0         -         -         -         -         -
##>G:Design Partition                   0         -         -         -         -         -
##>G:Create Partition Netlists          0         -         -         -         -         -
##>G:Init Power                         0         -         -         -         -         -
##>G:Budgeting                          0         -         -         -         -         -
##>G:Derenv-DB                          0         -         -         -         -         -
##>G:Debug Outputs                      0         -         -         -         -         -
##>G:ST loading                         0         -         -         -         -         -
##>G:Distributed                        0         -         -         -         -         -
##>G:Timer                              0         -         -         -         -         -
##>G:Assembly                           0         -         -         -         -         -
##>G:DFT                                0         -         -         -         -         -
##>G:Const Prop                         0         -         -      8988       787      1160
##>G:PostGen Opt                        0         -         -      8988       787      1160
##>G:Early Clock Gating Cleanup         0         -         -         -         -         -
##>G:Misc                              26
##>----------------------------------------------------------------------------------------
##>Total Elapsed                       27
##>========================================================================================
Info    : Done synthesizing. [SYNTH-2]
        : Done synthesizing 'Multiplier32' to generic gates.
      flow.cputime  flow.realtime  timing.setup.tns  timing.setup.wns  snapshot
UM:*                                                                   syn_gen
@file(genus.tcl) 69: write_hdl > outputs/synthesis_generic.v
@file(genus.tcl) 72: set_db / .syn_map_effort high
  Setting attribute of root '/': 'syn_map_effort' = high
@file(genus.tcl) 73: syn_map
#--------------------------------------------------------------------------
# Root attributes for category: opt
#--------------------------------------------------------------------------
# Feature                           | Attribute                | Value  
#--------------------------------------------------------------------------
# Net area optimization             | optimize_net_area        | true   
# Power optimization effort         | design_power_effort      | none   
# Do not use qbar sequential pins   | dont_use_qbar_seq_pins   | false  
#--------------------------------------------------------------------------

##Generic Timing Info for library domain: _default_ typical gate delay: 16.7 ps std_slew: 4.8 ps std_load: 1.0 fF
Mapping ChipWare ICG instances in Multiplier32
Found 0 unmapped ChipWare ICG instances
Mapped 0 of 0 ChipWare ICG instances
Info    : Mapping. [SYNTH-4]
        : Mapping 'Multiplier32' using 'high' effort.
Mapper: Libraries have:
	domain _default_: 668 combo usable cells and 92 sequential usable cells
PBS_TechMap-Start - Elapsed_Time 0, CPU_Time 0.0
stamp 'PBS_TechMap-Start' being created for table 'pbs_debug'

  Total Time (Wall) |  Stage Time (Wall)  |   % (Wall)   |    Date - Time     |  Memory   | Stage
--------------------+---------------------+--------------+--------------------+-----------+----------------------
 00:01:07(00:00:49) |  00:00:00(00:00:00) |   0.0(  0.0) |   11:46:11 (Apr09) |  677.1 MB | PBS_Generic-Start
--------------------+---------------------+--------------+--------------------+-----------+----------------------
 00:01:33(00:01:16) |  00:00:25(00:00:27) |  96.2( 96.4) |   11:46:37 (Apr09) |   1.16 GB | PBS_Generic_Opt-Post
--------------------+---------------------+--------------+--------------------+-----------+----------------------
 00:01:33(00:01:16) |  00:00:00(00:00:00) |   0.0(  0.0) |   11:46:37 (Apr09) |   1.16 GB | PBS_Generic-Postgen HBO Optimizations
--------------------+---------------------+--------------+--------------------+-----------+----------------------
 00:01:34(00:01:17) |  00:00:01(00:00:01) |   3.8(  3.6) |   11:46:38 (Apr09) |   1.13 GB | PBS_TechMap-Start
--------------------+---------------------+--------------+--------------------+-----------+----------------------
Number of threads: 8 * 1   (id: pbs_debug, time_info v1.57)
Info: (*N*) indicates data that was populated from previously saved time_info database
Info: CPU time includes time of parent + longest thread
PBS_TechMap-Premap HBO Optimizations - Elapsed_Time 0, CPU_Time 0.0
stamp 'PBS_TechMap-Premap HBO Optimizations' being created for table 'pbs_debug'

  Total Time (Wall) |  Stage Time (Wall)  |   % (Wall)   |    Date - Time     |  Memory   | Stage
--------------------+---------------------+--------------+--------------------+-----------+----------------------
 00:01:07(00:00:49) |  00:00:00(00:00:00) |   0.0(  0.0) |   11:46:11 (Apr09) |  677.1 MB | PBS_Generic-Start
--------------------+---------------------+--------------+--------------------+-----------+----------------------
 00:01:33(00:01:16) |  00:00:25(00:00:27) |  96.2( 96.4) |   11:46:37 (Apr09) |   1.16 GB | PBS_Generic_Opt-Post
--------------------+---------------------+--------------+--------------------+-----------+----------------------
 00:01:33(00:01:16) |  00:00:00(00:00:00) |   0.0(  0.0) |   11:46:37 (Apr09) |   1.16 GB | PBS_Generic-Postgen HBO Optimizations
--------------------+---------------------+--------------+--------------------+-----------+----------------------
 00:01:34(00:01:17) |  00:00:01(00:00:01) |   3.8(  3.6) |   11:46:38 (Apr09) |   1.13 GB | PBS_TechMap-Start
--------------------+---------------------+--------------+--------------------+-----------+----------------------
 00:01:34(00:01:17) |  00:00:00(00:00:00) |   0.0(  0.0) |   11:46:38 (Apr09) |   1.13 GB | PBS_TechMap-Premap HBO Optimizations
--------------------+---------------------+--------------+--------------------+-----------+----------------------
Number of threads: 8 * 1   (id: pbs_debug, time_info v1.57)
Info: (*N*) indicates data that was populated from previously saved time_info database
Info: CPU time includes time of parent + longest thread
Info    : Partition Based Synthesis execution skipped. [PHYS-752]
        : Design size is less than the partition size '100000' for distributed mapping optimization to kick in.
Mapper: Libraries have:
	domain _default_: 668 combo usable cells and 92 sequential usable cells
Warning : Not obtained requested number of super thread servers. [ST-136]
        : The tool is running on a 2 cpu machine.
Multi-threaded Virtual Mapping    (2 threads per ST process, 2 of 2 CPUs usable)
 
Global mapping target info
==========================
Cost Group 'C2O' target slack:    17 ps
Target path end-point (Port: Multiplier32/p[0])

Cost Group 'I2C' target slack:    19 ps
Target path end-point (Pin: b_reg_reg[31]/d)

Cost Group 'C2C' target slack:    28 ps
Target path end-point (Pin: mult_reg_reg[59]/d)

Multi-threaded Technology Mapping (2 threads per ST process, 2 of 2 CPUs usable)
 
Global mapping status
=====================
                                   Group   
                                  Tot Wrst 
                           Total  Weighted 
Operation                   Area   Slacks  
 global_map                  416        0 

    Cost Group            Target    Slack    Diff.  Constr.
-----------------------------------------------------------
           C2C                28       30              1000 
           C2O                17      509              1000 
           I2C                19      608              1000 

 
Global incremental target info
==============================
Cost Group 'C2O' target slack:    14 ps
Target path end-point (Port: Multiplier32/p[0])

Cost Group 'I2C' target slack:    12 ps
Target path end-point (Pin: a_reg_reg[1]/D (DFFASRHQNx1_ASAP7_75t_SL/D))

Cost Group 'C2C' target slack:    22 ps
Target path end-point (Pin: mult_reg_reg[63]/D (DFFASRHQNx1_ASAP7_75t_L/D))

==================================
Stage : global_incr_map 
==================================
  =================
   Message Summary
  =================
-----------------------------------------------------------------------------------
|   Id   |  Sev  |Count|                       Message Text                       |
-----------------------------------------------------------------------------------
|PA-7    |Info   |    2|Resetting power analysis results.                         |
|        |       |     |All computed switching activities are removed.            |
|PHYS-752|Info   |    1|Partition Based Synthesis execution skipped.              |
|ST-136  |Warning|    1|Not obtained requested number of super thread servers.    |
|        |       |     |The requested number of cpus are not available on machine.|
|SYNTH-2 |Info   |    1|Done synthesizing.                                        |
|SYNTH-4 |Info   |    1|Mapping.                                                  |
-----------------------------------------------------------------------------------
 
Global incremental optimization status
======================================
                                   Group   
                                  Tot Wrst 
                           Total  Weighted 
Operation                   Area   Slacks  
 global_incr                 412        0 

    Cost Group            Target    Slack    Diff.  Constr.
-----------------------------------------------------------
           C2C                22       18              1000 
           C2O                14      509              1000 
           I2C                12      611              1000 


State Retention Synthesis Status
================================

Category                        Flops   Percentage
--------------------------------------------------
Total instances                   192        100.0
Excluded from State Retention     192        100.0
    - Will not convert            192        100.0
      - Preserved                   0          0.0
      - Power intent excluded     192        100.0
    - Could not convert             0          0.0
      - Scan type                   0          0.0
      - No suitable cell            0          0.0
State Retention instances           0          0.0
--------------------------------------------------

INFO: skipping constant propagation
PBS_Techmap-Global Mapping - Elapsed_Time 69, CPU_Time 67.41233699999998
stamp 'PBS_Techmap-Global Mapping' being created for table 'pbs_debug'

  Total Time (Wall) |  Stage Time (Wall)  |   % (Wall)   |    Date - Time     |  Memory   | Stage
--------------------+---------------------+--------------+--------------------+-----------+----------------------
 00:01:07(00:00:49) |  00:00:00(00:00:00) |   0.0(  0.0) |   11:46:11 (Apr09) |  677.1 MB | PBS_Generic-Start
--------------------+---------------------+--------------+--------------------+-----------+----------------------
 00:01:33(00:01:16) |  00:00:25(00:00:27) |  26.9( 27.8) |   11:46:37 (Apr09) |   1.16 GB | PBS_Generic_Opt-Post
--------------------+---------------------+--------------+--------------------+-----------+----------------------
 00:01:33(00:01:16) |  00:00:00(00:00:00) |   0.0(  0.0) |   11:46:37 (Apr09) |   1.16 GB | PBS_Generic-Postgen HBO Optimizations
--------------------+---------------------+--------------+--------------------+-----------+----------------------
 00:01:34(00:01:17) |  00:00:01(00:00:01) |   1.1(  1.0) |   11:46:38 (Apr09) |   1.13 GB | PBS_TechMap-Start
--------------------+---------------------+--------------+--------------------+-----------+----------------------
 00:01:34(00:01:17) |  00:00:00(00:00:00) |   0.0(  0.0) |   11:46:38 (Apr09) |   1.13 GB | PBS_TechMap-Premap HBO Optimizations
--------------------+---------------------+--------------+--------------------+-----------+----------------------
 00:02:41(00:02:26) |  00:01:07(00:01:09) |  72.1( 71.1) |   11:47:47 (Apr09) |   1.13 GB | PBS_Techmap-Global Mapping
--------------------+---------------------+--------------+--------------------+-----------+----------------------
Number of threads: 8 * 1   (id: pbs_debug, time_info v1.57)
Info: (*N*) indicates data that was populated from previously saved time_info database
Info: CPU time includes time of parent + longest thread
Info    : Wrote formal verification information. [CFM-5]
        : Wrote 'fv/Multiplier32/fv_map.fv.json' for netlist 'fv/Multiplier32/fv_map.v.gz'.
Info    : Existing dofile found. Copied as fv/Multiplier32/rtl_to_fv_map.do~.
Info    : Wrote dofile. [CFM-1]
        : Dofile is 'fv/Multiplier32/rtl_to_fv_map.do'.
        : Alias mapping flow is enabled.
PBS_TechMap-Datapath Postmap Operations - Elapsed_Time 2, CPU_Time 1.9861740000000054
stamp 'PBS_TechMap-Datapath Postmap Operations' being created for table 'pbs_debug'

  Total Time (Wall) |  Stage Time (Wall)  |   % (Wall)   |    Date - Time     |  Memory   | Stage
--------------------+---------------------+--------------+--------------------+-----------+----------------------
 00:01:07(00:00:49) |  00:00:00(00:00:00) |   0.0(  0.0) |   11:46:11 (Apr09) |  677.1 MB | PBS_Generic-Start
--------------------+---------------------+--------------+--------------------+-----------+----------------------
 00:01:33(00:01:16) |  00:00:25(00:00:27) |  26.3( 27.3) |   11:46:37 (Apr09) |   1.16 GB | PBS_Generic_Opt-Post
--------------------+---------------------+--------------+--------------------+-----------+----------------------
 00:01:33(00:01:16) |  00:00:00(00:00:00) |   0.0(  0.0) |   11:46:37 (Apr09) |   1.16 GB | PBS_Generic-Postgen HBO Optimizations
--------------------+---------------------+--------------+--------------------+-----------+----------------------
 00:01:34(00:01:17) |  00:00:01(00:00:01) |   1.0(  1.0) |   11:46:38 (Apr09) |   1.13 GB | PBS_TechMap-Start
--------------------+---------------------+--------------+--------------------+-----------+----------------------
 00:01:34(00:01:17) |  00:00:00(00:00:00) |   0.0(  0.0) |   11:46:38 (Apr09) |   1.13 GB | PBS_TechMap-Premap HBO Optimizations
--------------------+---------------------+--------------+--------------------+-----------+----------------------
 00:02:41(00:02:26) |  00:01:07(00:01:09) |  70.6( 69.7) |   11:47:47 (Apr09) |   1.13 GB | PBS_Techmap-Global Mapping
--------------------+---------------------+--------------+--------------------+-----------+----------------------
 00:02:43(00:02:28) |  00:00:01(00:00:02) |   2.1(  2.0) |   11:47:49 (Apr09) |   1.13 GB | PBS_TechMap-Datapath Postmap Operations
--------------------+---------------------+--------------+--------------------+-----------+----------------------
Number of threads: 8 * 1   (id: pbs_debug, time_info v1.57)
Info: (*N*) indicates data that was populated from previously saved time_info database
Info: CPU time includes time of parent + longest thread
PBS_TechMap-Postmap HBO Optimizations - Elapsed_Time 1, CPU_Time 0.9835520000000031
stamp 'PBS_TechMap-Postmap HBO Optimizations' being created for table 'pbs_debug'

  Total Time (Wall) |  Stage Time (Wall)  |   % (Wall)   |    Date - Time     |  Memory   | Stage
--------------------+---------------------+--------------+--------------------+-----------+----------------------
 00:01:07(00:00:49) |  00:00:00(00:00:00) |   0.0(  0.0) |   11:46:11 (Apr09) |  677.1 MB | PBS_Generic-Start
--------------------+---------------------+--------------+--------------------+-----------+----------------------
 00:01:33(00:01:16) |  00:00:25(00:00:27) |  26.1( 27.0) |   11:46:37 (Apr09) |   1.16 GB | PBS_Generic_Opt-Post
--------------------+---------------------+--------------+--------------------+-----------+----------------------
 00:01:33(00:01:16) |  00:00:00(00:00:00) |   0.0(  0.0) |   11:46:37 (Apr09) |   1.16 GB | PBS_Generic-Postgen HBO Optimizations
--------------------+---------------------+--------------+--------------------+-----------+----------------------
 00:01:34(00:01:17) |  00:00:01(00:00:01) |   1.0(  1.0) |   11:46:38 (Apr09) |   1.13 GB | PBS_TechMap-Start
--------------------+---------------------+--------------+--------------------+-----------+----------------------
 00:01:34(00:01:17) |  00:00:00(00:00:00) |   0.0(  0.0) |   11:46:38 (Apr09) |   1.13 GB | PBS_TechMap-Premap HBO Optimizations
--------------------+---------------------+--------------+--------------------+-----------+----------------------
 00:02:41(00:02:26) |  00:01:07(00:01:09) |  69.8( 69.0) |   11:47:47 (Apr09) |   1.13 GB | PBS_Techmap-Global Mapping
--------------------+---------------------+--------------+--------------------+-----------+----------------------
 00:02:43(00:02:28) |  00:00:01(00:00:02) |   2.1(  2.0) |   11:47:49 (Apr09) |   1.13 GB | PBS_TechMap-Datapath Postmap Operations
--------------------+---------------------+--------------+--------------------+-----------+----------------------
 00:02:44(00:02:29) |  00:00:00(00:00:01) |   1.0(  1.0) |   11:47:50 (Apr09) |   1.13 GB | PBS_TechMap-Postmap HBO Optimizations
--------------------+---------------------+--------------+--------------------+-----------+----------------------
Number of threads: 8 * 1   (id: pbs_debug, time_info v1.57)
Info: (*N*) indicates data that was populated from previously saved time_info database
Info: CPU time includes time of parent + longest thread
 Doing ConstProp on design:Multiplier32 ... 

Time taken by ConstProp Step: 00:00:00
PBS_TechMap-Postmap Clock Gating - Elapsed_Time 0, CPU_Time 0.0
stamp 'PBS_TechMap-Postmap Clock Gating' being created for table 'pbs_debug'

  Total Time (Wall) |  Stage Time (Wall)  |   % (Wall)   |    Date - Time     |  Memory   | Stage
--------------------+---------------------+--------------+--------------------+-----------+----------------------
 00:01:07(00:00:49) |  00:00:00(00:00:00) |   0.0(  0.0) |   11:46:11 (Apr09) |  677.1 MB | PBS_Generic-Start
--------------------+---------------------+--------------+--------------------+-----------+----------------------
 00:01:33(00:01:16) |  00:00:25(00:00:27) |  26.1( 27.0) |   11:46:37 (Apr09) |   1.16 GB | PBS_Generic_Opt-Post
--------------------+---------------------+--------------+--------------------+-----------+----------------------
 00:01:33(00:01:16) |  00:00:00(00:00:00) |   0.0(  0.0) |   11:46:37 (Apr09) |   1.16 GB | PBS_Generic-Postgen HBO Optimizations
--------------------+---------------------+--------------+--------------------+-----------+----------------------
 00:01:34(00:01:17) |  00:00:01(00:00:01) |   1.0(  1.0) |   11:46:38 (Apr09) |   1.13 GB | PBS_TechMap-Start
--------------------+---------------------+--------------+--------------------+-----------+----------------------
 00:01:34(00:01:17) |  00:00:00(00:00:00) |   0.0(  0.0) |   11:46:38 (Apr09) |   1.13 GB | PBS_TechMap-Premap HBO Optimizations
--------------------+---------------------+--------------+--------------------+-----------+----------------------
 00:02:41(00:02:26) |  00:01:07(00:01:09) |  69.8( 69.0) |   11:47:47 (Apr09) |   1.13 GB | PBS_Techmap-Global Mapping
--------------------+---------------------+--------------+--------------------+-----------+----------------------
 00:02:43(00:02:28) |  00:00:01(00:00:02) |   2.1(  2.0) |   11:47:49 (Apr09) |   1.13 GB | PBS_TechMap-Datapath Postmap Operations
--------------------+---------------------+--------------+--------------------+-----------+----------------------
 00:02:44(00:02:29) |  00:00:00(00:00:01) |   1.0(  1.0) |   11:47:50 (Apr09) |   1.13 GB | PBS_TechMap-Postmap HBO Optimizations
--------------------+---------------------+--------------+--------------------+-----------+----------------------
 00:02:44(00:02:29) |  00:00:00(00:00:00) |   0.0(  0.0) |   11:47:50 (Apr09) |   1.13 GB | PBS_TechMap-Postmap Clock Gating
--------------------+---------------------+--------------+--------------------+-----------+----------------------
Number of threads: 8 * 1   (id: pbs_debug, time_info v1.57)
Info: (*N*) indicates data that was populated from previously saved time_info database
Info: CPU time includes time of parent + longest thread
-------------------------------------------------------------------------------
 hi_fo_buf                   412        0         0         0        0        0

           Trick     Calls     Accepts   Attempts    Time(secs) 
-----------------------------------------------------------
       hi_fo_buf         0  (        0 /        0 )  0.00

 
Incremental optimization status
===============================
                                   Group   
                                  Tot Wrst     Total - - - - DRC Totals - - - -
                           Total  Weighted      Neg      Max       Max     Max  
Operation                   Area   Slacks      Slack    Trans      Cap   Fanout 
 init_delay                  412        0         0         0        0        0

           Trick     Calls     Accepts   Attempts    Time(secs) 
-----------------------------------------------------------
       crit_upsz         0  (        0 /        0 )  0.00
    plc_bal_star         0  (        0 /        0 )  0.00
     drc_buftimb         0  (        0 /        0 )  0.00
          plc_st         0  (        0 /        0 )  0.00
    plc_st_fence         0  (        0 /        0 )  0.00
        plc_star         0  (        0 /        0 )  0.00
      plc_laf_st         0  (        0 /        0 )  0.00
 plc_laf_st_fence         0  (        0 /        0 )  0.00
     drc_buftims         0  (        0 /        0 )  0.00
            fopt         0  (        0 /        0 )  0.00
   plc_laf_lo_st         0  (        0 /        0 )  0.00
       plc_lo_st         0  (        0 /        0 )  0.00
        mb_split         0  (        0 /        0 )  0.00

 
Local TNS optimization status
=============================
                                   Group   
                                  Tot Wrst     Total - - - - DRC Totals - - - -
                           Total  Weighted      Neg      Max       Max     Max  
Operation                   Area   Slacks      Slack    Trans      Cap   Fanout 
 init_tns                    412        0         0         0        0        0

           Trick     Calls     Accepts   Attempts    Time(secs) 
-----------------------------------------------------------
    plc_bal_star         0  (        0 /        0 )  0.00
     drc_buftimb         0  (        0 /        0 )  0.00
     drc_buftims         0  (        0 /        0 )  0.00
       crit_upsz         0  (        0 /        0 )  0.00
   plc_laf_lo_st         0  (        0 /        0 )  0.00
       plc_lo_st         0  (        0 /        0 )  0.00
            fopt         0  (        0 /        0 )  0.00
       crit_dnsz         0  (        0 /        0 )  0.00
             dup         0  (        0 /        0 )  0.00
        setup_dn         0  (        0 /        0 )  0.00
        mb_split         0  (        0 /        0 )  0.00

PBS_TechMap-Postmap Cleanup - Elapsed_Time 0, CPU_Time -0.012526000000008253
stamp 'PBS_TechMap-Postmap Cleanup' being created for table 'pbs_debug'

  Total Time (Wall) |  Stage Time (Wall)  |   % (Wall)   |    Date - Time     |  Memory   | Stage
--------------------+---------------------+--------------+--------------------+-----------+----------------------
 00:01:07(00:00:49) |  00:00:00(00:00:00) |   0.0(  0.0) |   11:46:11 (Apr09) |  677.1 MB | PBS_Generic-Start
--------------------+---------------------+--------------+--------------------+-----------+----------------------
 00:01:33(00:01:16) |  00:00:25(00:00:27) |  26.1( 27.0) |   11:46:37 (Apr09) |   1.16 GB | PBS_Generic_Opt-Post
--------------------+---------------------+--------------+--------------------+-----------+----------------------
 00:01:33(00:01:16) |  00:00:00(00:00:00) |   0.0(  0.0) |   11:46:37 (Apr09) |   1.16 GB | PBS_Generic-Postgen HBO Optimizations
--------------------+---------------------+--------------+--------------------+-----------+----------------------
 00:01:34(00:01:17) |  00:00:01(00:00:01) |   1.0(  1.0) |   11:46:38 (Apr09) |   1.13 GB | PBS_TechMap-Start
--------------------+---------------------+--------------+--------------------+-----------+----------------------
 00:01:34(00:01:17) |  00:00:00(00:00:00) |   0.0(  0.0) |   11:46:38 (Apr09) |   1.13 GB | PBS_TechMap-Premap HBO Optimizations
--------------------+---------------------+--------------+--------------------+-----------+----------------------
 00:02:41(00:02:26) |  00:01:07(00:01:09) |  69.8( 69.0) |   11:47:47 (Apr09) |   1.13 GB | PBS_Techmap-Global Mapping
--------------------+---------------------+--------------+--------------------+-----------+----------------------
 00:02:43(00:02:28) |  00:00:01(00:00:02) |   2.1(  2.0) |   11:47:49 (Apr09) |   1.13 GB | PBS_TechMap-Datapath Postmap Operations
--------------------+---------------------+--------------+--------------------+-----------+----------------------
 00:02:44(00:02:29) |  00:00:00(00:00:01) |   1.0(  1.0) |   11:47:50 (Apr09) |   1.13 GB | PBS_TechMap-Postmap HBO Optimizations
--------------------+---------------------+--------------+--------------------+-----------+----------------------
 00:02:44(00:02:29) |  00:00:00(00:00:00) |   0.0(  0.0) |   11:47:50 (Apr09) |   1.13 GB | PBS_TechMap-Postmap Clock Gating
--------------------+---------------------+--------------+--------------------+-----------+----------------------
 00:02:44(00:02:29) |  00:00:00(00:00:00) |  -0.0(  0.0) |   11:47:50 (Apr09) |   1.13 GB | PBS_TechMap-Postmap Cleanup
--------------------+---------------------+--------------+--------------------+-----------+----------------------
Number of threads: 8 * 1   (id: pbs_debug, time_info v1.57)
Info: (*N*) indicates data that was populated from previously saved time_info database
Info: CPU time includes time of parent + longest thread
PBS_Techmap-Post_MBCI - Elapsed_Time 0, CPU_Time 0.0
stamp 'PBS_Techmap-Post_MBCI' being created for table 'pbs_debug'

  Total Time (Wall) |  Stage Time (Wall)  |   % (Wall)   |    Date - Time     |  Memory   | Stage
--------------------+---------------------+--------------+--------------------+-----------+----------------------
 00:01:07(00:00:49) |  00:00:00(00:00:00) |   0.0(  0.0) |   11:46:11 (Apr09) |  677.1 MB | PBS_Generic-Start
--------------------+---------------------+--------------+--------------------+-----------+----------------------
 00:01:33(00:01:16) |  00:00:25(00:00:27) |  26.1( 27.0) |   11:46:37 (Apr09) |   1.16 GB | PBS_Generic_Opt-Post
--------------------+---------------------+--------------+--------------------+-----------+----------------------
 00:01:33(00:01:16) |  00:00:00(00:00:00) |   0.0(  0.0) |   11:46:37 (Apr09) |   1.16 GB | PBS_Generic-Postgen HBO Optimizations
--------------------+---------------------+--------------+--------------------+-----------+----------------------
 00:01:34(00:01:17) |  00:00:01(00:00:01) |   1.0(  1.0) |   11:46:38 (Apr09) |   1.13 GB | PBS_TechMap-Start
--------------------+---------------------+--------------+--------------------+-----------+----------------------
 00:01:34(00:01:17) |  00:00:00(00:00:00) |   0.0(  0.0) |   11:46:38 (Apr09) |   1.13 GB | PBS_TechMap-Premap HBO Optimizations
--------------------+---------------------+--------------+--------------------+-----------+----------------------
 00:02:41(00:02:26) |  00:01:07(00:01:09) |  69.8( 69.0) |   11:47:47 (Apr09) |   1.13 GB | PBS_Techmap-Global Mapping
--------------------+---------------------+--------------+--------------------+-----------+----------------------
 00:02:43(00:02:28) |  00:00:01(00:00:02) |   2.1(  2.0) |   11:47:49 (Apr09) |   1.13 GB | PBS_TechMap-Datapath Postmap Operations
--------------------+---------------------+--------------+--------------------+-----------+----------------------
 00:02:44(00:02:29) |  00:00:00(00:00:01) |   1.0(  1.0) |   11:47:50 (Apr09) |   1.13 GB | PBS_TechMap-Postmap HBO Optimizations
--------------------+---------------------+--------------+--------------------+-----------+----------------------
 00:02:44(00:02:29) |  00:00:00(00:00:00) |   0.0(  0.0) |   11:47:50 (Apr09) |   1.13 GB | PBS_TechMap-Postmap Clock Gating
--------------------+---------------------+--------------+--------------------+-----------+----------------------
 00:02:44(00:02:29) |  00:00:00(00:00:00) |  -0.0(  0.0) |   11:47:50 (Apr09) |   1.13 GB | PBS_TechMap-Postmap Cleanup
--------------------+---------------------+--------------+--------------------+-----------+----------------------
 00:02:44(00:02:29) |  00:00:00(00:00:00) |   0.0(  0.0) |   11:47:50 (Apr09) |   1.13 GB | PBS_Techmap-Post_MBCI
--------------------+---------------------+--------------+--------------------+-----------+----------------------
Number of threads: 8 * 1   (id: pbs_debug, time_info v1.57)
Info: (*N*) indicates data that was populated from previously saved time_info database
Info: CPU time includes time of parent + longest thread
##>=================== Cadence Confidential (Mapping-Logical) ===================
##>Main Thread Summary:
##>----------------------------------------------------------------------------------------
##>STEP                           Elapsed       WNS       TNS     Insts      Area    Memory
##>----------------------------------------------------------------------------------------
##>M:Initial                            0         -         -      8988       787      1128
##>M:Pre Cleanup                        0         -         -      8988       787      1128
##>M:Setup                              0         -         -         -         -         -
##>M:Early Clock Gating                 0         -         -         -         -         -
##>M:Launch ST                          0         -         -         -         -         -
##>M:Design Partition                   0         -         -         -         -         -
##>M:Create Partition Netlists          0         -         -         -         -         -
##>M:Init Power                         0         -         -         -         -         -
##>M:Budgeting                          0         -         -         -         -         -
##>M:Derenv-DB                          0         -         -         -         -         -
##>M:Debug Outputs                      0         -         -         -         -         -
##>M:ST loading                         0         -         -         -         -         -
##>M:Distributed                        0         -         -         -         -         -
##>M:Timer                              0         -         -         -         -         -
##>M:Assembly                           0         -         -         -         -         -
##>M:DFT                                0         -         -         -         -         -
##>M:DP Operations                      2         -         -      3783       411      1127
##>M:Const Prop                         1        18         0      3783       411      1127
##>M:Cleanup                            0        18         0      3783       411      1127
##>M:MBCI                               0         -         -      3783       411      1127
##>M:PostGen Opt                        0         -         -         -         -         -
##>M:Early Clock Gating Cleanup         0         -         -         -         -         -
##>M:Const Gate Removal                 0         -         -         -         -         -
##>M:Misc                              69
##>----------------------------------------------------------------------------------------
##>Total Elapsed                       72
##>========================================================================================
Info    : Done mapping. [SYNTH-5]
        : Done mapping 'Multiplier32'.
      flow.cputime  flow.realtime  timing.setup.tns  timing.setup.wns  snapshot
UM:*                                                                   syn_map
@file(genus.tcl) 74: write_hdl > outputs/synthesis_map.v
@file(genus.tcl) 77: ungroup -all
  Warning : No instances found to be ungrouped.

@file(genus.tcl) 79: set_db / .syn_opt_effort extreme
  Setting attribute of root '/': 'syn_opt_effort' = extreme
@file(genus.tcl) 80: syn_opt
Info    : Incrementally optimizing. [SYNTH-7]
        : Incrementally optimizing 'Multiplier32' using 'high' effort.
 
Incremental optimization status
===============================
                                   Group   
                                  Tot Wrst     Total - - - - DRC Totals - - - -
                           Total  Weighted      Neg      Max       Max     Max  
Operation                   Area   Slacks      Slack    Trans      Cap   Fanout 
 init_iopt                   412        0         0         0        0        0
-------------------------------------------------------------------------------
 const_prop                  412        0         0         0        0        0
 simp_cc_inputs              412        0         0         0        0        0
-------------------------------------------------------------------------------
 hi_fo_buf                   412        0         0         0        0        0

           Trick     Calls     Accepts   Attempts    Time(secs) 
-----------------------------------------------------------
       hi_fo_buf         0  (        0 /        0 )  0.00

 
Incremental optimization status
===============================
                                   Group   
                                  Tot Wrst     Total - - - - DRC Totals - - - -
                           Total  Weighted      Neg      Max       Max     Max  
Operation                   Area   Slacks      Slack    Trans      Cap   Fanout 
 init_delay                  412        0         0         0        0        0

           Trick     Calls     Accepts   Attempts    Time(secs) 
-----------------------------------------------------------
        crit_msz         0  (        0 /        0 )  0.00
       crit_upsz         0  (        0 /        0 )  0.00
       crit_slew         0  (        0 /        0 )  0.00
        setup_dn         0  (        0 /        0 )  0.00
    plc_bal_star         0  (        0 /        0 )  0.00
     drc_buftimb         0  (        0 /        0 )  0.00
          plc_st         0  (        0 /        0 )  0.00
    plc_st_fence         0  (        0 /        0 )  0.00
        plc_star         0  (        0 /        0 )  0.00
      plc_laf_st         0  (        0 /        0 )  0.00
 plc_laf_st_fence         0  (        0 /        0 )  0.00
     drc_buftims         0  (        0 /        0 )  0.00
   plc_laf_lo_st         0  (        0 /        0 )  0.00
       plc_lo_st         0  (        0 /        0 )  0.00
            fopt         0  (        0 /        0 )  0.00
       crit_swap         0  (        0 /        0 )  0.00
       mux2_swap         0  (        0 /        0 )  0.00
       crit_dnsz         0  (        0 /        0 )  0.00
       load_swap         0  (        0 /        0 )  0.00
            fopt         0  (        0 /        0 )  0.00
        setup_dn         0  (        0 /        0 )  0.00
       load_isol         0  (        0 /        0 )  0.00
       load_isol         0  (        0 /        0 )  0.00
        move_for         0  (        0 /        0 )  0.00
        move_for         0  (        0 /        0 )  0.00
          rem_bi         0  (        0 /        0 )  0.00
         offload         0  (        0 /        0 )  0.00
          rem_bi         0  (        0 /        0 )  0.00
         offload         0  (        0 /        0 )  0.00
           phase         0  (        0 /        0 )  0.00
        in_phase         0  (        0 /        0 )  0.00
       merge_bit         0  (        0 /        0 )  0.00
     merge_idrvr         0  (        0 /        0 )  0.00
     merge_iload         0  (        0 /        0 )  0.00
    merge_idload         0  (        0 /        0 )  0.00
      merge_drvr         0  (        0 /        0 )  0.00
      merge_load         0  (        0 /        0 )  0.00
          decomp         0  (        0 /        0 )  0.00
        p_decomp         0  (        0 /        0 )  0.00
       gate_deco         0  (        0 /        0 )  0.00
       gcomp_tim         0  (        0 /        0 )  0.00
        levelize         0  (        0 /        0 )  0.00
        mb_split         0  (        0 /        0 )  0.00
             dup         0  (        0 /        0 )  0.00
      mux_retime         0  (        0 /        0 )  0.00
         buf2inv         0  (        0 /        0 )  0.00
             exp         0  (        0 /        0 )  0.00
       gate_deco         0  (        0 /        0 )  0.00
       gcomp_tim         0  (        0 /        0 )  0.00
  inv_pair_2_buf         0  (        0 /        0 )  0.00


           Trick     Calls     Accepts   Attempts    Time(secs) 
-----------------------------------------------------------
         crr_220         0  (        0 /        0 )  0.00
        crr_glob         0  (        0 /        0 )  0.00
         crr_200         0  (        0 /        0 )  0.00
        crr_glob         0  (        0 /        0 )  0.00
         crr_300         0  (        0 /        0 )  0.00
        crr_glob         0  (        0 /        0 )  0.00
         crr_400         0  (        0 /        0 )  0.00
        crr_glob         0  (        0 /        0 )  0.00
         crr_111         0  (        0 /        0 )  0.00
        crr_glob         0  (        0 /        0 )  0.00
         crr_210         0  (        0 /        0 )  0.00
        crr_glob         0  (        0 /        0 )  0.00
         crr_110         0  (        0 /        0 )  0.00
        crr_glob         0  (        0 /        0 )  0.00
         crr_101         0  (        0 /        0 )  0.00
        crr_glob         0  (        0 /        0 )  0.00
         crr_201         0  (        0 /        0 )  0.00
        crr_glob         0  (        0 /        0 )  0.00
         crr_211         0  (        0 /        0 )  0.00
        crr_glob         0  (        0 /        0 )  0.00
        crit_msz         0  (        0 /        0 )  0.00
       crit_upsz         0  (        0 /        0 )  0.00
       crit_slew         0  (        0 /        0 )  0.00
        setup_dn         0  (        0 /        0 )  0.00
    plc_bal_star         0  (        0 /        0 )  0.00
     drc_buftimb         0  (        0 /        0 )  0.00
          plc_st         0  (        0 /        0 )  0.00
    plc_st_fence         0  (        0 /        0 )  0.00
        plc_star         0  (        0 /        0 )  0.00
      plc_laf_st         0  (        0 /        0 )  0.00
 plc_laf_st_fence         0  (        0 /        0 )  0.00
     drc_buftims         0  (        0 /        0 )  0.00
       plc_lo_st         0  (        0 /        0 )  0.00
            fopt         0  (        0 /        0 )  0.00
       crit_swap         0  (        0 /        0 )  0.00
       mux2_swap         0  (        0 /        0 )  0.00
       crit_dnsz         0  (        0 /        0 )  0.00
       load_swap         0  (        0 /        0 )  0.00
            fopt         0  (        0 /        0 )  0.00
        setup_dn         0  (        0 /        0 )  0.00
       load_isol         0  (        0 /        0 )  0.00
       load_isol         0  (        0 /        0 )  0.00
        move_for         0  (        0 /        0 )  0.00
        move_for         0  (        0 /        0 )  0.00
          rem_bi         0  (        0 /        0 )  0.00
         offload         0  (        0 /        0 )  0.00
          rem_bi         0  (        0 /        0 )  0.00
         offload         0  (        0 /        0 )  0.00
       merge_bit         0  (        0 /        0 )  0.00
     merge_idrvr         0  (        0 /        0 )  0.00
     merge_iload         0  (        0 /        0 )  0.00
    merge_idload         0  (        0 /        0 )  0.00
      merge_drvr         0  (        0 /        0 )  0.00
      merge_load         0  (        0 /        0 )  0.00
           phase         0  (        0 /        0 )  0.00
          decomp         0  (        0 /        0 )  0.00
        p_decomp         0  (        0 /        0 )  0.00
       gate_deco         0  (        0 /        0 )  0.00
       gcomp_tim         0  (        0 /        0 )  0.00
        levelize         0  (        0 /        0 )  0.00
        mb_split         0  (        0 /        0 )  0.00
        in_phase         0  (        0 /        0 )  0.00
             dup         0  (        0 /        0 )  0.00
      mux_retime         0  (        0 /        0 )  0.00
         buf2inv         0  (        0 /        0 )  0.00
             exp         0  (        0 /        0 )  0.00
       gate_deco         0  (        0 /        0 )  0.00
       gcomp_tim         0  (        0 /        0 )  0.00
  inv_pair_2_buf         0  (        0 /        0 )  0.00
 init_drc                    412        0         0         0        0        0

           Trick     Calls     Accepts   Attempts    Time(secs) 
-----------------------------------------------------------
          plc_st         0  (        0 /        0 )  0.00
        plc_star         0  (        0 /        0 )  0.00
        drc_bufs         0  (        0 /        0 )  0.00
        drc_fopt         0  (        0 /        0 )  0.00
        drc_bufb         0  (        0 /        0 )  0.00
      simple_buf         0  (        0 /        0 )  0.00
             dup         0  (        0 /        0 )  0.00
       crit_dnsz         0  (        0 /        0 )  0.00
       crit_upsz         0  (        0 /        0 )  0.00
       crit_slew         0  (        0 /        0 )  0.00


           Trick     Calls     Accepts   Attempts    Time(secs) 
-----------------------------------------------------------
          plc_st         0  (        0 /        0 )  0.00
        plc_star         0  (        0 /        0 )  0.00
      drc_buf_sp         0  (        0 /        0 )  0.00
        drc_bufs         0  (        0 /        0 )  0.00
        drc_fopt         0  (        0 /        0 )  0.00
        drc_bufb         0  (        0 /        0 )  0.00
      simple_buf         0  (        0 /        0 )  0.00
             dup         0  (        0 /        0 )  0.00
       crit_dnsz         0  (        0 /        0 )  0.00
       crit_upsz         0  (        0 /        0 )  0.00


           Trick     Calls     Accepts   Attempts    Time(secs) 
-----------------------------------------------------------
          plc_st         0  (        0 /        0 )  0.00
        plc_star         0  (        0 /        0 )  0.00
      drc_buf_sp         0  (        0 /        0 )  0.00
        drc_bufs         0  (        0 /        0 )  0.00
        drc_fopt         0  (        0 /        0 )  0.00
        drc_bufb         0  (        0 /        0 )  0.00
             dup         0  (        0 /        0 )  0.00
       crit_dnsz         0  (        0 /        0 )  0.00
       crit_upsz         0  (        0 /        0 )  0.00

 init_tns                    412        0         0         0        0        0

           Trick     Calls     Accepts   Attempts    Time(secs) 
-----------------------------------------------------------
            fopt         0  (        0 /        0 )  0.00
    plc_bal_star         0  (        0 /        0 )  0.00
     drc_buftimb         0  (        0 /        0 )  0.00
     drc_buftims         0  (        0 /        0 )  0.00
        crit_msz         0  (        0 /        0 )  0.00
       crit_upsz         0  (        0 /        0 )  0.00
   plc_laf_lo_st         0  (        0 /        0 )  0.00
       plc_lo_st         0  (        0 /        0 )  0.00
       crit_swap         0  (        0 /        0 )  0.00
       mux2_swap         0  (        0 /        0 )  0.00
       crit_dnsz         0  (        0 /        0 )  0.00
       load_swap         0  (        0 /        0 )  0.00
            fopt         0  (        0 /        0 )  0.00
        setup_dn         0  (        0 /        0 )  0.00
       load_isol         0  (        0 /        0 )  0.00
       load_isol         0  (        0 /        0 )  0.00
        move_for         0  (        0 /        0 )  0.00
        move_for         0  (        0 /        0 )  0.00
          rem_bi         0  (        0 /        0 )  0.00
         offload         0  (        0 /        0 )  0.00
          rem_bi         0  (        0 /        0 )  0.00
         offload         0  (        0 /        0 )  0.00
       merge_bit         0  (        0 /        0 )  0.00
     merge_idrvr         0  (        0 /        0 )  0.00
     merge_iload         0  (        0 /        0 )  0.00
    merge_idload         0  (        0 /        0 )  0.00
      merge_drvr         0  (        0 /        0 )  0.00
      merge_load         0  (        0 /        0 )  0.00
           phase         0  (        0 /        0 )  0.00
          decomp         0  (        0 /        0 )  0.00
        p_decomp         0  (        0 /        0 )  0.00
       gate_deco         0  (        0 /        0 )  0.00
       gcomp_tim         0  (        0 /        0 )  0.00
        levelize         0  (        0 /        0 )  0.00
        mb_split         0  (        0 /        0 )  0.00
             dup         0  (        0 /        0 )  0.00
      mux_retime         0  (        0 /        0 )  0.00
       crr_local         0  (        0 /        0 )  0.00
       crr_local         0  (        0 /        0 )  0.00
         buf2inv         0  (        0 /        0 )  0.00

 init_area                   412        0         0         0        0        0
 rem_buf                     411        0         0         0        0        0
 merge_bi                    411        0         0         0        0        0
 io_phase                    408        0         0         0        0        0
 gate_comp                   395        0         0         0        0        0
 gcomp_mog                   392        0         0         0        0        0
 glob_area                   392        0         0         0        0        0
 area_down                   391        0         0         0        0        0
 rem_inv                     391        0         0         0        0        0

           Trick     Calls     Accepts   Attempts    Time(secs) 
-----------------------------------------------------------
           undup         0  (        0 /        0 )  0.01
         rem_buf        15  (        5 /        6 )  0.20
         rem_inv         0  (        0 /        0 )  0.00
        merge_bi         2  (        2 /        2 )  0.04
      rem_inv_qb       116  (        0 /        0 )  0.00
    seq_res_area         8  (        0 /        0 )  2.25
        io_phase        65  (       63 /       63 )  0.28
       gate_comp       297  (      233 /      238 )  2.42
       gcomp_mog        70  (       51 /       52 )  0.99
       glob_area        48  (        4 /       48 )  0.18
       area_down         9  (        4 /        4 )  0.24
      size_n_buf         0  (        0 /        0 )  0.01
  gate_deco_area         0  (        0 /        0 )  0.00
         rem_buf        10  (        0 /        0 )  0.02
         rem_inv         3  (        3 /        3 )  0.01
        merge_bi         0  (        0 /        0 )  0.02
      rem_inv_qb       116  (        0 /        0 )  0.00

 
Incremental optimization status
===============================
                                   Group   
                                  Tot Wrst     Total - - - - DRC Totals - - - -
                           Total  Weighted      Neg      Max       Max     Max  
Operation                   Area   Slacks      Slack    Trans      Cap   Fanout 
 init_delay                  391        0         0         0        0        0

           Trick     Calls     Accepts   Attempts    Time(secs) 
-----------------------------------------------------------
         crr_220         0  (        0 /        0 )  0.00
        crr_glob         0  (        0 /        0 )  0.00
         crr_200         0  (        0 /        0 )  0.00
        crr_glob         0  (        0 /        0 )  0.00
         crr_300         0  (        0 /        0 )  0.00
        crr_glob         0  (        0 /        0 )  0.00
         crr_400         0  (        0 /        0 )  0.00
        crr_glob         0  (        0 /        0 )  0.00
         crr_111         0  (        0 /        0 )  0.00
        crr_glob         0  (        0 /        0 )  0.00
         crr_210         0  (        0 /        0 )  0.00
        crr_glob         0  (        0 /        0 )  0.00
         crr_110         0  (        0 /        0 )  0.00
        crr_glob         0  (        0 /        0 )  0.00
         crr_101         0  (        0 /        0 )  0.00
        crr_glob         0  (        0 /        0 )  0.00
         crr_201         0  (        0 /        0 )  0.00
        crr_glob         0  (        0 /        0 )  0.00
         crr_211         0  (        0 /        0 )  0.00
        crr_glob         0  (        0 /        0 )  0.00
        crit_msz         0  (        0 /        0 )  0.00
       crit_upsz         0  (        0 /        0 )  0.00
       crit_slew         0  (        0 /        0 )  0.00
        setup_dn         0  (        0 /        0 )  0.00
    plc_bal_star         0  (        0 /        0 )  0.00
     drc_buftimb         0  (        0 /        0 )  0.00
          plc_st         0  (        0 /        0 )  0.00
    plc_st_fence         0  (        0 /        0 )  0.00
        plc_star         0  (        0 /        0 )  0.00
      plc_laf_st         0  (        0 /        0 )  0.00
 plc_laf_st_fence         0  (        0 /        0 )  0.00
     drc_buftims         0  (        0 /        0 )  0.00
       plc_lo_st         0  (        0 /        0 )  0.00
            fopt         0  (        0 /        0 )  0.00
       crit_swap         0  (        0 /        0 )  0.00
       mux2_swap         0  (        0 /        0 )  0.00
       crit_dnsz         0  (        0 /        0 )  0.00
       load_swap         0  (        0 /        0 )  0.00
            fopt         0  (        0 /        0 )  0.00
        setup_dn         0  (        0 /        0 )  0.00
       load_isol         0  (        0 /        0 )  0.00
       load_isol         0  (        0 /        0 )  0.00
        move_for         0  (        0 /        0 )  0.00
        move_for         0  (        0 /        0 )  0.00
          rem_bi         0  (        0 /        0 )  0.00
         offload         0  (        0 /        0 )  0.00
          rem_bi         0  (        0 /        0 )  0.00
         offload         0  (        0 /        0 )  0.00
       merge_bit         0  (        0 /        0 )  0.00
     merge_idrvr         0  (        0 /        0 )  0.00
     merge_iload         0  (        0 /        0 )  0.00
    merge_idload         0  (        0 /        0 )  0.00
      merge_drvr         0  (        0 /        0 )  0.00
      merge_load         0  (        0 /        0 )  0.00
           phase         0  (        0 /        0 )  0.00
          decomp         0  (        0 /        0 )  0.00
        p_decomp         0  (        0 /        0 )  0.00
       gate_deco         0  (        0 /        0 )  0.00
       gcomp_tim         0  (        0 /        0 )  0.00
        levelize         0  (        0 /        0 )  0.00
        mb_split         0  (        0 /        0 )  0.00
        in_phase         0  (        0 /        0 )  0.00
             dup         0  (        0 /        0 )  0.00
      mux_retime         0  (        0 /        0 )  0.00
         buf2inv         0  (        0 /        0 )  0.00
             exp         0  (        0 /        0 )  0.00
       gate_deco         0  (        0 /        0 )  0.00
       gcomp_tim         0  (        0 /        0 )  0.00
  inv_pair_2_buf         0  (        0 /        0 )  0.00
 init_drc                    391        0         0         0        0        0

           Trick     Calls     Accepts   Attempts    Time(secs) 
-----------------------------------------------------------
          plc_st         0  (        0 /        0 )  0.00
        plc_star         0  (        0 /        0 )  0.00
        drc_bufs         0  (        0 /        0 )  0.00
        drc_fopt         0  (        0 /        0 )  0.00
        drc_bufb         0  (        0 /        0 )  0.00
      simple_buf         0  (        0 /        0 )  0.00
             dup         0  (        0 /        0 )  0.00
       crit_dnsz         0  (        0 /        0 )  0.00
       crit_upsz         0  (        0 /        0 )  0.00
       crit_slew         0  (        0 /        0 )  0.00


           Trick     Calls     Accepts   Attempts    Time(secs) 
-----------------------------------------------------------
          plc_st         0  (        0 /        0 )  0.00
        plc_star         0  (        0 /        0 )  0.00
      drc_buf_sp         0  (        0 /        0 )  0.00
        drc_bufs         0  (        0 /        0 )  0.00
        drc_fopt         0  (        0 /        0 )  0.00
        drc_bufb         0  (        0 /        0 )  0.00
      simple_buf         0  (        0 /        0 )  0.00
             dup         0  (        0 /        0 )  0.00
       crit_dnsz         0  (        0 /        0 )  0.00
       crit_upsz         0  (        0 /        0 )  0.00


           Trick     Calls     Accepts   Attempts    Time(secs) 
-----------------------------------------------------------
          plc_st         0  (        0 /        0 )  0.00
        plc_star         0  (        0 /        0 )  0.00
      drc_buf_sp         0  (        0 /        0 )  0.00
        drc_bufs         0  (        0 /        0 )  0.00
        drc_fopt         0  (        0 /        0 )  0.00
        drc_bufb         0  (        0 /        0 )  0.00
             dup         0  (        0 /        0 )  0.00
       crit_dnsz         0  (        0 /        0 )  0.00
       crit_upsz         0  (        0 /        0 )  0.00

 init_tns                    391        0         0         0        0        0

           Trick     Calls     Accepts   Attempts    Time(secs) 
-----------------------------------------------------------
            fopt         0  (        0 /        0 )  0.00
    plc_bal_star         0  (        0 /        0 )  0.00
     drc_buftimb         0  (        0 /        0 )  0.00
     drc_buftims         0  (        0 /        0 )  0.00
        crit_msz         0  (        0 /        0 )  0.00
       crit_upsz         0  (        0 /        0 )  0.00
   plc_laf_lo_st         0  (        0 /        0 )  0.00
       plc_lo_st         0  (        0 /        0 )  0.00
       crit_swap         0  (        0 /        0 )  0.00
       mux2_swap         0  (        0 /        0 )  0.00
       crit_dnsz         0  (        0 /        0 )  0.00
       load_swap         0  (        0 /        0 )  0.00
            fopt         0  (        0 /        0 )  0.00
        setup_dn         0  (        0 /        0 )  0.00
       load_isol         0  (        0 /        0 )  0.00
       load_isol         0  (        0 /        0 )  0.00
        move_for         0  (        0 /        0 )  0.00
        move_for         0  (        0 /        0 )  0.00
          rem_bi         0  (        0 /        0 )  0.00
         offload         0  (        0 /        0 )  0.00
          rem_bi         0  (        0 /        0 )  0.00
         offload         0  (        0 /        0 )  0.00
       merge_bit         0  (        0 /        0 )  0.00
     merge_idrvr         0  (        0 /        0 )  0.00
     merge_iload         0  (        0 /        0 )  0.00
    merge_idload         0  (        0 /        0 )  0.00
      merge_drvr         0  (        0 /        0 )  0.00
      merge_load         0  (        0 /        0 )  0.00
           phase         0  (        0 /        0 )  0.00
          decomp         0  (        0 /        0 )  0.00
        p_decomp         0  (        0 /        0 )  0.00
       gate_deco         0  (        0 /        0 )  0.00
       gcomp_tim         0  (        0 /        0 )  0.00
        levelize         0  (        0 /        0 )  0.00
        mb_split         0  (        0 /        0 )  0.00
             dup         0  (        0 /        0 )  0.00
      mux_retime         0  (        0 /        0 )  0.00
       crr_local         0  (        0 /        0 )  0.00
       crr_local         0  (        0 /        0 )  0.00
         buf2inv         0  (        0 /        0 )  0.00

 init_area                   391        0         0         0        0        0
 io_phase                    391        0         0         0        0        0
 gate_comp                   391        0         0         0        0        0
 gcomp_mog                   391        0         0         0        0        0
 area_down                   391        0         0         0        0        0

           Trick     Calls     Accepts   Attempts    Time(secs) 
-----------------------------------------------------------
           undup         0  (        0 /        0 )  0.01
         rem_buf        10  (        0 /        0 )  0.02
         rem_inv         0  (        0 /        0 )  0.00
        merge_bi         0  (        0 /        0 )  0.01
      rem_inv_qb       116  (        0 /        0 )  0.00
        io_phase         5  (        3 /        3 )  0.04
       gate_comp        66  (        4 /        5 )  0.41
       gcomp_mog        22  (        2 /        2 )  0.22
       glob_area        46  (        0 /       46 )  0.15
       area_down         9  (        1 /        1 )  0.19
      size_n_buf         0  (        0 /        0 )  0.01
  gate_deco_area         0  (        0 /        0 )  0.00

 
Incremental optimization status
===============================
                                   Group   
                                  Tot Wrst     Total - - - - DRC Totals - - - -
                           Total  Weighted      Neg      Max       Max     Max  
Operation                   Area   Slacks      Slack    Trans      Cap   Fanout 
 init_delay                  391        0         0         0        0        0

           Trick     Calls     Accepts   Attempts    Time(secs) 
-----------------------------------------------------------
        crit_msz         0  (        0 /        0 )  0.00
       crit_upsz         0  (        0 /        0 )  0.00
       crit_slew         0  (        0 /        0 )  0.00
        setup_dn         0  (        0 /        0 )  0.00
    plc_bal_star         0  (        0 /        0 )  0.00
     drc_buftimb         0  (        0 /        0 )  0.00
          plc_st         0  (        0 /        0 )  0.00
    plc_st_fence         0  (        0 /        0 )  0.00
        plc_star         0  (        0 /        0 )  0.00
      plc_laf_st         0  (        0 /        0 )  0.00
 plc_laf_st_fence         0  (        0 /        0 )  0.00
     drc_buftims         0  (        0 /        0 )  0.00
   plc_laf_lo_st         0  (        0 /        0 )  0.00
       plc_lo_st         0  (        0 /        0 )  0.00
            fopt         0  (        0 /        0 )  0.00
       crit_swap         0  (        0 /        0 )  0.00
       mux2_swap         0  (        0 /        0 )  0.00
       crit_dnsz         0  (        0 /        0 )  0.00
       load_swap         0  (        0 /        0 )  0.00
            fopt         0  (        0 /        0 )  0.00
        setup_dn         0  (        0 /        0 )  0.00
       load_isol         0  (        0 /        0 )  0.00
       load_isol         0  (        0 /        0 )  0.00
        move_for         0  (        0 /        0 )  0.00
        move_for         0  (        0 /        0 )  0.00
          rem_bi         0  (        0 /        0 )  0.00
         offload         0  (        0 /        0 )  0.00
          rem_bi         0  (        0 /        0 )  0.00
         offload         0  (        0 /        0 )  0.00
           phase         0  (        0 /        0 )  0.00
        in_phase         0  (        0 /        0 )  0.00
       merge_bit         0  (        0 /        0 )  0.00
     merge_idrvr         0  (        0 /        0 )  0.00
     merge_iload         0  (        0 /        0 )  0.00
    merge_idload         0  (        0 /        0 )  0.00
      merge_drvr         0  (        0 /        0 )  0.00
      merge_load         0  (        0 /        0 )  0.00
          decomp         0  (        0 /        0 )  0.00
        p_decomp         0  (        0 /        0 )  0.00
       gate_deco         0  (        0 /        0 )  0.00
       gcomp_tim         0  (        0 /        0 )  0.00
        levelize         0  (        0 /        0 )  0.00
        mb_split         0  (        0 /        0 )  0.00
             dup         0  (        0 /        0 )  0.00
      mux_retime         0  (        0 /        0 )  0.00
         buf2inv         0  (        0 /        0 )  0.00
             exp         0  (        0 /        0 )  0.00
       gate_deco         0  (        0 /        0 )  0.00
       gcomp_tim         0  (        0 /        0 )  0.00
  inv_pair_2_buf         0  (        0 /        0 )  0.00

 init_drc                    391        0         0         0        0        0

           Trick     Calls     Accepts   Attempts    Time(secs) 
-----------------------------------------------------------
          plc_st         0  (        0 /        0 )  0.00
        plc_star         0  (        0 /        0 )  0.00
        drc_bufs         0  (        0 /        0 )  0.00
        drc_fopt         0  (        0 /        0 )  0.00
        drc_bufb         0  (        0 /        0 )  0.00
      simple_buf         0  (        0 /        0 )  0.00
             dup         0  (        0 /        0 )  0.00
       crit_dnsz         0  (        0 /        0 )  0.00
       crit_upsz         0  (        0 /        0 )  0.00
       crit_slew         0  (        0 /        0 )  0.00


           Trick     Calls     Accepts   Attempts    Time(secs) 
-----------------------------------------------------------
          plc_st         0  (        0 /        0 )  0.00
        plc_star         0  (        0 /        0 )  0.00
      drc_buf_sp         0  (        0 /        0 )  0.00
        drc_bufs         0  (        0 /        0 )  0.00
        drc_fopt         0  (        0 /        0 )  0.00
        drc_bufb         0  (        0 /        0 )  0.00
      simple_buf         0  (        0 /        0 )  0.00
             dup         0  (        0 /        0 )  0.00
       crit_dnsz         0  (        0 /        0 )  0.00
       crit_upsz         0  (        0 /        0 )  0.00


           Trick     Calls     Accepts   Attempts    Time(secs) 
-----------------------------------------------------------
          plc_st         0  (        0 /        0 )  0.00
        plc_star         0  (        0 /        0 )  0.00
      drc_buf_sp         0  (        0 /        0 )  0.00
        drc_bufs         0  (        0 /        0 )  0.00
        drc_fopt         0  (        0 /        0 )  0.00
        drc_bufb         0  (        0 /        0 )  0.00
             dup         0  (        0 /        0 )  0.00
       crit_dnsz         0  (        0 /        0 )  0.00
       crit_upsz         0  (        0 /        0 )  0.00

 init_area                   391        0         0         0        0        0
 gate_comp                   391        0         0         0        0        0

           Trick     Calls     Accepts   Attempts    Time(secs) 
-----------------------------------------------------------
           undup         0  (        0 /        0 )  0.01
         rem_buf        10  (        0 /        0 )  0.02
         rem_inv         0  (        0 /        0 )  0.00
        merge_bi         0  (        0 /        0 )  0.01
      rem_inv_qb       116  (        0 /        0 )  0.00
        io_phase         2  (        0 /        0 )  0.02
       gate_comp        63  (        1 /        2 )  0.38
       gcomp_mog        20  (        0 /        0 )  0.19
       glob_area        46  (        0 /       46 )  0.14
       area_down         9  (        0 /        0 )  0.17
      size_n_buf         0  (        0 /        0 )  0.01
  gate_deco_area         0  (        0 /        0 )  0.00

==================================
Stage : incr_opt 
==================================
  =================
   Message Summary
  =================
-------------------------------------------------------------------
|  Id   |Sev |Count|                 Message Text                 |
-------------------------------------------------------------------
|CFM-1  |Info|    1|Wrote dofile.                                 |
|CFM-5  |Info|    1|Wrote formal verification information.        |
|PA-7   |Info|    4|Resetting power analysis results.             |
|       |    |     |All computed switching activities are removed.|
|SYNTH-5|Info|    1|Done mapping.                                 |
|SYNTH-7|Info|    1|Incrementally optimizing.                     |
-------------------------------------------------------------------
Info    : Done incrementally optimizing. [SYNTH-8]
        : Done incrementally optimizing 'Multiplier32'.
      flow.cputime  flow.realtime  timing.setup.tns  timing.setup.wns  snapshot
UM:*                                                                   syn_opt
@file(genus.tcl) 81: write_hdl > outputs/synthesis_net.v
@file(genus.tcl) 86: report_dp > reports/synthesis_datapath_incr.rpt
Beginning report datapath command
@file(genus.tcl) 87: report_messages > reports/synthesis_messages.rpt
@file(genus.tcl) 88: write_sdc -view tt > outputs/synthesis.sdc
Finished SDC export (command execution time mm:ss (real) = 00:00).
@file(genus.tcl) 89: write_parasitics > outputs/synthesis.spef
Starting spef generation ..
printing HEADER ..
printing NAME_MAP section ..
printing NAME_MAP all ports section ..
printing NAME_MAP top level nets ..
printing NAME_MAP all other level nets ..
printing NAME_MAP instances ..
printing PORTS section ..
Total number of net segments is 3541 ..
Total number of physical nets is 3540 ..
printing D_NET section ..
 ... 354 nets processed
 ... 708 nets processed
 ... 1062 nets processed
 ... 1416 nets processed
 ... 1770 nets processed
 ... 2124 nets processed
 ... 2478 nets processed
 ... 2832 nets processed
 ... 3186 nets processed
 ... 3540 nets processed
Completed spef generation ..
@file(genus.tcl) 91: report_qor > reports/synthesis_qor.rpt
@file(genus.tcl) 92: report_area > reports/synthesis_area.rpt
@file(genus.tcl) 93: report_gate > reports/synthesis_gate.rpt
@file(genus.tcl) 94: report_module > reports/synthesis_module.rpt
@file(genus.tcl) 96: report_power > reports/synthesis_power.rpt
Info    : Joules engine is used. [RPT-16]
        : Joules engine is being used for the command report_power.
Info   : ACTP-0001 [ACTPInfo] Activity propagation started for stim#0 netlist
       : Multiplier32
Info   : ACTP-0009 [ACTPInfo] Activity Propagation Progress Report :   0%   1%   2%   3%   4%   5%   6%   7%   8%   9%  10%  11%  12%  13%  14%  15%  16%  17%  18%  19%  20%  21%  22%  23%  24%  25%  26%  27%  28%  29%  30%  31%  32%  33%  34%  35%  36%  37%  38%  39%  40%  41%  42%  43%  44%  45%  46%  47%  48%  49%  50%  51%  52%  53%  54%  55%  56%  57%  58%  59%  60%  61%  62%  63%  64%  65%  66%  67%  68%  69%  70%  71%  72%  73%  74%  75%  76%  77%  78%  79%  80%  81%  82%  83%  84%  85%  86%  87%  88%  89%  90%  91%  92%  93%  94%  95%  96%  97%  98%  99% 100%
Info   : ACTP-0001 Activity propagation ended for stim#0
Info   : PWRA-0001 [PwrInfo] compute_power effective options 
       : -mode : vectorless
       : -skip_propagation : 1
       : -frequency_scaling_factor : 1.0
       : -use_clock_freq : stim
       : -stim :/stim#0
       : -fromGenus : 1
Info   : ACTP-0001 Timing initialization started
Info   : ACTP-0001 Timing initialization ended
Info   : PWRA-0002 [PwrInfo] Skipping activity propagation due to -skip_ap
       : option....
Warning: PWRA-0302 [PwrWarn] Frequency scaling is not applicable for vectorless
       : flow. Ignoring frequency scaling.
Warning: PWRA-0304 [PwrWarn] -stim option is not applicable with vectorless mode
       : of power analysis, ignored this option.
Info   : PWRA-0002 Started 'vectorless' power computation.
Info   : PWRA-0009 [PwrInfo] Power Computation Progress Report :   0%   1%   2%   3%   4%   5%   6%   7%   8%   9%  10%  11%  12%  13%  14%  15%  16%  17%  18%  19%  20%  21%  22%  23%  24%  25%  26%  27%  28%  29%  30%  31%  32%  33%  34%  35%  36%  37%  38%  39%  40%  41%  42%  43%  44%  45%  46%  47%  48%  49%  50%  51%  52%  53%  54%  55%  56%  57%  58%  59%  60%  61%  62%  63%  64%  65%  66%  67%  68%  69%  70%  71%  72%  73%  74%  75%  76%  77%  78%  79%  80%  81%  82%  83%  84%  85%  86%  87%  88%  89%  90%  91%  92%  93%  94%  95%  96%  97%  98%  99% 100%
Info   : PWRA-0002 Finished power computation.
Info   : PWRA-0007 [PwrInfo] Completed successfully.
       : Info=6, Warn=2, Error=0, Fatal=0
Output file: reports/synthesis_power.rpt
@file(genus.tcl) 97: report_timing > reports/synthesis_timing.rpt
Warning : Timing problems have been detected in this design. [TIM-11]
        : The design is 'Multiplier32'.
@file(genus.tcl) 98: report_metric -format html -file reports/synthesis.html
@file(genus.tcl) 99: report_hierarchy > outputs/synthesis.hier
@file(genus.tcl) 100: puts "Final Runtime & Memory."
Final Runtime & Memory.
@file(genus.tcl) 101: time_info FINAL
stamp 'FINAL' being created for table 'default'

  Total Time (Wall) |  Stage Time (Wall)  |   % (Wall)   |    Date - Time     |  Memory   | Stage
--------------------+---------------------+--------------+--------------------+-----------+----------------------
 00:00:09(00:00:00) |  00:00:00(00:00:00) |   0.0(  0.0) |   11:45:21 (Apr09) |  184.9 MB | init
--------------------+---------------------+--------------+--------------------+-----------+----------------------
 00:02:55(00:02:41) |  00:02:46(00:02:41) | 100.0(100.0) |   11:48:02 (Apr09) |   1.13 GB | FINAL
--------------------+---------------------+--------------+--------------------+-----------+----------------------
Number of threads: 8 * 1   (id: default, time_info v1.57)
Info: (*N*) indicates data that was populated from previously saved time_info database
Info: CPU time includes time of parent + longest thread
@file(genus.tcl) 102: puts "============================"
============================
@file(genus.tcl) 103: puts "Synthesis Finished ........."
Synthesis Finished .........
@file(genus.tcl) 104: puts "============================"
============================
@file(genus.tcl) 106: file copy -force [get_db / .stdout_log] .
@file(genus.tcl) 108: quit

Lic Summary:
[11:48:02.431672] Cdslmd servers: vlsi1
[11:48:02.431696] Feature usage summary:
[11:48:02.431696] Genus_Synthesis

Normal exit.