
Cadence Innovus(TM) Implementation System.
Copyright 2022 Cadence Design Systems, Inc. All rights reserved worldwide.

Version:	v22.17-s086_1, built Tue Sep 24 10:51:50 PDT 2024
Options:	-files tcl/innovus.tcl 
Date:		Sat Apr  4 15:13:03 2026
Host:		vlsiktmt (x86_64 w/Linux 3.10.0-1160.119.1.el7.x86_64) (1core*2cpus*Intel(R) Xeon(R) Gold 5218 CPU @ 2.30GHz 22528KB)
OS:		CentOS Linux 7 (Core)

License:
		[15:13:03.222057] Configured Lic search path (22.01-s003): 5280@172.28.10.187

		invs	Innovus Implementation System	22.1	checkout succeeded
		8 CPU jobs allowed with the current license(s). Use setMultiCpuUsage to set your required CPU count.
Change the soft stacksize limit to 0.2%RAM (64 mbytes). Set global soft_stack_size_limit to change the value.

**INFO:  MMMC transition support version v31-84 

<CMD> set_global _enable_mmmc_by_default_flow      $CTE::mmmc_default
<CMD> suppressMessage ENCEXT-2799
<CMD> getVersion
[INFO] Loading PVS 23.11 fill procedures
Sourcing file "tcl/innovus.tcl" ...
source tcl/innovus.tcl
<CMD> set init_lef_file {../../Asap7/asap7/asap7sc7p5t_28/techlef_misc/asap7_tech_4x_201209.lef ../../Asap7/asap7/asap7sc7p5t_28/LEF/scaled/asap7sc7p5t_28_L_4x_220121a.lef ../../Asap7/asap7/asap7sc7p5t_28/LEF/scaled/asap7sc7p5t_28_R_4x_220121a.lef ../../Asap7/asap7/asap7sc7p5t_28/LEF/scaled/asap7sc7p5t_28_SL_4x_220121a.lef ../../Asap7/asap7/asap7sc7p5t_28/LEF/scaled/asap7sc7p5t_28_SRAM_4x_220121a.lef}
<CMD> set init_verilog outputs/synthesis_net.v
<CMD> set init_top_cell Adder32
<CMD> set init_pwr_net VDD
<CMD> set init_gnd_net VSS
<CMD> set init_layout_view layout
<CMD> set init_abstract_view abstract
<CMD> set init_mmmc_file ./tcl/viewDefination.tcl
<CMD> init_design
#% Begin Load MMMC data ... (date=04/04 15:14:03, mem=1327.3M)
#% End Load MMMC data ... (date=04/04 15:14:03, total cpu=0:00:00.0, real=0:00:00.0, peak res=1328.5M, current mem=1328.5M)
rc_typical

Loading LEF file ../../Asap7/asap7/asap7sc7p5t_28/techlef_misc/asap7_tech_4x_201209.lef ...

Loading LEF file ../../Asap7/asap7/asap7sc7p5t_28/LEF/scaled/asap7sc7p5t_28_L_4x_220121a.lef ...
Set DBUPerIGU to M1 pitch 576.

Loading LEF file ../../Asap7/asap7/asap7sc7p5t_28/LEF/scaled/asap7sc7p5t_28_R_4x_220121a.lef ...

Loading LEF file ../../Asap7/asap7/asap7sc7p5t_28/LEF/scaled/asap7sc7p5t_28_SL_4x_220121a.lef ...

Loading LEF file ../../Asap7/asap7/asap7sc7p5t_28/LEF/scaled/asap7sc7p5t_28_SRAM_4x_220121a.lef ...

##  Check design process and node:  
##  Both design process and tech node are not set.

Loading view definition file from ./tcl/viewDefination.tcl
Reading libset_typical timing library '/data/tkvm2/Asap7/asap7/asap7sc7p5t_28/LIB/NLDM/asap7sc7p5t_AO_LVT_FF_nldm_211120.lib' ...
Read 42 cells in library 'asap7sc7p5t_AO_LVT_FF_nldm_211120' 
Reading libset_typical timing library '/data/tkvm2/Asap7/asap7/asap7sc7p5t_28/LIB/NLDM/asap7sc7p5t_AO_LVT_SS_nldm_211120.lib' ...
Read 42 cells in library 'asap7sc7p5t_AO_LVT_SS_nldm_211120' 
Reading libset_typical timing library '/data/tkvm2/Asap7/asap7/asap7sc7p5t_28/LIB/NLDM/asap7sc7p5t_AO_LVT_TT_nldm_211120.lib' ...
Read 42 cells in library 'asap7sc7p5t_AO_LVT_TT_nldm_211120' 
Reading libset_typical timing library '/data/tkvm2/Asap7/asap7/asap7sc7p5t_28/LIB/NLDM/asap7sc7p5t_AO_RVT_FF_nldm_211120.lib' ...
Read 42 cells in library 'asap7sc7p5t_AO_RVT_FF_nldm_211120' 
Reading libset_typical timing library '/data/tkvm2/Asap7/asap7/asap7sc7p5t_28/LIB/NLDM/asap7sc7p5t_AO_RVT_SS_nldm_211120.lib' ...
Read 42 cells in library 'asap7sc7p5t_AO_RVT_SS_nldm_211120' 
Reading libset_typical timing library '/data/tkvm2/Asap7/asap7/asap7sc7p5t_28/LIB/NLDM/asap7sc7p5t_AO_RVT_TT_nldm_211120.lib' ...
Read 42 cells in library 'asap7sc7p5t_AO_RVT_TT_nldm_211120' 
Reading libset_typical timing library '/data/tkvm2/Asap7/asap7/asap7sc7p5t_28/LIB/NLDM/asap7sc7p5t_AO_SLVT_FF_nldm_211120.lib' ...
Read 42 cells in library 'asap7sc7p5t_AO_SLVT_FF_nldm_211120' 
Reading libset_typical timing library '/data/tkvm2/Asap7/asap7/asap7sc7p5t_28/LIB/NLDM/asap7sc7p5t_AO_SLVT_SS_nldm_211120.lib' ...
Read 42 cells in library 'asap7sc7p5t_AO_SLVT_SS_nldm_211120' 
Reading libset_typical timing library '/data/tkvm2/Asap7/asap7/asap7sc7p5t_28/LIB/NLDM/asap7sc7p5t_AO_SLVT_TT_nldm_211120.lib' ...
Read 42 cells in library 'asap7sc7p5t_AO_SLVT_TT_nldm_211120' 
Reading libset_typical timing library '/data/tkvm2/Asap7/asap7/asap7sc7p5t_28/LIB/NLDM/asap7sc7p5t_AO_SRAM_FF_nldm_211120.lib' ...
Read 42 cells in library 'asap7sc7p5t_AO_SRAM_FF_nldm_211120' 
Reading libset_typical timing library '/data/tkvm2/Asap7/asap7/asap7sc7p5t_28/LIB/NLDM/asap7sc7p5t_AO_SRAM_SS_nldm_211120.lib' ...
Read 42 cells in library 'asap7sc7p5t_AO_SRAM_SS_nldm_211120' 
Reading libset_typical timing library '/data/tkvm2/Asap7/asap7/asap7sc7p5t_28/LIB/NLDM/asap7sc7p5t_AO_SRAM_TT_nldm_211120.lib' ...
Read 42 cells in library 'asap7sc7p5t_AO_SRAM_TT_nldm_211120' 
Reading libset_typical timing library '/data/tkvm2/Asap7/asap7/asap7sc7p5t_28/LIB/NLDM/asap7sc7p5t_INVBUF_LVT_FF_nldm_220122.lib' ...
Read 37 cells in library 'asap7sc7p5t_INVBUF_LVT_FF_nldm_211120' 
Reading libset_typical timing library '/data/tkvm2/Asap7/asap7/asap7sc7p5t_28/LIB/NLDM/asap7sc7p5t_INVBUF_LVT_SS_nldm_220122.lib' ...
Read 37 cells in library 'asap7sc7p5t_INVBUF_LVT_SS_nldm_211120' 
Reading libset_typical timing library '/data/tkvm2/Asap7/asap7/asap7sc7p5t_28/LIB/NLDM/asap7sc7p5t_INVBUF_LVT_TT_nldm_220122.lib' ...
Read 37 cells in library 'asap7sc7p5t_INVBUF_LVT_TT_nldm_211120' 
Reading libset_typical timing library '/data/tkvm2/Asap7/asap7/asap7sc7p5t_28/LIB/NLDM/asap7sc7p5t_INVBUF_RVT_FF_nldm_220122.lib' ...
Read 37 cells in library 'asap7sc7p5t_INVBUF_RVT_FF_nldm_211120' 
Reading libset_typical timing library '/data/tkvm2/Asap7/asap7/asap7sc7p5t_28/LIB/NLDM/asap7sc7p5t_INVBUF_RVT_SS_nldm_220122.lib' ...
Read 37 cells in library 'asap7sc7p5t_INVBUF_RVT_SS_nldm_211120' 
Reading libset_typical timing library '/data/tkvm2/Asap7/asap7/asap7sc7p5t_28/LIB/NLDM/asap7sc7p5t_INVBUF_RVT_TT_nldm_220122.lib' ...
Read 37 cells in library 'asap7sc7p5t_INVBUF_RVT_TT_nldm_211120' 
Reading libset_typical timing library '/data/tkvm2/Asap7/asap7/asap7sc7p5t_28/LIB/NLDM/asap7sc7p5t_INVBUF_SLVT_FF_nldm_220122.lib' ...
Read 37 cells in library 'asap7sc7p5t_INVBUF_SLVT_FF_nldm_211120' 
Reading libset_typical timing library '/data/tkvm2/Asap7/asap7/asap7sc7p5t_28/LIB/NLDM/asap7sc7p5t_INVBUF_SLVT_SS_nldm_220122.lib' ...
Read 37 cells in library 'asap7sc7p5t_INVBUF_SLVT_SS_nldm_211120' 
Reading libset_typical timing library '/data/tkvm2/Asap7/asap7/asap7sc7p5t_28/LIB/NLDM/asap7sc7p5t_INVBUF_SLVT_TT_nldm_220122.lib' ...
Read 37 cells in library 'asap7sc7p5t_INVBUF_SLVT_TT_nldm_211120' 
Reading libset_typical timing library '/data/tkvm2/Asap7/asap7/asap7sc7p5t_28/LIB/NLDM/asap7sc7p5t_INVBUF_SRAM_FF_nldm_220122.lib' ...
Read 37 cells in library 'asap7sc7p5t_INVBUF_SRAM_FF_nldm_211120' 
Reading libset_typical timing library '/data/tkvm2/Asap7/asap7/asap7sc7p5t_28/LIB/NLDM/asap7sc7p5t_INVBUF_SRAM_SS_nldm_220122.lib' ...
Read 37 cells in library 'asap7sc7p5t_INVBUF_SRAM_SS_nldm_211120' 
Reading libset_typical timing library '/data/tkvm2/Asap7/asap7/asap7sc7p5t_28/LIB/NLDM/asap7sc7p5t_INVBUF_SRAM_TT_nldm_220122.lib' ...
Read 37 cells in library 'asap7sc7p5t_INVBUF_SRAM_TT_nldm_211120' 
Reading libset_typical timing library '/data/tkvm2/Asap7/asap7/asap7sc7p5t_28/LIB/NLDM/asap7sc7p5t_OA_LVT_FF_nldm_211120.lib' ...
Read 34 cells in library 'asap7sc7p5t_OA_LVT_FF_nldm_211120' 
Reading libset_typical timing library '/data/tkvm2/Asap7/asap7/asap7sc7p5t_28/LIB/NLDM/asap7sc7p5t_OA_LVT_SS_nldm_211120.lib' ...
Read 34 cells in library 'asap7sc7p5t_OA_LVT_SS_nldm_211120' 
Reading libset_typical timing library '/data/tkvm2/Asap7/asap7/asap7sc7p5t_28/LIB/NLDM/asap7sc7p5t_OA_LVT_TT_nldm_211120.lib' ...
Read 34 cells in library 'asap7sc7p5t_OA_LVT_TT_nldm_211120' 
Reading libset_typical timing library '/data/tkvm2/Asap7/asap7/asap7sc7p5t_28/LIB/NLDM/asap7sc7p5t_OA_RVT_FF_nldm_211120.lib' ...
Read 34 cells in library 'asap7sc7p5t_OA_RVT_FF_nldm_211120' 
Reading libset_typical timing library '/data/tkvm2/Asap7/asap7/asap7sc7p5t_28/LIB/NLDM/asap7sc7p5t_OA_RVT_SS_nldm_211120.lib' ...
Read 34 cells in library 'asap7sc7p5t_OA_RVT_SS_nldm_211120' 
Reading libset_typical timing library '/data/tkvm2/Asap7/asap7/asap7sc7p5t_28/LIB/NLDM/asap7sc7p5t_OA_RVT_TT_nldm_211120.lib' ...
Read 34 cells in library 'asap7sc7p5t_OA_RVT_TT_nldm_211120' 
Reading libset_typical timing library '/data/tkvm2/Asap7/asap7/asap7sc7p5t_28/LIB/NLDM/asap7sc7p5t_OA_SLVT_FF_nldm_211120.lib' ...
Read 34 cells in library 'asap7sc7p5t_OA_SLVT_FF_nldm_211120' 
Reading libset_typical timing library '/data/tkvm2/Asap7/asap7/asap7sc7p5t_28/LIB/NLDM/asap7sc7p5t_OA_SLVT_SS_nldm_211120.lib' ...
Read 34 cells in library 'asap7sc7p5t_OA_SLVT_SS_nldm_211120' 
Reading libset_typical timing library '/data/tkvm2/Asap7/asap7/asap7sc7p5t_28/LIB/NLDM/asap7sc7p5t_OA_SLVT_TT_nldm_211120.lib' ...
Read 34 cells in library 'asap7sc7p5t_OA_SLVT_TT_nldm_211120' 
Reading libset_typical timing library '/data/tkvm2/Asap7/asap7/asap7sc7p5t_28/LIB/NLDM/asap7sc7p5t_OA_SRAM_FF_nldm_211120.lib' ...
Read 34 cells in library 'asap7sc7p5t_OA_SRAM_FF_nldm_211120' 
Reading libset_typical timing library '/data/tkvm2/Asap7/asap7/asap7sc7p5t_28/LIB/NLDM/asap7sc7p5t_OA_SRAM_SS_nldm_211120.lib' ...
Read 34 cells in library 'asap7sc7p5t_OA_SRAM_SS_nldm_211120' 
Reading libset_typical timing library '/data/tkvm2/Asap7/asap7/asap7sc7p5t_28/LIB/NLDM/asap7sc7p5t_OA_SRAM_TT_nldm_211120.lib' ...
Read 34 cells in library 'asap7sc7p5t_OA_SRAM_TT_nldm_211120' 
Reading libset_typical timing library '/data/tkvm2/Asap7/asap7/asap7sc7p5t_28/LIB/NLDM/asap7sc7p5t_SEQ_LVT_FF_nldm_220123.lib' ...
Read 33 cells in library 'asap7sc7p5t_SEQ_LVT_FF_nldm_220123' 
Reading libset_typical timing library '/data/tkvm2/Asap7/asap7/asap7sc7p5t_28/LIB/NLDM/asap7sc7p5t_SEQ_LVT_SS_nldm_220123.lib' ...
Read 33 cells in library 'asap7sc7p5t_SEQ_LVT_SS_nldm_220123' 
Reading libset_typical timing library '/data/tkvm2/Asap7/asap7/asap7sc7p5t_28/LIB/NLDM/asap7sc7p5t_SEQ_LVT_TT_nldm_220123.lib' ...
Read 33 cells in library 'asap7sc7p5t_SEQ_LVT_TT_nldm_220123' 
Reading libset_typical timing library '/data/tkvm2/Asap7/asap7/asap7sc7p5t_28/LIB/NLDM/asap7sc7p5t_SEQ_RVT_FF_nldm_220123.lib' ...
Read 33 cells in library 'asap7sc7p5t_SEQ_RVT_FF_nldm_220123' 
Reading libset_typical timing library '/data/tkvm2/Asap7/asap7/asap7sc7p5t_28/LIB/NLDM/asap7sc7p5t_SEQ_RVT_SS_nldm_220123.lib' ...
Read 33 cells in library 'asap7sc7p5t_SEQ_RVT_SS_nldm_220123' 
Reading libset_typical timing library '/data/tkvm2/Asap7/asap7/asap7sc7p5t_28/LIB/NLDM/asap7sc7p5t_SEQ_RVT_TT_nldm_220123.lib' ...
Read 33 cells in library 'asap7sc7p5t_SEQ_RVT_TT_nldm_220123' 
Reading libset_typical timing library '/data/tkvm2/Asap7/asap7/asap7sc7p5t_28/LIB/NLDM/asap7sc7p5t_SEQ_SLVT_FF_nldm_220123.lib' ...
Read 33 cells in library 'asap7sc7p5t_SEQ_SLVT_FF_nldm_220123' 
Reading libset_typical timing library '/data/tkvm2/Asap7/asap7/asap7sc7p5t_28/LIB/NLDM/asap7sc7p5t_SEQ_SLVT_SS_nldm_220123.lib' ...
Read 33 cells in library 'asap7sc7p5t_SEQ_SLVT_SS_nldm_220123' 
Reading libset_typical timing library '/data/tkvm2/Asap7/asap7/asap7sc7p5t_28/LIB/NLDM/asap7sc7p5t_SEQ_SLVT_TT_nldm_220123.lib' ...
Read 33 cells in library 'asap7sc7p5t_SEQ_SLVT_TT_nldm_220123' 
Reading libset_typical timing library '/data/tkvm2/Asap7/asap7/asap7sc7p5t_28/LIB/NLDM/asap7sc7p5t_SEQ_SRAM_FF_nldm_220123.lib' ...
Read 33 cells in library 'asap7sc7p5t_SEQ_SRAM_FF_nldm_220123' 
Reading libset_typical timing library '/data/tkvm2/Asap7/asap7/asap7sc7p5t_28/LIB/NLDM/asap7sc7p5t_SEQ_SRAM_SS_nldm_220123.lib' ...
Read 33 cells in library 'asap7sc7p5t_SEQ_SRAM_SS_nldm_220123' 
Reading libset_typical timing library '/data/tkvm2/Asap7/asap7/asap7sc7p5t_28/LIB/NLDM/asap7sc7p5t_SEQ_SRAM_TT_nldm_220123.lib' ...
Read 33 cells in library 'asap7sc7p5t_SEQ_SRAM_TT_nldm_220123' 
Reading libset_typical timing library '/data/tkvm2/Asap7/asap7/asap7sc7p5t_28/LIB/NLDM/asap7sc7p5t_SIMPLE_LVT_FF_nldm_211120.lib' ...
**WARN: (TECHLIB-1277):	The attribute 'input_signal_level' has been defined for output pin 'CON'. 'input_signal_level' cannot be defined at this level and is being ignored. (File /data/tkvm2/Asap7/asap7/asap7sc7p5t_28/LIB/NLDM/asap7sc7p5t_SIMPLE_LVT_FF_nldm_211120.lib, Line 11365)
**WARN: (TECHLIB-1277):	The attribute 'input_signal_level' has been defined for output pin 'CON'. 'input_signal_level' cannot be defined at this level and is being ignored. (File /data/tkvm2/Asap7/asap7/asap7sc7p5t_28/LIB/NLDM/asap7sc7p5t_SIMPLE_LVT_FF_nldm_211120.lib, Line 14263)
Read 56 cells in library 'asap7sc7p5t_SIMPLE_LVT_FF_nldm_211120' 
Reading libset_typical timing library '/data/tkvm2/Asap7/asap7/asap7sc7p5t_28/LIB/NLDM/asap7sc7p5t_SIMPLE_LVT_SS_nldm_211120.lib' ...
**WARN: (TECHLIB-1277):	The attribute 'input_signal_level' has been defined for output pin 'CON'. 'input_signal_level' cannot be defined at this level and is being ignored. (File /data/tkvm2/Asap7/asap7/asap7sc7p5t_28/LIB/NLDM/asap7sc7p5t_SIMPLE_LVT_SS_nldm_211120.lib, Line 11365)
**WARN: (TECHLIB-1277):	The attribute 'input_signal_level' has been defined for output pin 'CON'. 'input_signal_level' cannot be defined at this level and is being ignored. (File /data/tkvm2/Asap7/asap7/asap7sc7p5t_28/LIB/NLDM/asap7sc7p5t_SIMPLE_LVT_SS_nldm_211120.lib, Line 14263)
Read 56 cells in library 'asap7sc7p5t_SIMPLE_LVT_SS_nldm_211120' 
Reading libset_typical timing library '/data/tkvm2/Asap7/asap7/asap7sc7p5t_28/LIB/NLDM/asap7sc7p5t_SIMPLE_LVT_TT_nldm_211120.lib' ...
**WARN: (TECHLIB-1277):	The attribute 'input_signal_level' has been defined for output pin 'CON'. 'input_signal_level' cannot be defined at this level and is being ignored. (File /data/tkvm2/Asap7/asap7/asap7sc7p5t_28/LIB/NLDM/asap7sc7p5t_SIMPLE_LVT_TT_nldm_211120.lib, Line 11387)
**WARN: (TECHLIB-1277):	The attribute 'input_signal_level' has been defined for output pin 'CON'. 'input_signal_level' cannot be defined at this level and is being ignored. (File /data/tkvm2/Asap7/asap7/asap7sc7p5t_28/LIB/NLDM/asap7sc7p5t_SIMPLE_LVT_TT_nldm_211120.lib, Line 14287)
Read 56 cells in library 'asap7sc7p5t_SIMPLE_LVT_TT_nldm_211120' 
Reading libset_typical timing library '/data/tkvm2/Asap7/asap7/asap7sc7p5t_28/LIB/NLDM/asap7sc7p5t_SIMPLE_RVT_FF_nldm_211120.lib' ...
**WARN: (TECHLIB-1277):	The attribute 'input_signal_level' has been defined for output pin 'CON'. 'input_signal_level' cannot be defined at this level and is being ignored. (File /data/tkvm2/Asap7/asap7/asap7sc7p5t_28/LIB/NLDM/asap7sc7p5t_SIMPLE_RVT_FF_nldm_211120.lib, Line 11387)
**WARN: (TECHLIB-1277):	The attribute 'input_signal_level' has been defined for output pin 'CON'. 'input_signal_level' cannot be defined at this level and is being ignored. (File /data/tkvm2/Asap7/asap7/asap7sc7p5t_28/LIB/NLDM/asap7sc7p5t_SIMPLE_RVT_FF_nldm_211120.lib, Line 14287)
Read 56 cells in library 'asap7sc7p5t_SIMPLE_RVT_FF_nldm_211120' 
Reading libset_typical timing library '/data/tkvm2/Asap7/asap7/asap7sc7p5t_28/LIB/NLDM/asap7sc7p5t_SIMPLE_RVT_SS_nldm_211120.lib' ...
**WARN: (TECHLIB-1277):	The attribute 'input_signal_level' has been defined for output pin 'CON'. 'input_signal_level' cannot be defined at this level and is being ignored. (File /data/tkvm2/Asap7/asap7/asap7sc7p5t_28/LIB/NLDM/asap7sc7p5t_SIMPLE_RVT_SS_nldm_211120.lib, Line 11365)
**WARN: (TECHLIB-1277):	The attribute 'input_signal_level' has been defined for output pin 'CON'. 'input_signal_level' cannot be defined at this level and is being ignored. (File /data/tkvm2/Asap7/asap7/asap7sc7p5t_28/LIB/NLDM/asap7sc7p5t_SIMPLE_RVT_SS_nldm_211120.lib, Line 14263)
Read 56 cells in library 'asap7sc7p5t_SIMPLE_RVT_SS_nldm_211120' 
Reading libset_typical timing library '/data/tkvm2/Asap7/asap7/asap7sc7p5t_28/LIB/NLDM/asap7sc7p5t_SIMPLE_RVT_TT_nldm_211120.lib' ...
**WARN: (TECHLIB-1277):	The attribute 'input_signal_level' has been defined for output pin 'CON'. 'input_signal_level' cannot be defined at this level and is being ignored. (File /data/tkvm2/Asap7/asap7/asap7sc7p5t_28/LIB/NLDM/asap7sc7p5t_SIMPLE_RVT_TT_nldm_211120.lib, Line 11387)
**WARN: (TECHLIB-1277):	The attribute 'input_signal_level' has been defined for output pin 'CON'. 'input_signal_level' cannot be defined at this level and is being ignored. (File /data/tkvm2/Asap7/asap7/asap7sc7p5t_28/LIB/NLDM/asap7sc7p5t_SIMPLE_RVT_TT_nldm_211120.lib, Line 14287)
Read 56 cells in library 'asap7sc7p5t_SIMPLE_RVT_TT_nldm_211120' 
Reading libset_typical timing library '/data/tkvm2/Asap7/asap7/asap7sc7p5t_28/LIB/NLDM/asap7sc7p5t_SIMPLE_SLVT_FF_nldm_211120.lib' ...
**WARN: (TECHLIB-1277):	The attribute 'input_signal_level' has been defined for output pin 'CON'. 'input_signal_level' cannot be defined at this level and is being ignored. (File /data/tkvm2/Asap7/asap7/asap7sc7p5t_28/LIB/NLDM/asap7sc7p5t_SIMPLE_SLVT_FF_nldm_211120.lib, Line 11365)
**WARN: (TECHLIB-1277):	The attribute 'input_signal_level' has been defined for output pin 'CON'. 'input_signal_level' cannot be defined at this level and is being ignored. (File /data/tkvm2/Asap7/asap7/asap7sc7p5t_28/LIB/NLDM/asap7sc7p5t_SIMPLE_SLVT_FF_nldm_211120.lib, Line 14263)
Read 56 cells in library 'asap7sc7p5t_SIMPLE_SLVT_FF_nldm_211120' 
Reading libset_typical timing library '/data/tkvm2/Asap7/asap7/asap7sc7p5t_28/LIB/NLDM/asap7sc7p5t_SIMPLE_SLVT_SS_nldm_211120.lib' ...
**WARN: (TECHLIB-1277):	The attribute 'input_signal_level' has been defined for output pin 'CON'. 'input_signal_level' cannot be defined at this level and is being ignored. (File /data/tkvm2/Asap7/asap7/asap7sc7p5t_28/LIB/NLDM/asap7sc7p5t_SIMPLE_SLVT_SS_nldm_211120.lib, Line 11365)
**WARN: (TECHLIB-1277):	The attribute 'input_signal_level' has been defined for output pin 'CON'. 'input_signal_level' cannot be defined at this level and is being ignored. (File /data/tkvm2/Asap7/asap7/asap7sc7p5t_28/LIB/NLDM/asap7sc7p5t_SIMPLE_SLVT_SS_nldm_211120.lib, Line 14263)
Read 56 cells in library 'asap7sc7p5t_SIMPLE_SLVT_SS_nldm_211120' 
Reading libset_typical timing library '/data/tkvm2/Asap7/asap7/asap7sc7p5t_28/LIB/NLDM/asap7sc7p5t_SIMPLE_SLVT_TT_nldm_211120.lib' ...
**WARN: (TECHLIB-1277):	The attribute 'input_signal_level' has been defined for output pin 'CON'. 'input_signal_level' cannot be defined at this level and is being ignored. (File /data/tkvm2/Asap7/asap7/asap7sc7p5t_28/LIB/NLDM/asap7sc7p5t_SIMPLE_SLVT_TT_nldm_211120.lib, Line 11387)
**WARN: (TECHLIB-1277):	The attribute 'input_signal_level' has been defined for output pin 'CON'. 'input_signal_level' cannot be defined at this level and is being ignored. (File /data/tkvm2/Asap7/asap7/asap7sc7p5t_28/LIB/NLDM/asap7sc7p5t_SIMPLE_SLVT_TT_nldm_211120.lib, Line 14287)
Read 56 cells in library 'asap7sc7p5t_SIMPLE_SLVT_TT_nldm_211120' 
Reading libset_typical timing library '/data/tkvm2/Asap7/asap7/asap7sc7p5t_28/LIB/NLDM/asap7sc7p5t_SIMPLE_SRAM_FF_nldm_211120.lib' ...
**WARN: (TECHLIB-1277):	The attribute 'input_signal_level' has been defined for output pin 'CON'. 'input_signal_level' cannot be defined at this level and is being ignored. (File /data/tkvm2/Asap7/asap7/asap7sc7p5t_28/LIB/NLDM/asap7sc7p5t_SIMPLE_SRAM_FF_nldm_211120.lib, Line 11365)
**WARN: (TECHLIB-1277):	The attribute 'input_signal_level' has been defined for output pin 'CON'. 'input_signal_level' cannot be defined at this level and is being ignored. (File /data/tkvm2/Asap7/asap7/asap7sc7p5t_28/LIB/NLDM/asap7sc7p5t_SIMPLE_SRAM_FF_nldm_211120.lib, Line 14263)
Read 56 cells in library 'asap7sc7p5t_SIMPLE_SRAM_FF_nldm_211120' 
Reading libset_typical timing library '/data/tkvm2/Asap7/asap7/asap7sc7p5t_28/LIB/NLDM/asap7sc7p5t_SIMPLE_SRAM_SS_nldm_211120.lib' ...
Message <TECHLIB-1277> has exceeded the message display limit of '20'. Use 'set_message -no_limit -id list_of_msgIDs' to reset the message limit.
Read 56 cells in library 'asap7sc7p5t_SIMPLE_SRAM_SS_nldm_211120' 
Reading libset_typical timing library '/data/tkvm2/Asap7/asap7/asap7sc7p5t_28/LIB/NLDM/asap7sc7p5t_SIMPLE_SRAM_TT_nldm_211120.lib' ...
Read 56 cells in library 'asap7sc7p5t_SIMPLE_SRAM_TT_nldm_211120' 
*** End library_loading (cpu=0.60min, real=0.98min, mem=35.0M, fe_cpu=1.06min, fe_real=2.00min, fe_mem=1528.7M) ***
#% Begin Load netlist data ... (date=04/04 15:15:03, mem=1358.5M)
*** Begin netlist parsing (mem=1528.7M) ***
Created 808 new cells from 60 timing libraries.
Reading netlist ...
Backslashed names will retain backslash and a trailing blank character.
Reading verilog netlist 'outputs/synthesis_net.v'

*** Memory Usage v#1 (Current mem = 1528.656M, initial mem = 646.375M) ***
*** End netlist parsing (cpu=0:00:00.0, real=0:00:00.0, mem=1528.7M) ***
#% End Load netlist data ... (date=04/04 15:15:03, total cpu=0:00:00.0, real=0:00:00.0, peak res=1386.0M, current mem=1386.0M)
Set top cell to Adder32.
Hooked 2424 DB cells to tlib cells.
Starting recursive module instantiation check.
No recursion found.
Building hierarchical netlist for Cell Adder32 ...
***** UseNewTieNetMode *****.
*** Netlist is unique.
Set DBUPerIGU to techSite asap7sc7p5t width 864.
** info: there are 849 modules.
** info: there are 125 stdCell insts.
** info: there are 125 stdCell insts with at least one signal pin.

*** Memory Usage v#1 (Current mem = 1697.074M, initial mem = 646.375M) ***
Start create_tracks
Extraction setup Started 
Initializing multi-corner RC extraction with 1 active RC Corners ...
**WARN: (IMPEXT-2773):	The via resistance between layers M0 and M1 could not be determined from the LEF technology file because the via resistance specification is missing. A default of 4 Ohms will be used as via resistance between these layers.
Type 'man IMPEXT-2773' for more detail.
**WARN: (IMPEXT-2773):	The via resistance between layers M1 and M2 could not be determined from the LEF technology file because the via resistance specification is missing. A default of 4 Ohms will be used as via resistance between these layers.
Type 'man IMPEXT-2773' for more detail.
**WARN: (IMPEXT-2773):	The via resistance between layers M2 and M3 could not be determined from the LEF technology file because the via resistance specification is missing. A default of 4 Ohms will be used as via resistance between these layers.
Type 'man IMPEXT-2773' for more detail.
**WARN: (IMPEXT-2773):	The via resistance between layers M3 and M4 could not be determined from the LEF technology file because the via resistance specification is missing. A default of 4 Ohms will be used as via resistance between these layers.
Type 'man IMPEXT-2773' for more detail.
**WARN: (IMPEXT-2773):	The via resistance between layers M4 and M5 could not be determined from the LEF technology file because the via resistance specification is missing. A default of 4 Ohms will be used as via resistance between these layers.
Type 'man IMPEXT-2773' for more detail.
**WARN: (IMPEXT-2773):	The via resistance between layers M5 and M6 could not be determined from the LEF technology file because the via resistance specification is missing. A default of 4 Ohms will be used as via resistance between these layers.
Type 'man IMPEXT-2773' for more detail.
**WARN: (IMPEXT-2773):	The via resistance between layers M6 and M7 could not be determined from the LEF technology file because the via resistance specification is missing. A default of 4 Ohms will be used as via resistance between these layers.
Type 'man IMPEXT-2773' for more detail.
**WARN: (IMPEXT-2773):	The via resistance between layers M7 and M8 could not be determined from the LEF technology file because the via resistance specification is missing. A default of 4 Ohms will be used as via resistance between these layers.
Type 'man IMPEXT-2773' for more detail.
**WARN: (IMPEXT-2773):	The via resistance between layers M8 and M9 could not be determined from the LEF technology file because the via resistance specification is missing. A default of 4 Ohms will be used as via resistance between these layers.
Type 'man IMPEXT-2773' for more detail.
**WARN: (IMPEXT-2773):	The via resistance between layers M9 and M10 could not be determined from the LEF technology file because the via resistance specification is missing. A default of 4 Ohms will be used as via resistance between these layers.
Type 'man IMPEXT-2773' for more detail.
**WARN: (IMPEXT-2766):	The sheet resistance for layer M1 is not defined in the cap table. Therefore, the LEF value 0.076 will be used instead. To avoid this message, update the relevant cap table to include the sheet resistance for the specified layer and read it back in.
**WARN: (IMPEXT-2766):	The sheet resistance for layer M2 is not defined in the cap table. Therefore, the LEF value 0.076 will be used instead. To avoid this message, update the relevant cap table to include the sheet resistance for the specified layer and read it back in.
**WARN: (IMPEXT-2766):	The sheet resistance for layer M3 is not defined in the cap table. Therefore, the LEF value 0.076 will be used instead. To avoid this message, update the relevant cap table to include the sheet resistance for the specified layer and read it back in.
**WARN: (IMPEXT-2766):	The sheet resistance for layer M4 is not defined in the cap table. Therefore, the LEF value 0.076 will be used instead. To avoid this message, update the relevant cap table to include the sheet resistance for the specified layer and read it back in.
**WARN: (IMPEXT-2766):	The sheet resistance for layer M5 is not defined in the cap table. Therefore, the LEF value 0.044 will be used instead. To avoid this message, update the relevant cap table to include the sheet resistance for the specified layer and read it back in.
**WARN: (IMPEXT-2766):	The sheet resistance for layer M6 is not defined in the cap table. Therefore, the LEF value 0.076 will be used instead. To avoid this message, update the relevant cap table to include the sheet resistance for the specified layer and read it back in.
**WARN: (IMPEXT-2766):	The sheet resistance for layer M7 is not defined in the cap table. Therefore, the LEF value 0.076 will be used instead. To avoid this message, update the relevant cap table to include the sheet resistance for the specified layer and read it back in.
**WARN: (IMPEXT-2766):	The sheet resistance for layer M8 is not defined in the cap table. Therefore, the LEF value 0.076 will be used instead. To avoid this message, update the relevant cap table to include the sheet resistance for the specified layer and read it back in.
**WARN: (IMPEXT-2766):	The sheet resistance for layer M9 is not defined in the cap table. Therefore, the LEF value 0.076 will be used instead. To avoid this message, update the relevant cap table to include the sheet resistance for the specified layer and read it back in.
**WARN: (IMPEXT-2766):	The sheet resistance for layer M10 is not defined in the cap table. Therefore, the LEF value 0.076 will be used instead. To avoid this message, update the relevant cap table to include the sheet resistance for the specified layer and read it back in.
Summary of Active RC-Corners : 
 
 Analysis View: view_typical
    RC-Corner Name        : rc_typical
    RC-Corner Index       : 0
    RC-Corner Temperature : 25 Celsius
    RC-Corner Cap Table   : ''
    RC-Corner PreRoute Res Factor         : 1
    RC-Corner PreRoute Cap Factor         : 1
    RC-Corner PostRoute Res Factor        : 1 {1 1 1}
    RC-Corner PostRoute Cap Factor        : 1 {1 1 1}
    RC-Corner PostRoute XCap Factor       : 1 {1 1 1}
    RC-Corner PreRoute Clock Res Factor   : 1	[Derived from Cap Table]
    RC-Corner PreRoute Clock Cap Factor   : 1	[Derived from Cap Table]
    RC-Corner PostRoute Clock Cap Factor  : 1 {1 1 1} 	[Derived from postRoute_cap (effortLevel low)]
    RC-Corner PostRoute Clock Res Factor  : 1 {1 1 1} 	[Derived from postRoute_res (effortLevel low)]
    RC-Corner PostRoute Clock coupling capacitance Factor : 1 {1 1 1} 
Updating RC Grid density data for preRoute extraction ...
Initializing multi-corner resistance tables ...
*Info: initialize multi-corner CTS.
Reading timing constraints file 'outputs/synthesis.sdc' ...
Current (total cpu=0:01:06, real=0:02:04, peak res=2055.9M, current mem=1960.3M)
**WARN: (TCLCMD-1461):	Skipped unsupported command: set_units (File outputs/synthesis.sdc, Line 9).

**WARN: (TCLCMD-1461):	Skipped unsupported command: set_units (File outputs/synthesis.sdc, Line 10).

Adder32
INFO (CTE): Reading of timing constraints file outputs/synthesis.sdc completed, with 2 WARNING
Ending "Constraint file reading stats" (total cpu=0:00:00.0, real=0:00:00.0, peak res=1972.4M, current mem=1972.4M)
Current (total cpu=0:01:06, real=0:02:04, peak res=2055.9M, current mem=1972.4M)
Total number of combinational cells: 676
Total number of sequential cells: 132
Total number of tristate cells: 0
Total number of level shifter cells: 0
Total number of power gating cells: 0
Total number of isolation cells: 0
Total number of power switch cells: 0
Total number of pulse generator cells: 0
Total number of always on buffers: 0
Total number of retention cells: 0
Total number of physical cells: 0
List of usable buffers: BUFx10_ASAP7_75t_SRAM BUFx12_ASAP7_75t_SRAM BUFx12f_ASAP7_75t_SRAM BUFx16f_ASAP7_75t_SRAM BUFx24_ASAP7_75t_SRAM BUFx2_ASAP7_75t_SRAM BUFx3_ASAP7_75t_SRAM BUFx4_ASAP7_75t_SRAM BUFx5_ASAP7_75t_SRAM BUFx4f_ASAP7_75t_SRAM BUFx6f_ASAP7_75t_SRAM BUFx8_ASAP7_75t_SRAM HB1xp67_ASAP7_75t_SRAM HB2xp67_ASAP7_75t_SRAM BUFx10_ASAP7_75t_SL BUFx12_ASAP7_75t_SL BUFx12f_ASAP7_75t_SL BUFx16f_ASAP7_75t_SL BUFx24_ASAP7_75t_SL BUFx2_ASAP7_75t_SL BUFx3_ASAP7_75t_SL BUFx4_ASAP7_75t_SL BUFx5_ASAP7_75t_SL BUFx4f_ASAP7_75t_SL BUFx6f_ASAP7_75t_SL BUFx8_ASAP7_75t_SL HB1xp67_ASAP7_75t_SL HB2xp67_ASAP7_75t_SL HB3xp67_ASAP7_75t_SL BUFx10_ASAP7_75t_R BUFx12_ASAP7_75t_R BUFx12f_ASAP7_75t_R BUFx16f_ASAP7_75t_R BUFx24_ASAP7_75t_R BUFx2_ASAP7_75t_R BUFx3_ASAP7_75t_R BUFx4_ASAP7_75t_R BUFx5_ASAP7_75t_R BUFx4f_ASAP7_75t_R BUFx6f_ASAP7_75t_R BUFx8_ASAP7_75t_R HB1xp67_ASAP7_75t_R HB2xp67_ASAP7_75t_R BUFx10_ASAP7_75t_L BUFx12_ASAP7_75t_L BUFx12f_ASAP7_75t_L BUFx16f_ASAP7_75t_L BUFx24_ASAP7_75t_L BUFx2_ASAP7_75t_L BUFx3_ASAP7_75t_L BUFx4_ASAP7_75t_L BUFx5_ASAP7_75t_L BUFx4f_ASAP7_75t_L BUFx6f_ASAP7_75t_L BUFx8_ASAP7_75t_L HB1xp67_ASAP7_75t_L HB2xp67_ASAP7_75t_L HB3xp67_ASAP7_75t_L
Total number of usable buffers: 58
List of unusable buffers:
Total number of unusable buffers: 0
List of usable inverters: CKINVDCx10_ASAP7_75t_SRAM CKINVDCx12_ASAP7_75t_SRAM CKINVDCx11_ASAP7_75t_SRAM CKINVDCx14_ASAP7_75t_SRAM CKINVDCx16_ASAP7_75t_SRAM CKINVDCx20_ASAP7_75t_SRAM CKINVDCx8_ASAP7_75t_SRAM CKINVDCx5p33_ASAP7_75t_SRAM CKINVDCx6p67_ASAP7_75t_SRAM CKINVDCx9p33_ASAP7_75t_SRAM INVx11_ASAP7_75t_SRAM INVx13_ASAP7_75t_SRAM INVx1_ASAP7_75t_SRAM INVx2_ASAP7_75t_SRAM INVx3_ASAP7_75t_SRAM INVx4_ASAP7_75t_SRAM INVx5_ASAP7_75t_SRAM INVx6_ASAP7_75t_SRAM INVx8_ASAP7_75t_SRAM INVxp67_ASAP7_75t_SRAM INVxp33_ASAP7_75t_SRAM CKINVDCx10_ASAP7_75t_SL CKINVDCx12_ASAP7_75t_SL CKINVDCx11_ASAP7_75t_SL CKINVDCx14_ASAP7_75t_SL CKINVDCx16_ASAP7_75t_SL CKINVDCx20_ASAP7_75t_SL CKINVDCx8_ASAP7_75t_SL CKINVDCx5p33_ASAP7_75t_SL CKINVDCx6p67_ASAP7_75t_SL CKINVDCx9p33_ASAP7_75t_SL INVx11_ASAP7_75t_SL INVx13_ASAP7_75t_SL INVx1_ASAP7_75t_SL INVx2_ASAP7_75t_SL INVx3_ASAP7_75t_SL INVx4_ASAP7_75t_SL INVx5_ASAP7_75t_SL INVx6_ASAP7_75t_SL INVx8_ASAP7_75t_SL INVxp67_ASAP7_75t_SL INVxp33_ASAP7_75t_SL CKINVDCx10_ASAP7_75t_R CKINVDCx12_ASAP7_75t_R CKINVDCx11_ASAP7_75t_R CKINVDCx14_ASAP7_75t_R CKINVDCx16_ASAP7_75t_R CKINVDCx20_ASAP7_75t_R CKINVDCx8_ASAP7_75t_R CKINVDCx5p33_ASAP7_75t_R CKINVDCx6p67_ASAP7_75t_R CKINVDCx9p33_ASAP7_75t_R INVx11_ASAP7_75t_R INVx13_ASAP7_75t_R INVx1_ASAP7_75t_R INVx2_ASAP7_75t_R INVx3_ASAP7_75t_R INVx4_ASAP7_75t_R INVx5_ASAP7_75t_R INVx6_ASAP7_75t_R INVx8_ASAP7_75t_R INVxp67_ASAP7_75t_R INVxp33_ASAP7_75t_R CKINVDCx10_ASAP7_75t_L CKINVDCx12_ASAP7_75t_L CKINVDCx11_ASAP7_75t_L CKINVDCx14_ASAP7_75t_L CKINVDCx16_ASAP7_75t_L CKINVDCx20_ASAP7_75t_L CKINVDCx8_ASAP7_75t_L CKINVDCx5p33_ASAP7_75t_L CKINVDCx6p67_ASAP7_75t_L CKINVDCx9p33_ASAP7_75t_L INVx11_ASAP7_75t_L INVx13_ASAP7_75t_L INVx1_ASAP7_75t_L INVx2_ASAP7_75t_L INVx3_ASAP7_75t_L INVx4_ASAP7_75t_L INVx5_ASAP7_75t_L INVx6_ASAP7_75t_L INVx8_ASAP7_75t_L INVxp67_ASAP7_75t_L INVxp33_ASAP7_75t_L
Total number of usable inverters: 84
List of unusable inverters:
Total number of unusable inverters: 0
List of identified usable delay cells: HB3xp67_ASAP7_75t_SRAM HB4xp67_ASAP7_75t_SRAM HB4xp67_ASAP7_75t_SL HB3xp67_ASAP7_75t_R HB4xp67_ASAP7_75t_R HB4xp67_ASAP7_75t_L
Total number of identified usable delay cells: 6
List of identified unusable delay cells:
Total number of identified unusable delay cells: 0

*** Summary of all messages that are not suppressed in this session:
Severity  ID               Count  Summary                                  
WARNING   IMPEXT-2766         10  The sheet resistance for layer %s is not...
WARNING   IMPEXT-2773         10  The via resistance between layers %s and...
WARNING   TCLCMD-1461          2  Skipped unsupported command: %s          
WARNING   TECHLIB-1277        24  The %s '%s' has been defined for %s %s '...
*** Message Summary: 46 warning(s), 0 error(s)

<CMD> setAnalysisMode -analysisType onChipVariation -cppr both
<CMD> all_constraint_modes
constraint_typical
<CMD> set_interactive_constraint_modes [all_constraint_modes]
<CMD> set_propagated_clock [all_clocks]
**WARN: (TCLCMD-1126):	Clock object 'CLK' converted from ideal to propagated mode
<CMD> floorPlan -r 1.0 0.75 12 12 12 12
Start create_tracks
**WARN: (IMPFP-325):	Floorplan of the design is resized. All current floorplan objects are automatically derived based on specified new floorplan. This may change blocks, fixed standard cells, existing routes and blockages.
<CMD> addRing -nets {VSS VDD} -follow io -offset 0 -width 0.8 -spacing 8.0 -layer {top M9 bottom M9 left M10 right M10}
#% Begin addRing (date=04/04 15:15:08, mem=1994.6M)


viaInitial starts at Sat Apr  4 15:15:08 2026
viaInitial ends at Sat Apr  4 15:15:08 2026
The power planner will calculate offsets from I/O rows.
Loading cell geometries (cpu: 0:00:00.0, real: 0:00:00.0, peak mem: 2125.8M)
Ring generation is complete.
vias are now being generated.
addRing created 8 wires.
ViaGen created 8 vias, deleted 0 via to avoid violation.
+--------+----------------+----------------+
|  Layer |     Created    |     Deleted    |
+--------+----------------+----------------+
|   M9   |        4       |       NA       |
|   V9   |        8       |        0       |
|   Pad  |        4       |       NA       |
+--------+----------------+----------------+
#% End addRing (date=04/04 15:15:08, total cpu=0:00:00.0, real=0:00:00.0, peak res=1997.3M, current mem=1997.3M)
<CMD> createPGPin VSS -geom M10 0 0 0.8 0.8
<CMD> createPGPin VDD -geom M10 8.8 8.8 9.6 9.6
<CMD> globalNetConnect VDD -type pgpin -pin VDD -inst * -module {}
<CMD> globalNetConnect VSS -type pgpin -pin VSS -inst * -module {}
<CMD> setSrouteMode -viaConnectToShape { ring stripe blockring }
<CMD> sroute -nets { VSS VDD } -connect corePin -corePinCheckStdcellGeoms -allowJogging 0 -allowLayerChange 0
#% Begin sroute (date=04/04 15:15:08, mem=1997.6M)
*** Begin SPECIAL ROUTE on Sat Apr  4 15:15:08 2026 ***
SPECIAL ROUTE ran on directory: /data/tkvm2/Asap7design/asap7_design
SPECIAL ROUTE ran on machine: vlsiktmt (Linux 3.10.0-1160.119.1.el7.x86_64 Xeon 2.29Ghz)

Begin option processing ...
srouteConnectPowerBump set to false
routeSelectNet set to "VSS VDD"
routeSpecial set to true
srouteConnectBlockPin set to false
srouteConnectConverterPin set to false
srouteConnectPadPin set to false
srouteConnectStripe set to false
srouteFollowCorePinEnd set to 3
srouteFollowPadPin set to false
srouteNoLayerChangeRoute set to true
srouteNoViaOnWireShape set to "padring blockpin coverpin noshape blockwire corewire followpin iowire"
sroutePadPinAllPorts set to true
sroutePreserveExistingRoutes set to true
srouteRoutePowerBarPortOnBothDir set to true
srouteStraightConnections set to "straightWithDrcClean"
End option processing: cpu: 0:00:00, real: 0:00:00, peak: 3854.00 megs.

Reading DB technology information...
Finished reading DB technology information.
Reading floorplan and netlist information...
Finished reading floorplan and netlist information.
Read in 21 layers, 10 routing layers, 1 overlap layer
Read in 1 nondefault rule, 0 used
Read in 848 macros, 6 used
Read in 6 components
  6 core components: 6 unplaced, 0 placed, 0 fixed
Read in 2 physical pins
  2 physical pins: 0 unplaced, 0 placed, 2 fixed
Read in 97 logical pins
Read in 97 nets
Read in 2 special nets, 2 routed
Read in 14 terminals
2 nets selected.

Begin power routing ...
CPU time for VDD FollowPin 0 seconds
CPU time for VSS FollowPin 0 seconds
  Number of Core ports routed: 0  open: 42
  Number of Followpin connections: 21
End power routing: cpu: 0:00:00, real: 0:00:00, peak: 3880.00 megs.



 Begin updating DB with routing results ...
 Updating DB with 2 io pins ...
 Updating DB with 0 via definition ...Extracting standard cell pins and blockage ...... 
**WARN: (IMPTR-2104):	Layer M10: Pitch=1280 is less than min width=640 + min spacing=32000.
**ERROR: (IMPTR-2101):	Layer M10: Pitch=11520x9 is still less than min width=32000 + min spacing=640.
**WARN: (IMPTR-2108):	For layer M10, the gaps of 117 out of 117 tracks are narrower than 8.160um (space 8.000 + width 0.160).
Type 'man IMPTR-2108' for more detail.
 As a result, your trialRoute congestion could be incorrect.
Pin and blockage extraction finished

sroute created 21 wires.
ViaGen created 0 via, deleted 0 via to avoid violation.
+--------+----------------+----------------+
|  Layer |     Created    |     Deleted    |
+--------+----------------+----------------+
|   M1   |       21       |       NA       |
+--------+----------------+----------------+
#% End sroute (date=04/04 15:15:08, total cpu=0:00:00.3, real=0:00:00.0, peak res=2034.6M, current mem=2034.6M)
<CMD> clearDrc
<CMD> setAddStripeMode -break_at block_ring -allow_jog padcore_ring
Stripe will break at block ring.
addStripe will allow jog to connect padcore ring and will not allow jog to connect block ring.

<CMD> addStripe -nets {VSS VDD} -layer M9 -direction horizontal -width 0.8 -spacing 8.0 -set_to_set_distance 34.56 -start_from bottom -start_offset 32.48
#% Begin addStripe (date=04/04 15:15:08, mem=2034.7M)

Initialize fgc environment(mem: 2153.1M) ...  fail and won't use fgc to check drc(cpu: 0:00:00.0, real: 0:00:00.0, peak mem: 2153.1M)
Loading cell geometries (cpu: 0:00:00.0, real: 0:00:00.0, peak mem: 2153.1M)
Loading wires (cpu: 0:00:00.0, real: 0:00:00.0, peak mem: 2153.1M)
Loading via instances (cpu: 0:00:00.0, real: 0:00:00.0, peak mem: 2153.1M)
Starting stripe generation ...
Non-Default Mode Option Settings :
  NONE
#% End addStripe (date=04/04 15:15:08, total cpu=0:00:00.0, real=0:00:00.0, peak res=2035.2M, current mem=2035.2M)
<CMD> addStripe -nets {VSS VDD} -layer M10 -direction vertical -width 0.8 -spacing 8.0 -set_to_set_distance 34.56 -start_from left -start_offset 32.48
#% Begin addStripe (date=04/04 15:15:08, mem=2035.2M)

Initialize fgc environment(mem: 2153.1M) ...  fail and won't use fgc to check drc(cpu: 0:00:00.0, real: 0:00:00.0, peak mem: 2153.1M)
Loading cell geometries (cpu: 0:00:00.0, real: 0:00:00.0, peak mem: 2153.1M)
Loading wires (cpu: 0:00:00.0, real: 0:00:00.0, peak mem: 2153.1M)
Loading via instances (cpu: 0:00:00.0, real: 0:00:00.0, peak mem: 2153.1M)
Starting stripe generation ...
Non-Default Mode Option Settings :
  NONE
#% End addStripe (date=04/04 15:15:09, total cpu=0:00:00.0, real=0:00:00.0, peak res=2035.2M, current mem=2035.2M)
<CMD> editTrim -nets {VSS VDD}
<CMD> setPinConstraint -corner_to_pin_distance 18
**WARN: (IMPPTN-3837):	setPinConstraint command usage without specifying top-cell name will be obsolete in next major release. Command will enforce top-cell name using -cell option.
Constraint is applied to top level cell Adder32.
<CMD> setPinAssignMode -pinEditInBatch true
<CMD> editPin -pin {iA[31]} -layer M3 -assign {0.0 5.0}
editPin : finished (cpu = 0:00:00.0 real = 0:00:00.0, mem = 2155.1M).
<CMD> editPin -pin {iA[30]} -layer M3 -assign {0.0 6.1185}
editPin : finished (cpu = 0:00:00.0 real = 0:00:00.0, mem = 2155.1M).
<CMD> editPin -pin {iA[29]} -layer M3 -assign {0.0 7.237}
editPin : finished (cpu = 0:00:00.0 real = 0:00:00.0, mem = 2155.1M).
<CMD> editPin -pin {iA[28]} -layer M3 -assign {0.0 8.3555}
editPin : finished (cpu = 0:00:00.0 real = 0:00:00.0, mem = 2155.1M).
<CMD> editPin -pin {iA[27]} -layer M3 -assign {0.0 9.474}
editPin : finished (cpu = 0:00:00.0 real = 0:00:00.0, mem = 2155.1M).
<CMD> editPin -pin {iA[26]} -layer M3 -assign {0.0 10.5925}
editPin : finished (cpu = 0:00:00.0 real = 0:00:00.0, mem = 2155.1M).
<CMD> editPin -pin {iA[25]} -layer M3 -assign {0.0 11.711}
editPin : finished (cpu = 0:00:00.0 real = 0:00:00.0, mem = 2155.1M).
<CMD> editPin -pin {iA[24]} -layer M3 -assign {0.0 12.8295}
editPin : finished (cpu = 0:00:00.0 real = 0:00:00.0, mem = 2155.1M).
<CMD> editPin -pin {iA[23]} -layer M3 -assign {0.0 13.948}
editPin : finished (cpu = 0:00:00.0 real = 0:00:00.0, mem = 2155.1M).
<CMD> editPin -pin {iA[22]} -layer M3 -assign {0.0 15.0665}
editPin : finished (cpu = 0:00:00.0 real = 0:00:00.0, mem = 2155.1M).
<CMD> editPin -pin {iA[21]} -layer M3 -assign {0.0 16.185}
editPin : finished (cpu = 0:00:00.0 real = 0:00:00.0, mem = 2155.1M).
<CMD> editPin -pin {iA[20]} -layer M3 -assign {0.0 17.3035}
editPin : finished (cpu = 0:00:00.0 real = 0:00:00.0, mem = 2155.1M).
<CMD> editPin -pin {iA[19]} -layer M3 -assign {0.0 18.422}
editPin : finished (cpu = 0:00:00.0 real = 0:00:00.0, mem = 2155.1M).
<CMD> editPin -pin {iA[18]} -layer M3 -assign {0.0 19.5405}
editPin : finished (cpu = 0:00:00.0 real = 0:00:00.0, mem = 2155.1M).
<CMD> editPin -pin {iA[17]} -layer M3 -assign {0.0 20.659}
editPin : finished (cpu = 0:00:00.0 real = 0:00:00.0, mem = 2155.1M).
<CMD> editPin -pin {iA[16]} -layer M3 -assign {0.0 21.7775}
editPin : finished (cpu = 0:00:00.0 real = 0:00:00.0, mem = 2155.1M).
<CMD> editPin -pin {iA[15]} -layer M3 -assign {0.0 22.896}
editPin : finished (cpu = 0:00:00.0 real = 0:00:00.0, mem = 2155.1M).
<CMD> editPin -pin {iA[14]} -layer M3 -assign {0.0 24.0145}
editPin : finished (cpu = 0:00:00.0 real = 0:00:00.0, mem = 2155.1M).
<CMD> editPin -pin {iA[13]} -layer M3 -assign {0.0 25.133}
editPin : finished (cpu = 0:00:00.0 real = 0:00:00.0, mem = 2155.1M).
<CMD> editPin -pin {iA[12]} -layer M3 -assign {0.0 26.2515}
editPin : finished (cpu = 0:00:00.0 real = 0:00:00.0, mem = 2155.1M).
<CMD> editPin -pin {iA[11]} -layer M3 -assign {0.0 27.37}
editPin : finished (cpu = 0:00:00.0 real = 0:00:00.0, mem = 2155.1M).
<CMD> editPin -pin {iA[10]} -layer M3 -assign {0.0 28.4885}
editPin : finished (cpu = 0:00:00.0 real = 0:00:00.0, mem = 2155.1M).
<CMD> editPin -pin {iA[9]} -layer M3 -assign {0.0 29.607}
editPin : finished (cpu = 0:00:00.0 real = 0:00:00.0, mem = 2155.1M).
<CMD> editPin -pin {iA[8]} -layer M3 -assign {0.0 30.7255}
editPin : finished (cpu = 0:00:00.0 real = 0:00:00.0, mem = 2155.1M).
<CMD> editPin -pin {iA[7]} -layer M3 -assign {0.0 31.844}
editPin : finished (cpu = 0:00:00.0 real = 0:00:00.0, mem = 2155.1M).
<CMD> editPin -pin {iA[6]} -layer M3 -assign {0.0 32.9625}
editPin : finished (cpu = 0:00:00.0 real = 0:00:00.0, mem = 2155.1M).
<CMD> editPin -pin {iA[5]} -layer M3 -assign {0.0 34.081}
editPin : finished (cpu = 0:00:00.0 real = 0:00:00.0, mem = 2155.1M).
<CMD> editPin -pin {iA[4]} -layer M3 -assign {0.0 35.1995}
editPin : finished (cpu = 0:00:00.0 real = 0:00:00.0, mem = 2155.1M).
<CMD> editPin -pin {iA[3]} -layer M3 -assign {0.0 36.318}
editPin : finished (cpu = 0:00:00.0 real = 0:00:00.0, mem = 2155.1M).
<CMD> editPin -pin {iA[2]} -layer M3 -assign {0.0 37.4365}
editPin : finished (cpu = 0:00:00.0 real = 0:00:00.0, mem = 2155.1M).
<CMD> editPin -pin {iA[1]} -layer M3 -assign {0.0 38.555}
editPin : finished (cpu = 0:00:00.0 real = 0:00:00.0, mem = 2155.1M).
<CMD> editPin -pin {iA[0]} -layer M3 -assign {0.0 39.6735}
editPin : finished (cpu = 0:00:00.0 real = 0:00:00.0, mem = 2155.1M).
<CMD> editPin -pin {iB[31]} -layer M3 -assign {46.512 5.0}
editPin : finished (cpu = 0:00:00.0 real = 0:00:00.0, mem = 2155.1M).
<CMD> editPin -pin {iB[30]} -layer M3 -assign {46.512 6.1185}
editPin : finished (cpu = 0:00:00.0 real = 0:00:00.0, mem = 2155.1M).
<CMD> editPin -pin {iB[29]} -layer M3 -assign {46.512 7.237}
editPin : finished (cpu = 0:00:00.0 real = 0:00:00.0, mem = 2155.1M).
<CMD> editPin -pin {iB[28]} -layer M3 -assign {46.512 8.3555}
editPin : finished (cpu = 0:00:00.0 real = 0:00:00.0, mem = 2155.1M).
<CMD> editPin -pin {iB[27]} -layer M3 -assign {46.512 9.474}
editPin : finished (cpu = 0:00:00.0 real = 0:00:00.0, mem = 2155.1M).
<CMD> editPin -pin {iB[26]} -layer M3 -assign {46.512 10.5925}
editPin : finished (cpu = 0:00:00.0 real = 0:00:00.0, mem = 2155.1M).
<CMD> editPin -pin {iB[25]} -layer M3 -assign {46.512 11.711}
editPin : finished (cpu = 0:00:00.0 real = 0:00:00.0, mem = 2155.1M).
<CMD> editPin -pin {iB[24]} -layer M3 -assign {46.512 12.8295}
editPin : finished (cpu = 0:00:00.0 real = 0:00:00.0, mem = 2155.1M).
<CMD> editPin -pin {iB[23]} -layer M3 -assign {46.512 13.948}
editPin : finished (cpu = 0:00:00.0 real = 0:00:00.0, mem = 2155.1M).
<CMD> editPin -pin {iB[22]} -layer M3 -assign {46.512 15.0665}
editPin : finished (cpu = 0:00:00.0 real = 0:00:00.0, mem = 2155.1M).
<CMD> editPin -pin {iB[21]} -layer M3 -assign {46.512 16.185}
editPin : finished (cpu = 0:00:00.0 real = 0:00:00.0, mem = 2155.1M).
<CMD> editPin -pin {iB[20]} -layer M3 -assign {46.512 17.3035}
editPin : finished (cpu = 0:00:00.0 real = 0:00:00.0, mem = 2155.1M).
<CMD> editPin -pin {iB[19]} -layer M3 -assign {46.512 18.422}
editPin : finished (cpu = 0:00:00.0 real = 0:00:00.0, mem = 2155.1M).
<CMD> editPin -pin {iB[18]} -layer M3 -assign {46.512 19.5405}
editPin : finished (cpu = 0:00:00.0 real = 0:00:00.0, mem = 2155.1M).
<CMD> editPin -pin {iB[17]} -layer M3 -assign {46.512 20.659}
editPin : finished (cpu = 0:00:00.0 real = 0:00:00.0, mem = 2155.1M).
<CMD> editPin -pin {iB[16]} -layer M3 -assign {46.512 21.7775}
editPin : finished (cpu = 0:00:00.0 real = 0:00:00.0, mem = 2155.1M).
<CMD> editPin -pin {iB[15]} -layer M3 -assign {46.512 22.896}
editPin : finished (cpu = 0:00:00.0 real = 0:00:00.0, mem = 2155.1M).
<CMD> editPin -pin {iB[14]} -layer M3 -assign {46.512 24.0145}
editPin : finished (cpu = 0:00:00.0 real = 0:00:00.0, mem = 2155.1M).
<CMD> editPin -pin {iB[13]} -layer M3 -assign {46.512 25.133}
editPin : finished (cpu = 0:00:00.0 real = 0:00:00.0, mem = 2155.1M).
<CMD> editPin -pin {iB[12]} -layer M3 -assign {46.512 26.2515}
editPin : finished (cpu = 0:00:00.0 real = 0:00:00.0, mem = 2155.1M).
<CMD> editPin -pin {iB[11]} -layer M3 -assign {46.512 27.37}
editPin : finished (cpu = 0:00:00.0 real = 0:00:00.0, mem = 2155.1M).
<CMD> editPin -pin {iB[10]} -layer M3 -assign {46.512 28.4885}
editPin : finished (cpu = 0:00:00.0 real = 0:00:00.0, mem = 2155.1M).
<CMD> editPin -pin {iB[9]} -layer M3 -assign {46.512 29.607}
editPin : finished (cpu = 0:00:00.0 real = 0:00:00.0, mem = 2155.1M).
<CMD> editPin -pin {iB[8]} -layer M3 -assign {46.512 30.7255}
editPin : finished (cpu = 0:00:00.0 real = 0:00:00.0, mem = 2155.1M).
<CMD> editPin -pin {iB[7]} -layer M3 -assign {46.512 31.844}
editPin : finished (cpu = 0:00:00.0 real = 0:00:00.0, mem = 2155.1M).
<CMD> editPin -pin {iB[6]} -layer M3 -assign {46.512 32.9625}
editPin : finished (cpu = 0:00:00.0 real = 0:00:00.0, mem = 2155.1M).
<CMD> editPin -pin {iB[5]} -layer M3 -assign {46.512 34.081}
editPin : finished (cpu = 0:00:00.0 real = 0:00:00.0, mem = 2155.1M).
<CMD> editPin -pin {iB[4]} -layer M3 -assign {46.512 35.1995}
editPin : finished (cpu = 0:00:00.0 real = 0:00:00.0, mem = 2155.1M).
<CMD> editPin -pin {iB[3]} -layer M3 -assign {46.512 36.318}
editPin : finished (cpu = 0:00:00.0 real = 0:00:00.0, mem = 2155.1M).
<CMD> editPin -pin {iB[2]} -layer M3 -assign {46.512 37.4365}
editPin : finished (cpu = 0:00:00.0 real = 0:00:00.0, mem = 2155.1M).
<CMD> editPin -pin {iB[1]} -layer M3 -assign {46.512 38.555}
editPin : finished (cpu = 0:00:00.0 real = 0:00:00.0, mem = 2155.1M).
<CMD> editPin -pin {iB[0]} -layer M3 -assign {46.512 39.6735}
editPin : finished (cpu = 0:00:00.0 real = 0:00:00.0, mem = 2155.1M).
<CMD> editPin -pin {oS[31]} -layer M4 -assign {5.0 45.792}
editPin : finished (cpu = 0:00:00.0 real = 0:00:00.0, mem = 2155.1M).
<CMD> editPin -pin {oS[30]} -layer M4 -assign {6.141 45.792}
editPin : finished (cpu = 0:00:00.0 real = 0:00:00.0, mem = 2155.1M).
<CMD> editPin -pin {oS[29]} -layer M4 -assign {7.282 45.792}
editPin : finished (cpu = 0:00:00.0 real = 0:00:00.0, mem = 2155.1M).
<CMD> editPin -pin {oS[28]} -layer M4 -assign {8.423 45.792}
editPin : finished (cpu = 0:00:00.0 real = 0:00:00.0, mem = 2155.1M).
<CMD> editPin -pin {oS[27]} -layer M4 -assign {9.564 45.792}
editPin : finished (cpu = 0:00:00.0 real = 0:00:00.0, mem = 2155.1M).
<CMD> editPin -pin {oS[26]} -layer M4 -assign {10.705 45.792}
editPin : finished (cpu = 0:00:00.0 real = 0:00:00.0, mem = 2155.1M).
<CMD> editPin -pin {oS[25]} -layer M4 -assign {11.846 45.792}
editPin : finished (cpu = 0:00:00.0 real = 0:00:00.0, mem = 2155.1M).
<CMD> editPin -pin {oS[24]} -layer M4 -assign {12.987 45.792}
editPin : finished (cpu = 0:00:00.0 real = 0:00:00.0, mem = 2155.1M).
<CMD> editPin -pin {oS[23]} -layer M4 -assign {14.128 45.792}
editPin : finished (cpu = 0:00:00.0 real = 0:00:00.0, mem = 2155.1M).
<CMD> editPin -pin {oS[22]} -layer M4 -assign {15.269 45.792}
editPin : finished (cpu = 0:00:00.0 real = 0:00:00.0, mem = 2155.1M).
<CMD> editPin -pin {oS[21]} -layer M4 -assign {16.41 45.792}
editPin : finished (cpu = 0:00:00.0 real = 0:00:00.0, mem = 2155.1M).
<CMD> editPin -pin {oS[20]} -layer M4 -assign {17.551 45.792}
editPin : finished (cpu = 0:00:00.0 real = 0:00:00.0, mem = 2155.1M).
<CMD> editPin -pin {oS[19]} -layer M4 -assign {18.692 45.792}
editPin : finished (cpu = 0:00:00.0 real = 0:00:00.0, mem = 2155.1M).
<CMD> editPin -pin {oS[18]} -layer M4 -assign {19.833 45.792}
editPin : finished (cpu = 0:00:00.0 real = 0:00:00.0, mem = 2155.1M).
<CMD> editPin -pin {oS[17]} -layer M4 -assign {20.974 45.792}
editPin : finished (cpu = 0:00:00.0 real = 0:00:00.0, mem = 2155.1M).
<CMD> editPin -pin {oS[16]} -layer M4 -assign {22.115 45.792}
editPin : finished (cpu = 0:00:00.0 real = 0:00:00.0, mem = 2155.1M).
<CMD> editPin -pin {oS[15]} -layer M4 -assign {23.256 45.792}
editPin : finished (cpu = 0:00:00.0 real = 0:00:00.0, mem = 2155.1M).
<CMD> editPin -pin {oS[14]} -layer M4 -assign {24.397 45.792}
editPin : finished (cpu = 0:00:00.0 real = 0:00:00.0, mem = 2155.1M).
<CMD> editPin -pin {oS[13]} -layer M4 -assign {25.538 45.792}
editPin : finished (cpu = 0:00:00.0 real = 0:00:00.0, mem = 2155.1M).
<CMD> editPin -pin {oS[12]} -layer M4 -assign {26.679 45.792}
editPin : finished (cpu = 0:00:00.0 real = 0:00:00.0, mem = 2155.1M).
<CMD> editPin -pin {oS[11]} -layer M4 -assign {27.82 45.792}
editPin : finished (cpu = 0:00:00.0 real = 0:00:00.0, mem = 2155.1M).
<CMD> editPin -pin {oS[10]} -layer M4 -assign {28.961 45.792}
editPin : finished (cpu = 0:00:00.0 real = 0:00:00.0, mem = 2155.1M).
<CMD> editPin -pin {oS[9]} -layer M4 -assign {30.102 45.792}
editPin : finished (cpu = 0:00:00.0 real = 0:00:00.0, mem = 2155.1M).
<CMD> editPin -pin {oS[8]} -layer M4 -assign {31.243 45.792}
editPin : finished (cpu = 0:00:00.0 real = 0:00:00.0, mem = 2155.1M).
<CMD> editPin -pin {oS[7]} -layer M4 -assign {32.384 45.792}
editPin : finished (cpu = 0:00:00.0 real = 0:00:00.0, mem = 2155.1M).
<CMD> editPin -pin {oS[6]} -layer M4 -assign {33.525 45.792}
editPin : finished (cpu = 0:00:00.0 real = 0:00:00.0, mem = 2155.1M).
<CMD> editPin -pin {oS[5]} -layer M4 -assign {34.666 45.792}
editPin : finished (cpu = 0:00:00.0 real = 0:00:00.0, mem = 2155.1M).
<CMD> editPin -pin {oS[4]} -layer M4 -assign {35.807 45.792}
editPin : finished (cpu = 0:00:00.0 real = 0:00:00.0, mem = 2155.1M).
<CMD> editPin -pin {oS[3]} -layer M4 -assign {36.948 45.792}
editPin : finished (cpu = 0:00:00.0 real = 0:00:00.0, mem = 2155.1M).
<CMD> editPin -pin {oS[2]} -layer M4 -assign {38.089 45.792}
editPin : finished (cpu = 0:00:00.0 real = 0:00:00.0, mem = 2155.1M).
<CMD> editPin -pin {oS[1]} -layer M4 -assign {39.23 45.792}
editPin : finished (cpu = 0:00:00.0 real = 0:00:00.0, mem = 2155.1M).
<CMD> editPin -pin {oS[0]} -layer M4 -assign {40.371 45.792}
editPin : finished (cpu = 0:00:00.0 real = 0:00:00.0, mem = 2155.1M).
<CMD> editPin -pin iClk -layer M4 -assign {23.256 0.0}
editPin : finished (cpu = 0:00:00.0 real = 0:00:00.0, mem = 2155.1M).
<CMD> setPinAssignMode -pinEditInBatch false
<CMD> setPlaceMode -reset
<CMD> setPlaceMode -place_global_uniform_density true -place_global_module_aware_spare true -place_global_auto_blockage_in_channel soft -place_detail_preroute_as_obs {2 3} -place_global_cong_effort high -place_design_refine_macro true
<CMD> place_design
*** placeDesign #1 [begin] () : totSession cpu/real = 0:01:06.3/0:02:01.9 (0.5), mem = 2156.1M
*** Starting placeDesign default flow ***
*** Start deleteBufferTree ***
Info: Detect buffers to remove automatically.
Analyzing netlist ...
Updating netlist

*summary: 0 instances (buffers/inverters) removed
*** Finish deleteBufferTree (0:00:00.1) ***
**INFO: Enable pre-place timing setting for timing analysis
Set Using Default Delay Limit as 101.
**WARN: (IMPDC-1629):	The default delay limit was set to 101. This is less than the default of 1000 and may result in inaccurate delay calculation for nets with a fanout higher than the setting.  If needed, the default delay limit may be adjusted by running the command 'set delaycal_use_default_delay_limit'.
Set Default Net Delay as 0 ps.
Set Default Net Load as 0 pF. 
Set Default Input Pin Transition as 1 ps.
**INFO: Analyzing IO path groups for slack adjustment
Effort level <high> specified for reg2reg_tmp.1502 path_group
AAE_INFO: opIsDesignInPostRouteState() is 0
AAE DB initialization (MEM=2234.14 CPU=0:00:00.0 REAL=0:00:00.0) 
#################################################################################
# Design Stage: PreRoute
# Design Name: Adder32
# Design Mode: 90nm
# Analysis Mode: MMMC OCV 
# Parasitics Mode: No SPEF/RCDB 
# Signoff Settings: SI Off 
#################################################################################
Start delay calculation (fullDC) (1 T). (MEM=2261.57)
Total number of fetched objects 221
End delay calculation. (MEM=2694.07 CPU=0:00:00.0 REAL=0:00:00.0)
End delay calculation (fullDC). (MEM=2386.07 CPU=0:00:00.8 REAL=0:00:02.0)
**INFO: Disable pre-place timing setting for timing analysis
Set Using Default Delay Limit as 1000.
Set Default Net Delay as 1000 ps.
Set Default Input Pin Transition as 0.1 ps.
Set Default Net Load as 0.5 pF. 
**INFO: Pre-place timing setting for timing analysis already disabled
Deleted 0 physical inst  (cell - / prefix -).
INFO: #ExclusiveGroups=0
INFO: There are no Exclusive Groups.
*** Starting "NanoPlace(TM) placement v#6 (mem=2368.3M)" ...
Estimated loop count for BSM: 62040
*** Build Buffered Sizing Timing Model (Used Compact Buffer Set) ...(cpu=0:00:02.7 mem=2412.3M) ***
*** Build Virtual Sizing Timing Model
(cpu=0:00:05.6 mem=2507.3M) ***
No user-set net weight.
Net fanout histogram:
2		: 97 (51.1%) nets
3		: 91 (47.9%) nets
4     -	14	: 1 (0.5%) nets
15    -	39	: 1 (0.5%) nets
40    -	79	: 0 (0.0%) nets
80    -	159	: 0 (0.0%) nets
160   -	319	: 0 (0.0%) nets
320   -	639	: 0 (0.0%) nets
640   -	1279	: 0 (0.0%) nets
1280  -	2559	: 0 (0.0%) nets
2560  -	5119	: 0 (0.0%) nets
5120+		: 0 (0.0%) nets
**WARN: (IMPSP-196):	User sets both -place_global_uniform_density and -place_global_initial_padding_level options. Overriding -place_global_initial_padding_level to 5.
Options: timingDriven clkGateAware ignoreScan pinGuide congEffort=high gpeffort=medium 
Scan chains were not defined.
#std cell=125 (0 fixed + 125 movable) #buf cell=0 #inv cell=30 #block=0 (0 floating + 0 preplaced)
#ioInst=0 #net=190 #term=504 #term/net=2.65, #fixedIo=0, #floatIo=0, #fixedPin=0, #floatPin=97
stdCell: 125 single + 0 double + 0 multi
Total standard cell length = 0.3337 (mm), area = 0.0004 (mm^2)
Estimated cell power/ground rail width = 0.135 um
Average module density = 0.750.
Density for the design = 0.750.
       = stdcell_area 1545 sites (360 um^2) / alloc_area 2060 sites (481 um^2).
Pin Density = 0.2447.
            = total # of pins 504 / total area 2060.
No spares found within logical modules, disabling '-moduleAwareSpare'.
=== lastAutoLevel = 6 
[spp] 0
Clock gating cells determined by native netlist tracing.
Iteration  1: Total net bbox = 3.173e+03 (1.78e+03 1.39e+03)
              Est.  stn bbox = 3.209e+03 (1.79e+03 1.42e+03)
              cpu = 0:00:00.0 real = 0:00:00.0 mem = 2702.2M
Iteration  2: Total net bbox = 3.173e+03 (1.78e+03 1.39e+03)
              Est.  stn bbox = 3.209e+03 (1.79e+03 1.42e+03)
              cpu = 0:00:00.0 real = 0:00:00.0 mem = 2702.2M
Iteration  3: Total net bbox = 2.800e+03 (1.81e+03 9.86e+02)
              Est.  stn bbox = 2.841e+03 (1.82e+03 1.02e+03)
              cpu = 0:00:00.0 real = 0:00:00.0 mem = 2719.6M
Active setup views:
    view_typical
Iteration  4: Total net bbox = 2.986e+03 (1.82e+03 1.17e+03)
              Est.  stn bbox = 3.034e+03 (1.84e+03 1.20e+03)
              cpu = 0:00:00.0 real = 0:00:02.0 mem = 2719.6M
Iteration  5: Total net bbox = 3.026e+03 (1.86e+03 1.17e+03)
              Est.  stn bbox = 3.076e+03 (1.87e+03 1.20e+03)
              cpu = 0:00:00.0 real = 0:00:00.0 mem = 2719.6M
Iteration  6: Total net bbox = 3.151e+03 (1.95e+03 1.20e+03)
              Est.  stn bbox = 3.201e+03 (1.97e+03 1.23e+03)
              cpu = 0:00:00.1 real = 0:00:03.0 mem = 2719.6M
*** cost = 3.151e+03 (1.95e+03 1.20e+03) (cpu for global=0:00:00.1) real=0:00:03.0***
Info: 0 clock gating cells identified, 0 (on average) moved 0/1
Solver runtime cpu: 0:00:00.1 real: 0:00:01.9
Core Placement runtime cpu: 0:00:00.1 real: 0:00:03.0
Begin: Reorder Scan Chains
**WARN: (IMPSP-9025):	No scan chain specified/traced.
Type 'man IMPSP-9025' for more detail.
End: Reorder Scan Chains
*** Starting refinePlace (0:01:14 mem=2719.6M) ***
Total net bbox length = 3.151e+03 (1.954e+03 1.198e+03) (ext = 2.671e+03)
Max route layer is changed from 127 to 10 because there is no routing track above this layer
Max route layer is changed from 127 to 10 because there is no routing track above this layer
Max route layer is changed from 127 to 10 because there is no routing track above this layer
Max route layer is changed from 127 to 10 because there is no routing track above this layer
Move report: Detail placement moves 125 insts, mean move: 1.34 um, max move: 5.65 um 
	Max move on inst (oS_reg[22]): (12.10, 24.81) --> (17.50, 25.06)
	Runtime: CPU: 0:00:00.1 REAL: 0:00:01.0 MEM: 2788.6MB
Summary Report:
Instances move: 125 (out of 125 movable)
Instances flipped: 0
Mean displacement: 1.34 um
Max displacement: 5.65 um (Instance: oS_reg[22]) (12.096, 24.811) -> (17.496, 25.056)
	Length: 25 sites, height: 1 rows, site name: asap7sc7p5t, cell type: DFFHQx4_ASAP7_75t_R
Total net bbox length = 3.248e+03 (2.014e+03 1.234e+03) (ext = 2.623e+03)
Runtime: CPU: 0:00:00.1 REAL: 0:00:01.0 MEM: 2788.6MB
*** Finished refinePlace (0:01:15 mem=2788.6M) ***
*** End of Placement (cpu=0:00:06.2, real=0:00:16.0, mem=2786.6M) ***
default core: bins with density > 0.750 = 50.00 % ( 3 / 6 )
Density distribution unevenness ratio = 4.272%
*** Free Virtual Timing Model ...(mem=2786.6M)
**INFO: Enable pre-place timing setting for timing analysis
Set Using Default Delay Limit as 101.
**WARN: (IMPDC-1629):	The default delay limit was set to 101. This is less than the default of 1000 and may result in inaccurate delay calculation for nets with a fanout higher than the setting.  If needed, the default delay limit may be adjusted by running the command 'set delaycal_use_default_delay_limit'.
Set Default Net Delay as 0 ps.
Set Default Net Load as 0 pF. 
**INFO: Analyzing IO path groups for slack adjustment
Effort level <high> specified for reg2reg_tmp.1502 path_group
AAE_INFO: opIsDesignInPostRouteState() is 0
#################################################################################
# Design Stage: PreRoute
# Design Name: Adder32
# Design Mode: 90nm
# Analysis Mode: MMMC OCV 
# Parasitics Mode: No SPEF/RCDB 
# Signoff Settings: SI Off 
#################################################################################
Start delay calculation (fullDC) (1 T). (MEM=2770.52)
Total number of fetched objects 221
End delay calculation. (MEM=2836.33 CPU=0:00:00.0 REAL=0:00:00.0)
End delay calculation (fullDC). (MEM=2836.33 CPU=0:00:00.1 REAL=0:00:00.0)
**INFO: Disable pre-place timing setting for timing analysis
Set Using Default Delay Limit as 1000.
Set Default Net Delay as 1000 ps.
Set Default Net Load as 0.5 pF. 
Info: Disable timing driven in postCTS congRepair.

Starting congRepair ...
Max route layer is changed from 127 to 10 because there is no routing track above this layer
Max route layer is changed from 127 to 10 because there is no routing track above this layer
**WARN: (IMPPSP-1321):	Removed 1 out of boundary tracks from layer 2
**WARN: (IMPPSP-1321):	Removed 1 out of boundary tracks from layer 2
**WARN: (IMPPSP-1321):	Removed 1 out of boundary tracks from layer 2
**WARN: (IMPPSP-1321):	Removed 1 out of boundary tracks from layer 2
**WARN: (IMPPSP-1321):	Removed 1 out of boundary tracks from layer 2
**WARN: (IMPPSP-1321):	Removed 1 out of boundary tracks from layer 2
[NR-eGR] Early global route reroute all routable nets
[NR-eGR] Track table information for default rule: 
[NR-eGR] M1 has single uniform track structure
[NR-eGR] M2 has non-uniform track structures
[NR-eGR] M3 has single uniform track structure
[NR-eGR] M4 has single uniform track structure
[NR-eGR] M5 has single uniform track structure
[NR-eGR] M6 has single uniform track structure
[NR-eGR] M7 has single uniform track structure
[NR-eGR] M8 has single uniform track structure
[NR-eGR] M9 has single uniform track structure
[NR-eGR] Pad has single uniform track structure
[NR-eGR] Read 24 PG shapes
[NR-eGR] Read 0 clock shapes
[NR-eGR] Read 0 other shapes
[NR-eGR] #Routing Blockages  : 0
[NR-eGR] #Bump Blockages     : 0
[NR-eGR] #Instance Blockages : 220
[NR-eGR] #PG Blockages       : 24
[NR-eGR] #Halo Blockages     : 0
[NR-eGR] #Boundary Blockages : 0
[NR-eGR] #Clock Blockages    : 0
[NR-eGR] #Other Blockages    : 0
[NR-eGR] Num Prerouted Nets = 0  Num Prerouted Wires = 0
[NR-eGR] Read 190 nets ( ignored 0 )
[NR-eGR] There are 1 clock nets ( 0 with NDR ).
[NR-eGR] ============ Routing rule table ============
[NR-eGR] Rule id: 0  Rule name: (Default)  Nets: 190
[NR-eGR] ========================================
[NR-eGR] 
[NR-eGR] Layer group 1: route 190 net(s) in layer range [2, 10]
[NR-eGR] Early Global Route overflow of layer group 1: 0.00% H + 0.00% V. EstWL: 3.278880e+03um
[NR-eGR] Congestion Analysis By layer: (blocked Gcells are excluded) 
[NR-eGR]                        OverCon            
[NR-eGR]                         #Gcell     %Gcell
[NR-eGR]        Layer             (1-0)    OverCon
[NR-eGR] ----------------------------------------------
[NR-eGR]      M1 ( 1)         0( 0.00%)   ( 0.00%) 
[NR-eGR]      M2 ( 2)         0( 0.00%)   ( 0.00%) 
[NR-eGR]      M3 ( 3)         0( 0.00%)   ( 0.00%) 
[NR-eGR]      M4 ( 4)         0( 0.00%)   ( 0.00%) 
[NR-eGR]      M5 ( 5)         0( 0.00%)   ( 0.00%) 
[NR-eGR]      M6 ( 6)         0( 0.00%)   ( 0.00%) 
[NR-eGR]      M7 ( 7)         0( 0.00%)   ( 0.00%) 
[NR-eGR]      M8 ( 8)         0( 0.00%)   ( 0.00%) 
[NR-eGR]      M9 ( 9)         0( 0.00%)   ( 0.00%) 
[NR-eGR]     Pad (10)         0( 0.00%)   ( 0.00%) 
[NR-eGR] ----------------------------------------------
[NR-eGR]        Total         0( 0.00%)   ( 0.00%) 
[NR-eGR] 
[NR-eGR] Overflow after Early Global Route 0.00% H + 0.00% V
[NR-eGR] Finished Early Global Route kernel ( CPU: 0.03 sec, Real: 0.07 sec, Curr Mem: 2.58 MB )
Early Global Route congestion estimation runtime: 0.08 seconds, mem = 2740.6M
Local HotSpot Analysis: normalized max congestion hotspot area = 0.00, normalized total congestion hotspot area = 0.00 (area is in unit of 4 std-cell row bins)
Skipped repairing congestion.
[NR-eGR] Connected 0 must-join pins/ports (post-process)
[NR-eGR] Total eGR-routed clock nets wire length: 94um, number of vias: 91
[NR-eGR] --------------------------------------------------------------------------
[NR-eGR]              Length (um)  Vias 
[NR-eGR] -------------------------------
[NR-eGR]  M1   (1V)             0   314 
[NR-eGR]  M2   (2H)          1268   664 
[NR-eGR]  M3   (3V)          1191   157 
[NR-eGR]  M4   (4H)           748    10 
[NR-eGR]  M5   (5V)           108     4 
[NR-eGR]  M6   (6H)            29     0 
[NR-eGR]  M7   (7V)             0     0 
[NR-eGR]  M8   (8H)             0     0 
[NR-eGR]  M9   (9V)             0     0 
[NR-eGR]  Pad  (10H)            0     0 
[NR-eGR] -------------------------------
[NR-eGR]       Total         3343  1149 
[NR-eGR] --------------------------------------------------------------------------
[NR-eGR] Total half perimeter of net bounding box: 3248um
[NR-eGR] Total length: 3343um, number of vias: 1149
[NR-eGR] --------------------------------------------------------------------------
Max route layer is changed from 127 to 10 because there is no routing track above this layer
Early Global Route wiring runtime: 0.02 seconds, mem = 2756.6M
Tdgp not enabled or already been cleared! skip clearing
End of congRepair (cpu=0:00:00.0, real=0:00:00.0)
*** Finishing placeDesign default flow ***
**placeDesign ... cpu = 0: 0: 9, real = 0: 0:21, mem = 2756.6M **
Tdgp not enabled or already been cleared! skip clearing

*** Summary of all messages that are not suppressed in this session:
Severity  ID               Count  Summary                                  
WARNING   IMPDC-1629           2  The default delay limit was set to %d. T...
WARNING   IMPSP-196            1  User sets both -place_global_uniform_den...
WARNING   IMPSP-9025           1  No scan chain specified/traced.          
WARNING   IMPPSP-1321          6  Removed %d out of boundary tracks from l...
*** Message Summary: 10 warning(s), 0 error(s)

*** placeDesign #1 [finish] () : cpu/real = 0:00:08.8/0:00:21.8 (0.4), totSession cpu/real = 0:01:15.2/0:02:23.6 (0.5), mem = 2756.6M
<CMD> refinePlace
*** Starting refinePlace (0:01:15 mem=2756.6M) ***
Max route layer is changed from 127 to 10 because there is no routing track above this layer
Max route layer is changed from 127 to 10 because there is no routing track above this layer
Max route layer is changed from 127 to 10 because there is no routing track above this layer
Max route layer is changed from 127 to 10 because there is no routing track above this layer
Move report: Detail placement moves 0 insts, mean move: 0.00 um, max move: 0.00 um 
	Runtime: CPU: 0:00:00.0 REAL: 0:00:00.0 MEM: 2740.6MB
Summary Report:
Instances move: 0 (out of 125 movable)
Instances flipped: 0
Mean displacement: 0.00 um
Max displacement: 0.00 um 
Runtime: CPU: 0:00:00.0 REAL: 0:00:00.0 MEM: 2740.6MB
*** Finished refinePlace (0:01:15 mem=2740.6M) ***
<CMD> checkFPlan -reportUtil -outFile ./verify_rpt/reportUtil.rpt
Checking routing tracks.....
Checking other grids.....
Checking FINFET Grid is on Manufacture Grid.....
Checking core/die box is on Grid.....
Checking snap rule ......
Checking Row is on grid......
Checking AreaIO row.....
Checking row out of die ...
Checking routing blockage.....
Checking placement blockage.....
placeBlkGrid grid_type = 1 
Checking components.....
Checking IO Pads out of die...
Checking constraints (guide/region/fence).....

Checking Preroutes.....
No. of regular pre-routes not on tracks : 0 

Reporting Utilizations.....

Core utilization  = 74.758065
Effective Utilizations
Average macro density = 0.000.
Average module density = 0.750.
Pure std cell Density 0.750000
 Density for the design = 0.750.
       = stdcell_area 1545 sites (360 um^2) / alloc_area 2060 sites (481 um^2).
Pin Density = 0.2597.
            = total # of pins 535 / total area 2060.
*** Message Summary: 0 warning(s), 0 error(s)

<CMD> create_route_type -name leaf_rule -bottom_preferred_layer M2 -top_preferred_layer M3
<CMD> create_route_type -name trunk_rule -shield_net VSS -bottom_preferred_layer M4 -top_preferred_layer M6
<CMD> create_route_type -name top_rule -shield_net VSS -bottom_preferred_layer M7 -top_preferred_layer M8
<CMD> set_ccopt_property -net_type leaf route_type leaf_rule
<CMD> set_ccopt_property -net_type trunk route_type trunk_rule
<CMD> set_ccopt_property -net_type top route_type top_rule
<CMD> set_ccopt_property routing_top_min_fanout 10000
<CMD> set_ccopt_property target_max_trans 50ps
<CMD> set_ccopt_property buffer_cells {BUFx2_ASAP7_75t_R BUFx4_ASAP7_75t_R}
<CMD> set_ccopt_property inverter_cells {INVx2_ASAP7_75t_R INVx4_ASAP7_75t_R}
<CMD> set_ccopt_property use_inverters auto
<CMD> setOptMode -reclaimArea true -leakageToDynamicRatio 0.5 -powerEffort high -fixFanoutLoad true
<CMD> optDesign -prefix preCTS -preCTS
Executing: place_opt_design -opt -prefix preCTS
**INFO: User settings:
setExtractRCMode -engine                             preRoute
setDelayCalMode -engine                              aae
setDelayCalMode -ignoreNetLoad                       false
setOptMode -opt_fix_fanout_load                      true
setOptMode -opt_leakage_to_dynamic_ratio             0.5
setOptMode -opt_power_effort                         high
setOptMode -opt_area_recovery                        true
setPlaceMode -macroPlaceMode                         0
setPlaceMode -place_design_refine_macro              true
setPlaceMode -place_detail_preroute_as_obs           {2 3}
setPlaceMode -place_global_auto_blockage_in_channel  soft
setPlaceMode -place_global_cong_effort               high
setPlaceMode -place_global_module_aware_spare        true
setPlaceMode -place_global_uniform_density           true
setAnalysisMode -analysisType                        onChipVariation
setAnalysisMode -clkSrcPath                          true
setAnalysisMode -clockPropagation                    sdcControl
setAnalysisMode -cppr                                both
setAnalysisMode -virtualIPO                          false

*** place_opt_design #1 [begin] () : totSession cpu/real = 0:01:15.3/0:02:23.9 (0.5), mem = 2740.6M
No user sequential activity specified, applying default sequential activity of "0.2" for Dynamic Power reporting.
'set_default_switching_activity' finished successfully.
*** Starting GigaPlace ***
*** GlobalPlace #1 [begin] (place_opt_design #1) : totSession cpu/real = 0:01:15.3/0:02:23.9 (0.5), mem = 2740.6M
*** GlobalPlace #1 [finish] (place_opt_design #1) : cpu/real = 0:00:00.0/0:00:00.0 (0.0), totSession cpu/real = 0:01:15.3/0:02:23.9 (0.5), mem = 2740.6M
Enable CTE adjustment.
Enable Layer aware incrSKP.
**optDesign ... cpu = 0:00:00, real = 0:00:00, mem = 2478.3M, totSessionCpu=0:01:15 **
GigaOpt running with 1 threads.
*** InitOpt #1 [begin] (place_opt_design #1) : totSession cpu/real = 0:01:15.3/0:02:23.9 (0.5), mem = 2740.6M
**INFO: setDesignMode -flowEffort standard -> setting 'setOptMode -allEndPoints true' for the duration of this command.
Updating RC Grid density data for preRoute extraction ...
Initializing multi-corner resistance tables ...
AAE DB initialization (MEM=2769.62 CPU=0:00:00.0 REAL=0:00:00.0) 
Info: Using Genus executable '/home/share_file/cadence/installs/DDI221/GENUS221/tools.lnx86/bin/genus'.
      Genus workers will not check out additional licenses.
**INFO: No dynamic/leakage power view specified, setting up the setup view "view_typical" as power view
** WARN:  (VOLTUS_POWR-3212): The 'set_power_analysis_mode -leakage_power_view |-dynamic_power_view|-analysis_view' will be obsolete in 18.20 release. Use 'set_analysis_view -leakage <> | -dynamic <>' to set leakage and dynamic power views.

#################################################################################
# Design Stage: PreRoute
# Design Name: Adder32
# Design Mode: 90nm
# Analysis Mode: MMMC OCV 
# Parasitics Mode: No SPEF/RCDB 
# Signoff Settings: SI Off 
#################################################################################
CLK(100000MHz) 
Starting Levelizing
2026-Apr-04 15:16:08 (2026-Apr-04 08:16:08 GMT)
2026-Apr-04 15:16:08 (2026-Apr-04 08:16:08 GMT): 10%
2026-Apr-04 15:16:08 (2026-Apr-04 08:16:08 GMT): 20%
2026-Apr-04 15:16:08 (2026-Apr-04 08:16:08 GMT): 30%
2026-Apr-04 15:16:08 (2026-Apr-04 08:16:08 GMT): 40%
2026-Apr-04 15:16:08 (2026-Apr-04 08:16:08 GMT): 50%
2026-Apr-04 15:16:08 (2026-Apr-04 08:16:08 GMT): 60%
2026-Apr-04 15:16:08 (2026-Apr-04 08:16:08 GMT): 70%
2026-Apr-04 15:16:08 (2026-Apr-04 08:16:08 GMT): 80%
2026-Apr-04 15:16:08 (2026-Apr-04 08:16:08 GMT): 90%

Finished Levelizing
2026-Apr-04 15:16:08 (2026-Apr-04 08:16:08 GMT)

Starting Activity Propagation
2026-Apr-04 15:16:08 (2026-Apr-04 08:16:08 GMT)
** INFO:  (VOLTUS_POWR-1356): No default input activity has been set. Defaulting to 0.2.
Use 'set_default_switching_activity -input_activity' command to change the default activity value.

2026-Apr-04 15:16:08 (2026-Apr-04 08:16:08 GMT): 10%
2026-Apr-04 15:16:08 (2026-Apr-04 08:16:08 GMT): 20%
2026-Apr-04 15:16:08 (2026-Apr-04 08:16:08 GMT): 30%

Finished Activity Propagation
2026-Apr-04 15:16:08 (2026-Apr-04 08:16:08 GMT)
**optDesign ... cpu = 0:01:05, real = 0:02:45, mem = 2599.9M, totSessionCpu=0:02:20 **
#optDebug: { P: 90 W: 0195 FE: standard PE: high LDR: 0.5}
*** optDesign -preCTS ***
DRC Margin: user margin 0.0; extra margin 0.2
Setup Target Slack: user slack 0; extra slack 0.0
Hold Target Slack: user slack 0
**INFO: setOptMode -opt_power_effort high -> Total Power Opt will be called for all Setup Timing optDesign commands, with leakageToDynamicRatio 0.5.
**WARN: (IMPOPT-3195):	Analysis mode has changed.
Type 'man IMPOPT-3195' for more detail.
Max route layer is changed from 127 to 10 because there is no routing track above this layer
Max route layer is changed from 127 to 10 because there is no routing track above this layer
**WARN: (IMPPSP-1321):	Removed 1 out of boundary tracks from layer 2
**WARN: (IMPPSP-1321):	Removed 1 out of boundary tracks from layer 2
**WARN: (IMPPSP-1321):	Removed 1 out of boundary tracks from layer 2
**WARN: (IMPPSP-1321):	Removed 1 out of boundary tracks from layer 2
**WARN: (IMPPSP-1321):	Removed 1 out of boundary tracks from layer 2
**WARN: (IMPPSP-1321):	Removed 1 out of boundary tracks from layer 2
[NR-eGR] Early global route reroute all routable nets
[NR-eGR] Track table information for default rule: 
[NR-eGR] M1 has single uniform track structure
[NR-eGR] M2 has non-uniform track structures
[NR-eGR] M3 has single uniform track structure
[NR-eGR] M4 has single uniform track structure
[NR-eGR] M5 has single uniform track structure
[NR-eGR] M6 has single uniform track structure
[NR-eGR] M7 has single uniform track structure
[NR-eGR] M8 has single uniform track structure
[NR-eGR] M9 has single uniform track structure
[NR-eGR] Pad has single uniform track structure
[NR-eGR] Read 24 PG shapes
[NR-eGR] Read 0 clock shapes
[NR-eGR] Read 0 other shapes
[NR-eGR] #Routing Blockages  : 0
[NR-eGR] #Bump Blockages     : 0
[NR-eGR] #Instance Blockages : 220
[NR-eGR] #PG Blockages       : 24
[NR-eGR] #Halo Blockages     : 0
[NR-eGR] #Boundary Blockages : 0
[NR-eGR] #Clock Blockages    : 0
[NR-eGR] #Other Blockages    : 0
[NR-eGR] Num Prerouted Nets = 0  Num Prerouted Wires = 0
[NR-eGR] Read 190 nets ( ignored 0 )
[NR-eGR] There are 1 clock nets ( 0 with NDR ).
[NR-eGR] ============ Routing rule table ============
[NR-eGR] Rule id: 0  Rule name: (Default)  Nets: 190
[NR-eGR] ========================================
[NR-eGR] 
[NR-eGR] Layer group 1: route 190 net(s) in layer range [2, 10]
[NR-eGR] Early Global Route overflow of layer group 1: 0.00% H + 0.00% V. EstWL: 3.290760e+03um
[NR-eGR] Congestion Analysis By layer: (blocked Gcells are excluded) 
[NR-eGR]                        OverCon            
[NR-eGR]                         #Gcell     %Gcell
[NR-eGR]        Layer             (1-0)    OverCon
[NR-eGR] ----------------------------------------------
[NR-eGR]      M1 ( 1)         0( 0.00%)   ( 0.00%) 
[NR-eGR]      M2 ( 2)         0( 0.00%)   ( 0.00%) 
[NR-eGR]      M3 ( 3)         0( 0.00%)   ( 0.00%) 
[NR-eGR]      M4 ( 4)         0( 0.00%)   ( 0.00%) 
[NR-eGR]      M5 ( 5)         0( 0.00%)   ( 0.00%) 
[NR-eGR]      M6 ( 6)         0( 0.00%)   ( 0.00%) 
[NR-eGR]      M7 ( 7)         0( 0.00%)   ( 0.00%) 
[NR-eGR]      M8 ( 8)         0( 0.00%)   ( 0.00%) 
[NR-eGR]      M9 ( 9)         0( 0.00%)   ( 0.00%) 
[NR-eGR]     Pad (10)         0( 0.00%)   ( 0.00%) 
[NR-eGR] ----------------------------------------------
[NR-eGR]        Total         0( 0.00%)   ( 0.00%) 
[NR-eGR] 
[NR-eGR] Overflow after Early Global Route 0.00% H + 0.00% V
[NR-eGR] Connected 0 must-join pins/ports (post-process)
[NR-eGR] Total eGR-routed clock nets wire length: 107um, number of vias: 90
[NR-eGR] --------------------------------------------------------------------------
[NR-eGR]              Length (um)  Vias 
[NR-eGR] -------------------------------
[NR-eGR]  M1   (1V)             0   314 
[NR-eGR]  M2   (2H)          1271   655 
[NR-eGR]  M3   (3V)          1214   178 
[NR-eGR]  M4   (4H)           770     8 
[NR-eGR]  M5   (5V)            90     2 
[NR-eGR]  M6   (6H)            10     0 
[NR-eGR]  M7   (7V)             0     0 
[NR-eGR]  M8   (8H)             0     0 
[NR-eGR]  M9   (9V)             0     0 
[NR-eGR]  Pad  (10H)            0     0 
[NR-eGR] -------------------------------
[NR-eGR]       Total         3355  1157 
[NR-eGR] --------------------------------------------------------------------------
[NR-eGR] Total half perimeter of net bounding box: 3248um
[NR-eGR] Total length: 3355um, number of vias: 1157
[NR-eGR] --------------------------------------------------------------------------
[NR-eGR] Finished Early Global Route kernel ( CPU: 0.04 sec, Real: 0.10 sec, Curr Mem: 2.78 MB )
Extraction called for design 'Adder32' of instances=125 and nets=223 using extraction engine 'preRoute' .
**WARN: (IMPEXT-3530):	The process node is not set. Use the command setDesignMode -process <process node> prior to extraction for maximum accuracy and optimal automatic threshold setting.
Type 'man IMPEXT-3530' for more detail.
PreRoute RC Extraction called for design Adder32.
RC Extraction called in multi-corner(1) mode.
**WARN: (IMPEXT-6197):	The Cap table file is not specified. This will result in lower parasitic accuracy when using preRoute extraction or postRoute extraction with effort level 'low'. It is recommended to generate the Cap table file using the 'generateCapTbl' command and specify it before extraction using 'create_rc_corner/update_rc_corner -cap_table'.
Type 'man IMPEXT-6197' for more detail.
RCMode: PreRoute
      RC Corner Indexes            0   
Capacitance Scaling Factor   : 1.00000 
Resistance Scaling Factor    : 1.00000 
Clock Cap. Scaling Factor    : 1.00000 
Clock Res. Scaling Factor    : 1.00000 
Shrink Factor                : 1.00000
PreRoute extraction is honoring NDR/Shielding/ExtraSpace for clock nets.
Updating RC Grid density data for preRoute extraction ...
Initializing multi-corner resistance tables ...
PreRoute RC Extraction DONE (CPU Time: 0:00:00.0  Real Time: 0:00:00.0  MEM: 2871.516M)
Starting delay calculation for Setup views
AAE_INFO: opIsDesignInPostRouteState() is 0
#################################################################################
# Design Stage: PreRoute
# Design Name: Adder32
# Design Mode: 90nm
# Analysis Mode: MMMC OCV 
# Parasitics Mode: No SPEF/RCDB 
# Signoff Settings: SI Off 
#################################################################################
Start delay calculation (fullDC) (1 T). (MEM=2902.44)
**WARN: (IMPEXT-2882):	Unable to find the resistance for via 'VIA12' in Cap table or LEF or OA files. The default value of 4.0 ohms is being assigned. To avoid this, check the Cap table and LEF and OA files, provide the resistance and read the files again.
**WARN: (IMPEXT-2882):	Unable to find the resistance for via 'VIA23' in Cap table or LEF or OA files. The default value of 4.0 ohms is being assigned. To avoid this, check the Cap table and LEF and OA files, provide the resistance and read the files again.
**WARN: (IMPEXT-2882):	Unable to find the resistance for via 'VIA34' in Cap table or LEF or OA files. The default value of 4.0 ohms is being assigned. To avoid this, check the Cap table and LEF and OA files, provide the resistance and read the files again.
**WARN: (IMPEXT-2882):	Unable to find the resistance for via 'VIA45' in Cap table or LEF or OA files. The default value of 4.0 ohms is being assigned. To avoid this, check the Cap table and LEF and OA files, provide the resistance and read the files again.
**WARN: (IMPEXT-2882):	Unable to find the resistance for via 'VIA56' in Cap table or LEF or OA files. The default value of 4.0 ohms is being assigned. To avoid this, check the Cap table and LEF and OA files, provide the resistance and read the files again.
Total number of fetched objects 221
End delay calculation. (MEM=3272.32 CPU=0:00:00.1 REAL=0:00:00.0)
End delay calculation (fullDC). (MEM=2964.32 CPU=0:00:00.6 REAL=0:00:02.0)
*** Done Building Timing Graph (cpu=0:00:00.8 real=0:00:02.0 totSessionCpu=0:02:23 mem=2964.3M)

------------------------------------------------------------------
             Initial Summary
------------------------------------------------------------------

Setup views included:
 view_typical 

+--------------------+---------+
|     Setup mode     |   all   |
+--------------------+---------+
|           WNS (ns):| -1.698  |
|           TNS (ns):| -28.724 |
|    Violating Paths:|   32    |
|          All Paths:|   32    |
+--------------------+---------+

+----------------+-------------------------------+------------------+
|                |              Real             |       Total      |
|    DRVs        +------------------+------------+------------------|
|                |  Nr nets(terms)  | Worst Vio  |  Nr nets(terms)  |
+----------------+------------------+------------+------------------+
|   max_cap      |      0 (0)       |   0.000    |      0 (0)       |
|   max_tran     |      0 (0)       |   0.000    |      0 (0)       |
|   max_fanout   |      0 (0)       |     0      |      0 (0)       |
|   max_length   |      0 (0)       |     0      |      0 (0)       |
+----------------+------------------+------------+------------------+

Density: 75.000%
------------------------------------------------------------------
**optDesign ... cpu = 0:01:07, real = 0:02:51, mem = 2731.1M, totSessionCpu=0:02:23 **
*** InitOpt #1 [finish] (place_opt_design #1) : cpu/real = 0:01:07.4/0:02:51.1 (0.4), totSession cpu/real = 0:02:22.7/0:05:15.0 (0.5), mem = 2924.4M
** INFO : this run is activating medium effort placeOptDesign flow
*** ExcludedClockNetOpt #1 [begin] (place_opt_design #1) : totSession cpu/real = 0:02:22.7/0:05:15.1 (0.5), mem = 2924.4M
*** Starting optimizing excluded clock nets MEM= 2924.4M) ***
*info: No excluded clock nets to be optimized.
*** Finished optimizing excluded clock nets (CPU Time= 0:00:00.0  MEM= 2924.4M) ***
*** ExcludedClockNetOpt #1 [finish] (place_opt_design #1) : cpu/real = 0:00:00.0/0:00:00.0 (0.0), totSession cpu/real = 0:02:22.7/0:05:15.1 (0.5), mem = 2924.4M
Begin: GigaOpt Route Type Constraints Refinement
*** CongRefineRouteType #1 [begin] (place_opt_design #1) : totSession cpu/real = 0:02:22.7/0:05:15.1 (0.5), mem = 2924.4M
Updated routing constraints on 0 nets.
Bottom Preferred Layer:
    None
Via Pillar Rule:
    None
*** CongRefineRouteType #1 [finish] (place_opt_design #1) : cpu/real = 0:00:00.0/0:00:00.0 (2.8), totSession cpu/real = 0:02:22.8/0:05:15.1 (0.5), mem = 2924.4M
End: GigaOpt Route Type Constraints Refinement
env CDS_WORKAREA is set to /data/tkvm2/Asap7design/asap7_design

Power Net Detected:
        Voltage	    Name
             0V	    VSS
          0.77V	    VDD
Using Power View: view_typical.

Begin Power Analysis

             0V	    VSS
          0.77V	    VDD

Begin Processing Timing Library for Power Calculation

Ended Processing Timing Library for Power Calculation: (cpu=0:00:00, real=0:00:00, mem(process/total/peak)=2732.53MB/4954.22MB/2732.54MB)



Begin Processing Power Net/Grid for Power Calculation

Ended Processing Power Net/Grid for Power Calculation: (cpu=0:00:00, real=0:00:00, mem(process/total/peak)=2732.56MB/4954.22MB/2732.57MB)

Begin Processing Timing Window Data for Power Calculation

CLK(100000MHz) Ended Processing Timing Window Data for Power Calculation: (cpu=0:00:00, real=0:00:00, mem(process/total/peak)=2732.58MB/4954.22MB/2732.58MB)

Begin Processing User Attributes

Ended Processing User Attributes: (cpu=0:00:00, real=0:00:00, mem(process/total/peak)=2732.59MB/4954.22MB/2732.59MB)

Begin Processing Signal Activity


Starting Levelizing
2026-Apr-04 15:18:22 (2026-Apr-04 08:18:22 GMT)
2026-Apr-04 15:18:22 (2026-Apr-04 08:18:22 GMT): 10%
2026-Apr-04 15:18:22 (2026-Apr-04 08:18:22 GMT): 20%
2026-Apr-04 15:18:22 (2026-Apr-04 08:18:22 GMT): 30%
2026-Apr-04 15:18:22 (2026-Apr-04 08:18:22 GMT): 40%
2026-Apr-04 15:18:22 (2026-Apr-04 08:18:22 GMT): 50%
2026-Apr-04 15:18:22 (2026-Apr-04 08:18:22 GMT): 60%
2026-Apr-04 15:18:22 (2026-Apr-04 08:18:22 GMT): 70%
2026-Apr-04 15:18:22 (2026-Apr-04 08:18:22 GMT): 80%
2026-Apr-04 15:18:22 (2026-Apr-04 08:18:22 GMT): 90%

Finished Levelizing
2026-Apr-04 15:18:22 (2026-Apr-04 08:18:22 GMT)

Starting Activity Propagation
2026-Apr-04 15:18:22 (2026-Apr-04 08:18:22 GMT)
2026-Apr-04 15:18:22 (2026-Apr-04 08:18:22 GMT): 10%
2026-Apr-04 15:18:22 (2026-Apr-04 08:18:22 GMT): 20%
2026-Apr-04 15:18:22 (2026-Apr-04 08:18:22 GMT): 30%

Finished Activity Propagation
2026-Apr-04 15:18:22 (2026-Apr-04 08:18:22 GMT)
Ended Processing Signal Activity: (cpu=0:00:00, real=0:00:00, mem(process/total/peak)=2732.61MB/4954.22MB/2732.61MB)

Begin Power Computation

      ----------------------------------------------------------
      # of cell(s) missing both power/leakage table: 0
      # of cell(s) missing power table: 0
      # of cell(s) missing leakage table: 0
      ----------------------------------------------------------



Starting Calculating power
2026-Apr-04 15:18:22 (2026-Apr-04 08:18:22 GMT)
 ... Calculating switching power
2026-Apr-04 15:18:22 (2026-Apr-04 08:18:22 GMT): 10%
2026-Apr-04 15:18:22 (2026-Apr-04 08:18:22 GMT): 20%
2026-Apr-04 15:18:22 (2026-Apr-04 08:18:22 GMT): 30%
2026-Apr-04 15:18:22 (2026-Apr-04 08:18:22 GMT): 40%
2026-Apr-04 15:18:22 (2026-Apr-04 08:18:22 GMT): 50%
2026-Apr-04 15:18:22 (2026-Apr-04 08:18:22 GMT): 60%
 ... Calculating internal and leakage power
2026-Apr-04 15:18:22 (2026-Apr-04 08:18:22 GMT): 70%
2026-Apr-04 15:18:22 (2026-Apr-04 08:18:22 GMT): 80%
2026-Apr-04 15:18:22 (2026-Apr-04 08:18:22 GMT): 90%

Finished Calculating power
2026-Apr-04 15:18:22 (2026-Apr-04 08:18:22 GMT)
      # of MSMV cell(s) missing power_level: 0
Ended Power Computation: (cpu=0:00:00, real=0:00:00, mem(process/total/peak)=2733.16MB/4954.22MB/2733.16MB)

Begin Processing User Attributes

Begin Processing set_power
Ended Processing set_power: (cpu=0:00:00, real=0:00:00,
mem(process/total/peak)=2733.16MB/4954.22MB/2733.22MB)
Ended Processing User Attributes: (cpu=0:00:00, real=0:00:00, mem(process/total/peak)=2733.22MB/4954.22MB/2733.23MB)

Ended Power Analysis: (cpu=0:00:00, real=0:00:00, mem(process/total/peak)=2733.23MB/4954.22MB/2733.23MB)

Begin Boundary Leakage Calculation
Ended Boundary Leakage Calculation: (cpu=0:00:00, real=0:00:00,
mem(process/total/peak)=2733.30MB/4954.22MB/2733.30MB)
Begin Static Power Report Generation
*----------------------------------------------------------------------------------------
*	Innovus 22.17-s086_1 (64bit) 09/24/2024 10:51 (Linux 3.10.0-693.el7.x86_64)
*	
*
* 	Date & Time:	2026-Apr-04 15:18:22 (2026-Apr-04 08:18:22 GMT)
*
*----------------------------------------------------------------------------------------
*
*	Design: Adder32
*
*	Parasitic Files used:
*
*	Power Units = 1mW
*
*	Time Units = 1e-12 secs
*
*       report_power
*
-----------------------------------------------------------------------------------------
*



Total Power
-----------------------------------------------------------------------------------------
Total Internal Power:        7.88190088 	   66.7809%
Total Switching Power:       3.92070886 	   33.2189%
Total Leakage Power:         0.00002461 	    0.0002%
Total Power:                11.80263436
-----------------------------------------------------------------------------------------


Group                           Internal   Switching     Leakage       Total  Percentage 
                                Power      Power         Power         Power  (%)        
-----------------------------------------------------------------------------------------
Sequential                         6.639       1.226   1.004e-05       7.864       66.63
Macro                                  0           0           0           0           0
IO                                     0           0           0           0           0
Combinational                      1.243       2.695   1.457e-05       3.938       33.37
Clock (Combinational)                  0           0           0           0           0
Clock (Sequential)                     0           0           0           0           0
-----------------------------------------------------------------------------------------
Total                              7.882       3.921   2.461e-05        11.8         100
-----------------------------------------------------------------------------------------


Rail                  Voltage   Internal   Switching     Leakage       Total  Percentage 
                                Power      Power         Power         Power  (%)        
-----------------------------------------------------------------------------------------
VDD                      0.77      7.882       3.921   2.461e-05        11.8         100
 
 
-----------------------------------------------------------------------------------------
*	Power Distribution Summary: 
*              Highest Average Power:                oS_reg[14] (DFFHQx4_ASAP7_75t_R):           0.2657
*              Highest Leakage Power:                oS_reg[11] (DFFHQx4_ASAP7_75t_R):        3.138e-07
*                Total Cap:      4.24551e-13 F
*                Total instances in design:   125
*                Total instances in design with no power:     0
*                Total instances in design with no activty:     0

*                Total Fillers and Decap:     0
-----------------------------------------------------------------------------------------
 
** INFO:  (VOLTUS_POWR-3465): There are 0 decaps and 0 fillers in the design

Ended Static Power Report Generation: (cpu=0:00:00, real=0:00:00,
mem(process/total/peak)=2733.58MB/4954.22MB/2733.67MB)

 Design has 156 nets in selected transition density range, driven by 63 HVT insts, 93 MVT insts and 0 LVT insts
Begin: Forced Downsizing 
** Forced Downsizing WNS Slack -1.698  TNS Slack -28.724  Density 75.000 
(I,S,L,T): view_typical: 7.94543, 4.91254, 2.4626e-05, 12.858
+---------+---------+--------+--------+------------+--------+
| Density | Commits |  WNS   |  TNS   |    Real    |  Mem   |
+---------+---------+--------+--------+------------+--------+
|   75.00%|        -|  -1.698| -28.724|   0:00:00.0| 2924.4M|
|   75.00%|        -|  -1.698| -28.724|   0:00:00.0| 2924.4M|
+---------+---------+--------+--------+------------+--------+
Change summary: 0 (0/0/0) / 0 (0/0/0) sequential/combinational (up/down/same) sizing moves committed. 
** Forced Downsizing WNS Slack -1.698  TNS Slack -28.724  Density 75.000 
End: Forced Downsizing 
The useful skew maximum allowed delay is: 0.15
#InfoCS: Num dontuse cells 0, Num usable cells 849
optDesignOneStep: Power Flow
#InfoCS: Num dontuse cells 0, Num usable cells 849
*** SimplifyNetlist #1 [begin] (place_opt_design #1) : totSession cpu/real = 0:02:24.5/0:05:18.8 (0.5), mem = 2922.4M
Info: 1 clock net  excluded from IPO operation.
(I,S,L,T): view_typical: 7.94543, 4.91254, 2.4626e-05, 12.858

Footprint cell information for calculating maxBufDist
*info: There are 58 candidate Buffer cells
*info: There are 84 candidate Inverter cells


Netlist preparation processing... 
Removed 0 instance
*info: Marking 0 isolation instances dont touch
*info: Marking 0 level shifter instances dont touch
(I,S,L,T): view_typical: 7.94543, 4.91254, 2.4626e-05, 12.858
*** SimplifyNetlist #1 [finish] (place_opt_design #1) : cpu/real = 0:00:06.3/0:00:12.7 (0.5), totSession cpu/real = 0:02:30.8/0:05:31.5 (0.5), mem = 2939.5M
Running new flow changes for HFN
Begin: GigaOpt high fanout net optimization
*** DrvOpt #1 [begin] (place_opt_design #1) : totSession cpu/real = 0:02:30.8/0:05:31.5 (0.5), mem = 2939.5M
Info: 1 clock net  excluded from IPO operation.
(I,S,L,T): view_typical: 7.94543, 4.91254, 2.4626e-05, 12.858
(I,S,L,T): view_typical: 7.94543, 4.91254, 2.4626e-05, 12.858
*** DrvOpt #1 [finish] (place_opt_design #1) : cpu/real = 0:00:05.1/0:00:09.9 (0.5), totSession cpu/real = 0:02:35.9/0:05:41.4 (0.5), mem = 2939.7M
End: GigaOpt high fanout net optimization
#InfoCS: Num dontuse cells 0, Num usable cells 849
optDesignOneStep: Power Flow
#InfoCS: Num dontuse cells 0, Num usable cells 849
Info: 1 clock net  excluded from IPO operation.

Begin: Area Power Optimization
Begin: Area Power Reclaim Optimization
*** AreaOpt #1 [begin] (place_opt_design #1) : totSession cpu/real = 0:02:36.0/0:05:41.5 (0.5), mem = 2997.8M
(I,S,L,T): view_typical: 7.94543, 4.91254, 2.4626e-05, 12.858
Reclaim Optimization WNS Slack -1.698  TNS Slack -28.724 Density 75.00
+---------+---------+--------+--------+------------+--------+
| Density | Commits |  WNS   |  TNS   |    Real    |  Mem   |
+---------+---------+--------+--------+------------+--------+
|   75.00%|        -|  -1.698| -28.724|   0:00:00.0| 2997.8M|
|   75.00%|        0|  -1.698| -28.724|   0:00:00.0| 2997.8M|
|   75.00%|        0|  -1.698| -28.724|   0:00:00.0| 2997.8M|
|   75.00%|        0|  -1.698| -28.724|   0:00:00.0| 2997.8M|
|   75.00%|        0|  -1.698| -28.724|   0:00:03.0| 2997.8M|
+---------+---------+--------+--------+------------+--------+
Reclaim Optimization End WNS Slack -1.698  TNS Slack -28.724 Density 75.00
Bottom Preferred Layer:
    None
Via Pillar Rule:
    None

Number of times islegalLocAvaiable called = 0 skipped = 0, called in commitmove = 0, skipped in commitmove = 0
End: Core Area Reclaim Optimization (cpu = 0:00:03.9) (real = 0:00:09.0) **
(I,S,L,T): view_typical: 7.94543, 4.91254, 2.4626e-05, 12.858
*** AreaOpt #1 [finish] (place_opt_design #1) : cpu/real = 0:00:03.9/0:00:08.5 (0.5), totSession cpu/real = 0:02:39.9/0:05:50.0 (0.5), mem = 2997.8M
End: Area Reclaim Optimization (cpu=0:00:04, real=0:00:09, mem=2939.81M, totSessionCpu=0:02:40).
skipped the cell partition in DRV

Active setup views:
 view_typical
  Dominating endpoints: 0
  Dominating TNS: -0.000

Leakage Power Opt: re-selecting buf/inv list 
#InfoCS: Num dontuse cells 0, Num usable cells 849
optDesignOneStep: Power Flow
#InfoCS: Num dontuse cells 0, Num usable cells 849
Begin: GigaOpt Global Optimization
*info: use new DP (enabled)
Info: 1 clock net  excluded from IPO operation.
*** GlobalOpt #1 [begin] (place_opt_design #1) : totSession cpu/real = 0:02:40.0/0:05:50.1 (0.5), mem = 2998.0M
(I,S,L,T): view_typical: 7.94543, 4.91254, 2.4626e-05, 12.858
*info: 1 clock net excluded
** GigaOpt Global Opt WNS Slack -1.698  TNS Slack -28.724 
+--------+--------+---------+------------+--------+------------+---------+--------------+
|  WNS   |  TNS   | Density |    Real    |  Mem   | Worst View |Pathgroup|  End Point   |
+--------+--------+---------+------------+--------+------------+---------+--------------+
|  -1.698| -28.724|   75.00%|   0:00:00.0| 2998.0M|view_typical|  default| oS_reg[31]/D |
|  -1.212| -21.160|   76.84%|   0:00:01.0| 3029.6M|view_typical|  default| oS_reg[31]/D |
|  -1.212| -21.160|   76.84%|   0:00:00.0| 3029.6M|view_typical|  default| oS_reg[31]/D |
|  -1.201| -20.651|   76.80%|   0:00:00.0| 3029.6M|view_typical|  default| oS_reg[31]/D |
|  -0.947| -16.148|   76.94%|   0:00:00.0| 3029.6M|view_typical|  default| oS_reg[30]/D |
|  -0.895| -15.503|   77.48%|   0:00:00.0| 3033.2M|view_typical|  default| oS_reg[30]/D |
|  -0.895| -15.503|   77.48%|   0:00:00.0| 3033.2M|view_typical|  default| oS_reg[30]/D |
|  -0.895| -15.503|   77.48%|   0:00:00.0| 3033.2M|view_typical|  default| oS_reg[30]/D |
|  -0.832| -14.480|   77.67%|   0:00:01.0| 3033.2M|view_typical|  default| oS_reg[31]/D |
|  -0.809| -14.161|   77.86%|   0:00:00.0| 3034.2M|view_typical|  default| oS_reg[31]/D |
|  -0.809| -14.161|   77.86%|   0:00:00.0| 3034.2M|view_typical|  default| oS_reg[31]/D |
|  -0.809| -14.161|   77.86%|   0:00:00.0| 3034.2M|view_typical|  default| oS_reg[31]/D |
|  -0.773| -13.662|   77.96%|   0:00:00.0| 3034.2M|view_typical|  default| oS_reg[31]/D |
|  -0.773| -13.662|   77.96%|   0:00:00.0| 3034.2M|view_typical|  default| oS_reg[31]/D |
|  -0.773| -13.662|   77.96%|   0:00:00.0| 3034.2M|view_typical|  default| oS_reg[31]/D |
|  -0.773| -13.662|   77.96%|   0:00:00.0| 3034.2M|view_typical|  default| oS_reg[31]/D |
|  -0.741| -13.062|   78.01%|   0:00:00.0| 3034.2M|view_typical|  default| oS_reg[31]/D |
|  -0.741| -13.062|   78.01%|   0:00:01.0| 3034.2M|view_typical|  default| oS_reg[31]/D |
|  -0.741| -13.062|   78.01%|   0:00:00.0| 3034.2M|view_typical|  default| oS_reg[31]/D |
|  -0.741| -13.062|   78.01%|   0:00:00.0| 3034.2M|view_typical|  default| oS_reg[31]/D |
|  -0.731| -12.820|   78.11%|   0:00:00.0| 3034.2M|view_typical|  default| oS_reg[31]/D |
|  -0.731| -12.820|   78.11%|   0:00:00.0| 3034.2M|view_typical|  default| oS_reg[31]/D |
+--------+--------+---------+------------+--------+------------+---------+--------------+

*** Finish pre-CTS Global Setup Fixing (cpu=0:00:02.2 real=0:00:03.0 mem=3034.2M) ***

*** Finish pre-CTS Setup Fixing (cpu=0:00:02.2 real=0:00:03.0 mem=3034.2M) ***
Bottom Preferred Layer:
+-----------+------------+----------+
|   Layer   |   OPT_LA   |   Rule   |
+-----------+------------+----------+
| M5 (z=5)  |          8 | default  |
+-----------+------------+----------+
Via Pillar Rule:
    None
** GigaOpt Global Opt End WNS Slack -0.731  TNS Slack -12.820 
(I,S,L,T): view_typical: 8.41037, 4.93808, 0.000308122, 13.3488
*** GlobalOpt #1 [finish] (place_opt_design #1) : cpu/real = 0:00:19.4/0:00:35.8 (0.5), totSession cpu/real = 0:02:59.4/0:06:25.9 (0.5), mem = 2954.2M
End: GigaOpt Global Optimization
Leakage Power Opt: resetting the buf/inv selection
*** Timing NOT met, worst failing slack is -0.731
*** Check timing (0:00:00.0)
#InfoCS: Num dontuse cells 0, Num usable cells 849
optDesignOneStep: Power Flow
#InfoCS: Num dontuse cells 0, Num usable cells 849
Info: 1 clock net  excluded from IPO operation.

Begin: Area Power Optimization
Begin: Area Power Reclaim Optimization
*** AreaOpt #2 [begin] (place_opt_design #1) : totSession cpu/real = 0:02:59.4/0:06:26.0 (0.5), mem = 3012.4M
(I,S,L,T): view_typical: 8.41037, 4.93808, 0.000308122, 13.3488
Reclaim Optimization WNS Slack -0.731  TNS Slack -12.820 Density 78.11
+---------+---------+--------+--------+------------+--------+
| Density | Commits |  WNS   |  TNS   |    Real    |  Mem   |
+---------+---------+--------+--------+------------+--------+
|   78.11%|        -|  -0.731| -12.820|   0:00:00.0| 3014.4M|
|   77.62%|        5|  -0.715| -12.521|   0:00:01.0| 3033.4M|
|   77.62%|        0|  -0.715| -12.521|   0:00:00.0| 3033.4M|
|   77.62%|        0|  -0.715| -12.521|   0:00:00.0| 3033.4M|
|   77.18%|       10|  -0.708| -12.383|   0:00:00.0| 3033.4M|
|   77.18%|        0|  -0.708| -12.383|   0:00:00.0| 3033.4M|
|   77.18%|        0|  -0.708| -12.383|   0:00:01.0| 3033.4M|
|   77.18%|        0|  -0.708| -12.383|   0:00:00.0| 3033.4M|
+---------+---------+--------+--------+------------+--------+
Reclaim Optimization End WNS Slack -0.708  TNS Slack -12.383 Density 77.18
Bottom Preferred Layer:
+-----------+------------+----------+
|   Layer   |   OPT_LA   |   Rule   |
+-----------+------------+----------+
| M5 (z=5)  |          8 | default  |
+-----------+------------+----------+
Via Pillar Rule:
    None

Number of times islegalLocAvaiable called = 0 skipped = 0, called in commitmove = 0, skipped in commitmove = 0
End: Core Area Reclaim Optimization (cpu = 0:00:04.3) (real = 0:00:04.0) **
(I,S,L,T): view_typical: 8.46654, 4.74348, 0.000338928, 13.2104
*** AreaOpt #2 [finish] (place_opt_design #1) : cpu/real = 0:00:04.3/0:00:04.5 (1.0), totSession cpu/real = 0:03:03.8/0:06:30.5 (0.5), mem = 3033.4M
End: Area Reclaim Optimization (cpu=0:00:04, real=0:00:04, mem=2956.45M, totSessionCpu=0:03:04).
*** IncrReplace #1 [begin] (place_opt_design #1) : totSession cpu/real = 0:03:03.8/0:06:30.6 (0.5), mem = 2956.4M

*** Start incrementalPlace ***
No Views given, use default active views for adaptive view pruning
SKP will enable view:
  view_typical
Max route layer is changed from 127 to 10 because there is no routing track above this layer
Max route layer is changed from 127 to 10 because there is no routing track above this layer
[NR-eGR] Started Early Global Route kernel ( Curr Mem: 2.88 MB )
**WARN: (IMPPSP-1321):	Removed 1 out of boundary tracks from layer 2
**WARN: (IMPPSP-1321):	Removed 1 out of boundary tracks from layer 2
**WARN: (IMPPSP-1321):	Removed 1 out of boundary tracks from layer 2
**WARN: (IMPPSP-1321):	Removed 1 out of boundary tracks from layer 2
**WARN: (IMPPSP-1321):	Removed 1 out of boundary tracks from layer 2
**WARN: (IMPPSP-1321):	Removed 1 out of boundary tracks from layer 2
[NR-eGR] Early global route reroute all routable nets
[NR-eGR] Track table information for default rule: 
[NR-eGR] M1 has single uniform track structure
[NR-eGR] M2 has non-uniform track structures
[NR-eGR] M3 has single uniform track structure
[NR-eGR] M4 has single uniform track structure
[NR-eGR] M5 has single uniform track structure
[NR-eGR] M6 has single uniform track structure
[NR-eGR] M7 has single uniform track structure
[NR-eGR] M8 has single uniform track structure
[NR-eGR] M9 has single uniform track structure
[NR-eGR] Pad has single uniform track structure
[NR-eGR] Read 24 PG shapes
[NR-eGR] Read 0 clock shapes
[NR-eGR] Read 0 other shapes
[NR-eGR] #Routing Blockages  : 0
[NR-eGR] #Bump Blockages     : 0
[NR-eGR] #Instance Blockages : 220
[NR-eGR] #PG Blockages       : 24
[NR-eGR] #Halo Blockages     : 0
[NR-eGR] #Boundary Blockages : 0
[NR-eGR] #Clock Blockages    : 0
[NR-eGR] #Other Blockages    : 0
[NR-eGR] Num Prerouted Nets = 0  Num Prerouted Wires = 0
[NR-eGR] Read 198 nets ( ignored 0 )
[NR-eGR] There are 1 clock nets ( 0 with NDR ).
[NR-eGR] ============ Routing rule table ============
[NR-eGR] Rule id: 0  Rule name: (Default)  Nets: 198
[NR-eGR] ========================================
[NR-eGR] 
[NR-eGR] Layer group 1: route 8 net(s) in layer range [5, 10]
[NR-eGR] Early Global Route overflow of layer group 1: 0.00% H + 0.00% V. EstWL: 1.317600e+02um
[NR-eGR] Layer group 2: route 190 net(s) in layer range [2, 10]
[NR-eGR] Early Global Route overflow of layer group 2: 0.00% H + 0.00% V. EstWL: 3.267000e+03um
[NR-eGR] Congestion Analysis By layer: (blocked Gcells are excluded) 
[NR-eGR]                        OverCon            
[NR-eGR]                         #Gcell     %Gcell
[NR-eGR]        Layer               (1)    OverCon
[NR-eGR] ----------------------------------------------
[NR-eGR]      M1 ( 1)         0( 0.00%)   ( 0.00%) 
[NR-eGR]      M2 ( 2)         2( 0.11%)   ( 0.11%) 
[NR-eGR]      M3 ( 3)         0( 0.00%)   ( 0.00%) 
[NR-eGR]      M4 ( 4)         0( 0.00%)   ( 0.00%) 
[NR-eGR]      M5 ( 5)         0( 0.00%)   ( 0.00%) 
[NR-eGR]      M6 ( 6)         0( 0.00%)   ( 0.00%) 
[NR-eGR]      M7 ( 7)         0( 0.00%)   ( 0.00%) 
[NR-eGR]      M8 ( 8)         0( 0.00%)   ( 0.00%) 
[NR-eGR]      M9 ( 9)         0( 0.00%)   ( 0.00%) 
[NR-eGR]     Pad (10)         0( 0.00%)   ( 0.00%) 
[NR-eGR] ----------------------------------------------
[NR-eGR]        Total         2( 0.01%)   ( 0.01%) 
[NR-eGR] 
[NR-eGR] Overflow after Early Global Route 0.00% H + 0.00% V
[NR-eGR] Finished Early Global Route kernel ( CPU: 0.03 sec, Real: 0.03 sec, Curr Mem: 2.88 MB )
Early Global Route congestion estimation runtime: 0.04 seconds, mem = 2958.4M
Local HotSpot Analysis: normalized max congestion hotspot area = 0.00, normalized total congestion hotspot area = 0.00 (area is in unit of 4 std-cell row bins)

=== incrementalPlace Internal Loop 1 ===
No spares found within logical modules, disabling '-moduleAwareSpare'.
[spp] 0
*** Finished SKP initialization (cpu=0:00:00.1, real=0:00:00.0)***
Max route layer is changed from 127 to 10 because there is no routing track above this layer
Max route layer is changed from 127 to 10 because there is no routing track above this layer
[NR-eGR] Started Early Global Route kernel ( Curr Mem: 2.88 MB )
Iteration  4: Total net bbox = 2.974e+03 (1.86e+03 1.11e+03)
              Est.  stn bbox = 3.026e+03 (1.88e+03 1.15e+03)
              cpu = 0:00:00.1 real = 0:00:00.0 mem = 2958.1M
Iteration  5: Total net bbox = 3.054e+03 (1.89e+03 1.17e+03)
              Est.  stn bbox = 3.105e+03 (1.90e+03 1.20e+03)
              cpu = 0:00:00.1 real = 0:00:01.0 mem = 2942.1M
Iteration  6: Total net bbox = 3.127e+03 (1.94e+03 1.19e+03)
              Est.  stn bbox = 3.179e+03 (1.96e+03 1.22e+03)
              cpu = 0:00:00.2 real = 0:00:00.0 mem = 2942.1M
Iteration  7: Total net bbox = 3.148e+03 (1.94e+03 1.20e+03)
              Est.  stn bbox = 3.200e+03 (1.96e+03 1.24e+03)
              cpu = 0:00:00.4 real = 0:00:03.0 mem = 2942.1M
Iteration  8: Total net bbox = 3.129e+03 (1.93e+03 1.20e+03)
              Est.  stn bbox = 3.181e+03 (1.94e+03 1.24e+03)
              cpu = 0:00:00.1 real = 0:00:00.0 mem = 2958.1M
Move report: Timing Driven Placement moves 133 insts, mean move: 2.40 um, max move: 9.03 um 
	Max move on inst (oS_reg[22]): (17.50, 25.06) --> (12.78, 29.37)

Finished Incremental Placement (cpu=0:00:01.0, real=0:00:04.0, mem=2942.1M)
Begin: Reorder Scan Chains
**WARN: (IMPSP-9025):	No scan chain specified/traced.
Type 'man IMPSP-9025' for more detail.
End: Reorder Scan Chains
*** Starting refinePlace (0:03:05 mem=2942.1M) ***
Total net bbox length = 3.240e+03 (2.009e+03 1.231e+03) (ext = 2.578e+03)
Max route layer is changed from 127 to 10 because there is no routing track above this layer
Max route layer is changed from 127 to 10 because there is no routing track above this layer
Max route layer is changed from 127 to 10 because there is no routing track above this layer
Max route layer is changed from 127 to 10 because there is no routing track above this layer
Move report: Detail placement moves 133 insts, mean move: 0.08 um, max move: 0.98 um 
	Max move on inst (oS_reg[19]): (18.22, 24.66) --> (17.93, 23.98)
	Runtime: CPU: 0:00:00.1 REAL: 0:00:00.0 MEM: 2944.1MB
Summary Report:
Instances move: 133 (out of 133 movable)
Instances flipped: 0
Mean displacement: 0.08 um
Max displacement: 0.98 um (Instance: oS_reg[19]) (18.2183, 24.6648) -> (17.928, 23.976)
	Length: 25 sites, height: 1 rows, site name: asap7sc7p5t, cell type: DFFHQx4_ASAP7_75t_R
Total net bbox length = 3.221e+03 (2.010e+03 1.212e+03) (ext = 2.570e+03)
Runtime: CPU: 0:00:00.1 REAL: 0:00:00.0 MEM: 2944.1MB
*** Finished refinePlace (0:03:05 mem=2944.1M) ***
Max route layer is changed from 127 to 10 because there is no routing track above this layer
Max route layer is changed from 127 to 10 because there is no routing track above this layer
**WARN: (IMPPSP-1321):	Removed 1 out of boundary tracks from layer 2
**WARN: (IMPPSP-1321):	Removed 1 out of boundary tracks from layer 2
**WARN: (IMPPSP-1321):	Removed 1 out of boundary tracks from layer 2
**WARN: (IMPPSP-1321):	Removed 1 out of boundary tracks from layer 2
**WARN: (IMPPSP-1321):	Removed 1 out of boundary tracks from layer 2
**WARN: (IMPPSP-1321):	Removed 1 out of boundary tracks from layer 2
[NR-eGR] Early global route reroute all routable nets
[NR-eGR] Track table information for default rule: 
[NR-eGR] M1 has single uniform track structure
[NR-eGR] M2 has non-uniform track structures
[NR-eGR] M3 has single uniform track structure
[NR-eGR] M4 has single uniform track structure
[NR-eGR] M5 has single uniform track structure
[NR-eGR] M6 has single uniform track structure
[NR-eGR] M7 has single uniform track structure
[NR-eGR] M8 has single uniform track structure
[NR-eGR] M9 has single uniform track structure
[NR-eGR] Pad has single uniform track structure
[NR-eGR] Read 24 PG shapes
[NR-eGR] Read 0 clock shapes
[NR-eGR] Read 0 other shapes
[NR-eGR] #Routing Blockages  : 0
[NR-eGR] #Bump Blockages     : 0
[NR-eGR] #Instance Blockages : 220
[NR-eGR] #PG Blockages       : 24
[NR-eGR] #Halo Blockages     : 0
[NR-eGR] #Boundary Blockages : 0
[NR-eGR] #Clock Blockages    : 0
[NR-eGR] #Other Blockages    : 0
[NR-eGR] Num Prerouted Nets = 0  Num Prerouted Wires = 0
[NR-eGR] Read 198 nets ( ignored 0 )
[NR-eGR] There are 1 clock nets ( 0 with NDR ).
[NR-eGR] ============ Routing rule table ============
[NR-eGR] Rule id: 0  Rule name: (Default)  Nets: 198
[NR-eGR] ========================================
[NR-eGR] 
[NR-eGR] Layer group 1: route 8 net(s) in layer range [5, 10]
[NR-eGR] Early Global Route overflow of layer group 1: 0.00% H + 0.00% V. EstWL: 1.252800e+02um
[NR-eGR] Layer group 2: route 190 net(s) in layer range [2, 10]
[NR-eGR] Early Global Route overflow of layer group 2: 0.00% H + 0.00% V. EstWL: 3.238920e+03um
[NR-eGR] Congestion Analysis By layer: (blocked Gcells are excluded) 
[NR-eGR]                        OverCon            
[NR-eGR]                         #Gcell     %Gcell
[NR-eGR]        Layer             (1-0)    OverCon
[NR-eGR] ----------------------------------------------
[NR-eGR]      M1 ( 1)         0( 0.00%)   ( 0.00%) 
[NR-eGR]      M2 ( 2)         0( 0.00%)   ( 0.00%) 
[NR-eGR]      M3 ( 3)         0( 0.00%)   ( 0.00%) 
[NR-eGR]      M4 ( 4)         0( 0.00%)   ( 0.00%) 
[NR-eGR]      M5 ( 5)         0( 0.00%)   ( 0.00%) 
[NR-eGR]      M6 ( 6)         0( 0.00%)   ( 0.00%) 
[NR-eGR]      M7 ( 7)         0( 0.00%)   ( 0.00%) 
[NR-eGR]      M8 ( 8)         0( 0.00%)   ( 0.00%) 
[NR-eGR]      M9 ( 9)         0( 0.00%)   ( 0.00%) 
[NR-eGR]     Pad (10)         0( 0.00%)   ( 0.00%) 
[NR-eGR] ----------------------------------------------
[NR-eGR]        Total         0( 0.00%)   ( 0.00%) 
[NR-eGR] 
[NR-eGR] Overflow after Early Global Route 0.00% H + 0.00% V
[NR-eGR] Finished Early Global Route kernel ( CPU: 0.03 sec, Real: 0.13 sec, Curr Mem: 2.83 MB )
Early Global Route congestion estimation runtime: 0.14 seconds, mem = 2929.1M
Local HotSpot Analysis: normalized max congestion hotspot area = 0.00, normalized total congestion hotspot area = 0.00 (area is in unit of 4 std-cell row bins)
[NR-eGR] Connected 0 must-join pins/ports (post-process)
[NR-eGR] Total eGR-routed clock nets wire length: 94um, number of vias: 91
[NR-eGR] --------------------------------------------------------------------------
[NR-eGR]              Length (um)  Vias 
[NR-eGR] -------------------------------
[NR-eGR]  M1   (1V)             0   330 
[NR-eGR]  M2   (2H)          1214   722 
[NR-eGR]  M3   (3V)          1182   133 
[NR-eGR]  M4   (4H)           779    19 
[NR-eGR]  M5   (5V)            85    15 
[NR-eGR]  M6   (6H)            49     0 
[NR-eGR]  M7   (7V)             0     0 
[NR-eGR]  M8   (8H)             0     0 
[NR-eGR]  M9   (9V)             0     0 
[NR-eGR]  Pad  (10H)            0     0 
[NR-eGR] -------------------------------
[NR-eGR]       Total         3310  1219 
[NR-eGR] --------------------------------------------------------------------------
[NR-eGR] Total half perimeter of net bounding box: 3221um
[NR-eGR] Total length: 3310um, number of vias: 1219
[NR-eGR] --------------------------------------------------------------------------
Max route layer is changed from 127 to 10 because there is no routing track above this layer
Early Global Route wiring runtime: 0.05 seconds, mem = 2945.1M
0 delay mode for cte disabled.

*** Finished incrementalPlace (cpu=0:00:01.2, real=0:00:04.0)***
Start to check current routing status for nets...
All nets are already routed correctly.
End to check current routing status for nets (mem=2945.1M)
Extraction called for design 'Adder32' of instances=133 and nets=231 using extraction engine 'preRoute' .
**WARN: (IMPEXT-3530):	The process node is not set. Use the command setDesignMode -process <process node> prior to extraction for maximum accuracy and optimal automatic threshold setting.
Type 'man IMPEXT-3530' for more detail.
PreRoute RC Extraction called for design Adder32.
RC Extraction called in multi-corner(1) mode.
**WARN: (IMPEXT-6197):	The Cap table file is not specified. This will result in lower parasitic accuracy when using preRoute extraction or postRoute extraction with effort level 'low'. It is recommended to generate the Cap table file using the 'generateCapTbl' command and specify it before extraction using 'create_rc_corner/update_rc_corner -cap_table'.
Type 'man IMPEXT-6197' for more detail.
RCMode: PreRoute
      RC Corner Indexes            0   
Capacitance Scaling Factor   : 1.00000 
Resistance Scaling Factor    : 1.00000 
Clock Cap. Scaling Factor    : 1.00000 
Clock Res. Scaling Factor    : 1.00000 
Shrink Factor                : 1.00000
PreRoute extraction is honoring NDR/Shielding/ExtraSpace for clock nets.
Updating RC Grid density data for preRoute extraction ...
Initializing multi-corner resistance tables ...
PreRoute RC Extraction DONE (CPU Time: 0:00:00.0  Real Time: 0:00:01.0  MEM: 2945.133M)
Compute RC Scale Done ...
**optDesign ... cpu = 0:01:50, real = 0:04:12, mem = 2708.4M, totSessionCpu=0:03:05 **
Starting delay calculation for Setup views
AAE_INFO: opIsDesignInPostRouteState() is 0
#################################################################################
# Design Stage: PreRoute
# Design Name: Adder32
# Design Mode: 90nm
# Analysis Mode: MMMC OCV 
# Parasitics Mode: No SPEF/RCDB 
# Signoff Settings: SI Off 
#################################################################################
Start delay calculation (fullDC) (1 T). (MEM=2964.38)
Total number of fetched objects 229
End delay calculation. (MEM=3006.18 CPU=0:00:00.0 REAL=0:00:00.0)
End delay calculation (fullDC). (MEM=3006.18 CPU=0:00:00.1 REAL=0:00:00.0)
*** Done Building Timing Graph (cpu=0:00:00.3 real=0:00:00.0 totSessionCpu=0:03:05 mem=3006.2M)
*** IncrReplace #1 [finish] (place_opt_design #1) : cpu/real = 0:00:01.6/0:00:05.7 (0.3), totSession cpu/real = 0:03:05.4/0:06:36.4 (0.5), mem = 3006.2M
Set ::gpsPrivate::dogPBIsIncrReplaceDoneInMaster 1
skipped the cell partition in DRV
*** Timing NOT met, worst failing slack is -0.729
*** Check timing (0:00:00.0)
#InfoCS: Num dontuse cells 0, Num usable cells 849
optDesignOneStep: Power Flow
#InfoCS: Num dontuse cells 0, Num usable cells 849
Begin: GigaOpt Optimization in TNS mode
Info: 1 clock net  excluded from IPO operation.
*** TnsOpt #1 [begin] (place_opt_design #1) : totSession cpu/real = 0:03:05.4/0:06:36.5 (0.5), mem = 3022.2M
(I,S,L,T): view_typical: 8.48861, 4.89017, 0.000338928, 13.3791
*info: 1 clock net excluded
** GigaOpt Optimizer WNS Slack -0.729 TNS Slack -12.895 Density 77.18
OptDebug: Start of Optimizer TNS Pass:
+----------+------+-------+
|Path Group|   WNS|    TNS|
+----------+------+-------+
|default   |-0.729|-12.895|
|reg2reg   | 0.000|  0.000|
|HEPG      | 0.000|  0.000|
|All Paths |-0.729|-12.895|
+----------+------+-------+


*** Finished Optimize Step Cumulative (cpu=0:00:00.0 real=0:00:00.0 mem=3041.3M) ***
OptDebug: End of Optimizer TNS Pass:
+----------+------+-------+
|Path Group|   WNS|    TNS|
+----------+------+-------+
|default   |-0.729|-12.895|
|reg2reg   | 0.000|  0.000|
|HEPG      | 0.000|  0.000|
|All Paths |-0.729|-12.895|
+----------+------+-------+

OptDebug: End of Setup Fixing:
+----------+------+-------+
|Path Group|   WNS|    TNS|
+----------+------+-------+
|default   |-0.729|-12.895|
|reg2reg   | 0.000|  0.000|
|HEPG      | 0.000|  0.000|
|All Paths |-0.729|-12.895|
+----------+------+-------+

Bottom Preferred Layer:
+-----------+------------+----------+
|   Layer   |   OPT_LA   |   Rule   |
+-----------+------------+----------+
| M5 (z=5)  |          8 | default  |
+-----------+------------+----------+
Via Pillar Rule:
    None

*** Finish pre-CTS Setup Fixing (cpu=0:00:01.4 real=0:00:03.0 mem=3041.3M) ***

(I,S,L,T): view_typical: 8.48861, 4.89017, 0.000338928, 13.3791
*** TnsOpt #1 [finish] (place_opt_design #1) : cpu/real = 0:00:17.1/0:00:35.4 (0.5), totSession cpu/real = 0:03:22.5/0:07:11.9 (0.5), mem = 2950.3M
End: GigaOpt Optimization in TNS mode
*** IncrReplace #2 [begin] (place_opt_design #1) : totSession cpu/real = 0:03:22.6/0:07:12.0 (0.5), mem = 2950.3M

*** Start incrementalPlace ***
No Views given, use default active views for adaptive view pruning
SKP will enable view:
  view_typical
Max route layer is changed from 127 to 10 because there is no routing track above this layer
Max route layer is changed from 127 to 10 because there is no routing track above this layer
[NR-eGR] Started Early Global Route kernel ( Curr Mem: 2.86 MB )
**WARN: (IMPPSP-1321):	Removed 1 out of boundary tracks from layer 2
**WARN: (IMPPSP-1321):	Removed 1 out of boundary tracks from layer 2
**WARN: (EMS-27):	Message (IMPPSP-1321) has exceeded the current message display limit of 20.
To increase the message display limit, refer to the product command reference manual.
[NR-eGR] Early global route reroute all routable nets
[NR-eGR] Track table information for default rule: 
[NR-eGR] M1 has single uniform track structure
[NR-eGR] M2 has non-uniform track structures
[NR-eGR] M3 has single uniform track structure
[NR-eGR] M4 has single uniform track structure
[NR-eGR] M5 has single uniform track structure
[NR-eGR] M6 has single uniform track structure
[NR-eGR] M7 has single uniform track structure
[NR-eGR] M8 has single uniform track structure
[NR-eGR] M9 has single uniform track structure
[NR-eGR] Pad has single uniform track structure
[NR-eGR] Read 24 PG shapes
[NR-eGR] Read 0 clock shapes
[NR-eGR] Read 0 other shapes
[NR-eGR] #Routing Blockages  : 0
[NR-eGR] #Bump Blockages     : 0
[NR-eGR] #Instance Blockages : 220
[NR-eGR] #PG Blockages       : 24
[NR-eGR] #Halo Blockages     : 0
[NR-eGR] #Boundary Blockages : 0
[NR-eGR] #Clock Blockages    : 0
[NR-eGR] #Other Blockages    : 0
[NR-eGR] Num Prerouted Nets = 0  Num Prerouted Wires = 0
[NR-eGR] Read 198 nets ( ignored 0 )
[NR-eGR] There are 1 clock nets ( 0 with NDR ).
[NR-eGR] ============ Routing rule table ============
[NR-eGR] Rule id: 0  Rule name: (Default)  Nets: 198
[NR-eGR] ========================================
[NR-eGR] 
[NR-eGR] Layer group 1: route 8 net(s) in layer range [5, 10]
[NR-eGR] Early Global Route overflow of layer group 1: 0.00% H + 0.00% V. EstWL: 1.252800e+02um
[NR-eGR] Layer group 2: route 190 net(s) in layer range [2, 10]
[NR-eGR] Early Global Route overflow of layer group 2: 0.00% H + 0.00% V. EstWL: 3.238920e+03um
[NR-eGR] Congestion Analysis By layer: (blocked Gcells are excluded) 
[NR-eGR]                        OverCon            
[NR-eGR]                         #Gcell     %Gcell
[NR-eGR]        Layer             (1-0)    OverCon
[NR-eGR] ----------------------------------------------
[NR-eGR]      M1 ( 1)         0( 0.00%)   ( 0.00%) 
[NR-eGR]      M2 ( 2)         0( 0.00%)   ( 0.00%) 
[NR-eGR]      M3 ( 3)         0( 0.00%)   ( 0.00%) 
[NR-eGR]      M4 ( 4)         0( 0.00%)   ( 0.00%) 
[NR-eGR]      M5 ( 5)         0( 0.00%)   ( 0.00%) 
[NR-eGR]      M6 ( 6)         0( 0.00%)   ( 0.00%) 
[NR-eGR]      M7 ( 7)         0( 0.00%)   ( 0.00%) 
[NR-eGR]      M8 ( 8)         0( 0.00%)   ( 0.00%) 
[NR-eGR]      M9 ( 9)         0( 0.00%)   ( 0.00%) 
[NR-eGR]     Pad (10)         0( 0.00%)   ( 0.00%) 
[NR-eGR] ----------------------------------------------
[NR-eGR]        Total         0( 0.00%)   ( 0.00%) 
[NR-eGR] 
[NR-eGR] Overflow after Early Global Route 0.00% H + 0.00% V
[NR-eGR] Finished Early Global Route kernel ( CPU: 0.03 sec, Real: 0.06 sec, Curr Mem: 2.86 MB )
Early Global Route congestion estimation runtime: 0.07 seconds, mem = 2950.3M
Local HotSpot Analysis: normalized max congestion hotspot area = 0.00, normalized total congestion hotspot area = 0.00 (area is in unit of 4 std-cell row bins)

=== incrementalPlace Internal Loop 1 ===
No spares found within logical modules, disabling '-moduleAwareSpare'.
[spp] 0
*** Finished SKP initialization (cpu=0:00:00.1, real=0:00:00.0)***
Max route layer is changed from 127 to 10 because there is no routing track above this layer
Max route layer is changed from 127 to 10 because there is no routing track above this layer
[NR-eGR] Started Early Global Route kernel ( Curr Mem: 2.87 MB )
Iteration  4: Total net bbox = 2.965e+03 (1.85e+03 1.11e+03)
              Est.  stn bbox = 3.017e+03 (1.87e+03 1.14e+03)
              cpu = 0:00:00.1 real = 0:00:04.0 mem = 2952.0M
Iteration  5: Total net bbox = 3.065e+03 (1.88e+03 1.18e+03)
              Est.  stn bbox = 3.117e+03 (1.90e+03 1.22e+03)
              cpu = 0:00:00.2 real = 0:00:06.0 mem = 2936.0M
Iteration  6: Total net bbox = 3.134e+03 (1.93e+03 1.20e+03)
              Est.  stn bbox = 3.187e+03 (1.95e+03 1.24e+03)
              cpu = 0:00:00.2 real = 0:00:01.0 mem = 2936.0M
Iteration  7: Total net bbox = 3.157e+03 (1.93e+03 1.22e+03)
              Est.  stn bbox = 3.209e+03 (1.95e+03 1.26e+03)
              cpu = 0:00:00.4 real = 0:00:01.0 mem = 2936.0M
Iteration  8: Total net bbox = 3.141e+03 (1.92e+03 1.22e+03)
              Est.  stn bbox = 3.193e+03 (1.94e+03 1.25e+03)
              cpu = 0:00:00.1 real = 0:00:00.0 mem = 2952.0M
Move report: Timing Driven Placement moves 133 insts, mean move: 2.11 um, max move: 9.38 um 
	Max move on inst (oS_reg[25]): (12.74, 28.30) --> (18.88, 25.06)

Finished Incremental Placement (cpu=0:00:01.2, real=0:00:12.0, mem=2936.0M)
*** Starting refinePlace (0:03:24 mem=2936.0M) ***
Total net bbox length = 3.238e+03 (1.992e+03 1.247e+03) (ext = 2.586e+03)
Max route layer is changed from 127 to 10 because there is no routing track above this layer
Max route layer is changed from 127 to 10 because there is no routing track above this layer
Max route layer is changed from 127 to 10 because there is no routing track above this layer
Max route layer is changed from 127 to 10 because there is no routing track above this layer
Move report: Detail placement moves 133 insts, mean move: 0.07 um, max move: 0.31 um 
	Max move on inst (oS_reg[22]): (12.61, 29.38) --> (12.31, 29.38)
	Runtime: CPU: 0:00:00.1 REAL: 0:00:00.0 MEM: 2929.9MB
Summary Report:
Instances move: 133 (out of 133 movable)
Instances flipped: 0
Mean displacement: 0.07 um
Max displacement: 0.31 um (Instance: oS_reg[22]) (12.6137, 29.3795) -> (12.312, 29.376)
	Length: 25 sites, height: 1 rows, site name: asap7sc7p5t, cell type: DFFHQx4_ASAP7_75t_R
Total net bbox length = 3.214e+03 (1.993e+03 1.221e+03) (ext = 2.584e+03)
Runtime: CPU: 0:00:00.1 REAL: 0:00:00.0 MEM: 2929.9MB
*** Finished refinePlace (0:03:24 mem=2929.9M) ***
Max route layer is changed from 127 to 10 because there is no routing track above this layer
Max route layer is changed from 127 to 10 because there is no routing track above this layer
[NR-eGR] Early global route reroute all routable nets
[NR-eGR] Track table information for default rule: 
[NR-eGR] M1 has single uniform track structure
[NR-eGR] M2 has non-uniform track structures
[NR-eGR] M3 has single uniform track structure
[NR-eGR] M4 has single uniform track structure
[NR-eGR] M5 has single uniform track structure
[NR-eGR] M6 has single uniform track structure
[NR-eGR] M7 has single uniform track structure
[NR-eGR] M8 has single uniform track structure
[NR-eGR] M9 has single uniform track structure
[NR-eGR] Pad has single uniform track structure
[NR-eGR] Read 24 PG shapes
[NR-eGR] Read 0 clock shapes
[NR-eGR] Read 0 other shapes
[NR-eGR] #Routing Blockages  : 0
[NR-eGR] #Bump Blockages     : 0
[NR-eGR] #Instance Blockages : 220
[NR-eGR] #PG Blockages       : 24
[NR-eGR] #Halo Blockages     : 0
[NR-eGR] #Boundary Blockages : 0
[NR-eGR] #Clock Blockages    : 0
[NR-eGR] #Other Blockages    : 0
[NR-eGR] Num Prerouted Nets = 0  Num Prerouted Wires = 0
[NR-eGR] Read 198 nets ( ignored 0 )
[NR-eGR] There are 1 clock nets ( 0 with NDR ).
[NR-eGR] ============ Routing rule table ============
[NR-eGR] Rule id: 0  Rule name: (Default)  Nets: 198
[NR-eGR] ========================================
[NR-eGR] 
[NR-eGR] Layer group 1: route 8 net(s) in layer range [5, 10]
[NR-eGR] Early Global Route overflow of layer group 1: 0.00% H + 0.00% V. EstWL: 1.090800e+02um
[NR-eGR] Layer group 2: route 190 net(s) in layer range [2, 10]
[NR-eGR] Early Global Route overflow of layer group 2: 0.00% H + 0.00% V. EstWL: 3.232440e+03um
[NR-eGR] Congestion Analysis By layer: (blocked Gcells are excluded) 
[NR-eGR]                        OverCon            
[NR-eGR]                         #Gcell     %Gcell
[NR-eGR]        Layer             (1-0)    OverCon
[NR-eGR] ----------------------------------------------
[NR-eGR]      M1 ( 1)         0( 0.00%)   ( 0.00%) 
[NR-eGR]      M2 ( 2)         0( 0.00%)   ( 0.00%) 
[NR-eGR]      M3 ( 3)         0( 0.00%)   ( 0.00%) 
[NR-eGR]      M4 ( 4)         0( 0.00%)   ( 0.00%) 
[NR-eGR]      M5 ( 5)         0( 0.00%)   ( 0.00%) 
[NR-eGR]      M6 ( 6)         0( 0.00%)   ( 0.00%) 
[NR-eGR]      M7 ( 7)         0( 0.00%)   ( 0.00%) 
[NR-eGR]      M8 ( 8)         0( 0.00%)   ( 0.00%) 
[NR-eGR]      M9 ( 9)         0( 0.00%)   ( 0.00%) 
[NR-eGR]     Pad (10)         0( 0.00%)   ( 0.00%) 
[NR-eGR] ----------------------------------------------
[NR-eGR]        Total         0( 0.00%)   ( 0.00%) 
[NR-eGR] 
[NR-eGR] Overflow after Early Global Route 0.00% H + 0.00% V
[NR-eGR] Finished Early Global Route kernel ( CPU: 0.02 sec, Real: 0.06 sec, Curr Mem: 2.82 MB )
Early Global Route congestion estimation runtime: 0.06 seconds, mem = 2918.9M
Local HotSpot Analysis: normalized max congestion hotspot area = 0.00, normalized total congestion hotspot area = 0.00 (area is in unit of 4 std-cell row bins)
[NR-eGR] Connected 0 must-join pins/ports (post-process)
[NR-eGR] Total eGR-routed clock nets wire length: 93um, number of vias: 87
[NR-eGR] --------------------------------------------------------------------------
[NR-eGR]              Length (um)  Vias 
[NR-eGR] -------------------------------
[NR-eGR]  M1   (1V)             0   330 
[NR-eGR]  M2   (2H)          1284   668 
[NR-eGR]  M3   (3V)          1159   144 
[NR-eGR]  M4   (4H)           709    24 
[NR-eGR]  M5   (5V)           110    16 
[NR-eGR]  M6   (6H)            34     0 
[NR-eGR]  M7   (7V)             0     0 
[NR-eGR]  M8   (8H)             0     0 
[NR-eGR]  M9   (9V)             0     0 
[NR-eGR]  Pad  (10H)            0     0 
[NR-eGR] -------------------------------
[NR-eGR]       Total         3297  1182 
[NR-eGR] --------------------------------------------------------------------------
[NR-eGR] Total half perimeter of net bounding box: 3214um
[NR-eGR] Total length: 3297um, number of vias: 1182
[NR-eGR] --------------------------------------------------------------------------
Max route layer is changed from 127 to 10 because there is no routing track above this layer
Early Global Route wiring runtime: 0.01 seconds, mem = 2934.9M
0 delay mode for cte disabled.

*** Finished incrementalPlace (cpu=0:00:01.4, real=0:00:13.0)***
Start to check current routing status for nets...
All nets are already routed correctly.
End to check current routing status for nets (mem=2934.9M)
Extraction called for design 'Adder32' of instances=133 and nets=231 using extraction engine 'preRoute' .
**WARN: (IMPEXT-3530):	The process node is not set. Use the command setDesignMode -process <process node> prior to extraction for maximum accuracy and optimal automatic threshold setting.
Type 'man IMPEXT-3530' for more detail.
PreRoute RC Extraction called for design Adder32.
RC Extraction called in multi-corner(1) mode.
**WARN: (IMPEXT-6197):	The Cap table file is not specified. This will result in lower parasitic accuracy when using preRoute extraction or postRoute extraction with effort level 'low'. It is recommended to generate the Cap table file using the 'generateCapTbl' command and specify it before extraction using 'create_rc_corner/update_rc_corner -cap_table'.
Type 'man IMPEXT-6197' for more detail.
RCMode: PreRoute
      RC Corner Indexes            0   
Capacitance Scaling Factor   : 1.00000 
Resistance Scaling Factor    : 1.00000 
Clock Cap. Scaling Factor    : 1.00000 
Clock Res. Scaling Factor    : 1.00000 
Shrink Factor                : 1.00000
PreRoute extraction is honoring NDR/Shielding/ExtraSpace for clock nets.
Updating RC Grid density data for preRoute extraction ...
Initializing multi-corner resistance tables ...
PreRoute RC Extraction DONE (CPU Time: 0:00:00.0  Real Time: 0:00:00.0  MEM: 2934.949M)
Compute RC Scale Done ...
**optDesign ... cpu = 0:02:09, real = 0:05:01, mem = 2714.2M, totSessionCpu=0:03:24 **
Starting delay calculation for Setup views
AAE_INFO: opIsDesignInPostRouteState() is 0
#################################################################################
# Design Stage: PreRoute
# Design Name: Adder32
# Design Mode: 90nm
# Analysis Mode: MMMC OCV 
# Parasitics Mode: No SPEF/RCDB 
# Signoff Settings: SI Off 
#################################################################################
Start delay calculation (fullDC) (1 T). (MEM=2962.19)
Total number of fetched objects 229
End delay calculation. (MEM=3012 CPU=0:00:00.0 REAL=0:00:00.0)
End delay calculation (fullDC). (MEM=3012 CPU=0:00:00.1 REAL=0:00:00.0)
*** Done Building Timing Graph (cpu=0:00:00.3 real=0:00:00.0 totSessionCpu=0:03:24 mem=3012.0M)
*** IncrReplace #2 [finish] (place_opt_design #1) : cpu/real = 0:00:01.7/0:00:13.5 (0.1), totSession cpu/real = 0:03:24.3/0:07:25.4 (0.5), mem = 3012.0M
Set ::gpsPrivate::dogPBIsIncrReplaceDoneInMaster 1
skipped the cell partition in DRV
*** Timing NOT met, worst failing slack is -0.719
*** Check timing (0:00:00.0)
#InfoCS: Num dontuse cells 0, Num usable cells 849
optDesignOneStep: Power Flow
#InfoCS: Num dontuse cells 0, Num usable cells 849
Begin: GigaOpt Optimization in WNS mode
Info: 1 clock net  excluded from IPO operation.
*** WnsOpt #1 [begin] (place_opt_design #1) : totSession cpu/real = 0:03:24.4/0:07:25.6 (0.5), mem = 3028.0M
(I,S,L,T): view_typical: 8.48883, 4.86057, 0.000338928, 13.3497
*info: 1 clock net excluded
** GigaOpt Optimizer WNS Slack -0.719 TNS Slack -12.784 Density 77.18
OptDebug: Start of Optimizer WNS Pass 0:
+----------+------+-------+
|Path Group|   WNS|    TNS|
+----------+------+-------+
|default   |-0.719|-12.784|
|reg2reg   | 0.000|  0.000|
|HEPG      | 0.000|  0.000|
|All Paths |-0.719|-12.784|
+----------+------+-------+

Active Path Group: default 
+--------+---------+--------+---------+---------+------------+--------+------------+---------+--------------+
|  WNS   | All WNS |  TNS   | All TNS | Density |    Real    |  Mem   | Worst View |Pathgroup|  End Point   |
+--------+---------+--------+---------+---------+------------+--------+------------+---------+--------------+
|  -0.719|   -0.719| -12.784|  -12.784|   77.18%|   0:00:00.0| 3047.1M|view_typical|  default| oS_reg[31]/D |
Dumping Information for Job 0 **WARN: (IMPEXT-2882):	Unable to find the resistance for via 'VIA67' in Cap table or LEF or OA files. The default value of 4.0 ohms is being assigned. To avoid this, check the Cap table and LEF and OA files, provide the resistance and read the files again.
**WARN: (IMPEXT-2882):	Unable to find the resistance for via 'VIA78' in Cap table or LEF or OA files. The default value of 4.0 ohms is being assigned. To avoid this, check the Cap table and LEF and OA files, provide the resistance and read the files again.
**WARN: (IMPEXT-2882):	Unable to find the resistance for via 'VIA89' in Cap table or LEF or OA files. The default value of 4.0 ohms is being assigned. To avoid this, check the Cap table and LEF and OA files, provide the resistance and read the files again.
 
|  -0.645|   -0.645| -11.996|  -11.996|   79.37%|   0:00:03.0| 3074.2M|view_typical|  default| oS_reg[30]/D |
|  -0.644|   -0.644| -11.993|  -11.993|   79.37%|   0:00:00.0| 3074.2M|view_typical|  default| oS_reg[31]/D |
|  -0.642|   -0.642| -11.991|  -11.991|   79.37%|   0:00:01.0| 3074.2M|view_typical|  default| oS_reg[30]/D |
|  -0.639|   -0.639| -11.981|  -11.981|   79.47%|   0:00:00.0| 3074.2M|view_typical|  default| oS_reg[31]/D |
|  -0.629|   -0.629| -11.895|  -11.895|   80.34%|   0:00:00.0| 3074.2M|view_typical|  default| oS_reg[31]/D |
|  -0.617|   -0.617| -11.830|  -11.830|   80.53%|   0:00:00.0| 3074.2M|view_typical|  default| oS_reg[31]/D |
|  -0.601|   -0.601| -11.735|  -11.735|   81.31%|   0:00:00.0| 3074.2M|view_typical|  default| oS_reg[31]/D |
|  -0.599|   -0.599| -11.723|  -11.723|   81.31%|   0:00:00.0| 3074.2M|view_typical|  default| oS_reg[31]/D |
|  -0.586|   -0.586| -11.553|  -11.553|   82.09%|   0:00:01.0| 3074.2M|view_typical|  default| oS_reg[31]/D |
|  -0.584|   -0.584| -11.522|  -11.522|   82.09%|   0:00:00.0| 3074.2M|view_typical|  default| oS_reg[31]/D |
|  -0.571|   -0.571| -11.374|  -11.374|   83.74%|   0:00:00.0| 3074.2M|view_typical|  default| oS_reg[31]/D |
|  -0.560|   -0.560| -11.179|  -11.179|   84.81%|   0:00:00.0| 3074.2M|view_typical|  default| oS_reg[31]/D |
|  -0.554|   -0.554| -11.125|  -11.125|   85.73%|   0:00:01.0| 3074.2M|view_typical|  default| oS_reg[31]/D |
|  -0.546|   -0.546| -11.009|  -11.009|   86.80%|   0:00:00.0| 3074.2M|view_typical|  default| oS_reg[31]/D |
|  -0.533|   -0.533| -10.948|  -10.948|   87.67%|   0:00:00.0| 3074.2M|view_typical|  default| oS_reg[31]/D |
|  -0.531|   -0.531| -10.927|  -10.927|   87.67%|   0:00:00.0| 3074.2M|view_typical|  default| oS_reg[31]/D |
|  -0.511|   -0.511| -10.292|  -10.292|   88.93%|   0:00:01.0| 3074.2M|view_typical|  default| oS_reg[31]/D |
|  -0.508|   -0.508| -10.284|  -10.284|   89.56%|   0:00:00.0| 3074.2M|view_typical|  default| oS_reg[31]/D |
|  -0.505|   -0.505| -10.268|  -10.268|   89.56%|   0:00:00.0| 3074.2M|view_typical|  default| oS_reg[31]/D |
|  -0.500|   -0.500| -10.247|  -10.247|   90.34%|   0:00:00.0| 3074.2M|view_typical|  default| oS_reg[31]/D |
|  -0.493|   -0.493| -10.128|  -10.128|   90.53%|   0:00:01.0| 3074.2M|view_typical|  default| oS_reg[31]/D |
|  -0.485|   -0.485|  -9.911|   -9.911|   91.12%|   0:00:01.0| 3074.2M|view_typical|  default| oS_reg[31]/D |
|  -0.479|   -0.479|  -9.703|   -9.703|   91.60%|   0:00:00.0| 3074.2M|view_typical|  default| oS_reg[31]/D |
|  -0.470|   -0.470|  -9.670|   -9.670|   92.04%|   0:00:01.0| 3074.2M|view_typical|  default| oS_reg[31]/D |
|  -0.469|   -0.469|  -9.686|   -9.686|   91.99%|   0:00:01.0| 3074.2M|view_typical|  default| oS_reg[28]/D |
|  -0.464|   -0.464|  -9.635|   -9.635|   91.89%|   0:00:01.0| 3074.2M|view_typical|  default| oS_reg[24]/D |
|  -0.461|   -0.461|  -9.585|   -9.585|   92.23%|   0:00:02.0| 3074.2M|view_typical|  default| oS_reg[31]/D |
|  -0.455|   -0.455|  -9.454|   -9.454|   92.57%|   0:00:01.0| 3074.2M|view_typical|  default| oS_reg[31]/D |
|  -0.452|   -0.452|  -9.377|   -9.377|   92.48%|   0:00:00.0| 3074.2M|view_typical|  default| oS_reg[31]/D |
|  -0.450|   -0.450|  -9.325|   -9.325|   92.52%|   0:00:00.0| 3074.2M|view_typical|  default| oS_reg[31]/D |
|  -0.449|   -0.449|  -9.303|   -9.303|   92.52%|   0:00:01.0| 3074.2M|view_typical|  default| oS_reg[31]/D |
|  -0.445|   -0.445|  -9.260|   -9.260|   93.40%|   0:00:00.0| 3074.2M|view_typical|  default| oS_reg[24]/D |
|  -0.441|   -0.441|  -9.239|   -9.239|   93.45%|   0:00:00.0| 3074.2M|view_typical|  default| oS_reg[31]/D |
|  -0.429|   -0.429|  -9.028|   -9.028|   94.56%|   0:00:00.0| 3074.2M|view_typical|  default| oS_reg[24]/D |
|  -0.421|   -0.421|  -9.011|   -9.011|   94.56%|   0:00:00.0| 3074.2M|view_typical|  default| oS_reg[31]/D |
|  -0.417|   -0.417|  -9.032|   -9.032|   94.81%|   0:00:04.0| 3074.2M|view_typical|  default| oS_reg[31]/D |
|  -0.411|   -0.411|  -8.932|   -8.932|   95.00%|   0:00:00.0| 3074.2M|view_typical|  default| oS_reg[31]/D |
|  -0.404|   -0.404|  -8.733|   -8.733|   95.73%|   0:00:02.0| 3074.2M|view_typical|  default| oS_reg[31]/D |
|  -0.400|   -0.400|  -8.669|   -8.669|   95.73%|   0:00:00.0| 3074.2M|view_typical|  default| oS_reg[31]/D |
|  -0.397|   -0.397|  -8.625|   -8.625|   95.73%|   0:00:01.0| 3074.2M|view_typical|  default| oS_reg[31]/D |
Dumping Information for Job 25 **WARN: (IMPEXT-2882):	Unable to find the resistance for via 'VIA9Pad' in Cap table or LEF or OA files. The default value of 4.0 ohms is being assigned. To avoid this, check the Cap table and LEF and OA files, provide the resistance and read the files again.
 
|  -0.389|   -0.389|  -8.465|   -8.465|   96.02%|   0:00:01.0| 3074.2M|view_typical|  default| oS_reg[31]/D |
|  -0.388|   -0.388|  -8.424|   -8.424|   96.02%|   0:00:00.0| 3074.2M|view_typical|  default| oS_reg[31]/D |
|  -0.386|   -0.386|  -8.384|   -8.384|   96.02%|   0:00:00.0| 3074.2M|view_typical|  default| oS_reg[31]/D |
|  -0.386|   -0.386|  -8.373|   -8.373|   95.92%|   0:00:01.0| 3074.2M|view_typical|  default| oS_reg[31]/D |
|  -0.386|   -0.386|  -8.365|   -8.365|   95.92%|   0:00:00.0| 3074.2M|view_typical|  default| oS_reg[31]/D |
|  -0.386|   -0.386|  -8.365|   -8.365|   95.92%|   0:00:00.0| 3074.2M|view_typical|  default| oS_reg[31]/D |
+--------+---------+--------+---------+---------+------------+--------+------------+---------+--------------+

*** Finish Core Optimize Step (cpu=0:00:12.7 real=0:00:25.0 mem=3074.2M) ***

*** Finished Optimize Step Cumulative (cpu=0:00:12.7 real=0:00:25.0 mem=3074.2M) ***
OptDebug: End of Optimizer WNS Pass 0:
+----------+------+------+
|Path Group|   WNS|   TNS|
+----------+------+------+
|default   |-0.386|-8.365|
|reg2reg   | 0.000| 0.000|
|HEPG      | 0.000| 0.000|
|All Paths |-0.386|-8.365|
+----------+------+------+

** GigaOpt Optimizer WNS Slack -0.386 TNS Slack -8.365 Density 95.92
Begin: Area Reclaim Optimization
*** AreaOpt #3 [begin] (WnsOpt #1 / place_opt_design #1) : totSession cpu/real = 0:03:54.0/0:08:25.6 (0.5), mem = 3074.2M
(I,S,L,T): view_typical: 9.65254, 5.75538, 0.000718151, 15.4086
Reclaim Optimization WNS Slack -0.386  TNS Slack -8.365 Density 95.92
+---------+---------+--------+--------+------------+--------+
| Density | Commits |  WNS   |  TNS   |    Real    |  Mem   |
+---------+---------+--------+--------+------------+--------+
|   95.92%|        -|  -0.386|  -8.365|   0:00:00.0| 3074.2M|
|   95.15%|        3|  -0.386|  -8.340|   0:00:00.0| 3074.2M|
|   94.22%|        9|  -0.386|  -8.350|   0:00:00.0| 3074.2M|
|   94.22%|        0|  -0.386|  -8.350|   0:00:00.0| 3074.2M|
+---------+---------+--------+--------+------------+--------+
Reclaim Optimization End WNS Slack -0.386  TNS Slack -8.350 Density 94.22
Bottom Preferred Layer:
+-----------+------------+----------+
|   Layer   |   OPT_LA   |   Rule   |
+-----------+------------+----------+
| M5 (z=5)  |         13 | default  |
+-----------+------------+----------+
Via Pillar Rule:
    None

Number of times islegalLocAvaiable called = 44 skipped = 0, called in commitmove = 9, skipped in commitmove = 0
End: Core Area Reclaim Optimization (cpu = 0:00:00.3) (real = 0:00:01.0) **
(I,S,L,T): view_typical: 9.42726, 5.69224, 0.000678049, 15.1202
*** AreaOpt #3 [finish] (WnsOpt #1 / place_opt_design #1) : cpu/real = 0:00:00.3/0:00:00.6 (0.5), totSession cpu/real = 0:03:54.3/0:08:26.2 (0.5), mem = 3074.2M
End: Area Reclaim Optimization (cpu=0:00:00, real=0:00:01, mem=3054.16M, totSessionCpu=0:03:54).
*** Starting refinePlace (0:03:54 mem=3070.2M) ***
Total net bbox length = 3.492e+03 (2.189e+03 1.303e+03) (ext = 2.483e+03)
Max route layer is changed from 127 to 10 because there is no routing track above this layer
Max route layer is changed from 127 to 10 because there is no routing track above this layer

Starting Small incrNP...
[spp] 0

Move report: incrNP moves 194 insts, mean move: 3.59 um, max move: 15.55 um 
	Max move on inst (FE_RC_46_0): (23.11, 22.90) --> (32.18, 16.42)
Finished incrNP (cpu=0:00:00.3, real=0:00:01.0, mem=3087.6M)
End of Small incrNP (cpu=0:00:00.3, real=0:00:01.0)
Max route layer is changed from 127 to 10 because there is no routing track above this layer
Max route layer is changed from 127 to 10 because there is no routing track above this layer
Move report: Detail placement moves 156 insts, mean move: 0.95 um, max move: 4.10 um 
	Max move on inst (FE_RC_116_0): (29.38, 27.22) --> (32.40, 28.30)
	Runtime: CPU: 0:00:00.0 REAL: 0:00:00.0 MEM: 3087.6MB
Summary Report:
Instances move: 198 (out of 199 movable)
Instances flipped: 1
Mean displacement: 3.71 um
Max displacement: 15.55 um (Instance: FE_RC_46_0) (23.112, 22.896) -> (32.184, 16.416)
	Length: 4 sites, height: 1 rows, site name: asap7sc7p5t, cell type: NAND2xp5_ASAP7_75t_SL
Total net bbox length = 3.471e+03 (2.144e+03 1.327e+03) (ext = 2.487e+03)
Runtime: CPU: 0:00:00.3 REAL: 0:00:01.0 MEM: 3087.6MB
*** Finished refinePlace (0:03:55 mem=3087.6M) ***
*** maximum move = 15.55 um ***
*** Finished re-routing un-routed nets (3087.6M) ***

*** Finish Physical Update (cpu=0:00:00.4 real=0:00:01.0 mem=3087.6M) ***
** GigaOpt Optimizer WNS Slack -0.392 TNS Slack -8.408 Density 94.22
OptDebug: Start of Optimizer WNS Pass 1:
+----------+------+------+
|Path Group|   WNS|   TNS|
+----------+------+------+
|default   |-0.392|-8.408|
|reg2reg   | 0.000| 0.000|
|HEPG      | 0.000| 0.000|
|All Paths |-0.392|-8.408|
+----------+------+------+

Active Path Group: default 
+--------+---------+--------+---------+---------+------------+--------+------------+---------+--------------+
|  WNS   | All WNS |  TNS   | All TNS | Density |    Real    |  Mem   | Worst View |Pathgroup|  End Point   |
+--------+---------+--------+---------+---------+------------+--------+------------+---------+--------------+
|  -0.392|   -0.392|  -8.408|   -8.408|   94.22%|   0:00:00.0| 3087.6M|view_typical|  default| oS_reg[31]/D |
|  -0.356|   -0.356|  -7.976|   -7.976|   96.17%|   0:00:07.0| 3089.1M|view_typical|  default| oS_reg[31]/D |
|  -0.354|   -0.354|  -7.924|   -7.924|   96.17%|   0:00:00.0| 3089.1M|view_typical|  default| oS_reg[31]/D |
|  -0.353|   -0.353|  -7.903|   -7.903|   96.12%|   0:00:01.0| 3089.1M|view_typical|  default| oS_reg[31]/D |
|  -0.353|   -0.353|  -7.878|   -7.878|   96.12%|   0:00:00.0| 3089.1M|view_typical|  default| oS_reg[31]/D |
|  -0.353|   -0.353|  -7.878|   -7.878|   96.12%|   0:00:00.0| 3089.1M|view_typical|  default| oS_reg[31]/D |
+--------+---------+--------+---------+---------+------------+--------+------------+---------+--------------+

*** Finish Core Optimize Step (cpu=0:00:04.4 real=0:00:08.0 mem=3089.1M) ***

*** Finished Optimize Step Cumulative (cpu=0:00:04.4 real=0:00:08.0 mem=3089.1M) ***
OptDebug: End of Optimizer WNS Pass 1:
+----------+------+------+
|Path Group|   WNS|   TNS|
+----------+------+------+
|default   |-0.353|-7.878|
|reg2reg   | 0.000| 0.000|
|HEPG      | 0.000| 0.000|
|All Paths |-0.353|-7.878|
+----------+------+------+

** GigaOpt Optimizer WNS Slack -0.353 TNS Slack -7.878 Density 96.12
Begin: Area Reclaim Optimization
*** AreaOpt #4 [begin] (WnsOpt #1 / place_opt_design #1) : totSession cpu/real = 0:04:00.5/0:08:38.5 (0.5), mem = 3089.1M
(I,S,L,T): view_typical: 9.50535, 5.70622, 0.000689786, 15.2123
Reclaim Optimization WNS Slack -0.353  TNS Slack -7.878 Density 96.12
+---------+---------+--------+--------+------------+--------+
| Density | Commits |  WNS   |  TNS   |    Real    |  Mem   |
+---------+---------+--------+--------+------------+--------+
|   96.12%|        -|  -0.353|  -7.878|   0:00:00.0| 3089.1M|
|   95.58%|        2|  -0.353|  -7.873|   0:00:01.0| 3089.1M|
|   95.44%|        4|  -0.353|  -7.872|   0:00:00.0| 3089.1M|
|   95.44%|        0|  -0.353|  -7.872|   0:00:00.0| 3089.1M|
+---------+---------+--------+--------+------------+--------+
Reclaim Optimization End WNS Slack -0.353  TNS Slack -7.872 Density 95.44
Bottom Preferred Layer:
+-----------+------------+----------+
|   Layer   |   OPT_LA   |   Rule   |
+-----------+------------+----------+
| M5 (z=5)  |         13 | default  |
| M8 (z=8)  |          1 | default  |
+-----------+------------+----------+
Via Pillar Rule:
    None

Number of times islegalLocAvaiable called = 15 skipped = 0, called in commitmove = 4, skipped in commitmove = 0
End: Core Area Reclaim Optimization (cpu = 0:00:00.2) (real = 0:00:01.0) **
(I,S,L,T): view_typical: 9.41846, 5.69433, 0.000681161, 15.1135
*** AreaOpt #4 [finish] (WnsOpt #1 / place_opt_design #1) : cpu/real = 0:00:00.2/0:00:00.4 (0.5), totSession cpu/real = 0:04:00.7/0:08:38.9 (0.5), mem = 3089.1M
End: Area Reclaim Optimization (cpu=0:00:00, real=0:00:01, mem=3089.08M, totSessionCpu=0:04:01).
*** Starting refinePlace (0:04:01 mem=3089.1M) ***
Total net bbox length = 3.547e+03 (2.170e+03 1.378e+03) (ext = 2.477e+03)
Max route layer is changed from 127 to 10 because there is no routing track above this layer
Max route layer is changed from 127 to 10 because there is no routing track above this layer

Starting Small incrNP...
[spp] 0

Move report: incrNP moves 190 insts, mean move: 1.73 um, max move: 12.31 um 
	Max move on inst (FE_RC_142_0): (17.93, 23.98) --> (19.44, 13.18)
Finished incrNP (cpu=0:00:00.2, real=0:00:02.0, mem=3089.1M)
End of Small incrNP (cpu=0:00:00.2, real=0:00:02.0)
Max route layer is changed from 127 to 10 because there is no routing track above this layer
Max route layer is changed from 127 to 10 because there is no routing track above this layer
Move report: Detail placement moves 142 insts, mean move: 0.91 um, max move: 4.10 um 
	Max move on inst (FE_RC_97_0): (17.50, 15.34) --> (16.63, 12.10)
	Runtime: CPU: 0:00:00.0 REAL: 0:00:00.0 MEM: 3089.1MB
Summary Report:
Instances move: 192 (out of 200 movable)
Instances flipped: 0
Mean displacement: 1.83 um
Max displacement: 11.88 um (Instance: FE_RC_142_0) (17.928, 23.976) -> (19.008, 13.176)
	Length: 12 sites, height: 1 rows, site name: asap7sc7p5t, cell type: XNOR2x1_ASAP7_75t_L
Total net bbox length = 3.479e+03 (2.161e+03 1.318e+03) (ext = 2.490e+03)
Runtime: CPU: 0:00:00.2 REAL: 0:00:02.0 MEM: 3089.1MB
*** Finished refinePlace (0:04:01 mem=3089.1M) ***
*** maximum move = 11.88 um ***
*** Finished re-routing un-routed nets (3089.1M) ***

*** Finish Physical Update (cpu=0:00:00.3 real=0:00:02.0 mem=3089.1M) ***
** GigaOpt Optimizer WNS Slack -0.350 TNS Slack -7.759 Density 95.44
OptDebug: Start of Optimizer WNS Pass 2:
+----------+------+------+
|Path Group|   WNS|   TNS|
+----------+------+------+
|default   |-0.350|-7.759|
|reg2reg   | 0.000| 0.000|
|HEPG      | 0.000| 0.000|
|All Paths |-0.350|-7.759|
+----------+------+------+

Active Path Group: default 
+--------+---------+--------+---------+---------+------------+--------+------------+---------+--------------+
|  WNS   | All WNS |  TNS   | All TNS | Density |    Real    |  Mem   | Worst View |Pathgroup|  End Point   |
+--------+---------+--------+---------+---------+------------+--------+------------+---------+--------------+
|  -0.350|   -0.350|  -7.759|   -7.759|   95.44%|   0:00:00.0| 3089.1M|view_typical|  default| oS_reg[31]/D |
|  -0.349|   -0.349|  -7.753|   -7.753|   95.49%|   0:00:04.0| 3089.1M|view_typical|  default| oS_reg[31]/D |
+--------+---------+--------+---------+---------+------------+--------+------------+---------+--------------+

*** Finish Core Optimize Step (cpu=0:00:01.7 real=0:00:04.0 mem=3089.1M) ***

*** Finished Optimize Step Cumulative (cpu=0:00:01.7 real=0:00:04.0 mem=3089.1M) ***
OptDebug: End of Optimizer WNS Pass 2:
+----------+------+------+
|Path Group|   WNS|   TNS|
+----------+------+------+
|default   |-0.349|-7.753|
|reg2reg   | 0.000| 0.000|
|HEPG      | 0.000| 0.000|
|All Paths |-0.349|-7.753|
+----------+------+------+

** GigaOpt Optimizer WNS Slack -0.349 TNS Slack -7.753 Density 95.49
*** Starting refinePlace (0:04:04 mem=3089.1M) ***
Total net bbox length = 3.479e+03 (2.161e+03 1.317e+03) (ext = 2.490e+03)
Max route layer is changed from 127 to 10 because there is no routing track above this layer
Max route layer is changed from 127 to 10 because there is no routing track above this layer

Starting Small incrNP...
Skipped incrNP (cpu=0:00:00.0, real=0:00:00.0, mem=3089.1M)
End of Small incrNP (cpu=0:00:00.0, real=0:00:00.0)
Max route layer is changed from 127 to 10 because there is no routing track above this layer
Max route layer is changed from 127 to 10 because there is no routing track above this layer
Move report: Detail placement moves 17 insts, mean move: 0.60 um, max move: 1.30 um 
	Max move on inst (FE_RC_30_0): (24.41, 15.34) --> (24.62, 14.26)
	Runtime: CPU: 0:00:00.0 REAL: 0:00:00.0 MEM: 3089.1MB
Summary Report:
Instances move: 17 (out of 199 movable)
Instances flipped: 0
Mean displacement: 0.60 um
Max displacement: 1.30 um (Instance: FE_RC_30_0) (24.408, 15.336) -> (24.624, 14.256)
	Length: 3 sites, height: 1 rows, site name: asap7sc7p5t, cell type: INVx1_ASAP7_75t_SL
Total net bbox length = 3.485e+03 (2.167e+03 1.318e+03) (ext = 2.489e+03)
Runtime: CPU: 0:00:00.0 REAL: 0:00:00.0 MEM: 3089.1MB
*** Finished refinePlace (0:04:04 mem=3089.1M) ***
*** maximum move = 1.30 um ***
*** Finished re-routing un-routed nets (3089.1M) ***

*** Finish Physical Update (cpu=0:00:00.1 real=0:00:00.0 mem=3089.1M) ***
** GigaOpt Optimizer WNS Slack -0.349 TNS Slack -7.753 Density 95.49
OptDebug: Start of Optimizer WNS Pass 3:
+----------+------+------+
|Path Group|   WNS|   TNS|
+----------+------+------+
|default   |-0.349|-7.753|
|reg2reg   | 0.000| 0.000|
|HEPG      | 0.000| 0.000|
|All Paths |-0.349|-7.753|
+----------+------+------+

Active Path Group: default 
+--------+---------+--------+---------+---------+------------+--------+------------+---------+--------------+
|  WNS   | All WNS |  TNS   | All TNS | Density |    Real    |  Mem   | Worst View |Pathgroup|  End Point   |
+--------+---------+--------+---------+---------+------------+--------+------------+---------+--------------+
|  -0.349|   -0.349|  -7.753|   -7.753|   95.49%|   0:00:00.0| 3089.1M|view_typical|  default| oS_reg[31]/D |
|  -0.349|   -0.349|  -7.753|   -7.753|   95.49%|   0:00:04.0| 3089.1M|view_typical|  default| oS_reg[31]/D |
+--------+---------+--------+---------+---------+------------+--------+------------+---------+--------------+

*** Finish Core Optimize Step (cpu=0:00:01.5 real=0:00:04.0 mem=3089.1M) ***

*** Finished Optimize Step Cumulative (cpu=0:00:01.5 real=0:00:04.0 mem=3089.1M) ***
OptDebug: End of Optimizer WNS Pass 3:
+----------+------+------+
|Path Group|   WNS|   TNS|
+----------+------+------+
|default   |-0.349|-7.753|
|reg2reg   | 0.000| 0.000|
|HEPG      | 0.000| 0.000|
|All Paths |-0.349|-7.753|
+----------+------+------+

OptDebug: End of Setup Fixing:
+----------+------+------+
|Path Group|   WNS|   TNS|
+----------+------+------+
|default   |-0.349|-7.753|
|reg2reg   | 0.000| 0.000|
|HEPG      | 0.000| 0.000|
|All Paths |-0.349|-7.753|
+----------+------+------+

Bottom Preferred Layer:
+-----------+------------+----------+
|   Layer   |   OPT_LA   |   Rule   |
+-----------+------------+----------+
| M5 (z=5)  |         13 | default  |
| M8 (z=8)  |          1 | default  |
+-----------+------------+----------+
Via Pillar Rule:
    None

*** Finish pre-CTS Setup Fixing (cpu=0:00:27.0 real=0:00:57.0 mem=3089.1M) ***

(I,S,L,T): view_typical: 9.43362, 5.64331, 0.000663091, 15.0776
*** WnsOpt #1 [finish] (place_opt_design #1) : cpu/real = 0:00:42.7/0:01:28.1 (0.5), totSession cpu/real = 0:04:07.0/0:08:53.7 (0.5), mem = 2988.1M
End: GigaOpt Optimization in WNS mode
*** Timing NOT met, worst failing slack is -0.349
*** Check timing (0:00:00.0)
#InfoCS: Num dontuse cells 0, Num usable cells 849
optDesignOneStep: Power Flow
#InfoCS: Num dontuse cells 0, Num usable cells 849
Begin: GigaOpt Optimization in TNS mode
Info: 1 clock net  excluded from IPO operation.
*** TnsOpt #2 [begin] (place_opt_design #1) : totSession cpu/real = 0:04:07.1/0:08:53.7 (0.5), mem = 2988.1M
(I,S,L,T): view_typical: 9.43362, 5.64331, 0.000663091, 15.0776
*info: 1 clock net excluded
** GigaOpt Optimizer WNS Slack -0.349 TNS Slack -7.753 Density 95.49
OptDebug: Start of Optimizer TNS Pass:
+----------+------+------+
|Path Group|   WNS|   TNS|
+----------+------+------+
|default   |-0.349|-7.753|
|reg2reg   | 0.000| 0.000|
|HEPG      | 0.000| 0.000|
|All Paths |-0.349|-7.753|
+----------+------+------+

Active Path Group: default 
+--------+---------+--------+---------+---------+------------+--------+------------+---------+--------------+
|  WNS   | All WNS |  TNS   | All TNS | Density |    Real    |  Mem   | Worst View |Pathgroup|  End Point   |
+--------+---------+--------+---------+---------+------------+--------+------------+---------+--------------+
|  -0.349|   -0.349|  -7.753|   -7.753|   95.49%|   0:00:00.0| 3048.2M|view_typical|  default| oS_reg[31]/D |
|  -0.349|   -0.349|  -7.705|   -7.705|   95.24%|   0:00:01.0| 3067.3M|view_typical|  default| oS_reg[29]/D |
|  -0.349|   -0.349|  -7.702|   -7.702|   95.19%|   0:00:00.0| 3067.3M|view_typical|  default| oS_reg[29]/D |
|  -0.349|   -0.349|  -7.677|   -7.677|   95.19%|   0:00:00.0| 3067.3M|view_typical|  default| oS_reg[24]/D |
|  -0.349|   -0.349|  -7.672|   -7.672|   95.19%|   0:00:00.0| 3067.3M|view_typical|  default| oS_reg[24]/D |
|  -0.349|   -0.349|  -7.649|   -7.649|   95.19%|   0:00:01.0| 3067.3M|view_typical|  default| oS_reg[27]/D |
|  -0.349|   -0.349|  -7.646|   -7.646|   95.19%|   0:00:00.0| 3067.3M|view_typical|  default| oS_reg[21]/D |
|  -0.349|   -0.349|  -7.643|   -7.643|   95.19%|   0:00:00.0| 3067.3M|view_typical|  default| oS_reg[21]/D |
|  -0.349|   -0.349|  -7.618|   -7.618|   95.19%|   0:00:00.0| 3067.3M|view_typical|  default| oS_reg[25]/D |
|  -0.349|   -0.349|  -7.597|   -7.597|   95.19%|   0:00:00.0| 3067.3M|view_typical|  default| oS_reg[25]/D |
|  -0.349|   -0.349|  -7.592|   -7.592|   95.19%|   0:00:00.0| 3067.3M|view_typical|  default| oS_reg[25]/D |
|  -0.349|   -0.349|  -7.575|   -7.575|   95.19%|   0:00:00.0| 3067.3M|view_typical|  default| oS_reg[17]/D |
|  -0.349|   -0.349|  -7.568|   -7.568|   95.19%|   0:00:00.0| 3067.3M|view_typical|  default| oS_reg[17]/D |
|  -0.349|   -0.349|  -7.565|   -7.565|   95.19%|   0:00:01.0| 3067.3M|view_typical|  default| oS_reg[17]/D |
|  -0.349|   -0.349|  -7.559|   -7.559|   95.19%|   0:00:00.0| 3067.3M|view_typical|  default| oS_reg[19]/D |
|  -0.349|   -0.349|  -7.555|   -7.555|   95.19%|   0:00:00.0| 3067.3M|view_typical|  default| oS_reg[19]/D |
|  -0.349|   -0.349|  -7.527|   -7.527|   95.19%|   0:00:00.0| 3067.3M|view_typical|  default| oS_reg[15]/D |
|  -0.349|   -0.349|  -7.492|   -7.492|   95.19%|   0:00:00.0| 3067.3M|view_typical|  default| oS_reg[14]/D |
|  -0.349|   -0.349|  -7.486|   -7.486|   95.19%|   0:00:00.0| 3067.3M|view_typical|  default| oS_reg[14]/D |
|  -0.349|   -0.349|  -7.449|   -7.449|   95.19%|   0:00:00.0| 3067.3M|view_typical|  default| oS_reg[12]/D |
|  -0.349|   -0.349|  -7.444|   -7.444|   95.19%|   0:00:00.0| 3067.3M|view_typical|  default| oS_reg[12]/D |
|  -0.349|   -0.349|  -7.440|   -7.440|   95.19%|   0:00:00.0| 3067.3M|view_typical|  default| oS_reg[13]/D |
|  -0.349|   -0.349|  -7.422|   -7.422|   95.19%|   0:00:00.0| 3067.3M|view_typical|  default| oS_reg[13]/D |
|  -0.349|   -0.349|  -7.418|   -7.418|   95.19%|   0:00:01.0| 3067.3M|view_typical|  default| oS_reg[13]/D |
|  -0.349|   -0.349|  -7.411|   -7.411|   95.19%|   0:00:00.0| 3067.3M|view_typical|  default| oS_reg[13]/D |
|  -0.349|   -0.349|  -7.405|   -7.405|   95.19%|   0:00:00.0| 3067.3M|view_typical|  default| oS_reg[11]/D |
|  -0.349|   -0.349|  -7.400|   -7.400|   95.19%|   0:00:00.0| 3067.3M|view_typical|  default| oS_reg[11]/D |
|  -0.349|   -0.349|  -7.394|   -7.394|   95.19%|   0:00:00.0| 3067.3M|view_typical|  default| oS_reg[11]/D |
|  -0.349|   -0.349|  -7.383|   -7.383|   95.19%|   0:00:00.0| 3067.3M|view_typical|  default| oS_reg[8]/D  |
|  -0.349|   -0.349|  -7.360|   -7.360|   95.19%|   0:00:00.0| 3067.3M|view_typical|  default| oS_reg[8]/D  |
|  -0.349|   -0.349|  -7.357|   -7.357|   95.19%|   0:00:00.0| 3067.3M|view_typical|  default| oS_reg[8]/D  |
|  -0.349|   -0.349|  -7.353|   -7.353|   95.19%|   0:00:00.0| 3067.3M|view_typical|  default| oS_reg[8]/D  |
|  -0.349|   -0.349|  -7.350|   -7.350|   95.19%|   0:00:00.0| 3067.3M|view_typical|  default| oS_reg[7]/D  |
|  -0.349|   -0.349|  -7.338|   -7.338|   95.19%|   0:00:00.0| 3067.3M|view_typical|  default| oS_reg[7]/D  |
|  -0.349|   -0.349|  -7.331|   -7.331|   95.19%|   0:00:01.0| 3067.3M|view_typical|  default| oS_reg[7]/D  |
|  -0.349|   -0.349|  -7.325|   -7.325|   95.19%|   0:00:00.0| 3067.3M|view_typical|  default| oS_reg[7]/D  |
|  -0.349|   -0.349|  -7.321|   -7.321|   95.19%|   0:00:00.0| 3067.3M|view_typical|  default| oS_reg[5]/D  |
|  -0.349|   -0.349|  -7.310|   -7.310|   95.19%|   0:00:00.0| 3067.3M|view_typical|  default| oS_reg[2]/D  |
|  -0.349|   -0.349|  -7.297|   -7.297|   95.19%|   0:00:00.0| 3067.3M|view_typical|  default| oS_reg[3]/D  |
|  -0.349|   -0.349|  -7.294|   -7.294|   95.19%|   0:00:00.0| 3067.3M|view_typical|  default| oS_reg[3]/D  |
|  -0.349|   -0.349|  -7.286|   -7.286|   95.19%|   0:00:00.0| 3067.3M|view_typical|  default| oS_reg[3]/D  |
|  -0.349|   -0.349|  -7.282|   -7.282|   95.19%|   0:00:00.0| 3067.3M|view_typical|  default| oS_reg[3]/D  |
|  -0.349|   -0.349|  -7.279|   -7.279|   95.19%|   0:00:00.0| 3067.3M|view_typical|  default| oS_reg[3]/D  |
|  -0.349|   -0.349|  -7.273|   -7.273|   95.19%|   0:00:01.0| 3067.3M|view_typical|  default| oS_reg[2]/D  |
|  -0.349|   -0.349|  -7.270|   -7.270|   95.19%|   0:00:00.0| 3067.3M|view_typical|  default| oS_reg[1]/D  |
|  -0.349|   -0.349|  -7.269|   -7.269|   95.19%|   0:00:00.0| 3067.3M|view_typical|  default| oS_reg[1]/D  |
|  -0.349|   -0.349|  -7.269|   -7.269|   95.19%|   0:00:00.0| 3067.3M|view_typical|  default| oS_reg[31]/D |
+--------+---------+--------+---------+---------+------------+--------+------------+---------+--------------+

*** Finish Core Optimize Step (cpu=0:00:02.9 real=0:00:06.0 mem=3067.3M) ***

*** Finished Optimize Step Cumulative (cpu=0:00:02.9 real=0:00:06.0 mem=3067.3M) ***
OptDebug: End of Optimizer TNS Pass:
+----------+------+------+
|Path Group|   WNS|   TNS|
+----------+------+------+
|default   |-0.349|-7.269|
|reg2reg   | 0.000| 0.000|
|HEPG      | 0.000| 0.000|
|All Paths |-0.349|-7.269|
+----------+------+------+

*** Starting refinePlace (0:04:27 mem=3067.3M) ***
Total net bbox length = 3.484e+03 (2.167e+03 1.317e+03) (ext = 2.489e+03)
Max route layer is changed from 127 to 10 because there is no routing track above this layer
Max route layer is changed from 127 to 10 because there is no routing track above this layer

Starting Small incrNP...
Skipped incrNP (cpu=0:00:00.0, real=0:00:00.0, mem=3067.3M)
End of Small incrNP (cpu=0:00:00.0, real=0:00:00.0)
Max route layer is changed from 127 to 10 because there is no routing track above this layer
Max route layer is changed from 127 to 10 because there is no routing track above this layer
Move report: Detail placement moves 0 insts, mean move: 0.00 um, max move: 0.00 um 
	Runtime: CPU: 0:00:00.0 REAL: 0:00:00.0 MEM: 3051.3MB
Summary Report:
Instances move: 0 (out of 198 movable)
Instances flipped: 101
Mean displacement: 0.00 um
Max displacement: 0.00 um 
Total net bbox length = 3.469e+03 (2.167e+03 1.302e+03) (ext = 2.477e+03)
Runtime: CPU: 0:00:00.0 REAL: 0:00:00.0 MEM: 3051.3MB
*** Finished refinePlace (0:04:27 mem=3051.3M) ***
*** maximum move = 0.00 um ***
*** Finished re-routing un-routed nets (3051.3M) ***

*** Finish Physical Update (cpu=0:00:00.1 real=0:00:00.0 mem=3051.3M) ***
** GigaOpt Optimizer WNS Slack -0.349 TNS Slack -7.269 Density 95.19
OptDebug: End of Setup Fixing:
+----------+------+------+
|Path Group|   WNS|   TNS|
+----------+------+------+
|default   |-0.349|-7.269|
|reg2reg   | 0.000| 0.000|
|HEPG      | 0.000| 0.000|
|All Paths |-0.349|-7.269|
+----------+------+------+

Bottom Preferred Layer:
+-----------+------------+----------+
|   Layer   |   OPT_LA   |   Rule   |
+-----------+------------+----------+
| M5 (z=5)  |         12 | default  |
| M8 (z=8)  |          3 | default  |
+-----------+------------+----------+
Via Pillar Rule:
    None

*** Finish pre-CTS Setup Fixing (cpu=0:00:04.4 real=0:00:07.0 mem=3051.3M) ***

(I,S,L,T): view_typical: 10.0695, 5.64588, 0.00103509, 15.7164
*** TnsOpt #2 [finish] (place_opt_design #1) : cpu/real = 0:00:19.7/0:00:29.4 (0.7), totSession cpu/real = 0:04:26.8/0:09:23.1 (0.5), mem = 2972.3M
End: GigaOpt Optimization in TNS mode
Info: 1 clock net  excluded from IPO operation.

Begin: Area Power Optimization
Begin: Area Power Reclaim Optimization
*** AreaOpt #5 [begin] (place_opt_design #1) : totSession cpu/real = 0:04:26.8/0:09:23.2 (0.5), mem = 3030.5M
(I,S,L,T): view_typical: 10.0695, 5.64588, 0.00103509, 15.7164
Reclaim Optimization WNS Slack -0.349  TNS Slack -7.269 Density 95.19
+---------+---------+--------+--------+------------+--------+
| Density | Commits |  WNS   |  TNS   |    Real    |  Mem   |
+---------+---------+--------+--------+------------+--------+
|   95.19%|        -|  -0.349|  -7.269|   0:00:00.0| 3030.5M|
|   95.19%|        0|  -0.349|  -7.269|   0:00:00.0| 3030.5M|
|   95.05%|        1|  -0.349|  -7.266|   0:00:00.0| 3049.6M|
|   94.61%|        4|  -0.349|  -7.266|   0:00:00.0| 3049.6M|
|   94.61%|        0|  -0.349|  -7.266|   0:00:00.0| 3049.6M|
|   94.61%|        0|  -0.349|  -7.266|   0:00:02.0| 3049.6M|
|   94.61%|       13|  -0.363|  -7.412|   0:00:00.0| 3049.6M|
+---------+---------+--------+--------+------------+--------+
Reclaim Optimization End WNS Slack -0.363  TNS Slack -7.412 Density 94.61
Bottom Preferred Layer:
+-----------+------------+----------+
|   Layer   |   OPT_LA   |   Rule   |
+-----------+------------+----------+
| M5 (z=5)  |          1 | default  |
| M8 (z=8)  |          1 | default  |
+-----------+------------+----------+
Via Pillar Rule:
    None

Number of times islegalLocAvaiable called = 22 skipped = 0, called in commitmove = 4, skipped in commitmove = 0
End: Core Area Reclaim Optimization (cpu = 0:00:02.6) (real = 0:00:03.0) **
(I,S,L,T): view_typical: 10.0501, 5.7955, 0.00105373, 15.8467
*** AreaOpt #5 [finish] (place_opt_design #1) : cpu/real = 0:00:02.6/0:00:02.9 (0.9), totSession cpu/real = 0:04:29.4/0:09:26.1 (0.5), mem = 3049.6M
End: Area Reclaim Optimization (cpu=0:00:03, real=0:00:03, mem=2972.55M, totSessionCpu=0:04:29).
Begin: GigaOpt postEco DRV Optimization
*** DrvOpt #2 [begin] (place_opt_design #1) : totSession cpu/real = 0:04:29.4/0:09:26.1 (0.5), mem = 2972.6M
Info: 1 clock net  excluded from IPO operation.
(I,S,L,T): view_typical: 10.0501, 5.7955, 0.00105373, 15.8467
+-------------------------------------------------------------------------------------------------------------------------------------------------------+
|        max-tran       |        max-cap        |  max-fanout |  max-length |       setup       |        |        |        |       |          |         |
+-------------------------------------------------------------------------------------------------------------------------------------------------------+
| nets | terms|  wViol  | nets | terms|  wViol  | nets | terms| nets | terms|   WNS   |   TNS   |  #Buf  |  #Inv  | #Resize|Density|   Real   |   Mem   |
+-------------------------------------------------------------------------------------------------------------------------------------------------------+
|     0|     0|     0.00|     0|     0|     0.00|     0|     0|     0|     0|    -0.36|    -7.41|       0|       0|       0| 94.61%|          |         |
|     0|     0|     0.00|     0|     0|     0.00|     0|     0|     0|     0|    -0.36|    -7.41|       0|       0|       0| 94.61%| 0:00:00.0|  3030.7M|
+-------------------------------------------------------------------------------------------------------------------------------------------------------+
Bottom Preferred Layer:
+-----------+------------+----------+
|   Layer   |   OPT_LA   |   Rule   |
+-----------+------------+----------+
| M5 (z=5)  |          1 | default  |
| M8 (z=8)  |          1 | default  |
+-----------+------------+----------+
Via Pillar Rule:
    None

*** Finish DRV Fixing (cpu=0:00:00.0 real=0:00:00.0 mem=3030.7M) ***

(I,S,L,T): view_typical: 10.0501, 5.7955, 0.00105373, 15.8467
*** DrvOpt #2 [finish] (place_opt_design #1) : cpu/real = 0:00:05.1/0:00:05.3 (1.0), totSession cpu/real = 0:04:34.6/0:09:31.4 (0.5), mem = 2972.7M
End: GigaOpt postEco DRV Optimization
GigaOpt: WNS changes after postEco optimization: -0.362 -> -0.362 (bump = 0.0)
GigaOpt: Skipping nonLegal postEco optimization
Design TNS changes after trial route: -7.412 -> -7.412
Begin: GigaOpt TNS non-legal recovery
Info: 1 clock net  excluded from IPO operation.
*** TnsOpt #3 [begin] (place_opt_design #1) : totSession cpu/real = 0:04:34.6/0:09:31.5 (0.5), mem = 2972.7M
(I,S,L,T): view_typical: 10.0501, 5.7955, 0.00105373, 15.8467
*info: 1 clock net excluded
** GigaOpt Optimizer WNS Slack -0.363 TNS Slack -7.412 Density 94.61
OptDebug: Start of Optimizer TNS Pass:
+----------+------+------+
|Path Group|   WNS|   TNS|
+----------+------+------+
|default   |-0.363|-7.412|
|reg2reg   | 0.000| 0.000|
|HEPG      | 0.000| 0.000|
|All Paths |-0.363|-7.412|
+----------+------+------+

Active Path Group: default 
+--------+---------+--------+---------+---------+------------+--------+------------+---------+--------------+
|  WNS   | All WNS |  TNS   | All TNS | Density |    Real    |  Mem   | Worst View |Pathgroup|  End Point   |
+--------+---------+--------+---------+---------+------------+--------+------------+---------+--------------+
|  -0.363|   -0.363|  -7.412|   -7.412|   94.61%|   0:00:00.0| 3032.9M|view_typical|  default| oS_reg[28]/D |
|  -0.356|   -0.356|  -7.343|   -7.343|   95.00%|   0:00:02.0| 3051.9M|view_typical|  default| oS_reg[29]/D |
|  -0.356|   -0.356|  -7.324|   -7.324|   95.10%|   0:00:01.0| 3051.9M|view_typical|  default| oS_reg[23]/D |
|  -0.356|   -0.356|  -7.318|   -7.318|   95.10%|   0:00:00.0| 3051.9M|view_typical|  default| oS_reg[23]/D |
|  -0.356|   -0.356|  -7.318|   -7.318|   95.10%|   0:00:00.0| 3051.9M|view_typical|  default| oS_reg[25]/D |
|  -0.356|   -0.356|  -7.318|   -7.318|   95.10%|   0:00:00.0| 3051.9M|view_typical|  default| oS_reg[12]/D |
|  -0.356|   -0.356|  -7.318|   -7.318|   95.10%|   0:00:00.0| 3051.9M|view_typical|  default| oS_reg[5]/D  |
|  -0.356|   -0.356|  -7.318|   -7.318|   95.10%|   0:00:01.0| 3051.9M|view_typical|  default| oS_reg[0]/D  |
|  -0.356|   -0.356|  -7.318|   -7.318|   95.10%|   0:00:00.0| 3051.9M|view_typical|  default| oS_reg[31]/D |
+--------+---------+--------+---------+---------+------------+--------+------------+---------+--------------+

*** Finish Core Optimize Step (cpu=0:00:01.4 real=0:00:04.0 mem=3051.9M) ***

*** Finished Optimize Step Cumulative (cpu=0:00:01.4 real=0:00:04.0 mem=3051.9M) ***
OptDebug: End of Optimizer TNS Pass:
+----------+------+------+
|Path Group|   WNS|   TNS|
+----------+------+------+
|default   |-0.356|-7.318|
|reg2reg   | 0.000| 0.000|
|HEPG      | 0.000| 0.000|
|All Paths |-0.356|-7.318|
+----------+------+------+

Begin: Area Reclaim Optimization
*** AreaOpt #6 [begin] (TnsOpt #3 / place_opt_design #1) : totSession cpu/real = 0:04:51.7/0:09:52.8 (0.5), mem = 3051.9M
(I,S,L,T): view_typical: 10.0843, 5.74201, 0.00107114, 15.8274
Reclaim Optimization WNS Slack -0.356  TNS Slack -7.318 Density 95.10
+---------+---------+--------+--------+------------+--------+
| Density | Commits |  WNS   |  TNS   |    Real    |  Mem   |
+---------+---------+--------+--------+------------+--------+
|   95.10%|        -|  -0.356|  -7.318|   0:00:00.0| 3051.9M|
|   95.10%|        0|  -0.356|  -7.318|   0:00:00.0| 3051.9M|
|   95.10%|        0|  -0.356|  -7.318|   0:00:00.0| 3051.9M|
+---------+---------+--------+--------+------------+--------+
Reclaim Optimization End WNS Slack -0.356  TNS Slack -7.318 Density 95.10
Bottom Preferred Layer:
+-----------+------------+----------+
|   Layer   |   OPT_LA   |   Rule   |
+-----------+------------+----------+
| M5 (z=5)  |          5 | default  |
| M8 (z=8)  |          1 | default  |
+-----------+------------+----------+
Via Pillar Rule:
    None

Number of times islegalLocAvaiable called = 0 skipped = 0, called in commitmove = 0, skipped in commitmove = 0
End: Core Area Reclaim Optimization (cpu = 0:00:00.0) (real = 0:00:00.0) **
(I,S,L,T): view_typical: 10.0843, 5.74201, 0.00107114, 15.8274
*** AreaOpt #6 [finish] (TnsOpt #3 / place_opt_design #1) : cpu/real = 0:00:00.0/0:00:00.1 (0.3), totSession cpu/real = 0:04:51.7/0:09:52.9 (0.5), mem = 3051.9M
End: Area Reclaim Optimization (cpu=0:00:00, real=0:00:00, mem=3051.95M, totSessionCpu=0:04:52).
*** Starting refinePlace (0:04:52 mem=3068.0M) ***
Total net bbox length = 3.472e+03 (2.171e+03 1.301e+03) (ext = 2.476e+03)
Max route layer is changed from 127 to 10 because there is no routing track above this layer
Max route layer is changed from 127 to 10 because there is no routing track above this layer

Starting Small incrNP...
Skipped incrNP (cpu=0:00:00.0, real=0:00:00.0, mem=3068.0M)
End of Small incrNP (cpu=0:00:00.0, real=0:00:00.0)
Max route layer is changed from 127 to 10 because there is no routing track above this layer
Max route layer is changed from 127 to 10 because there is no routing track above this layer
Move report: Detail placement moves 42 insts, mean move: 0.69 um, max move: 1.73 um 
	Max move on inst (FE_RC_96_0): (16.63, 15.34) --> (15.98, 16.42)
	Runtime: CPU: 0:00:00.0 REAL: 0:00:00.0 MEM: 3051.9MB
Summary Report:
Instances move: 42 (out of 199 movable)
Instances flipped: 0
Mean displacement: 0.69 um
Max displacement: 1.73 um (Instance: FE_RC_96_0) (16.632, 15.336) -> (15.984, 16.416)
	Length: 4 sites, height: 1 rows, site name: asap7sc7p5t, cell type: NAND2xp5_ASAP7_75t_SL
Total net bbox length = 3.478e+03 (2.165e+03 1.313e+03) (ext = 2.480e+03)
Runtime: CPU: 0:00:00.0 REAL: 0:00:00.0 MEM: 3051.9MB
*** Finished refinePlace (0:04:52 mem=3051.9M) ***
*** maximum move = 1.73 um ***
*** Finished re-routing un-routed nets (3051.9M) ***

*** Finish Physical Update (cpu=0:00:00.1 real=0:00:00.0 mem=3051.9M) ***
** GigaOpt Optimizer WNS Slack -0.356 TNS Slack -7.318 Density 95.10
OptDebug: End of Setup Fixing:
+----------+------+------+
|Path Group|   WNS|   TNS|
+----------+------+------+
|default   |-0.356|-7.318|
|reg2reg   | 0.000| 0.000|
|HEPG      | 0.000| 0.000|
|All Paths |-0.356|-7.318|
+----------+------+------+

Bottom Preferred Layer:
+-----------+------------+----------+
|   Layer   |   OPT_LA   |   Rule   |
+-----------+------------+----------+
| M5 (z=5)  |          5 | default  |
| M8 (z=8)  |          1 | default  |
+-----------+------------+----------+
Via Pillar Rule:
    None

*** Finish pre-CTS Setup Fixing (cpu=0:00:02.9 real=0:00:07.0 mem=3051.9M) ***

(I,S,L,T): view_typical: 10.0843, 5.74201, 0.00107114, 15.8274
*** TnsOpt #3 [finish] (place_opt_design #1) : cpu/real = 0:00:17.3/0:00:21.8 (0.8), totSession cpu/real = 0:04:51.8/0:09:53.4 (0.5), mem = 2972.9M
End: GigaOpt TNS non-legal recovery
Begin: GigaOpt Optimization in post-eco TNS mode
Info: 1 clock net  excluded from IPO operation.
*** TnsOpt #4 [begin] (place_opt_design #1) : totSession cpu/real = 0:04:51.8/0:09:53.4 (0.5), mem = 2972.9M
(I,S,L,T): view_typical: 10.0843, 5.74201, 0.00107114, 15.8274
*info: 1 clock net excluded
** GigaOpt Optimizer WNS Slack -0.356 TNS Slack -7.318 Density 95.10
OptDebug: Start of Optimizer TNS Pass:
+----------+------+------+
|Path Group|   WNS|   TNS|
+----------+------+------+
|default   |-0.356|-7.318|
|reg2reg   | 0.000| 0.000|
|HEPG      | 0.000| 0.000|
|All Paths |-0.356|-7.318|
+----------+------+------+

Active Path Group: default 
+--------+---------+--------+---------+---------+------------+--------+------------+---------+--------------+
|  WNS   | All WNS |  TNS   | All TNS | Density |    Real    |  Mem   | Worst View |Pathgroup|  End Point   |
+--------+---------+--------+---------+---------+------------+--------+------------+---------+--------------+
|  -0.356|   -0.356|  -7.318|   -7.318|   95.10%|   0:00:00.0| 3033.1M|view_typical|  default| oS_reg[31]/D |
|  -0.356|   -0.356|  -7.307|   -7.307|   95.10%|   0:00:00.0| 3052.2M|view_typical|  default| oS_reg[27]/D |
|  -0.356|   -0.356|  -7.305|   -7.305|   95.10%|   0:00:00.0| 3052.2M|view_typical|  default| oS_reg[22]/D |
|  -0.356|   -0.356|  -7.302|   -7.302|   95.10%|   0:00:00.0| 3052.2M|view_typical|  default| oS_reg[22]/D |
|  -0.356|   -0.356|  -7.301|   -7.301|   95.10%|   0:00:00.0| 3052.2M|view_typical|  default| oS_reg[22]/D |
|  -0.356|   -0.356|  -7.299|   -7.299|   95.10%|   0:00:01.0| 3052.2M|view_typical|  default| oS_reg[21]/D |
|  -0.356|   -0.356|  -7.297|   -7.297|   95.10%|   0:00:00.0| 3052.2M|view_typical|  default| oS_reg[17]/D |
|  -0.356|   -0.356|  -7.296|   -7.296|   95.10%|   0:00:00.0| 3052.2M|view_typical|  default| oS_reg[19]/D |
|  -0.356|   -0.356|  -7.295|   -7.295|   95.10%|   0:00:00.0| 3052.2M|view_typical|  default| oS_reg[19]/D |
|  -0.356|   -0.356|  -7.293|   -7.293|   95.10%|   0:00:00.0| 3052.2M|view_typical|  default| oS_reg[15]/D |
|  -0.356|   -0.356|  -7.291|   -7.291|   95.10%|   0:00:00.0| 3052.2M|view_typical|  default| oS_reg[14]/D |
|  -0.357|   -0.357|  -7.284|   -7.284|   95.10%|   0:00:00.0| 3052.2M|view_typical|  default| oS_reg[13]/D |
|  -0.357|   -0.357|  -7.280|   -7.280|   95.10%|   0:00:00.0| 3052.2M|view_typical|  default| oS_reg[13]/D |
|  -0.357|   -0.357|  -7.279|   -7.279|   95.10%|   0:00:00.0| 3052.2M|view_typical|  default| oS_reg[13]/D |
|  -0.357|   -0.357|  -7.275|   -7.275|   95.10%|   0:00:00.0| 3052.2M|view_typical|  default| oS_reg[10]/D |
|  -0.357|   -0.357|  -7.273|   -7.273|   95.10%|   0:00:00.0| 3052.2M|view_typical|  default| oS_reg[11]/D |
|  -0.357|   -0.357|  -7.276|   -7.276|   95.10%|   0:00:01.0| 3052.2M|view_typical|  default| oS_reg[4]/D  |
|  -0.357|   -0.357|  -7.274|   -7.274|   95.10%|   0:00:00.0| 3052.2M|view_typical|  default| oS_reg[4]/D  |
|  -0.357|   -0.357|  -7.273|   -7.273|   95.10%|   0:00:00.0| 3052.2M|view_typical|  default| oS_reg[3]/D  |
|  -0.357|   -0.357|  -7.272|   -7.272|   95.10%|   0:00:00.0| 3052.2M|view_typical|  default| oS_reg[0]/D  |
|  -0.357|   -0.357|  -7.270|   -7.270|   95.10%|   0:00:00.0| 3052.2M|view_typical|  default| oS_reg[0]/D  |
|  -0.357|   -0.357|  -7.270|   -7.270|   95.10%|   0:00:00.0| 3052.2M|view_typical|  default| oS_reg[31]/D |
+--------+---------+--------+---------+---------+------------+--------+------------+---------+--------------+

*** Finish Core Optimize Step (cpu=0:00:00.6 real=0:00:02.0 mem=3052.2M) ***

*** Finished Optimize Step Cumulative (cpu=0:00:00.6 real=0:00:02.0 mem=3052.2M) ***
OptDebug: End of Optimizer TNS Pass:
+----------+------+------+
|Path Group|   WNS|   TNS|
+----------+------+------+
|default   |-0.357|-7.270|
|reg2reg   | 0.000| 0.000|
|HEPG      | 0.000| 0.000|
|All Paths |-0.357|-7.270|
+----------+------+------+

OptDebug: End of Setup Fixing:
+----------+------+------+
|Path Group|   WNS|   TNS|
+----------+------+------+
|default   |-0.357|-7.270|
|reg2reg   | 0.000| 0.000|
|HEPG      | 0.000| 0.000|
|All Paths |-0.357|-7.270|
+----------+------+------+

Bottom Preferred Layer:
+-----------+------------+----------+
|   Layer   |   OPT_LA   |   Rule   |
+-----------+------------+----------+
| M5 (z=5)  |          5 | default  |
| M8 (z=8)  |          1 | default  |
+-----------+------------+----------+
Via Pillar Rule:
    None

*** Finish pre-CTS Setup Fixing (cpu=0:00:02.0 real=0:00:05.0 mem=3052.2M) ***

(I,S,L,T): view_typical: 10.2332, 5.76368, 0.00115097, 15.998
*** TnsOpt #4 [finish] (place_opt_design #1) : cpu/real = 0:00:16.0/0:00:33.9 (0.5), totSession cpu/real = 0:05:07.8/0:10:27.2 (0.5), mem = 2973.2M
End: GigaOpt Optimization in post-eco TNS mode
**optDesign ... cpu = 0:03:53, real = 0:08:03, mem = 2788.1M, totSessionCpu=0:05:08 **

------------------------------------------------------------------
        Before Power Reclaim
------------------------------------------------------------------

Setup views included:
 view_typical 

+--------------------+---------+---------+---------+
|     Setup mode     |   all   | reg2reg | default |
+--------------------+---------+---------+---------+
|           WNS (ns):| -0.357  |   N/A   | -0.357  |
|           TNS (ns):| -7.270  |   N/A   | -7.270  |
|    Violating Paths:|   32    |   N/A   |   32    |
|          All Paths:|   32    |   N/A   |   32    |
+--------------------+---------+---------+---------+

+----------------+-------------------------------+------------------+
|                |              Real             |       Total      |
|    DRVs        +------------------+------------+------------------|
|                |  Nr nets(terms)  | Worst Vio  |  Nr nets(terms)  |
+----------------+------------------+------------+------------------+
|   max_cap      |      0 (0)       |   0.000    |      0 (0)       |
|   max_tran     |      0 (0)       |   0.000    |      0 (0)       |
|   max_fanout   |      0 (0)       |     0      |      0 (0)       |
|   max_length   |      0 (0)       |     0      |      0 (0)       |
+----------------+------------------+------------+------------------+

Density: 95.097%
Routing Overflow: 0.00% H and 0.00% V
------------------------------------------------------------------
Info: 1 clock net  excluded from IPO operation.

Begin: Power Optimization
env CDS_WORKAREA is set to /data/tkvm2/Asap7design/asap7_design
Using Power View: view_typical.

Begin Power Analysis

             0V	    VSS
          0.77V	    VDD
Begin Processing Timing Library for Power Calculation

Ended Processing Timing Library for Power Calculation: (cpu=0:00:00, real=0:00:00, mem(process/total/peak)=2788.40MB/5071.33MB/2806.11MB)



Begin Processing Power Net/Grid for Power Calculation

Ended Processing Power Net/Grid for Power Calculation: (cpu=0:00:00, real=0:00:00, mem(process/total/peak)=2788.40MB/5071.33MB/2806.11MB)

Begin Processing Timing Window Data for Power Calculation

Ended Processing Timing Window Data for Power Calculation: (cpu=0:00:00, real=0:00:00, mem(process/total/peak)=2788.40MB/5071.33MB/2806.11MB)

Begin Processing User Attributes

Ended Processing User Attributes: (cpu=0:00:00, real=0:00:00, mem(process/total/peak)=2788.40MB/5071.33MB/2806.11MB)

Begin Processing Signal Activity


Starting Levelizing
2026-Apr-04 15:23:35 (2026-Apr-04 08:23:35 GMT)
2026-Apr-04 15:23:35 (2026-Apr-04 08:23:35 GMT): 10%
2026-Apr-04 15:23:35 (2026-Apr-04 08:23:35 GMT): 20%
2026-Apr-04 15:23:35 (2026-Apr-04 08:23:35 GMT): 30%
2026-Apr-04 15:23:35 (2026-Apr-04 08:23:35 GMT): 40%
2026-Apr-04 15:23:35 (2026-Apr-04 08:23:35 GMT): 50%
2026-Apr-04 15:23:35 (2026-Apr-04 08:23:35 GMT): 60%
2026-Apr-04 15:23:35 (2026-Apr-04 08:23:35 GMT): 70%
2026-Apr-04 15:23:35 (2026-Apr-04 08:23:35 GMT): 80%
2026-Apr-04 15:23:35 (2026-Apr-04 08:23:35 GMT): 90%

Finished Levelizing
2026-Apr-04 15:23:35 (2026-Apr-04 08:23:35 GMT)

Starting Activity Propagation
2026-Apr-04 15:23:35 (2026-Apr-04 08:23:35 GMT)
2026-Apr-04 15:23:35 (2026-Apr-04 08:23:35 GMT): 10%
2026-Apr-04 15:23:35 (2026-Apr-04 08:23:35 GMT): 20%
2026-Apr-04 15:23:35 (2026-Apr-04 08:23:35 GMT): 30%

Finished Activity Propagation
2026-Apr-04 15:23:35 (2026-Apr-04 08:23:35 GMT)
Ended Processing Signal Activity: (cpu=0:00:00, real=0:00:00, mem(process/total/peak)=2788.40MB/5071.33MB/2806.11MB)

Begin Power Computation

      ----------------------------------------------------------
      # of cell(s) missing both power/leakage table: 0
      # of cell(s) missing power table: 0
      # of cell(s) missing leakage table: 0
      ----------------------------------------------------------



Starting Calculating power
2026-Apr-04 15:23:35 (2026-Apr-04 08:23:35 GMT)
 ... Calculating switching power
2026-Apr-04 15:23:35 (2026-Apr-04 08:23:35 GMT): 10%
2026-Apr-04 15:23:35 (2026-Apr-04 08:23:35 GMT): 20%
2026-Apr-04 15:23:35 (2026-Apr-04 08:23:35 GMT): 30%
2026-Apr-04 15:23:35 (2026-Apr-04 08:23:35 GMT): 40%
2026-Apr-04 15:23:35 (2026-Apr-04 08:23:35 GMT): 50%
 ... Calculating internal and leakage power
2026-Apr-04 15:23:35 (2026-Apr-04 08:23:35 GMT): 60%
2026-Apr-04 15:23:35 (2026-Apr-04 08:23:35 GMT): 70%
2026-Apr-04 15:23:35 (2026-Apr-04 08:23:35 GMT): 80%
2026-Apr-04 15:23:35 (2026-Apr-04 08:23:35 GMT): 90%

Finished Calculating power
2026-Apr-04 15:23:35 (2026-Apr-04 08:23:35 GMT)
      # of MSMV cell(s) missing power_level: 0
Ended Power Computation: (cpu=0:00:00, real=0:00:00, mem(process/total/peak)=2788.67MB/5071.33MB/2806.11MB)

Begin Processing User Attributes

Begin Processing set_power
Ended Processing set_power: (cpu=0:00:00, real=0:00:00,
mem(process/total/peak)=2788.67MB/5071.33MB/2806.11MB)
Ended Processing User Attributes: (cpu=0:00:00, real=0:00:00, mem(process/total/peak)=2788.67MB/5071.33MB/2806.11MB)

Ended Power Analysis: (cpu=0:00:00, real=0:00:00, mem(process/total/peak)=2788.67MB/5071.33MB/2806.11MB)

Begin Boundary Leakage Calculation
Ended Boundary Leakage Calculation: (cpu=0:00:00, real=0:00:00,
mem(process/total/peak)=2788.67MB/5071.33MB/2806.11MB)
Begin Static Power Report Generation
*----------------------------------------------------------------------------------------
*	Innovus 22.17-s086_1 (64bit) 09/24/2024 10:51 (Linux 3.10.0-693.el7.x86_64)
*	
*
* 	Date & Time:	2026-Apr-04 15:23:35 (2026-Apr-04 08:23:35 GMT)
*
*----------------------------------------------------------------------------------------
*
*	Design: Adder32
*
*	Parasitic Files used:
*
*	Power Units = 1mW
*
*	Time Units = 1e-12 secs
*
*       report_power
*
-----------------------------------------------------------------------------------------
*



Total Power
-----------------------------------------------------------------------------------------
Total Internal Power:       10.22239637 	   67.5856%
Total Switching Power:       4.90153550 	   32.4066%
Total Leakage Power:         0.00117090 	    0.0077%
Total Power:                15.12510277
-----------------------------------------------------------------------------------------


Group                           Internal   Switching     Leakage       Total  Percentage 
                                Power      Power         Power         Power  (%)        
-----------------------------------------------------------------------------------------
Sequential                         7.102       1.167   0.0001042       8.269       54.67
Macro                                  0           0           0           0           0
IO                                     0           0           0           0           0
Combinational                      3.121       3.734    0.001067       6.856       45.33
Clock (Combinational)                  0           0           0           0           0
Clock (Sequential)                     0           0           0           0           0
-----------------------------------------------------------------------------------------
Total                              10.22       4.902    0.001171       15.13         100
-----------------------------------------------------------------------------------------


Rail                  Voltage   Internal   Switching     Leakage       Total  Percentage 
                                Power      Power         Power         Power  (%)        
-----------------------------------------------------------------------------------------
VDD                      0.77      10.22       4.902    0.001171       15.13         100
 
 
-----------------------------------------------------------------------------------------
*	Power Distribution Summary: 
*              Highest Average Power:                oS_reg[30] (DFFHQx4_ASAP7_75t_SL):           0.2923
*              Highest Leakage Power:                oS_reg[30] (DFFHQx4_ASAP7_75t_SL):        3.094e-05
*                Total Cap:      5.41197e-13 F
*                Total instances in design:   199
*                Total instances in design with no power:     0
*                Total instances in design with no activty:     0

*                Total Fillers and Decap:     0
-----------------------------------------------------------------------------------------
 
** INFO:  (VOLTUS_POWR-3465): There are 0 decaps and 0 fillers in the design

Ended Static Power Report Generation: (cpu=0:00:00, real=0:00:00,
mem(process/total/peak)=2788.67MB/5071.33MB/2806.11MB)

OptDebug: Start of Power Reclaim:
+----------+------+------+
|Path Group|   WNS|   TNS|
+----------+------+------+
|default   |-0.357|-7.270|
|reg2reg   | 0.000| 0.000|
|HEPG      | 0.000| 0.000|
|All Paths |-0.357|-7.270|
+----------+------+------+

Begin: Core Power Optimization
*** PowerOpt #1 [begin] (place_opt_design #1) : totSession cpu/real = 0:05:08.1/0:10:28.3 (0.5), mem = 3041.5M
(I,S,L,T): view_typical: 10.3894, 5.92241, 0.00115097, 16.3129
+---------+---------+--------+--------+------------+--------+
| Density | Commits |  WNS   |  TNS   |    Real    |  Mem   |
+---------+---------+--------+--------+------------+--------+
|   95.10%|        -|  -0.357|  -7.270|   0:00:00.0| 3041.5M|
|   94.81%|       31|  -0.357|  -7.386|   0:00:03.0| 3060.6M|
|   94.81%|        0|  -0.357|  -7.386|   0:00:01.0| 3060.6M|
+---------+---------+--------+--------+------------+--------+
Bottom Preferred Layer:
+-----------+------------+----------+
|   Layer   |   OPT_LA   |   Rule   |
+-----------+------------+----------+
| M5 (z=5)  |          5 | default  |
| M8 (z=8)  |          1 | default  |
+-----------+------------+----------+
Via Pillar Rule:
    None

Number of insts committed for which the initial cell was dont use = 0

Number of times islegalLocAvaiable called = 31 skipped = 0, called in commitmove = 31, skipped in commitmove = 0
Info : Out of 132 seq cells, 0 cells are internal dont use, and 0 cells are db dont use.
End: Core Power Optimization (cpu = 0:00:02.5) (real = 0:00:06.0) **
(I,S,L,T): view_typical: 10.3205, 5.8966, 0.000983285, 16.218
*** PowerOpt #1 [finish] (place_opt_design #1) : cpu/real = 0:00:02.5/0:00:05.4 (0.5), totSession cpu/real = 0:05:10.6/0:10:33.7 (0.5), mem = 3060.6M
OPT: Doing preprocessing before recovery...
OptDebug: Start of preprocessForPowerRecovery:
+----------+------+------+
|Path Group|   WNS|   TNS|
+----------+------+------+
|default   |-0.357|-7.386|
|reg2reg   | 0.000| 0.000|
|HEPG      | 0.000| 0.000|
|All Paths |-0.357|-7.386|
+----------+------+------+

OptDebug: End of preprocessForPowerRecovery:
+----------+------+------+
|Path Group|   WNS|   TNS|
+----------+------+------+
|default   |-0.357|-7.386|
|reg2reg   | 0.000| 0.000|
|HEPG      | 0.000| 0.000|
|All Paths |-0.357|-7.386|
+----------+------+------+

Checking setup slack degradation ...
Begin: Core Power Optimization
*** PowerOpt #2 [begin] (place_opt_design #1) : totSession cpu/real = 0:05:10.6/0:10:33.8 (0.5), mem = 3060.6M
(I,S,L,T): view_typical: 10.3205, 5.8966, 0.000983285, 16.218
Reclaim Optimization WNS Slack -0.357  TNS Slack -7.386 Density 94.81
+---------+---------+--------+--------+------------+--------+
| Density | Commits |  WNS   |  TNS   |    Real    |  Mem   |
+---------+---------+--------+--------+------------+--------+
|   94.81%|        -|  -0.357|  -7.386|   0:00:00.0| 3060.6M|
|   94.81%|       17|  -0.358|  -7.418|   0:00:03.0| 3079.7M|
|   93.93%|        3|  -0.358|  -7.418|   0:00:03.0| 3079.7M|
|   93.93%|       16|  -0.358|  -7.419|   0:00:03.0| 3079.7M|
|   93.93%|       16|  -0.358|  -7.419|   0:00:00.0| 3079.7M|
|   93.93%|       18|  -0.358|  -7.419|   0:00:02.0| 3079.7M|
+---------+---------+--------+--------+------------+--------+
Reclaim Optimization End WNS Slack -0.358  TNS Slack -7.419 Density 93.93
Bottom Preferred Layer:
+-----------+------------+----------+
|   Layer   |   OPT_LA   |   Rule   |
+-----------+------------+----------+
| M5 (z=5)  |          5 | default  |
| M8 (z=8)  |          1 | default  |
+-----------+------------+----------+
Via Pillar Rule:
    None

Number of insts committed for which the initial cell was dont use = 0

Number of times islegalLocAvaiable called = 50 skipped = 0, called in commitmove = 50, skipped in commitmove = 0
Info : Out of 132 seq cells, 0 cells are internal dont use, and 0 cells are db dont use.
End: Core Power Optimization (cpu = 0:00:07.2) (real = 0:00:13.0) **
(I,S,L,T): view_typical: 10.3236, 5.8791, 0.000995767, 16.2037
*** PowerOpt #2 [finish] (place_opt_design #1) : cpu/real = 0:00:07.2/0:00:13.5 (0.5), totSession cpu/real = 0:05:17.8/0:10:47.3 (0.5), mem = 3079.7M
*** Starting refinePlace (0:05:18 mem=3085.7M) ***
Total net bbox length = 3.470e+03 (2.160e+03 1.310e+03) (ext = 2.474e+03)
Max route layer is changed from 127 to 10 because there is no routing track above this layer
Max route layer is changed from 127 to 10 because there is no routing track above this layer
Max route layer is changed from 127 to 10 because there is no routing track above this layer
Move report: Detail placement moves 0 insts, mean move: 0.00 um, max move: 0.00 um 
	Runtime: CPU: 0:00:00.0 REAL: 0:00:00.0 MEM: 3069.7MB
Summary Report:
Instances move: 0 (out of 195 movable)
Instances flipped: 0
Mean displacement: 0.00 um
Max displacement: 0.00 um 
Total net bbox length = 3.470e+03 (2.160e+03 1.310e+03) (ext = 2.474e+03)
Runtime: CPU: 0:00:00.0 REAL: 0:00:00.0 MEM: 3069.7MB
*** Finished refinePlace (0:05:18 mem=3069.7M) ***
*** maximum move = 0.00 um ***
*** Finished re-routing un-routed nets (3069.7M) ***

*** Finish Physical Update (cpu=0:00:00.1 real=0:00:00.0 mem=3069.7M) ***
Checking setup slack degradation ...
env CDS_WORKAREA is set to /data/tkvm2/Asap7design/asap7_design
Using Power View: view_typical.

Begin Power Analysis

             0V	    VSS
          0.77V	    VDD
Begin Processing Timing Library for Power Calculation

Ended Processing Timing Library for Power Calculation: (cpu=0:00:00, real=0:00:00, mem(process/total/peak)=2796.80MB/5099.49MB/2806.11MB)



Begin Processing Power Net/Grid for Power Calculation

Ended Processing Power Net/Grid for Power Calculation: (cpu=0:00:00, real=0:00:00, mem(process/total/peak)=2796.80MB/5099.49MB/2806.11MB)

Begin Processing Timing Window Data for Power Calculation

Ended Processing Timing Window Data for Power Calculation: (cpu=0:00:00, real=0:00:00, mem(process/total/peak)=2796.80MB/5099.49MB/2806.11MB)

Begin Processing User Attributes

Ended Processing User Attributes: (cpu=0:00:00, real=0:00:00, mem(process/total/peak)=2796.80MB/5099.49MB/2806.11MB)

Begin Processing Signal Activity


Starting Levelizing
2026-Apr-04 15:23:54 (2026-Apr-04 08:23:54 GMT)
2026-Apr-04 15:23:54 (2026-Apr-04 08:23:54 GMT): 10%
2026-Apr-04 15:23:54 (2026-Apr-04 08:23:54 GMT): 20%
2026-Apr-04 15:23:54 (2026-Apr-04 08:23:54 GMT): 30%
2026-Apr-04 15:23:54 (2026-Apr-04 08:23:54 GMT): 40%
2026-Apr-04 15:23:54 (2026-Apr-04 08:23:54 GMT): 50%
2026-Apr-04 15:23:54 (2026-Apr-04 08:23:54 GMT): 60%
2026-Apr-04 15:23:54 (2026-Apr-04 08:23:54 GMT): 70%
2026-Apr-04 15:23:54 (2026-Apr-04 08:23:54 GMT): 80%
2026-Apr-04 15:23:54 (2026-Apr-04 08:23:54 GMT): 90%

Finished Levelizing
2026-Apr-04 15:23:54 (2026-Apr-04 08:23:54 GMT)

Starting Activity Propagation
2026-Apr-04 15:23:54 (2026-Apr-04 08:23:54 GMT)
2026-Apr-04 15:23:54 (2026-Apr-04 08:23:54 GMT): 10%
2026-Apr-04 15:23:54 (2026-Apr-04 08:23:54 GMT): 20%
2026-Apr-04 15:23:54 (2026-Apr-04 08:23:54 GMT): 30%

Finished Activity Propagation
2026-Apr-04 15:23:54 (2026-Apr-04 08:23:54 GMT)
Ended Processing Signal Activity: (cpu=0:00:00, real=0:00:00, mem(process/total/peak)=2796.80MB/5099.49MB/2806.11MB)

Begin Power Computation

      ----------------------------------------------------------
      # of cell(s) missing both power/leakage table: 0
      # of cell(s) missing power table: 0
      # of cell(s) missing leakage table: 0
      ----------------------------------------------------------



Starting Calculating power
2026-Apr-04 15:23:54 (2026-Apr-04 08:23:54 GMT)
 ... Calculating switching power
2026-Apr-04 15:23:54 (2026-Apr-04 08:23:54 GMT): 10%
2026-Apr-04 15:23:54 (2026-Apr-04 08:23:54 GMT): 20%
2026-Apr-04 15:23:54 (2026-Apr-04 08:23:54 GMT): 30%
2026-Apr-04 15:23:54 (2026-Apr-04 08:23:54 GMT): 40%
2026-Apr-04 15:23:54 (2026-Apr-04 08:23:54 GMT): 50%
 ... Calculating internal and leakage power
2026-Apr-04 15:23:55 (2026-Apr-04 08:23:55 GMT): 60%
2026-Apr-04 15:23:55 (2026-Apr-04 08:23:55 GMT): 70%
2026-Apr-04 15:23:55 (2026-Apr-04 08:23:55 GMT): 80%
2026-Apr-04 15:23:55 (2026-Apr-04 08:23:55 GMT): 90%

Finished Calculating power
2026-Apr-04 15:23:55 (2026-Apr-04 08:23:55 GMT)
      # of MSMV cell(s) missing power_level: 0
Ended Power Computation: (cpu=0:00:00, real=0:00:00, mem(process/total/peak)=2796.82MB/5099.49MB/2806.11MB)

Begin Processing User Attributes

Begin Processing set_power
Ended Processing set_power: (cpu=0:00:00, real=0:00:00,
mem(process/total/peak)=2796.82MB/5099.49MB/2806.11MB)
Ended Processing User Attributes: (cpu=0:00:00, real=0:00:00, mem(process/total/peak)=2796.82MB/5099.49MB/2806.11MB)

Ended Power Analysis: (cpu=0:00:00, real=0:00:00, mem(process/total/peak)=2796.82MB/5099.49MB/2806.11MB)

Begin Boundary Leakage Calculation
Ended Boundary Leakage Calculation: (cpu=0:00:00, real=0:00:00,
mem(process/total/peak)=2796.82MB/5099.49MB/2806.11MB)
Begin Static Power Report Generation
*----------------------------------------------------------------------------------------
*	Innovus 22.17-s086_1 (64bit) 09/24/2024 10:51 (Linux 3.10.0-693.el7.x86_64)
*	
*
* 	Date & Time:	2026-Apr-04 15:23:55 (2026-Apr-04 08:23:55 GMT)
*
*----------------------------------------------------------------------------------------
*
*	Design: Adder32
*
*	Parasitic Files used:
*
*	Power Units = 1mW
*
*	Time Units = 1e-12 secs
*
*       report_power
*
-----------------------------------------------------------------------------------------
*



Total Power
-----------------------------------------------------------------------------------------
Total Internal Power:       10.16702521 	   67.4977%
Total Switching Power:       4.89472967 	   32.4955%
Total Leakage Power:         0.00101510 	    0.0067%
Total Power:                15.06276999
-----------------------------------------------------------------------------------------


Group                           Internal   Switching     Leakage       Total  Percentage 
                                Power      Power         Power         Power  (%)        
-----------------------------------------------------------------------------------------
Sequential                         7.117       1.167   0.0001042       8.285          55
Macro                                  0           0           0           0           0
IO                                     0           0           0           0           0
Combinational                       3.05       3.727   0.0009109       6.778          45
Clock (Combinational)                  0           0           0           0           0
Clock (Sequential)                     0           0           0           0           0
-----------------------------------------------------------------------------------------
Total                              10.17       4.895    0.001015       15.06         100
-----------------------------------------------------------------------------------------


Rail                  Voltage   Internal   Switching     Leakage       Total  Percentage 
                                Power      Power         Power         Power  (%)        
-----------------------------------------------------------------------------------------
VDD                      0.77      10.17       4.895    0.001015       15.06         100
 
 
-----------------------------------------------------------------------------------------
*	Power Distribution Summary: 
*              Highest Average Power:                oS_reg[30] (DFFHQx4_ASAP7_75t_SL):           0.2928
*              Highest Leakage Power:                oS_reg[30] (DFFHQx4_ASAP7_75t_SL):        3.094e-05
*                Total Cap:      5.34637e-13 F
*                Total instances in design:   195
*                Total instances in design with no power:     0
*                Total instances in design with no activty:     0

*                Total Fillers and Decap:     0
-----------------------------------------------------------------------------------------
 
** INFO:  (VOLTUS_POWR-3465): There are 0 decaps and 0 fillers in the design

Ended Static Power Report Generation: (cpu=0:00:00, real=0:00:00,
mem(process/total/peak)=2796.82MB/5099.49MB/2806.11MB)

OptDebug: End of Power Reclaim:
+----------+------+------+
|Path Group|   WNS|   TNS|
+----------+------+------+
|default   |-0.358|-7.419|
|reg2reg   | 0.000| 0.000|
|HEPG      | 0.000| 0.000|
|All Paths |-0.358|-7.419|
+----------+------+------+

End: Power Optimization (cpu=0:00:10, real=0:00:20, mem=2973.67M, totSessionCpu=0:05:18).
**optDesign ... cpu = 0:04:03, real = 0:08:24, mem = 2790.7M, totSessionCpu=0:05:18 **
Register exp ratio and priority group on 6 nets on 284 nets : 
z=5 : 5 nets
z=8 : 1 nets

Active setup views:
 view_typical
  Dominating endpoints: 0
  Dominating TNS: -0.000

Extraction called for design 'Adder32' of instances=195 and nets=286 using extraction engine 'preRoute' .
**WARN: (IMPEXT-3530):	The process node is not set. Use the command setDesignMode -process <process node> prior to extraction for maximum accuracy and optimal automatic threshold setting.
Type 'man IMPEXT-3530' for more detail.
PreRoute RC Extraction called for design Adder32.
RC Extraction called in multi-corner(1) mode.
**WARN: (IMPEXT-6197):	The Cap table file is not specified. This will result in lower parasitic accuracy when using preRoute extraction or postRoute extraction with effort level 'low'. It is recommended to generate the Cap table file using the 'generateCapTbl' command and specify it before extraction using 'create_rc_corner/update_rc_corner -cap_table'.
Type 'man IMPEXT-6197' for more detail.
RCMode: PreRoute
      RC Corner Indexes            0   
Capacitance Scaling Factor   : 1.00000 
Resistance Scaling Factor    : 1.00000 
Clock Cap. Scaling Factor    : 1.00000 
Clock Res. Scaling Factor    : 1.00000 
Shrink Factor                : 1.00000
PreRoute extraction is honoring NDR/Shielding/ExtraSpace for clock nets.
Grid density data update skipped
Initializing multi-corner resistance tables ...
PreRoute RC Extraction DONE (CPU Time: 0:00:00.0  Real Time: 0:00:00.0  MEM: 3014.098M)
Skewing Data Summary (End_of_FINAL)

Skew summary for view view_typical:
* Accumulated skew : count = 0

<optDesign CMD> Restore Using all VT Cells
Starting delay calculation for Setup views
AAE_INFO: opIsDesignInPostRouteState() is 0
#################################################################################
# Design Stage: PreRoute
# Design Name: Adder32
# Design Mode: 90nm
# Analysis Mode: MMMC OCV 
# Parasitics Mode: No SPEF/RCDB 
# Signoff Settings: SI Off 
#################################################################################
Start delay calculation (fullDC) (1 T). (MEM=3015.71)
Total number of fetched objects 284
End delay calculation. (MEM=3026.9 CPU=0:00:00.1 REAL=0:00:01.0)
End delay calculation (fullDC). (MEM=3026.9 CPU=0:00:00.1 REAL=0:00:01.0)
*** Done Building Timing Graph (cpu=0:00:00.3 real=0:00:01.0 totSessionCpu=0:05:18 mem=3026.9M)
OPTC: user 20.0
Max route layer is changed from 127 to 10 because there is no routing track above this layer
Max route layer is changed from 127 to 10 because there is no routing track above this layer
[NR-eGR] Early global route reroute all routable nets
[NR-eGR] Track table information for default rule: 
[NR-eGR] M1 has single uniform track structure
[NR-eGR] M2 has non-uniform track structures
[NR-eGR] M3 has single uniform track structure
[NR-eGR] M4 has single uniform track structure
[NR-eGR] M5 has single uniform track structure
[NR-eGR] M6 has single uniform track structure
[NR-eGR] M7 has single uniform track structure
[NR-eGR] M8 has single uniform track structure
[NR-eGR] M9 has single uniform track structure
[NR-eGR] Pad has single uniform track structure
[NR-eGR] Read 24 PG shapes
[NR-eGR] Read 0 clock shapes
[NR-eGR] Read 0 other shapes
[NR-eGR] #Routing Blockages  : 0
[NR-eGR] #Bump Blockages     : 0
[NR-eGR] #Instance Blockages : 192
[NR-eGR] #PG Blockages       : 24
[NR-eGR] #Halo Blockages     : 0
[NR-eGR] #Boundary Blockages : 0
[NR-eGR] #Clock Blockages    : 0
[NR-eGR] #Other Blockages    : 0
[NR-eGR] Num Prerouted Nets = 0  Num Prerouted Wires = 0
[NR-eGR] Read 260 nets ( ignored 0 )
[NR-eGR] There are 1 clock nets ( 0 with NDR ).
[NR-eGR] ============ Routing rule table ============
[NR-eGR] Rule id: 0  Rule name: (Default)  Nets: 260
[NR-eGR] ========================================
[NR-eGR] 
[NR-eGR] Layer group 1: route 1 net(s) in layer range [8, 10]
[NR-eGR] Early Global Route overflow of layer group 1: 0.00% H + 0.00% V. EstWL: 1.836000e+01um
[NR-eGR] Layer group 2: route 5 net(s) in layer range [5, 10]
[NR-eGR] Early Global Route overflow of layer group 2: 0.00% H + 0.00% V. EstWL: 1.047600e+02um
[NR-eGR] Layer group 3: route 254 net(s) in layer range [2, 10]
[NR-eGR] Early Global Route overflow of layer group 3: 0.00% H + 0.00% V. EstWL: 3.513240e+03um
[NR-eGR] Congestion Analysis By layer: (blocked Gcells are excluded) 
[NR-eGR]                        OverCon            
[NR-eGR]                         #Gcell     %Gcell
[NR-eGR]        Layer             (1-0)    OverCon
[NR-eGR] ----------------------------------------------
[NR-eGR]      M1 ( 1)         0( 0.00%)   ( 0.00%) 
[NR-eGR]      M2 ( 2)         0( 0.00%)   ( 0.00%) 
[NR-eGR]      M3 ( 3)         0( 0.00%)   ( 0.00%) 
[NR-eGR]      M4 ( 4)         0( 0.00%)   ( 0.00%) 
[NR-eGR]      M5 ( 5)         0( 0.00%)   ( 0.00%) 
[NR-eGR]      M6 ( 6)         0( 0.00%)   ( 0.00%) 
[NR-eGR]      M7 ( 7)         0( 0.00%)   ( 0.00%) 
[NR-eGR]      M8 ( 8)         0( 0.00%)   ( 0.00%) 
[NR-eGR]      M9 ( 9)         0( 0.00%)   ( 0.00%) 
[NR-eGR]     Pad (10)         0( 0.00%)   ( 0.00%) 
[NR-eGR] ----------------------------------------------
[NR-eGR]        Total         0( 0.00%)   ( 0.00%) 
[NR-eGR] 
[NR-eGR] Overflow after Early Global Route 0.00% H + 0.00% V
[NR-eGR] Finished Early Global Route kernel ( CPU: 0.03 sec, Real: 0.09 sec, Curr Mem: 2.86 MB )
[hotspot] +------------+---------------+---------------+
[hotspot] |            |   max hotspot | total hotspot |
[hotspot] +------------+---------------+---------------+
[hotspot] | normalized |          0.00 |          0.00 |
[hotspot] +------------+---------------+---------------+
Local HotSpot Analysis: normalized max congestion hotspot area = 0.00, normalized total congestion hotspot area = 0.00 (area is in unit of 4 std-cell row bins)
[hotspot] Hotspot report including placement blocked areas
[hotspot] +------------+---------------+---------------+
[hotspot] |            |   max hotspot | total hotspot |
[hotspot] +------------+---------------+---------------+
[hotspot] | normalized |          0.00 |          0.00 |
[hotspot] +------------+---------------+---------------+
Local HotSpot Analysis (blockage included): normalized max congestion hotspot area = 0.00, normalized total congestion hotspot area = 0.00 (area is in unit of 4 std-cell row bins)
Reported timing to dir ./timingReports
**optDesign ... cpu = 0:04:03, real = 0:08:25, mem = 2793.5M, totSessionCpu=0:05:19 **
env CDS_WORKAREA is set to /data/tkvm2/Asap7design/asap7_design
Using Power View: view_typical.

Begin Power Analysis

             0V	    VSS
          0.77V	    VDD
Begin Processing Timing Library for Power Calculation

Ended Processing Timing Library for Power Calculation: (cpu=0:00:00, real=0:00:00, mem(process/total/peak)=2794.50MB/4999.73MB/2806.11MB)



Begin Processing Power Net/Grid for Power Calculation

Ended Processing Power Net/Grid for Power Calculation: (cpu=0:00:00, real=0:00:00, mem(process/total/peak)=2794.50MB/4999.73MB/2806.11MB)

Begin Processing Timing Window Data for Power Calculation

Ended Processing Timing Window Data for Power Calculation: (cpu=0:00:00, real=0:00:00, mem(process/total/peak)=2794.50MB/4999.73MB/2806.11MB)

Begin Processing User Attributes

Ended Processing User Attributes: (cpu=0:00:00, real=0:00:00, mem(process/total/peak)=2794.50MB/4999.73MB/2806.11MB)

Begin Processing Signal Activity


Starting Levelizing
2026-Apr-04 15:23:56 (2026-Apr-04 08:23:56 GMT)
2026-Apr-04 15:23:56 (2026-Apr-04 08:23:56 GMT): 10%
2026-Apr-04 15:23:56 (2026-Apr-04 08:23:56 GMT): 20%
2026-Apr-04 15:23:56 (2026-Apr-04 08:23:56 GMT): 30%
2026-Apr-04 15:23:56 (2026-Apr-04 08:23:56 GMT): 40%
2026-Apr-04 15:23:56 (2026-Apr-04 08:23:56 GMT): 50%
2026-Apr-04 15:23:56 (2026-Apr-04 08:23:56 GMT): 60%
2026-Apr-04 15:23:56 (2026-Apr-04 08:23:56 GMT): 70%
2026-Apr-04 15:23:56 (2026-Apr-04 08:23:56 GMT): 80%
2026-Apr-04 15:23:56 (2026-Apr-04 08:23:56 GMT): 90%

Finished Levelizing
2026-Apr-04 15:23:56 (2026-Apr-04 08:23:56 GMT)

Starting Activity Propagation
2026-Apr-04 15:23:56 (2026-Apr-04 08:23:56 GMT)
2026-Apr-04 15:23:56 (2026-Apr-04 08:23:56 GMT): 10%
2026-Apr-04 15:23:56 (2026-Apr-04 08:23:56 GMT): 20%
2026-Apr-04 15:23:56 (2026-Apr-04 08:23:56 GMT): 30%

Finished Activity Propagation
2026-Apr-04 15:23:56 (2026-Apr-04 08:23:56 GMT)
Ended Processing Signal Activity: (cpu=0:00:00, real=0:00:00, mem(process/total/peak)=2794.50MB/4999.73MB/2806.11MB)

Begin Power Computation

      ----------------------------------------------------------
      # of cell(s) missing both power/leakage table: 0
      # of cell(s) missing power table: 0
      # of cell(s) missing leakage table: 0
      ----------------------------------------------------------



Starting Calculating power
2026-Apr-04 15:23:56 (2026-Apr-04 08:23:56 GMT)
 ... Calculating switching power
2026-Apr-04 15:23:56 (2026-Apr-04 08:23:56 GMT): 10%
2026-Apr-04 15:23:56 (2026-Apr-04 08:23:56 GMT): 20%
2026-Apr-04 15:23:56 (2026-Apr-04 08:23:56 GMT): 30%
2026-Apr-04 15:23:56 (2026-Apr-04 08:23:56 GMT): 40%
2026-Apr-04 15:23:56 (2026-Apr-04 08:23:56 GMT): 50%
 ... Calculating internal and leakage power
2026-Apr-04 15:23:56 (2026-Apr-04 08:23:56 GMT): 60%
2026-Apr-04 15:23:56 (2026-Apr-04 08:23:56 GMT): 70%
2026-Apr-04 15:23:56 (2026-Apr-04 08:23:56 GMT): 80%
2026-Apr-04 15:23:56 (2026-Apr-04 08:23:56 GMT): 90%

Finished Calculating power
2026-Apr-04 15:23:56 (2026-Apr-04 08:23:56 GMT)
      # of MSMV cell(s) missing power_level: 0
Ended Power Computation: (cpu=0:00:00, real=0:00:00, mem(process/total/peak)=2794.52MB/4999.73MB/2806.11MB)

Begin Processing User Attributes

Begin Processing set_power
Ended Processing set_power: (cpu=0:00:00, real=0:00:00,
mem(process/total/peak)=2794.52MB/4999.73MB/2806.11MB)
Ended Processing User Attributes: (cpu=0:00:00, real=0:00:00, mem(process/total/peak)=2794.52MB/4999.73MB/2806.11MB)

Ended Power Analysis: (cpu=0:00:00, real=0:00:00, mem(process/total/peak)=2794.52MB/4999.73MB/2806.11MB)

Begin Boundary Leakage Calculation
Ended Boundary Leakage Calculation: (cpu=0:00:00, real=0:00:00,
mem(process/total/peak)=2794.52MB/4999.73MB/2806.11MB)
Begin Static Power Report Generation
*----------------------------------------------------------------------------------------
*	Innovus 22.17-s086_1 (64bit) 09/24/2024 10:51 (Linux 3.10.0-693.el7.x86_64)
*	
*
* 	Date & Time:	2026-Apr-04 15:23:57 (2026-Apr-04 08:23:57 GMT)
*
*----------------------------------------------------------------------------------------

*

*	Design: Adder32

*

*	Power Domain used: 

*              Rail:        VDD      Voltage:       0.77 

*

*	Power Units = 1mW

*

*	Time Units = 1e-12 secs 

*

*       report_power -outfile ./timingReports/preCTS.power

*

-----------------------------------------------------------------------------------------

*



Total Power
-----------------------------------------------------------------------------------------
Total Internal Power:       10.16720611 	   67.4981%
Total Switching Power:       4.89472967 	   32.4952%
Total Leakage Power:         0.00101510 	    0.0067%
Total Power:                15.06295088
-----------------------------------------------------------------------------------------


Group                           Internal   Switching     Leakage       Total  Percentage 
                                Power      Power         Power         Power  (%)        
-----------------------------------------------------------------------------------------
Sequential                         7.117       1.167   0.0001042       8.285          55
Macro                                  0           0           0           0           0
IO                                     0           0           0           0           0
Combinational                       3.05       3.727   0.0009109       6.778          45
Clock (Combinational)                  0           0           0           0           0
Clock (Sequential)                     0           0           0           0           0
-----------------------------------------------------------------------------------------
Total                              10.17       4.895    0.001015       15.06         100
-----------------------------------------------------------------------------------------


Rail                  Voltage   Internal   Switching     Leakage       Total  Percentage 
                                Power      Power         Power         Power  (%)        
-----------------------------------------------------------------------------------------
VDD                      0.77      10.17       4.895    0.001015       15.06         100
** INFO:  (VOLTUS_POWR-3465): There are 0 decaps and 0 fillers in the design

Ended Static Power Report Generation: (cpu=0:00:00, real=0:00:00,
mem(process/total/peak)=2794.52MB/4999.73MB/2806.11MB)


Output file is ./timingReports/preCTS.power.

------------------------------------------------------------------
     optDesign Final Summary
------------------------------------------------------------------

Setup views included:
 view_typical 

+--------------------+---------+---------+---------+
|     Setup mode     |   all   | reg2reg | default |
+--------------------+---------+---------+---------+
|           WNS (ns):| -0.357  |   N/A   | -0.357  |
|           TNS (ns):| -7.410  |   N/A   | -7.410  |
|    Violating Paths:|   32    |   N/A   |   32    |
|          All Paths:|   32    |   N/A   |   32    |
+--------------------+---------+---------+---------+

+----------------+-------------------------------+------------------+
|                |              Real             |       Total      |
|    DRVs        +------------------+------------+------------------|
|                |  Nr nets(terms)  | Worst Vio  |  Nr nets(terms)  |
+----------------+------------------+------------+------------------+
|   max_cap      |      0 (0)       |   0.000    |      0 (0)       |
|   max_tran     |      0 (0)       |   0.000    |      0 (0)       |
|   max_fanout   |      0 (0)       |     0      |      0 (0)       |
|   max_length   |      0 (0)       |     0      |      0 (0)       |
+----------------+------------------+------------+------------------+

Density: 93.932%
Routing Overflow: 0.00% H and 0.00% V
------------------------------------------------------------------
**optDesign ... cpu = 0:04:03, real = 0:08:28, mem = 2794.4M, totSessionCpu=0:05:19 **
**WARN: (IMPOPT-3195):	Analysis mode has changed.
Type 'man IMPOPT-3195' for more detail.
*** Finished optDesign ***
Info: final physical memory for 2 CRR processes is 1303.97MB.
Info: Summary of CRR changes:
      - Timing transform commits:       0
Disable CTE adjustment.
Disable Layer aware incrSKP.
**place_opt_design ... cpu = 0:04:04, real = 0:08:44, mem = 2879.1M **
*** Finished GigaPlace ***

*** Summary of all messages that are not suppressed in this session:
Severity  ID               Count  Summary                                  
WARNING   IMPEXT-6197          4  The Cap table file is not specified. Thi...
WARNING   IMPEXT-2882          9  Unable to find the resistance for via '%...
WARNING   IMPEXT-3530          4  The process node is not set. Use the com...
WARNING   IMPSP-9025           1  No scan chain specified/traced.          
WARNING   IMPOPT-3195          2  Analysis mode has changed.               
WARNING   IMPPSP-1321         36  Removed %d out of boundary tracks from l...
*** Message Summary: 56 warning(s), 0 error(s)

*** place_opt_design #1 [finish] () : cpu/real = 0:04:03.7/0:08:44.0 (0.5), totSession cpu/real = 0:05:18.9/0:11:07.8 (0.5), mem = 2879.1M
<CMD> create_ccopt_clock_tree_spec -filename ccopt.spec
Creating clock tree spec for modes (timing configs): constraint_typical
extract_clock_generator_skew_groups=true: create_ccopt_clock_tree_spec will generate skew groups with a name prefix of "_clock_gen" to balance clock generator connected flops with the clock generator they drive.
Reset timing graph...
Ignoring AAE DB Resetting ...
Reset timing graph done.
Ignoring AAE DB Resetting ...
Analyzing clock structure...
Analyzing clock structure done.
Reset timing graph...
Ignoring AAE DB Resetting ...
Reset timing graph done.
Wrote: ccopt.spec
<CMD> get_ccopt_clock_trees
<CMD_INTERNAL> ccopt_check_and_flatten_ilms_no_restore
<CMD> set_ccopt_property cts_is_sdc_clock_root -pin iClk true
<CMD> create_ccopt_clock_tree -name CLK -source iClk -no_skew_group
Extracting original clock gating for CLK...
  clock_tree CLK contains 32 sinks and 0 clock gates.
Extracting original clock gating for CLK done.
<CMD> set_ccopt_property target_max_trans_sdc -delay_corner delay_corner_typical -early -clock_tree CLK 0.5
<CMD> set_ccopt_property target_max_trans_sdc -delay_corner delay_corner_typical -late -clock_tree CLK 1.0
<CMD> set_ccopt_property clock_period -pin iClk 10
<CMD> set_ccopt_property timing_connectivity_info {}
<CMD> create_ccopt_skew_group -name CLK/constraint_typical -sources iClk -auto_sinks
The skew group CLK/constraint_typical was created. It contains 32 sinks and 1 sources.
<CMD> set_ccopt_property include_source_latency -skew_group CLK/constraint_typical true
<CMD> set_ccopt_property extracted_from_clock_name -skew_group CLK/constraint_typical CLK
<CMD> set_ccopt_property extracted_from_constraint_mode_names -skew_group CLK/constraint_typical {constraint_typical  }
<CMD> set_ccopt_property extracted_from_delay_corners -skew_group CLK/constraint_typical delay_corner_typical
<CMD> check_ccopt_clock_tree_convergence
Checking clock tree convergence...
Checking clock tree convergence done.
<CMD> get_ccopt_property auto_design_state_for_ilms
<CMD> ccopt_design -prefix postCTS
#% Begin ccopt_design (date=04/04 15:24:15, mem=2593.0M)
Turning off fast DC mode.
*** ccopt_design #1 [begin] () : totSession cpu/real = 0:05:19.1/0:11:08.5 (0.5), mem = 2846.8M
Runtime...
**INFO: User's settings:
setNanoRouteMode -route_extract_third_party_compatible         false
setNanoRouteMode -route_global_exp_timing_driven_std_delay     4.7
setExtractRCMode -engine                                       preRoute
setDelayCalMode -enable_high_fanout                            true
setDelayCalMode -eng_enablePrePlacedFlow                       false
setDelayCalMode -engine                                        aae
setDelayCalMode -ignoreNetLoad                                 false
setDelayCalMode -socv_accuracy_mode                            low
setOptMode -opt_view_pruning_hold_views_active_list            { view_typical }
setOptMode -opt_view_pruning_setup_views_active_list           { view_typical }
setOptMode -opt_view_pruning_setup_views_persistent_list       { view_typical}
setOptMode -opt_view_pruning_tdgr_setup_views_persistent_list  { view_typical}
setOptMode -opt_drv_margin                                     0
setOptMode -opt_drv                                            true
setOptMode -opt_fix_fanout_load                                true
setOptMode -opt_leakage_to_dynamic_ratio                       0.5
setOptMode -opt_resize_flip_flops                              true
setOptMode -opt_power_effort                                   high
setOptMode -opt_preserve_all_sequential                        true
setOptMode -opt_area_recovery                                  true
setOptMode -opt_setup_target_slack                             0
setPlaceMode -macroPlaceMode                                   0
setPlaceMode -place_design_refine_macro                        true
setPlaceMode -place_detail_preroute_as_obs                     {2 3}
setPlaceMode -place_global_auto_blockage_in_channel            soft
setPlaceMode -place_global_cong_effort                         high
setPlaceMode -place_global_module_aware_spare                  true
setPlaceMode -place_global_uniform_density                     true

(ccopt_design): CTS Engine: auto. Used Spec: pre-existing CCOPT spec.
Placement constraints of type 'region' or 'fence' will not be downgraded to 'guide' because the property change_fences_to_guides has been set to false.
Set place::cacheFPlanSiteMark to 1
'setDesignMode -flowEffort standard' => 'setOptMode -usefulSkewCCOpt standard' 
Using CCOpt effort standard.
Updating ideal nets and annotations...
Reset timing graph...
Ignoring AAE DB Resetting ...
Reset timing graph done.
Ignoring AAE DB Resetting ...
Reset timing graph...
Ignoring AAE DB Resetting ...
Reset timing graph done.
Clock tree spec update: Ideal nets, transition and delay annotations were updated to match active timing constraints.
Updating ideal nets and annotations done. (took cpu=0:00:00.1 real=0:00:00.2)
CCOpt::Phase::Initialization...
Check Prerequisites...
Leaving CCOpt scope - CheckPlace...
Begin checking placement ... (start mem=2864.4M, init mem=2864.4M)
*info: Placed = 195           
*info: Unplaced = 0           
Placement Density:93.93%(451/480)
Placement Density (including fixed std cells):93.93%(451/480)
Finished checkPlace (total: cpu=0:00:00.0, real=0:00:00.0; vio checks: cpu=0:00:00.0, real=0:00:00.0; mem=2864.4M)
Leaving CCOpt scope - CheckPlace done. (took cpu=0:00:00.0 real=0:00:00.0)
**WARN: (IMPCCOPT-2015):	Innovus will not update I/O latencies for the following reason(s):
 * There are 1 clocks in propagated mode.

Found 0 ideal nets, 0 pins with transition annotations, 0 instances with delay annotations, 0 nets with delay annotations, refer to logv for details.

Check Prerequisites done. (took cpu=0:00:00.0 real=0:00:00.0)
CCOpt::Phase::Initialization done. (took cpu=0:00:00.0 real=0:00:00.0)
#################################################################################
# Design Stage: PreRoute
# Design Name: Adder32
# Design Mode: 90nm
# Analysis Mode: MMMC OCV 
# Parasitics Mode: No SPEF/RCDB 
# Signoff Settings: SI Off 
#################################################################################
             0V	    VSS
          0.77V	    VDD

Starting Activity Propagation
2026-Apr-04 15:24:16 (2026-Apr-04 08:24:16 GMT)
2026-Apr-04 15:24:16 (2026-Apr-04 08:24:16 GMT): 10%
2026-Apr-04 15:24:16 (2026-Apr-04 08:24:16 GMT): 20%
2026-Apr-04 15:24:16 (2026-Apr-04 08:24:16 GMT): 30%

Finished Activity Propagation
2026-Apr-04 15:24:16 (2026-Apr-04 08:24:16 GMT)
Executing ccopt post-processing.
Synthesizing clock trees with CCOpt...
*** CTS #1 [begin] (ccopt_design #1) : totSession cpu/real = 0:05:19.5/0:11:09.3 (0.5), mem = 2887.3M
CCOpt::Phase::PreparingToBalance...
Leaving CCOpt scope - Initializing power interface...
Leaving CCOpt scope - Initializing power interface done. (took cpu=0:00:00.0 real=0:00:00.0)
Leaving CCOpt scope - Initializing activity data...
Leaving CCOpt scope - Initializing activity data done. (took cpu=0:00:00.0 real=0:00:00.0)
Found 0 advancing pin insertion delay (0.000% of 32 clock tree sinks)
Found 0 delaying pin insertion delay (0.000% of 32 clock tree sinks)
Leaving CCOpt scope - optDesignGlobalRouteStep...
Max route layer is changed from 127 to 10 because there is no routing track above this layer
Max route layer is changed from 127 to 10 because there is no routing track above this layer
[NR-eGR] Started Early Global Route kernel ( Curr Mem: 2.76 MB )
**WARN: (IMPPSP-1321):	Removed 1 out of boundary tracks from layer 2
**WARN: (IMPPSP-1321):	Removed 1 out of boundary tracks from layer 2
**WARN: (IMPPSP-1321):	Removed 1 out of boundary tracks from layer 2
**WARN: (IMPPSP-1321):	Removed 1 out of boundary tracks from layer 2
**WARN: (IMPPSP-1321):	Removed 1 out of boundary tracks from layer 2
**WARN: (IMPPSP-1321):	Removed 1 out of boundary tracks from layer 2
[NR-eGR] Early global route reroute all routable nets
[NR-eGR] Track table information for default rule: 
[NR-eGR] M1 has single uniform track structure
[NR-eGR] M2 has non-uniform track structures
[NR-eGR] M3 has single uniform track structure
[NR-eGR] M4 has single uniform track structure
[NR-eGR] M5 has single uniform track structure
[NR-eGR] M6 has single uniform track structure
[NR-eGR] M7 has single uniform track structure
[NR-eGR] M8 has single uniform track structure
[NR-eGR] M9 has single uniform track structure
[NR-eGR] Pad has single uniform track structure
[NR-eGR] Read 24 PG shapes
[NR-eGR] Read 0 clock shapes
[NR-eGR] Read 0 other shapes
[NR-eGR] #Routing Blockages  : 0
[NR-eGR] #Bump Blockages     : 0
[NR-eGR] #Instance Blockages : 192
[NR-eGR] #PG Blockages       : 24
[NR-eGR] #Halo Blockages     : 0
[NR-eGR] #Boundary Blockages : 0
[NR-eGR] #Clock Blockages    : 0
[NR-eGR] #Other Blockages    : 0
[NR-eGR] Num Prerouted Nets = 0  Num Prerouted Wires = 0
[NR-eGR] Read 260 nets ( ignored 0 )
[NR-eGR] There are 1 clock nets ( 0 with NDR ).
[NR-eGR] ============ Routing rule table ============
[NR-eGR] Rule id: 0  Rule name: (Default)  Nets: 260
[NR-eGR] ========================================
[NR-eGR] 
[NR-eGR] Layer group 1: route 1 net(s) in layer range [8, 10]
[NR-eGR] Early Global Route overflow of layer group 1: 0.00% H + 0.00% V. EstWL: 1.836000e+01um
[NR-eGR] Layer group 2: route 5 net(s) in layer range [5, 10]
[NR-eGR] Early Global Route overflow of layer group 2: 0.00% H + 0.00% V. EstWL: 1.047600e+02um
[NR-eGR] Layer group 3: route 254 net(s) in layer range [2, 10]
[NR-eGR] Early Global Route overflow of layer group 3: 0.00% H + 0.00% V. EstWL: 3.513240e+03um
[NR-eGR] Congestion Analysis By layer: (blocked Gcells are excluded) 
[NR-eGR]                        OverCon            
[NR-eGR]                         #Gcell     %Gcell
[NR-eGR]        Layer             (1-0)    OverCon
[NR-eGR] ----------------------------------------------
[NR-eGR]      M1 ( 1)         0( 0.00%)   ( 0.00%) 
[NR-eGR]      M2 ( 2)         0( 0.00%)   ( 0.00%) 
[NR-eGR]      M3 ( 3)         0( 0.00%)   ( 0.00%) 
[NR-eGR]      M4 ( 4)         0( 0.00%)   ( 0.00%) 
[NR-eGR]      M5 ( 5)         0( 0.00%)   ( 0.00%) 
[NR-eGR]      M6 ( 6)         0( 0.00%)   ( 0.00%) 
[NR-eGR]      M7 ( 7)         0( 0.00%)   ( 0.00%) 
[NR-eGR]      M8 ( 8)         0( 0.00%)   ( 0.00%) 
[NR-eGR]      M9 ( 9)         0( 0.00%)   ( 0.00%) 
[NR-eGR]     Pad (10)         0( 0.00%)   ( 0.00%) 
[NR-eGR] ----------------------------------------------
[NR-eGR]        Total         0( 0.00%)   ( 0.00%) 
[NR-eGR] 
[NR-eGR] Overflow after Early Global Route 0.00% H + 0.00% V
[NR-eGR] Connected 0 must-join pins/ports (post-process)
[NR-eGR] Total eGR-routed clock nets wire length: 93um, number of vias: 88
[NR-eGR] --------------------------------------------------------------------------
[NR-eGR]              Length (um)  Vias 
[NR-eGR] -------------------------------
[NR-eGR]  M1   (1V)             0   572 
[NR-eGR]  M2   (2H)          1391   963 
[NR-eGR]  M3   (3V)          1218   182 
[NR-eGR]  M4   (4H)           782    22 
[NR-eGR]  M5   (5V)           176    12 
[NR-eGR]  M6   (6H)            31     2 
[NR-eGR]  M7   (7V)             0     2 
[NR-eGR]  M8   (8H)             9     2 
[NR-eGR]  M9   (9V)            11     0 
[NR-eGR]  Pad  (10H)            0     0 
[NR-eGR] -------------------------------
[NR-eGR]       Total         3618  1757 
[NR-eGR] --------------------------------------------------------------------------
[NR-eGR] Total half perimeter of net bounding box: 3470um
[NR-eGR] Total length: 3618um, number of vias: 1757
[NR-eGR] --------------------------------------------------------------------------
[NR-eGR] Finished Early Global Route kernel ( CPU: 0.05 sec, Real: 0.15 sec, Curr Mem: 2.76 MB )
Leaving CCOpt scope - optDesignGlobalRouteStep done. (took cpu=0:00:00.1 real=0:00:00.2)
Legalization setup...
Using cell based legalization.
Initializing placement interface...
  Use check_library -place or consult logv if problems occur.
  Leaving CCOpt scope - Initializing placement interface...
  Leaving CCOpt scope - Initializing placement interface done. (took cpu=0:00:00.0 real=0:00:00.1)
Initializing placement interface done.
Leaving CCOpt scope - Cleaning up placement interface...
Leaving CCOpt scope - Cleaning up placement interface done. (took cpu=0:00:00.0 real=0:00:00.0)
Leaving CCOpt scope - Initializing placement interface...
Leaving CCOpt scope - Initializing placement interface done. (took cpu=0:00:00.0 real=0:00:00.1)
Max route layer is changed from 127 to 10 because there is no routing track above this layer
Legalization setup done. (took cpu=0:00:00.0 real=0:00:00.2)
Validating CTS configuration...
Checking module port directions...
Checking module port directions done. (took cpu=0:00:00.0 real=0:00:00.0)
Non-default CCOpt properties:
  Public non-default CCOpt properties:
    buffer_cells is set for at least one object
    cts_merge_clock_gates is set for at least one object
    cts_merge_clock_logic is set for at least one object
    inverter_cells is set for at least one object
    route_type is set for at least one object
    routing_top_min_fanout is set for at least one object
    target_max_trans is set for at least one object
    target_max_trans_sdc is set for at least one object
  Private non-default CCOpt properties:
    cloning_copy_activity: 1 (default: false)
Updating RC Grid density data for preRoute extraction ...
Initializing multi-corner resistance tables ...
Route type trimming info:
  The following route types were modified by the autotrimmer:
    trunk_rule (M4-M6) was replaced by trunk_rule_ccopt_autotrimmed (M5-M6);
      Layer M4 is trimmed off because its RC characteristic is not good
  To disable this behavior, either reduce the range of allowed layers or set the property "route_type_autotrim" to false.
Library trimming buffers in power domain auto-default and half-corner delay_corner_typical:both.late removed 0 of 2 cells
Original list had 2 cells:
BUFx4_ASAP7_75t_R BUFx2_ASAP7_75t_R 
Library trimming was not able to trim any cells:
BUFx4_ASAP7_75t_R BUFx2_ASAP7_75t_R 
Library trimming inverters in power domain auto-default and half-corner delay_corner_typical:both.late removed 0 of 2 cells
Original list had 2 cells:
INVx4_ASAP7_75t_R INVx2_ASAP7_75t_R 
Library trimming was not able to trim any cells:
INVx4_ASAP7_75t_R INVx2_ASAP7_75t_R 
Clock tree balancer configuration for clock_tree CLK:
Non-default CCOpt properties:
  Public non-default CCOpt properties:
    cts_merge_clock_gates: true (default: false)
    cts_merge_clock_logic: true (default: false)
    route_type (leaf): leaf_rule (default: default)
    route_type (top): top_rule (default: default)
    route_type (trunk): trunk_rule_ccopt_autotrimmed (default: default)
    routing_top_min_fanout: 10000 (default: unset)
  No private non-default CCOpt properties
For power domain auto-default:
  Buffers:     BUFx4_ASAP7_75t_R BUFx2_ASAP7_75t_R 
  Inverters:   INVx4_ASAP7_75t_R INVx2_ASAP7_75t_R 
  Clock gates: ICGx8DC_ASAP7_75t_SL ICGx8DC_ASAP7_75t_L ICGx6p67DC_ASAP7_75t_SL ICGx8DC_ASAP7_75t_R ICGx6p67DC_ASAP7_75t_L ICGx5p33DC_ASAP7_75t_SL ICGx6p67DC_ASAP7_75t_R ICGx8DC_ASAP7_75t_SRAM ICGx5p33DC_ASAP7_75t_L ICGx5_ASAP7_75t_SL ICGx6p67DC_ASAP7_75t_SRAM ICGx5p33DC_ASAP7_75t_R ICGx5_ASAP7_75t_L ICGx4DC_ASAP7_75t_SL ICGx4_ASAP7_75t_SL ICGx4DC_ASAP7_75t_L ICGx5_ASAP7_75t_R ICGx5p33DC_ASAP7_75t_SRAM ICGx4_ASAP7_75t_L ICGx4DC_ASAP7_75t_R ICGx5_ASAP7_75t_SRAM ICGx4_ASAP7_75t_R ICGx3_ASAP7_75t_SL ICGx4DC_ASAP7_75t_SRAM ICGx2p67DC_ASAP7_75t_SL ICGx3_ASAP7_75t_L ICGx4_ASAP7_75t_SRAM ICGx2p67DC_ASAP7_75t_L ICGx3_ASAP7_75t_R ICGx2p67DC_ASAP7_75t_R ICGx3_ASAP7_75t_SRAM ICGx2_ASAP7_75t_SL ICGx2_ASAP7_75t_L ICGx2p67DC_ASAP7_75t_SRAM ICGx2_ASAP7_75t_R ICGx2_ASAP7_75t_SRAM ICGx1_ASAP7_75t_SL ICGx1_ASAP7_75t_L ICGx1_ASAP7_75t_R ICGx1_ASAP7_75t_SRAM 
  Unblocked area available for placement of any clock cells in power_domain auto-default: 480.557um^2
Top Routing info:
  Route-type name: top_rule; Top/bottom preferred layer name: M8/M7; 
  Shielded - shield side: Two Side; Mask Constraint: 0; Source: route_type.
Trunk Routing info:
  Route-type name: trunk_rule_ccopt_autotrimmed; Top/bottom preferred layer name: M6/M5; 
  Shielded - shield side: Two Side; Mask Constraint: 0; Source: route_type.
Leaf Routing info:
  Route-type name: leaf_rule; Top/bottom preferred layer name: M3/M2; 
  Unshielded; Mask Constraint: 0; Source: route_type.
For timing_corner delay_corner_typical:both, late and power domain auto-default:
  Slew time target (leaf):    50.0ps
  Slew time target (trunk):   50.0ps
  Slew time target (top):     50.0ps
  Buffer unit delay: 25.8ps
  Buffer max distance: 63.212um
Fastest wire driving cells and distances:
  For nets routed with trunk routing rules:
    Buffer    : {lib_cell:BUFx4_ASAP7_75t_R, fastest_considered_half_corner=delay_corner_typical:both.late, optimalDrivingDistance=63.212um, saturatedSlew=49.9ps, speed=1244.321um per ns, cellArea=25.833um^2 per 1000um}
    Inverter  : {lib_cell:INVx4_ASAP7_75t_R, fastest_considered_half_corner=delay_corner_typical:both.late, optimalDrivingDistance=52.857um, saturatedSlew=48.0ps, speed=1561.507um per ns, cellArea=26.481um^2 per 1000um}
    Clock gate: {lib_cell:ICGx8DC_ASAP7_75t_SL, fastest_considered_half_corner=delay_corner_typical:both.late, optimalDrivingDistance=141.706um, saturatedSlew=50.0ps, speed=4346.794um per ns, cellArea=79.019um^2 per 1000um}
  For nets routed with top routing rules:
    Buffer    : {lib_cell:BUFx4_ASAP7_75t_R, fastest_considered_half_corner=delay_corner_typical:both.late, optimalDrivingDistance=79.260um, saturatedSlew=50.0ps, speed=1551.066um per ns, cellArea=20.603um^2 per 1000um}
    Inverter  : {lib_cell:INVx4_ASAP7_75t_R, fastest_considered_half_corner=delay_corner_typical:both.late, optimalDrivingDistance=66.263um, saturatedSlew=48.1ps, speed=1946.035um per ns, cellArea=21.123um^2 per 1000um}
    Clock gate: {lib_cell:ICGx8DC_ASAP7_75t_SL, fastest_considered_half_corner=delay_corner_typical:both.late, optimalDrivingDistance=176.226um, saturatedSlew=49.9ps, speed=5372.759um per ns, cellArea=63.540um^2 per 1000um}


Logic Sizing Table:

----------------------------------------------------------
Cell    Instance count    Source    Eligible library cells
----------------------------------------------------------
  (empty table)
----------------------------------------------------------


Clock tree balancer configuration for skew_group CLK/constraint_typical:
 Created from constraint modes: {[]}
  Sources:                     pin iClk
  Total number of sinks:       32
  Delay constrained sinks:     32
  Constrains:                  default
  Non-leaf sinks:              0
  Ignore pins:                 0
 Timing corner delay_corner_typical:both.late:
  Skew target:                 25.8ps
Primary reporting skew groups are:
skew_group CLK/constraint_typical with 32 clock sinks


Constraint summary
==================

Transition constraints are active in the following delay corners:

delay_corner_typical:both.late

Cap constraints are active in the following delay corners:

delay_corner_typical:both.late

Transition constraint summary:

-----------------------------------------------------------------------------------------------------
Delay corner                                Target (ps)    Num pins    Target source    Clock tree(s)
-----------------------------------------------------------------------------------------------------
delay_corner_typical:both.late (primary)         -            -              -                -
                   -                           50.0           34       explicit         all
-----------------------------------------------------------------------------------------------------

Capacitance constraint summary:

----------------------------------------------------------------------------------------------------------------
Delay corner                                Limit (fF)    Num nets    Target source                Clock tree(s)
----------------------------------------------------------------------------------------------------------------
delay_corner_typical:both.late (primary)        -            -                    -                      -
                   -                          46.080         1        library_or_sdc_constraint    all
----------------------------------------------------------------------------------------------------------------


Clock DAG stats initial state:
  cell counts      : b=0, i=0, icg=0, dcg=0, l=0, total=0
  sink counts      : regular=32, enable_latch=0, load_capacitance=0, antenna=0, node_sink=0, total=32
  misc counts      : r=1, pp=0, mci=0
  cell areas       : b=0.000um^2, i=0.000um^2, icg=0.000um^2, dcg=0.000um^2, l=0.000um^2, total=0.000um^2
  hp wire lengths  : top=0.000um, trunk=0.000um, leaf=0.000um, total=0.000um
No ideal or dont_touch nets found in the clock tree
No dont_touch hnets found in the clock tree
No dont_touch hpins found in the clock network.
Checking for illegal sizes of clock logic instances...
Checking for illegal sizes of clock logic instances done. (took cpu=0:00:00.0 real=0:00:00.0)
Validating CTS configuration done. (took cpu=0:00:01.9 real=0:00:02.5)
CCOpt configuration status: all checks passed.
Adding exclusion drivers to pins that are effective_sink_type exclude...
    Adding exclusion drivers (these will be instances of the smallest area library cells).
  No exclusion drivers are needed.
Adding exclusion drivers to pins that are effective_sink_type exclude done.
Antenna diode management...
  Found 0 antenna diodes in the clock trees.
  
Antenna diode management done.
Adding driver cells for primary IOs...
Adding driver cells for primary IOs done.
Adding driver cells for primary IOs...
Adding driver cells for primary IOs done.

----------------------------------------------------------------------------------------------
CCOpt reported the following when adding drivers below input ports and above output ports     
----------------------------------------------------------------------------------------------
  (empty table)
----------------------------------------------------------------------------------------------


Adding driver cell for primary IO roots...
Adding driver cell for primary IO roots done.
Maximizing clock DAG abstraction...
  Removing clock DAG drivers
Maximizing clock DAG abstraction done.
CCOpt::Phase::PreparingToBalance done. (took cpu=0:00:02.1 real=0:00:02.9)
Synthesizing clock trees...
  Preparing To Balance...
  Leaving CCOpt scope - Cleaning up placement interface...
  Leaving CCOpt scope - Cleaning up placement interface done. (took cpu=0:00:00.0 real=0:00:00.0)
  Leaving CCOpt scope - Initializing placement interface...
  Leaving CCOpt scope - Initializing placement interface done. (took cpu=0:00:00.0 real=0:00:00.0)
  Merging duplicate siblings in DAG...
    Clock DAG stats before merging:
      cell counts      : b=0, i=0, icg=0, dcg=0, l=0, total=0
      sink counts      : regular=32, enable_latch=0, load_capacitance=0, antenna=0, node_sink=0, total=32
      misc counts      : r=1, pp=0, mci=0
      cell areas       : b=0.000um^2, i=0.000um^2, icg=0.000um^2, dcg=0.000um^2, l=0.000um^2, total=0.000um^2
      hp wire lengths  : top=0.000um, trunk=0.000um, leaf=0.000um, total=0.000um
    Resynthesising clock tree into netlist...
      Reset timing graph...
Ignoring AAE DB Resetting ...
      Reset timing graph done.
    Resynthesising clock tree into netlist done.
    Merging duplicate clock dag driver clones in DAG...
    Merging duplicate clock dag driver clones in DAG done.
    
    Disconnecting clock tree from netlist...
    Disconnecting clock tree from netlist done.
  Merging duplicate siblings in DAG done.
  Applying movement limits...
  Applying movement limits done.
  Preparing To Balance done. (took cpu=0:00:00.0 real=0:00:00.0)
  CCOpt::Phase::Construction...
  Stage::Clustering...
  Clustering...
    Initialize for clustering...
    Clock DAG stats before clustering:
      cell counts      : b=0, i=0, icg=0, dcg=0, l=0, total=0
      sink counts      : regular=32, enable_latch=0, load_capacitance=0, antenna=0, node_sink=0, total=32
      misc counts      : r=1, pp=0, mci=0
      cell areas       : b=0.000um^2, i=0.000um^2, icg=0.000um^2, dcg=0.000um^2, l=0.000um^2, total=0.000um^2
      hp wire lengths  : top=0.000um, trunk=0.000um, leaf=0.000um, total=0.000um
    Computing max distances from locked parents...
      Computing distance_from_locked_parent_restrictions for 0 nodes driven by 0 locked parents
    Computing max distances from locked parents done.
    Computing optimal clock node locations...
    Computing optimal clock node locations done. (took cpu=0:00:00.0 real=0:00:00.0)
    Initialize for clustering done. (took cpu=0:00:00.0 real=0:00:00.0)
    Bottom-up phase...
    Clustering bottom-up starting from leaves...
      Clustering clock_tree CLK...
      Clustering clock_tree CLK done.
    Clustering bottom-up starting from leaves done.
    Rebuilding the clock tree after clustering...
    Rebuilding the clock tree after clustering done.
    Clock DAG stats after bottom-up phase:
      cell counts      : b=0, i=0, icg=0, dcg=0, l=0, total=0
      sink counts      : regular=32, enable_latch=0, load_capacitance=0, antenna=0, node_sink=0, total=32
      misc counts      : r=1, pp=0, mci=0
      cell areas       : b=0.000um^2, i=0.000um^2, icg=0.000um^2, dcg=0.000um^2, l=0.000um^2, total=0.000um^2
      hp wire lengths  : top=0.000um, trunk=0.000um, leaf=0.000um, total=0.000um
    Bottom-up phase done. (took cpu=0:00:00.0 real=0:00:00.0)
    Legalizing clock trees...
    Resynthesising clock tree into netlist...
      Reset timing graph...
Ignoring AAE DB Resetting ...
      Reset timing graph done.
    Resynthesising clock tree into netlist done.
    Commiting net attributes....
    Commiting net attributes. done.
    Leaving CCOpt scope - ClockRefiner...
    Performing a single pass refine place with checks partially disabled for clock sinks and datapath.
*** Starting refinePlace (0:05:22 mem=2891.0M) ***
Total net bbox length = 3.470e+03 (2.160e+03 1.310e+03) (ext = 2.474e+03)
Max route layer is changed from 127 to 10 because there is no routing track above this layer
Max route layer is changed from 127 to 10 because there is no routing track above this layer
Max route layer is changed from 127 to 10 because there is no routing track above this layer
Max route layer is changed from 127 to 10 because there is no routing track above this layer
Move report: Detail placement moves 0 insts, mean move: 0.00 um, max move: 0.00 um 
	Runtime: CPU: 0:00:00.0 REAL: 0:00:00.0 MEM: 2875.0MB
Summary Report:
Instances move: 0 (out of 195 movable)
Instances flipped: 0
Mean displacement: 0.00 um
Max displacement: 0.00 um 
Total net bbox length = 3.470e+03 (2.160e+03 1.310e+03) (ext = 2.474e+03)
Runtime: CPU: 0:00:00.0 REAL: 0:00:00.0 MEM: 2875.0MB
*** Finished refinePlace (0:05:22 mem=2875.0M) ***
    ClockRefiner summary
    All clock instances: Moved 0, flipped 0 and cell swapped 0 (out of a total of 32).
    Leaving CCOpt scope - ClockRefiner done. (took cpu=0:00:00.1 real=0:00:00.2)
    Disconnecting clock tree from netlist...
    Disconnecting clock tree from netlist done.
    Leaving CCOpt scope - Cleaning up placement interface...
    Leaving CCOpt scope - Cleaning up placement interface done. (took cpu=0:00:00.0 real=0:00:00.0)
    Leaving CCOpt scope - Initializing placement interface...
    Leaving CCOpt scope - Initializing placement interface done. (took cpu=0:00:00.0 real=0:00:00.1)
    Clock tree timing engine global stage delay update for delay_corner_typical:both.late...
    Clock tree timing engine global stage delay update for delay_corner_typical:both.late done. (took cpu=0:00:00.0 real=0:00:00.0)
    
    Clock tree legalization - Histogram:
    ====================================
    
    --------------------------------
    Movement (um)    Number of cells
    --------------------------------
      (empty table)
    --------------------------------
    
    
    Clock tree legalization - There are no Movements:
    =================================================
    
    ---------------------------------------------
    Movement (um)    Desired     Achieved    Node
                     location    location    
    ---------------------------------------------
      (empty table)
    ---------------------------------------------
    
    Legalizing clock trees done. (took cpu=0:00:00.1 real=0:00:00.3)
    Clock tree timing engine global stage delay update for delay_corner_typical:both.late...
    Clock tree timing engine global stage delay update for delay_corner_typical:both.late done. (took cpu=0:00:00.0 real=0:00:00.0)
    Clock DAG stats after 'Clustering':
      cell counts      : b=0, i=0, icg=0, dcg=0, l=0, total=0
      sink counts      : regular=32, enable_latch=0, load_capacitance=0, antenna=0, node_sink=0, total=32
      misc counts      : r=1, pp=0, mci=0
      cell areas       : b=0.000um^2, i=0.000um^2, icg=0.000um^2, dcg=0.000um^2, l=0.000um^2, total=0.000um^2
      cell capacitance : b=0.000fF, i=0.000fF, icg=0.000fF, dcg=0.000fF, l=0.000fF, total=0.000fF
      sink capacitance : total=17.218fF, avg=0.538fF, sd=0.006fF, min=0.523fF, max=0.557fF
      wire capacitance : top=0.000fF, trunk=0.000fF, leaf=23.494fF, total=23.494fF
      wire lengths     : top=0.000um, trunk=0.000um, leaf=91.260um, total=91.260um
      hp wire lengths  : top=0.000um, trunk=0.000um, leaf=0.000um, total=0.000um
    Clock DAG net violations after 'Clustering': none
    Clock DAG primary half-corner transition distribution after 'Clustering':
      Leaf : target=50.0ps count=1 avg=6.3ps sd=0.0ps min=6.3ps max=6.3ps {1 <= 30.0ps, 0 <= 40.0ps, 0 <= 45.0ps, 0 <= 47.5ps, 0 <= 50.0ps}
    Primary reporting skew groups after 'Clustering':
      skew_group CLK/constraint_typical: insertion delay [min=0.9, max=2.3, avg=2.0, sd=0.4, skn=-2.551, kur=6.099], skew [1.4 vs 25.8], 100% {0.9, 2.3} (wid=2.3 ws=1.4) (gid=0.0 gs=0.0)
    Skew group summary after 'Clustering':
      skew_group CLK/constraint_typical: insertion delay [min=0.9, max=2.3, avg=2.0, sd=0.4, skn=-2.551, kur=6.099], skew [1.4 vs 25.8], 100% {0.9, 2.3} (wid=2.3 ws=1.4) (gid=0.0 gs=0.0)
    Legalizer API calls during this step: 0 succeeded with high effort: 0 succeeded with medium effort: 0 succeeded with low effort: 0 succeeded with basic effort: 0 succeeded with basic unbounded effort: 0
  Clustering done. (took cpu=0:00:00.1 real=0:00:00.3)
  Looking for fanout violations...
  Looking for fanout violations done.
  CongRepair After Initial Clustering...
  Reset timing graph...
Ignoring AAE DB Resetting ...
  Reset timing graph done.
  Leaving CCOpt scope - Early Global Route...
  Clock implementation routing...
Net route status summary:
  Clock:         1 (unrouted=1, trialRouted=0, noStatus=0, routed=0, fixed=0, [crossesIlmBoundary=0, tooFewTerms=0, (crossesIlmBoundary AND tooFewTerms=0)])
  Non-clock:   285 (unrouted=26, trialRouted=259, noStatus=0, routed=0, fixed=0, [crossesIlmBoundary=0, tooFewTerms=26, (crossesIlmBoundary AND tooFewTerms=0)])
    Routing using eGR only...
      Early Global Route - eGR only step...
(ccopt eGR): There are 1 nets to be routed. 0 nets have skip routing designation.
(ccopt eGR): There are 1 nets for routing of which 1 have one or more fixed wires.
(ccopt eGR): Start to route 1 all nets
Max route layer is changed from 127 to 10 because there is no routing track above this layer
Max route layer is changed from 127 to 10 because there is no routing track above this layer
[PSP]    Started Early Global Route kernel ( Curr Mem: 2.75 MB )
**WARN: (IMPPSP-1321):	Removed 1 out of boundary tracks from layer 2
**WARN: (IMPPSP-1321):	Removed 1 out of boundary tracks from layer 2
**WARN: (IMPPSP-1321):	Removed 1 out of boundary tracks from layer 2
**WARN: (IMPPSP-1321):	Removed 1 out of boundary tracks from layer 2
**WARN: (IMPPSP-1321):	Removed 1 out of boundary tracks from layer 2
**WARN: (IMPPSP-1321):	Removed 1 out of boundary tracks from layer 2
[NR-eGR] Early global route reroute 1 out of 260 routable nets
[NR-eGR] Track table information for default rule: 
[NR-eGR] M1 has single uniform track structure
[NR-eGR] M2 has non-uniform track structures
[NR-eGR] M3 has single uniform track structure
[NR-eGR] M4 has single uniform track structure
[NR-eGR] M5 has single uniform track structure
[NR-eGR] M6 has single uniform track structure
[NR-eGR] M7 has single uniform track structure
[NR-eGR] M8 has single uniform track structure
[NR-eGR] M9 has single uniform track structure
[NR-eGR] Pad has single uniform track structure
[NR-eGR] Read 16 PG shapes
[NR-eGR] Read 0 clock shapes
[NR-eGR] Read 0 other shapes
[NR-eGR] #Routing Blockages  : 0
[NR-eGR] #Bump Blockages     : 0
[NR-eGR] #Instance Blockages : 192
[NR-eGR] #PG Blockages       : 16
[NR-eGR] #Halo Blockages     : 0
[NR-eGR] #Boundary Blockages : 0
[NR-eGR] #Clock Blockages    : 0
[NR-eGR] #Other Blockages    : 0
[NR-eGR] Num Prerouted Nets = 0  Num Prerouted Wires = 0
[NR-eGR] Read 260 nets ( ignored 259 )
[NR-eGR] Connected 0 must-join pins/ports (pre-process)
[NR-eGR] #via pillars        : 0
[NR-eGR] #must join all port : 0
[NR-eGR] #multiple ports     : 0
[NR-eGR] #has must join      : 0
[NR-eGR] There are 1 clock nets ( 0 with NDR ).
[NR-eGR] ============ Routing rule table ============
[NR-eGR] Rule id: 0  Rule name: (Default)  Nets: 1
[NR-eGR] ========================================
[NR-eGR] 
[NR-eGR] Layer group 1: route 1 net(s) in layer range [2, 3]
[NR-eGR] Early Global Route overflow of layer group 1: 0.00% H + 0.00% V. EstWL: 8.748000e+01um
[NR-eGR] Congestion Analysis By layer: (blocked Gcells are excluded) 
[NR-eGR]                        OverCon            
[NR-eGR]                         #Gcell     %Gcell
[NR-eGR]        Layer             (1-0)    OverCon
[NR-eGR] ----------------------------------------------
[NR-eGR]      M1 ( 1)         0( 0.00%)   ( 0.00%) 
[NR-eGR]      M2 ( 2)         0( 0.00%)   ( 0.00%) 
[NR-eGR]      M3 ( 3)         0( 0.00%)   ( 0.00%) 
[NR-eGR]      M4 ( 4)         0( 0.00%)   ( 0.00%) 
[NR-eGR]      M5 ( 5)         0( 0.00%)   ( 0.00%) 
[NR-eGR]      M6 ( 6)         0( 0.00%)   ( 0.00%) 
[NR-eGR]      M7 ( 7)         0( 0.00%)   ( 0.00%) 
[NR-eGR]      M8 ( 8)         0( 0.00%)   ( 0.00%) 
[NR-eGR]      M9 ( 9)         0( 0.00%)   ( 0.00%) 
[NR-eGR]     Pad (10)         0( 0.00%)   ( 0.00%) 
[NR-eGR] ----------------------------------------------
[NR-eGR]        Total         0( 0.00%)   ( 0.00%) 
[NR-eGR] 
[NR-eGR] Overflow after Early Global Route 0.00% H + 0.00% V
[NR-eGR] Connected 0 must-join pins/ports (post-process)
[NR-eGR] Total eGR-routed clock nets wire length: 93um, number of vias: 79
[NR-eGR] --------------------------------------------------------------------------
[NR-eGR] Report for selected net(s) only.
[NR-eGR]              Length (um)  Vias 
[NR-eGR] -------------------------------
[NR-eGR]  M1   (1V)             0    32 
[NR-eGR]  M2   (2H)            34    46 
[NR-eGR]  M3   (3V)            59     1 
[NR-eGR]  M4   (4H)             0     0 
[NR-eGR]  M5   (5V)             0     0 
[NR-eGR]  M6   (6H)             0     0 
[NR-eGR]  M7   (7V)             0     0 
[NR-eGR]  M8   (8H)             0     0 
[NR-eGR]  M9   (9V)             0     0 
[NR-eGR]  Pad  (10H)            0     0 
[NR-eGR] -------------------------------
[NR-eGR]       Total           93    79 
[NR-eGR] --------------------------------------------------------------------------
[NR-eGR] Total half perimeter of net bounding box: 50um
[NR-eGR] Total length: 93um, number of vias: 79
[NR-eGR] --------------------------------------------------------------------------
[NR-eGR] Total routed clock nets wire length: 93um, number of vias: 79
[NR-eGR] --------------------------------------------------------------------------
[NR-eGR]              Length (um)  Vias 
[NR-eGR] -------------------------------
[NR-eGR]  M1   (1V)             0   572 
[NR-eGR]  M2   (2H)          1396   956 
[NR-eGR]  M3   (3V)          1219   182 
[NR-eGR]  M4   (4H)           776    20 
[NR-eGR]  M5   (5V)           176    12 
[NR-eGR]  M6   (6H)            31     2 
[NR-eGR]  M7   (7V)             0     2 
[NR-eGR]  M8   (8H)             9     2 
[NR-eGR]  M9   (9V)            11     0 
[NR-eGR]  Pad  (10H)            0     0 
[NR-eGR] -------------------------------
[NR-eGR]       Total         3618  1748 
[NR-eGR] --------------------------------------------------------------------------
[NR-eGR] Total half perimeter of net bounding box: 3470um
[NR-eGR] Total length: 3618um, number of vias: 1748
[NR-eGR] --------------------------------------------------------------------------
[NR-eGR] Finished Early Global Route kernel ( CPU: 0.04 sec, Real: 0.10 sec, Curr Mem: 2.76 MB )
      Early Global Route - eGR only step done. (took cpu=0:00:00.1 real=0:00:00.2)
    Routing using eGR only done.
Net route status summary:
  Clock:         1 (unrouted=0, trialRouted=0, noStatus=0, routed=1, fixed=0, [crossesIlmBoundary=0, tooFewTerms=0, (crossesIlmBoundary AND tooFewTerms=0)])
  Non-clock:   285 (unrouted=26, trialRouted=259, noStatus=0, routed=0, fixed=0, [crossesIlmBoundary=0, tooFewTerms=26, (crossesIlmBoundary AND tooFewTerms=0)])

CCOPT: Done with clock implementation routing.

  Clock implementation routing done.
  CCOpt: Starting congestion repair using flow wrapper...
    Congestion Repair...
*** IncrReplace #1 [begin] (CTS #1 / ccopt_design #1) : totSession cpu/real = 0:05:21.8/0:11:12.9 (0.5), mem = 2883.1M
Info: Disable timing driven in postCTS congRepair.

Starting congRepair ...
Max route layer is changed from 127 to 10 because there is no routing track above this layer
Max route layer is changed from 127 to 10 because there is no routing track above this layer
[NR-eGR] Started Early Global Route kernel ( Curr Mem: 2.76 MB )
**WARN: (IMPPSP-1321):	Removed 1 out of boundary tracks from layer 2
**WARN: (IMPPSP-1321):	Removed 1 out of boundary tracks from layer 2
**WARN: (IMPPSP-1321):	Removed 1 out of boundary tracks from layer 2
**WARN: (IMPPSP-1321):	Removed 1 out of boundary tracks from layer 2
**WARN: (IMPPSP-1321):	Removed 1 out of boundary tracks from layer 2
**WARN: (IMPPSP-1321):	Removed 1 out of boundary tracks from layer 2
[NR-eGR] Early global route reroute all routable nets
[NR-eGR] Track table information for default rule: 
[NR-eGR] M1 has single uniform track structure
[NR-eGR] M2 has non-uniform track structures
[NR-eGR] M3 has single uniform track structure
[NR-eGR] M4 has single uniform track structure
[NR-eGR] M5 has single uniform track structure
[NR-eGR] M6 has single uniform track structure
[NR-eGR] M7 has single uniform track structure
[NR-eGR] M8 has single uniform track structure
[NR-eGR] M9 has single uniform track structure
[NR-eGR] Pad has single uniform track structure
[NR-eGR] Read 24 PG shapes
[NR-eGR] Read 0 clock shapes
[NR-eGR] Read 0 other shapes
[NR-eGR] #Routing Blockages  : 0
[NR-eGR] #Bump Blockages     : 0
[NR-eGR] #Instance Blockages : 192
[NR-eGR] #PG Blockages       : 24
[NR-eGR] #Halo Blockages     : 0
[NR-eGR] #Boundary Blockages : 0
[NR-eGR] #Clock Blockages    : 0
[NR-eGR] #Other Blockages    : 0
[NR-eGR] Num Prerouted Nets = 1  Num Prerouted Wires = 88
[NR-eGR] Read 260 nets ( ignored 1 )
[NR-eGR] ============ Routing rule table ============
[NR-eGR] Rule id: 0  Rule name: (Default)  Nets: 259
[NR-eGR] ========================================
[NR-eGR] 
[NR-eGR] Layer group 1: route 1 net(s) in layer range [8, 10]
[NR-eGR] Early Global Route overflow of layer group 1: 0.00% H + 0.00% V. EstWL: 1.836000e+01um
[NR-eGR] Layer group 2: route 5 net(s) in layer range [5, 10]
[NR-eGR] Early Global Route overflow of layer group 2: 0.00% H + 0.00% V. EstWL: 1.047600e+02um
[NR-eGR] Layer group 3: route 253 net(s) in layer range [2, 10]
[NR-eGR] Early Global Route overflow of layer group 3: 0.00% H + 0.00% V. EstWL: 3.427920e+03um
[NR-eGR] Congestion Analysis By layer: (blocked Gcells are excluded) 
[NR-eGR]                        OverCon            
[NR-eGR]                         #Gcell     %Gcell
[NR-eGR]        Layer             (1-0)    OverCon
[NR-eGR] ----------------------------------------------
[NR-eGR]      M1 ( 1)         0( 0.00%)   ( 0.00%) 
[NR-eGR]      M2 ( 2)         0( 0.00%)   ( 0.00%) 
[NR-eGR]      M3 ( 3)         0( 0.00%)   ( 0.00%) 
[NR-eGR]      M4 ( 4)         0( 0.00%)   ( 0.00%) 
[NR-eGR]      M5 ( 5)         0( 0.00%)   ( 0.00%) 
[NR-eGR]      M6 ( 6)         0( 0.00%)   ( 0.00%) 
[NR-eGR]      M7 ( 7)         0( 0.00%)   ( 0.00%) 
[NR-eGR]      M8 ( 8)         0( 0.00%)   ( 0.00%) 
[NR-eGR]      M9 ( 9)         0( 0.00%)   ( 0.00%) 
[NR-eGR]     Pad (10)         0( 0.00%)   ( 0.00%) 
[NR-eGR] ----------------------------------------------
[NR-eGR]        Total         0( 0.00%)   ( 0.00%) 
[NR-eGR] 
[NR-eGR] Overflow after Early Global Route 0.00% H + 0.00% V
[NR-eGR] Finished Early Global Route kernel ( CPU: 0.04 sec, Real: 0.15 sec, Curr Mem: 2.76 MB )
Early Global Route congestion estimation runtime: 0.16 seconds, mem = 2883.1M
Local HotSpot Analysis: normalized max congestion hotspot area = 0.00, normalized total congestion hotspot area = 0.00 (area is in unit of 4 std-cell row bins)
Skipped repairing congestion.
[NR-eGR] Connected 0 must-join pins/ports (post-process)
[NR-eGR] Total eGR-routed clock nets wire length: 0um, number of vias: 0
[NR-eGR] --------------------------------------------------------------------------
[NR-eGR]              Length (um)  Vias 
[NR-eGR] -------------------------------
[NR-eGR]  M1   (1V)             0   572 
[NR-eGR]  M2   (2H)          1434   958 
[NR-eGR]  M3   (3V)          1221   184 
[NR-eGR]  M4   (4H)           740    20 
[NR-eGR]  M5   (5V)           176    12 
[NR-eGR]  M6   (6H)            31     2 
[NR-eGR]  M7   (7V)             0     2 
[NR-eGR]  M8   (8H)             9     2 
[NR-eGR]  M9   (9V)            11     0 
[NR-eGR]  Pad  (10H)            0     0 
[NR-eGR] -------------------------------
[NR-eGR]       Total         3622  1752 
[NR-eGR] --------------------------------------------------------------------------
[NR-eGR] Total half perimeter of net bounding box: 3470um
[NR-eGR] Total length: 3622um, number of vias: 1752
[NR-eGR] --------------------------------------------------------------------------
Max route layer is changed from 127 to 10 because there is no routing track above this layer
Early Global Route wiring runtime: 0.04 seconds, mem = 2899.2M
Tdgp not enabled or already been cleared! skip clearing
End of congRepair (cpu=0:00:00.1, real=0:00:00.0)
*** IncrReplace #1 [finish] (CTS #1 / ccopt_design #1) : cpu/real = 0:00:00.1/0:00:00.3 (0.2), totSession cpu/real = 0:05:21.9/0:11:13.2 (0.5), mem = 2899.2M
Set ::gpsPrivate::dogPBIsIncrReplaceDoneInMaster 1
    Congestion Repair done. (took cpu=0:00:00.1 real=0:00:00.4)
  CCOpt: Starting congestion repair using flow wrapper done.
  Leaving CCOpt scope - Early Global Route done. (took cpu=0:00:00.2 real=0:00:00.7)
  Leaving CCOpt scope - extractRC...
  Updating RC parasitics by calling: "extractRC -noRouteCheck"...
Extraction called for design 'Adder32' of instances=195 and nets=286 using extraction engine 'preRoute' .
**WARN: (IMPEXT-3530):	The process node is not set. Use the command setDesignMode -process <process node> prior to extraction for maximum accuracy and optimal automatic threshold setting.
Type 'man IMPEXT-3530' for more detail.
PreRoute RC Extraction called for design Adder32.
RC Extraction called in multi-corner(1) mode.
**WARN: (IMPEXT-6197):	The Cap table file is not specified. This will result in lower parasitic accuracy when using preRoute extraction or postRoute extraction with effort level 'low'. It is recommended to generate the Cap table file using the 'generateCapTbl' command and specify it before extraction using 'create_rc_corner/update_rc_corner -cap_table'.
Type 'man IMPEXT-6197' for more detail.
RCMode: PreRoute
      RC Corner Indexes            0   
Capacitance Scaling Factor   : 1.00000 
Resistance Scaling Factor    : 1.00000 
Clock Cap. Scaling Factor    : 1.00000 
Clock Res. Scaling Factor    : 1.00000 
Shrink Factor                : 1.00000
PreRoute extraction is honoring NDR/Shielding/ExtraSpace for clock nets.
Updating RC Grid density data for preRoute extraction ...
Initializing multi-corner resistance tables ...
PreRoute RC Extraction DONE (CPU Time: 0:00:00.0  Real Time: 0:00:00.0  MEM: 2899.152M)
  Updating RC parasitics by calling: "extractRC -noRouteCheck" done.
  Leaving CCOpt scope - extractRC done. (took cpu=0:00:00.0 real=0:00:00.0)
  Clock tree timing engine global stage delay update for delay_corner_typical:both.late...
  Clock tree timing engine global stage delay update for delay_corner_typical:both.late done. (took cpu=0:00:00.0 real=0:00:00.0)
  Clock DAG stats after clustering cong repair call:
    cell counts      : b=0, i=0, icg=0, dcg=0, l=0, total=0
    sink counts      : regular=32, enable_latch=0, load_capacitance=0, antenna=0, node_sink=0, total=32
    misc counts      : r=1, pp=0, mci=0
    cell areas       : b=0.000um^2, i=0.000um^2, icg=0.000um^2, dcg=0.000um^2, l=0.000um^2, total=0.000um^2
    cell capacitance : b=0.000fF, i=0.000fF, icg=0.000fF, dcg=0.000fF, l=0.000fF, total=0.000fF
    sink capacitance : total=17.218fF, avg=0.538fF, sd=0.006fF, min=0.523fF, max=0.557fF
    wire capacitance : top=0.000fF, trunk=0.000fF, leaf=23.944fF, total=23.944fF
    wire lengths     : top=0.000um, trunk=0.000um, leaf=91.260um, total=91.260um
    hp wire lengths  : top=0.000um, trunk=0.000um, leaf=0.000um, total=0.000um
  Clock DAG net violations after clustering cong repair call: none
  Clock DAG primary half-corner transition distribution after clustering cong repair call:
    Leaf : target=50.0ps count=1 avg=6.4ps sd=0.0ps min=6.4ps max=6.4ps {1 <= 30.0ps, 0 <= 40.0ps, 0 <= 45.0ps, 0 <= 47.5ps, 0 <= 50.0ps}
  Primary reporting skew groups after clustering cong repair call:
    skew_group CLK/constraint_typical: insertion delay [min=0.9, max=2.3, avg=2.1, sd=0.3, skn=-2.558, kur=5.989], skew [1.4 vs 25.8], 100% {0.9, 2.3} (wid=2.3 ws=1.4) (gid=0.0 gs=0.0)
  Skew group summary after clustering cong repair call:
    skew_group CLK/constraint_typical: insertion delay [min=0.9, max=2.3, avg=2.1, sd=0.3, skn=-2.558, kur=5.989], skew [1.4 vs 25.8], 100% {0.9, 2.3} (wid=2.3 ws=1.4) (gid=0.0 gs=0.0)
  CongRepair After Initial Clustering done. (took cpu=0:00:00.2 real=0:00:00.7)
  Stage::Clustering done. (took cpu=0:00:00.3 real=0:00:01.1)
  Stage::DRV Fixing...
  Fixing clock tree slew time and max cap violations...
    Fixing clock tree overload: ...20% ...40% ...60% ...80% ...100% 
    Clock DAG stats after 'Fixing clock tree slew time and max cap violations':
      cell counts      : b=0, i=0, icg=0, dcg=0, l=0, total=0
      sink counts      : regular=32, enable_latch=0, load_capacitance=0, antenna=0, node_sink=0, total=32
      misc counts      : r=1, pp=0, mci=0
      cell areas       : b=0.000um^2, i=0.000um^2, icg=0.000um^2, dcg=0.000um^2, l=0.000um^2, total=0.000um^2
      cell capacitance : b=0.000fF, i=0.000fF, icg=0.000fF, dcg=0.000fF, l=0.000fF, total=0.000fF
      sink capacitance : total=17.218fF, avg=0.538fF, sd=0.006fF, min=0.523fF, max=0.557fF
      wire capacitance : top=0.000fF, trunk=0.000fF, leaf=23.944fF, total=23.944fF
      wire lengths     : top=0.000um, trunk=0.000um, leaf=91.260um, total=91.260um
      hp wire lengths  : top=0.000um, trunk=0.000um, leaf=0.000um, total=0.000um
    Clock DAG net violations after 'Fixing clock tree slew time and max cap violations': none
    Clock DAG primary half-corner transition distribution after 'Fixing clock tree slew time and max cap violations':
      Leaf : target=50.0ps count=1 avg=6.4ps sd=0.0ps min=6.4ps max=6.4ps {1 <= 30.0ps, 0 <= 40.0ps, 0 <= 45.0ps, 0 <= 47.5ps, 0 <= 50.0ps}
    Primary reporting skew groups after 'Fixing clock tree slew time and max cap violations':
      skew_group CLK/constraint_typical: insertion delay [min=0.9, max=2.3], skew [1.4 vs 25.8]
    Skew group summary after 'Fixing clock tree slew time and max cap violations':
      skew_group CLK/constraint_typical: insertion delay [min=0.9, max=2.3], skew [1.4 vs 25.8]
    Legalizer API calls during this step: 0 succeeded with high effort: 0 succeeded with medium effort: 0 succeeded with low effort: 0 succeeded with basic effort: 0 succeeded with basic unbounded effort: 0
  Fixing clock tree slew time and max cap violations done. (took cpu=0:00:00.0 real=0:00:00.0)
  Fixing clock tree slew time and max cap violations - detailed pass...
    Fixing clock tree overload: ...20% ...40% ...60% ...80% ...100% 
    Clock DAG stats after 'Fixing clock tree slew time and max cap violations - detailed pass':
      cell counts      : b=0, i=0, icg=0, dcg=0, l=0, total=0
      sink counts      : regular=32, enable_latch=0, load_capacitance=0, antenna=0, node_sink=0, total=32
      misc counts      : r=1, pp=0, mci=0
      cell areas       : b=0.000um^2, i=0.000um^2, icg=0.000um^2, dcg=0.000um^2, l=0.000um^2, total=0.000um^2
      cell capacitance : b=0.000fF, i=0.000fF, icg=0.000fF, dcg=0.000fF, l=0.000fF, total=0.000fF
      sink capacitance : total=17.218fF, avg=0.538fF, sd=0.006fF, min=0.523fF, max=0.557fF
      wire capacitance : top=0.000fF, trunk=0.000fF, leaf=23.944fF, total=23.944fF
      wire lengths     : top=0.000um, trunk=0.000um, leaf=91.260um, total=91.260um
      hp wire lengths  : top=0.000um, trunk=0.000um, leaf=0.000um, total=0.000um
    Clock DAG net violations after 'Fixing clock tree slew time and max cap violations - detailed pass': none
    Clock DAG primary half-corner transition distribution after 'Fixing clock tree slew time and max cap violations - detailed pass':
      Leaf : target=50.0ps count=1 avg=6.4ps sd=0.0ps min=6.4ps max=6.4ps {1 <= 30.0ps, 0 <= 40.0ps, 0 <= 45.0ps, 0 <= 47.5ps, 0 <= 50.0ps}
    Primary reporting skew groups after 'Fixing clock tree slew time and max cap violations - detailed pass':
      skew_group CLK/constraint_typical: insertion delay [min=0.9, max=2.3, avg=2.1, sd=0.3, skn=-2.558, kur=5.989], skew [1.4 vs 25.8], 100% {0.9, 2.3} (wid=2.3 ws=1.4) (gid=0.0 gs=0.0)
    Skew group summary after 'Fixing clock tree slew time and max cap violations - detailed pass':
      skew_group CLK/constraint_typical: insertion delay [min=0.9, max=2.3, avg=2.1, sd=0.3, skn=-2.558, kur=5.989], skew [1.4 vs 25.8], 100% {0.9, 2.3} (wid=2.3 ws=1.4) (gid=0.0 gs=0.0)
    Legalizer API calls during this step: 0 succeeded with high effort: 0 succeeded with medium effort: 0 succeeded with low effort: 0 succeeded with basic effort: 0 succeeded with basic unbounded effort: 0
  Fixing clock tree slew time and max cap violations - detailed pass done. (took cpu=0:00:00.0 real=0:00:00.0)
  Stage::DRV Fixing done. (took cpu=0:00:00.0 real=0:00:00.0)
  Stage::Insertion Delay Reduction...
  Removing unnecessary root buffering...
    Clock DAG stats after 'Removing unnecessary root buffering':
      cell counts      : b=0, i=0, icg=0, dcg=0, l=0, total=0
      sink counts      : regular=32, enable_latch=0, load_capacitance=0, antenna=0, node_sink=0, total=32
      misc counts      : r=1, pp=0, mci=0
      cell areas       : b=0.000um^2, i=0.000um^2, icg=0.000um^2, dcg=0.000um^2, l=0.000um^2, total=0.000um^2
      cell capacitance : b=0.000fF, i=0.000fF, icg=0.000fF, dcg=0.000fF, l=0.000fF, total=0.000fF
      sink capacitance : total=17.218fF, avg=0.538fF, sd=0.006fF, min=0.523fF, max=0.557fF
      wire capacitance : top=0.000fF, trunk=0.000fF, leaf=23.944fF, total=23.944fF
      wire lengths     : top=0.000um, trunk=0.000um, leaf=91.260um, total=91.260um
      hp wire lengths  : top=0.000um, trunk=0.000um, leaf=0.000um, total=0.000um
    Clock DAG net violations after 'Removing unnecessary root buffering': none
    Clock DAG primary half-corner transition distribution after 'Removing unnecessary root buffering':
      Leaf : target=50.0ps count=1 avg=6.4ps sd=0.0ps min=6.4ps max=6.4ps {1 <= 30.0ps, 0 <= 40.0ps, 0 <= 45.0ps, 0 <= 47.5ps, 0 <= 50.0ps}
    Primary reporting skew groups after 'Removing unnecessary root buffering':
      skew_group CLK/constraint_typical: insertion delay [min=0.9, max=2.3], skew [1.4 vs 25.8]
    Skew group summary after 'Removing unnecessary root buffering':
      skew_group CLK/constraint_typical: insertion delay [min=0.9, max=2.3], skew [1.4 vs 25.8]
    Legalizer API calls during this step: 0 succeeded with high effort: 0 succeeded with medium effort: 0 succeeded with low effort: 0 succeeded with basic effort: 0 succeeded with basic unbounded effort: 0
  Removing unnecessary root buffering done. (took cpu=0:00:00.0 real=0:00:00.0)
  Removing unconstrained drivers...
    Clock DAG stats after 'Removing unconstrained drivers':
      cell counts      : b=0, i=0, icg=0, dcg=0, l=0, total=0
      sink counts      : regular=32, enable_latch=0, load_capacitance=0, antenna=0, node_sink=0, total=32
      misc counts      : r=1, pp=0, mci=0
      cell areas       : b=0.000um^2, i=0.000um^2, icg=0.000um^2, dcg=0.000um^2, l=0.000um^2, total=0.000um^2
      cell capacitance : b=0.000fF, i=0.000fF, icg=0.000fF, dcg=0.000fF, l=0.000fF, total=0.000fF
      sink capacitance : total=17.218fF, avg=0.538fF, sd=0.006fF, min=0.523fF, max=0.557fF
      wire capacitance : top=0.000fF, trunk=0.000fF, leaf=23.944fF, total=23.944fF
      wire lengths     : top=0.000um, trunk=0.000um, leaf=91.260um, total=91.260um
      hp wire lengths  : top=0.000um, trunk=0.000um, leaf=0.000um, total=0.000um
    Clock DAG net violations after 'Removing unconstrained drivers': none
    Clock DAG primary half-corner transition distribution after 'Removing unconstrained drivers':
      Leaf : target=50.0ps count=1 avg=6.4ps sd=0.0ps min=6.4ps max=6.4ps {1 <= 30.0ps, 0 <= 40.0ps, 0 <= 45.0ps, 0 <= 47.5ps, 0 <= 50.0ps}
    Primary reporting skew groups after 'Removing unconstrained drivers':
      skew_group CLK/constraint_typical: insertion delay [min=0.9, max=2.3], skew [1.4 vs 25.8]
    Skew group summary after 'Removing unconstrained drivers':
      skew_group CLK/constraint_typical: insertion delay [min=0.9, max=2.3], skew [1.4 vs 25.8]
    Legalizer API calls during this step: 0 succeeded with high effort: 0 succeeded with medium effort: 0 succeeded with low effort: 0 succeeded with basic effort: 0 succeeded with basic unbounded effort: 0
  Removing unconstrained drivers done. (took cpu=0:00:00.0 real=0:00:00.0)
  Reducing insertion delay 1...
    Clock DAG stats after 'Reducing insertion delay 1':
      cell counts      : b=0, i=0, icg=0, dcg=0, l=0, total=0
      sink counts      : regular=32, enable_latch=0, load_capacitance=0, antenna=0, node_sink=0, total=32
      misc counts      : r=1, pp=0, mci=0
      cell areas       : b=0.000um^2, i=0.000um^2, icg=0.000um^2, dcg=0.000um^2, l=0.000um^2, total=0.000um^2
      cell capacitance : b=0.000fF, i=0.000fF, icg=0.000fF, dcg=0.000fF, l=0.000fF, total=0.000fF
      sink capacitance : total=17.218fF, avg=0.538fF, sd=0.006fF, min=0.523fF, max=0.557fF
      wire capacitance : top=0.000fF, trunk=0.000fF, leaf=23.944fF, total=23.944fF
      wire lengths     : top=0.000um, trunk=0.000um, leaf=91.260um, total=91.260um
      hp wire lengths  : top=0.000um, trunk=0.000um, leaf=0.000um, total=0.000um
    Clock DAG net violations after 'Reducing insertion delay 1': none
    Clock DAG primary half-corner transition distribution after 'Reducing insertion delay 1':
      Leaf : target=50.0ps count=1 avg=6.4ps sd=0.0ps min=6.4ps max=6.4ps {1 <= 30.0ps, 0 <= 40.0ps, 0 <= 45.0ps, 0 <= 47.5ps, 0 <= 50.0ps}
    Primary reporting skew groups after 'Reducing insertion delay 1':
      skew_group CLK/constraint_typical: insertion delay [min=0.9, max=2.3], skew [1.4 vs 25.8]
    Skew group summary after 'Reducing insertion delay 1':
      skew_group CLK/constraint_typical: insertion delay [min=0.9, max=2.3], skew [1.4 vs 25.8]
    Legalizer API calls during this step: 2 succeeded with high effort: 2 succeeded with medium effort: 0 succeeded with low effort: 0 succeeded with basic effort: 0 succeeded with basic unbounded effort: 0
  Reducing insertion delay 1 done. (took cpu=0:00:00.0 real=0:00:00.0)
  Removing longest path buffering...
    Clock DAG stats after 'Removing longest path buffering':
      cell counts      : b=0, i=0, icg=0, dcg=0, l=0, total=0
      sink counts      : regular=32, enable_latch=0, load_capacitance=0, antenna=0, node_sink=0, total=32
      misc counts      : r=1, pp=0, mci=0
      cell areas       : b=0.000um^2, i=0.000um^2, icg=0.000um^2, dcg=0.000um^2, l=0.000um^2, total=0.000um^2
      cell capacitance : b=0.000fF, i=0.000fF, icg=0.000fF, dcg=0.000fF, l=0.000fF, total=0.000fF
      sink capacitance : total=17.218fF, avg=0.538fF, sd=0.006fF, min=0.523fF, max=0.557fF
      wire capacitance : top=0.000fF, trunk=0.000fF, leaf=23.944fF, total=23.944fF
      wire lengths     : top=0.000um, trunk=0.000um, leaf=91.260um, total=91.260um
      hp wire lengths  : top=0.000um, trunk=0.000um, leaf=0.000um, total=0.000um
    Clock DAG net violations after 'Removing longest path buffering': none
    Clock DAG primary half-corner transition distribution after 'Removing longest path buffering':
      Leaf : target=50.0ps count=1 avg=6.4ps sd=0.0ps min=6.4ps max=6.4ps {1 <= 30.0ps, 0 <= 40.0ps, 0 <= 45.0ps, 0 <= 47.5ps, 0 <= 50.0ps}
    Primary reporting skew groups after 'Removing longest path buffering':
      skew_group CLK/constraint_typical: insertion delay [min=0.9, max=2.3], skew [1.4 vs 25.8]
    Skew group summary after 'Removing longest path buffering':
      skew_group CLK/constraint_typical: insertion delay [min=0.9, max=2.3], skew [1.4 vs 25.8]
    Legalizer API calls during this step: 0 succeeded with high effort: 0 succeeded with medium effort: 0 succeeded with low effort: 0 succeeded with basic effort: 0 succeeded with basic unbounded effort: 0
  Removing longest path buffering done. (took cpu=0:00:00.0 real=0:00:00.0)
  Reducing insertion delay 2...
    Clock DAG stats after 'Reducing insertion delay 2':
      cell counts      : b=0, i=0, icg=0, dcg=0, l=0, total=0
      sink counts      : regular=32, enable_latch=0, load_capacitance=0, antenna=0, node_sink=0, total=32
      misc counts      : r=1, pp=0, mci=0
      cell areas       : b=0.000um^2, i=0.000um^2, icg=0.000um^2, dcg=0.000um^2, l=0.000um^2, total=0.000um^2
      cell capacitance : b=0.000fF, i=0.000fF, icg=0.000fF, dcg=0.000fF, l=0.000fF, total=0.000fF
      sink capacitance : total=17.218fF, avg=0.538fF, sd=0.006fF, min=0.523fF, max=0.557fF
      wire capacitance : top=0.000fF, trunk=0.000fF, leaf=23.944fF, total=23.944fF
      wire lengths     : top=0.000um, trunk=0.000um, leaf=91.260um, total=91.260um
      hp wire lengths  : top=0.000um, trunk=0.000um, leaf=0.000um, total=0.000um
    Clock DAG net violations after 'Reducing insertion delay 2': none
    Clock DAG primary half-corner transition distribution after 'Reducing insertion delay 2':
      Leaf : target=50.0ps count=1 avg=6.4ps sd=0.0ps min=6.4ps max=6.4ps {1 <= 30.0ps, 0 <= 40.0ps, 0 <= 45.0ps, 0 <= 47.5ps, 0 <= 50.0ps}
    Primary reporting skew groups after 'Reducing insertion delay 2':
      skew_group CLK/constraint_typical: insertion delay [min=0.9, max=2.3, avg=2.1, sd=0.3, skn=-2.558, kur=5.989], skew [1.4 vs 25.8], 100% {0.9, 2.3} (wid=2.3 ws=1.4) (gid=0.0 gs=0.0)
    Skew group summary after 'Reducing insertion delay 2':
      skew_group CLK/constraint_typical: insertion delay [min=0.9, max=2.3, avg=2.1, sd=0.3, skn=-2.558, kur=5.989], skew [1.4 vs 25.8], 100% {0.9, 2.3} (wid=2.3 ws=1.4) (gid=0.0 gs=0.0)
    Legalizer API calls during this step: 0 succeeded with high effort: 0 succeeded with medium effort: 0 succeeded with low effort: 0 succeeded with basic effort: 0 succeeded with basic unbounded effort: 0
  Reducing insertion delay 2 done. (took cpu=0:00:00.0 real=0:00:00.0)
  Stage::Insertion Delay Reduction done. (took cpu=0:00:00.0 real=0:00:00.0)
  CCOpt::Phase::Construction done. (took cpu=0:00:00.3 real=0:00:01.1)
  CCOpt::Phase::Implementation...
  Stage::Reducing Power...
  Improving clock tree routing...
    Iteration 1...
    Iteration 1 done.
    Clock DAG stats after 'Improving clock tree routing':
      cell counts      : b=0, i=0, icg=0, dcg=0, l=0, total=0
      sink counts      : regular=32, enable_latch=0, load_capacitance=0, antenna=0, node_sink=0, total=32
      misc counts      : r=1, pp=0, mci=0
      cell areas       : b=0.000um^2, i=0.000um^2, icg=0.000um^2, dcg=0.000um^2, l=0.000um^2, total=0.000um^2
      cell capacitance : b=0.000fF, i=0.000fF, icg=0.000fF, dcg=0.000fF, l=0.000fF, total=0.000fF
      sink capacitance : total=17.218fF, avg=0.538fF, sd=0.006fF, min=0.523fF, max=0.557fF
      wire capacitance : top=0.000fF, trunk=0.000fF, leaf=23.944fF, total=23.944fF
      wire lengths     : top=0.000um, trunk=0.000um, leaf=91.260um, total=91.260um
      hp wire lengths  : top=0.000um, trunk=0.000um, leaf=0.000um, total=0.000um
    Clock DAG net violations after 'Improving clock tree routing': none
    Clock DAG primary half-corner transition distribution after 'Improving clock tree routing':
      Leaf : target=50.0ps count=1 avg=6.4ps sd=0.0ps min=6.4ps max=6.4ps {1 <= 30.0ps, 0 <= 40.0ps, 0 <= 45.0ps, 0 <= 47.5ps, 0 <= 50.0ps}
    Primary reporting skew groups after 'Improving clock tree routing':
      skew_group CLK/constraint_typical: insertion delay [min=0.9, max=2.3], skew [1.4 vs 25.8]
    Skew group summary after 'Improving clock tree routing':
      skew_group CLK/constraint_typical: insertion delay [min=0.9, max=2.3], skew [1.4 vs 25.8]
    Legalizer API calls during this step: 0 succeeded with high effort: 0 succeeded with medium effort: 0 succeeded with low effort: 0 succeeded with basic effort: 0 succeeded with basic unbounded effort: 0
  Improving clock tree routing done. (took cpu=0:00:00.0 real=0:00:00.0)
  Reducing clock tree power 1...
    Resizing gates: 
    ...20% ...40% ...60% ...80% ...Legalizing clock trees...
    Legalizing clock trees done. (took cpu=0:00:00.0 real=0:00:00.0)
    100% 
    Clock DAG stats after 'Reducing clock tree power 1':
      cell counts      : b=0, i=0, icg=0, dcg=0, l=0, total=0
      sink counts      : regular=32, enable_latch=0, load_capacitance=0, antenna=0, node_sink=0, total=32
      misc counts      : r=1, pp=0, mci=0
      cell areas       : b=0.000um^2, i=0.000um^2, icg=0.000um^2, dcg=0.000um^2, l=0.000um^2, total=0.000um^2
      cell capacitance : b=0.000fF, i=0.000fF, icg=0.000fF, dcg=0.000fF, l=0.000fF, total=0.000fF
      sink capacitance : total=17.218fF, avg=0.538fF, sd=0.006fF, min=0.523fF, max=0.557fF
      wire capacitance : top=0.000fF, trunk=0.000fF, leaf=23.944fF, total=23.944fF
      wire lengths     : top=0.000um, trunk=0.000um, leaf=91.260um, total=91.260um
      hp wire lengths  : top=0.000um, trunk=0.000um, leaf=0.000um, total=0.000um
    Clock DAG net violations after 'Reducing clock tree power 1': none
    Clock DAG primary half-corner transition distribution after 'Reducing clock tree power 1':
      Leaf : target=50.0ps count=1 avg=6.4ps sd=0.0ps min=6.4ps max=6.4ps {1 <= 30.0ps, 0 <= 40.0ps, 0 <= 45.0ps, 0 <= 47.5ps, 0 <= 50.0ps}
    Primary reporting skew groups after 'Reducing clock tree power 1':
      skew_group CLK/constraint_typical: insertion delay [min=0.9, max=2.3], skew [1.4 vs 25.8]
    Skew group summary after 'Reducing clock tree power 1':
      skew_group CLK/constraint_typical: insertion delay [min=0.9, max=2.3], skew [1.4 vs 25.8]
    Legalizer API calls during this step: 0 succeeded with high effort: 0 succeeded with medium effort: 0 succeeded with low effort: 0 succeeded with basic effort: 0 succeeded with basic unbounded effort: 0
  Reducing clock tree power 1 done. (took cpu=0:00:00.0 real=0:00:00.0)
  Reducing clock tree power 2...
    Clock DAG stats after 'Reducing clock tree power 2':
      cell counts      : b=0, i=0, icg=0, dcg=0, l=0, total=0
      sink counts      : regular=32, enable_latch=0, load_capacitance=0, antenna=0, node_sink=0, total=32
      misc counts      : r=1, pp=0, mci=0
      cell areas       : b=0.000um^2, i=0.000um^2, icg=0.000um^2, dcg=0.000um^2, l=0.000um^2, total=0.000um^2
      cell capacitance : b=0.000fF, i=0.000fF, icg=0.000fF, dcg=0.000fF, l=0.000fF, total=0.000fF
      sink capacitance : total=17.218fF, avg=0.538fF, sd=0.006fF, min=0.523fF, max=0.557fF
      wire capacitance : top=0.000fF, trunk=0.000fF, leaf=23.944fF, total=23.944fF
      wire lengths     : top=0.000um, trunk=0.000um, leaf=91.260um, total=91.260um
      hp wire lengths  : top=0.000um, trunk=0.000um, leaf=0.000um, total=0.000um
    Clock DAG net violations after 'Reducing clock tree power 2': none
    Clock DAG primary half-corner transition distribution after 'Reducing clock tree power 2':
      Leaf : target=50.0ps count=1 avg=6.4ps sd=0.0ps min=6.4ps max=6.4ps {1 <= 30.0ps, 0 <= 40.0ps, 0 <= 45.0ps, 0 <= 47.5ps, 0 <= 50.0ps}
    Primary reporting skew groups after 'Reducing clock tree power 2':
      skew_group CLK/constraint_typical: insertion delay [min=0.9, max=2.3, avg=2.1, sd=0.3, skn=-2.558, kur=5.989], skew [1.4 vs 25.8], 100% {0.9, 2.3} (wid=2.3 ws=1.4) (gid=0.0 gs=0.0)
    Skew group summary after 'Reducing clock tree power 2':
      skew_group CLK/constraint_typical: insertion delay [min=0.9, max=2.3, avg=2.1, sd=0.3, skn=-2.558, kur=5.989], skew [1.4 vs 25.8], 100% {0.9, 2.3} (wid=2.3 ws=1.4) (gid=0.0 gs=0.0)
    Legalizer API calls during this step: 0 succeeded with high effort: 0 succeeded with medium effort: 0 succeeded with low effort: 0 succeeded with basic effort: 0 succeeded with basic unbounded effort: 0
  Reducing clock tree power 2 done. (took cpu=0:00:00.0 real=0:00:00.0)
  Stage::Reducing Power done. (took cpu=0:00:00.0 real=0:00:00.0)
  Stage::Balancing...
  AdjustingMinPinPIDs for balancing...
    Approximately balancing fragments step...
      Resolve constraints - Approximately balancing fragments...
      Resolving skew group constraints...
        Solving LP: 1 skew groups; 2 fragments, 2 fraglets and 3 vertices; 12 variables and 27 constraints; tolerance 1
      Resolving skew group constraints done.
      Resolve constraints - Approximately balancing fragments done. (took cpu=0:00:00.0 real=0:00:00.0)
      Estimate delay to be added in balancing - Approximately balancing fragments...
      Trial balancer estimated the amount of delay to be added in balancing: 0.0ps
      Estimate delay to be added in balancing - Approximately balancing fragments done. (took cpu=0:00:00.0 real=0:00:00.0)
      Approximately balancing fragments...
        Moving gates to improve sub-tree skew...
          Tried: 2 Succeeded: 0
          Topology Tried: 0 Succeeded: 0
          0 Succeeded with SS ratio
          0 Succeeded with Lollipop: 0 with tier one, 0 with tier two. 
          Total reducing skew: 0 Average reducing skew for 0 nets : 0
          Clock DAG stats after 'Moving gates to improve sub-tree skew':
            cell counts      : b=0, i=0, icg=0, dcg=0, l=0, total=0
            sink counts      : regular=32, enable_latch=0, load_capacitance=0, antenna=0, node_sink=0, total=32
            misc counts      : r=1, pp=0, mci=0
            cell areas       : b=0.000um^2, i=0.000um^2, icg=0.000um^2, dcg=0.000um^2, l=0.000um^2, total=0.000um^2
            cell capacitance : b=0.000fF, i=0.000fF, icg=0.000fF, dcg=0.000fF, l=0.000fF, total=0.000fF
            sink capacitance : total=17.218fF, avg=0.538fF, sd=0.006fF, min=0.523fF, max=0.557fF
            wire capacitance : top=0.000fF, trunk=0.000fF, leaf=23.944fF, total=23.944fF
            wire lengths     : top=0.000um, trunk=0.000um, leaf=91.260um, total=91.260um
            hp wire lengths  : top=0.000um, trunk=0.000um, leaf=0.000um, total=0.000um
          Clock DAG net violations after 'Moving gates to improve sub-tree skew': none
          Clock DAG primary half-corner transition distribution after 'Moving gates to improve sub-tree skew':
            Leaf : target=50.0ps count=1 avg=6.4ps sd=0.0ps min=6.4ps max=6.4ps {1 <= 30.0ps, 0 <= 40.0ps, 0 <= 45.0ps, 0 <= 47.5ps, 0 <= 50.0ps}
          Legalizer API calls during this step: 0 succeeded with high effort: 0 succeeded with medium effort: 0 succeeded with low effort: 0 succeeded with basic effort: 0 succeeded with basic unbounded effort: 0
        Moving gates to improve sub-tree skew done. (took cpu=0:00:00.0 real=0:00:00.0)
        Approximately balancing fragments bottom up...
          bottom up balancing: ...20% ...40% ...60% ...80% ...100% 
          Clock DAG stats after 'Approximately balancing fragments bottom up':
            cell counts      : b=0, i=0, icg=0, dcg=0, l=0, total=0
            sink counts      : regular=32, enable_latch=0, load_capacitance=0, antenna=0, node_sink=0, total=32
            misc counts      : r=1, pp=0, mci=0
            cell areas       : b=0.000um^2, i=0.000um^2, icg=0.000um^2, dcg=0.000um^2, l=0.000um^2, total=0.000um^2
            cell capacitance : b=0.000fF, i=0.000fF, icg=0.000fF, dcg=0.000fF, l=0.000fF, total=0.000fF
            sink capacitance : total=17.218fF, avg=0.538fF, sd=0.006fF, min=0.523fF, max=0.557fF
            wire capacitance : top=0.000fF, trunk=0.000fF, leaf=23.944fF, total=23.944fF
            wire lengths     : top=0.000um, trunk=0.000um, leaf=91.260um, total=91.260um
            hp wire lengths  : top=0.000um, trunk=0.000um, leaf=0.000um, total=0.000um
          Clock DAG net violations after 'Approximately balancing fragments bottom up': none
          Clock DAG primary half-corner transition distribution after 'Approximately balancing fragments bottom up':
            Leaf : target=50.0ps count=1 avg=6.4ps sd=0.0ps min=6.4ps max=6.4ps {1 <= 30.0ps, 0 <= 40.0ps, 0 <= 45.0ps, 0 <= 47.5ps, 0 <= 50.0ps}
          Legalizer API calls during this step: 0 succeeded with high effort: 0 succeeded with medium effort: 0 succeeded with low effort: 0 succeeded with basic effort: 0 succeeded with basic unbounded effort: 0
        Approximately balancing fragments bottom up done. (took cpu=0:00:00.0 real=0:00:00.0)
        Approximately balancing fragments, wire and cell delays...
        Approximately balancing fragments, wire and cell delays, iteration 1...
          Clock DAG stats after Approximately balancing fragments, wire and cell delays, iteration 1:
            cell counts      : b=0, i=0, icg=0, dcg=0, l=0, total=0
            sink counts      : regular=32, enable_latch=0, load_capacitance=0, antenna=0, node_sink=0, total=32
            misc counts      : r=1, pp=0, mci=0
            cell areas       : b=0.000um^2, i=0.000um^2, icg=0.000um^2, dcg=0.000um^2, l=0.000um^2, total=0.000um^2
            cell capacitance : b=0.000fF, i=0.000fF, icg=0.000fF, dcg=0.000fF, l=0.000fF, total=0.000fF
            sink capacitance : total=17.218fF, avg=0.538fF, sd=0.006fF, min=0.523fF, max=0.557fF
            wire capacitance : top=0.000fF, trunk=0.000fF, leaf=23.944fF, total=23.944fF
            wire lengths     : top=0.000um, trunk=0.000um, leaf=91.260um, total=91.260um
            hp wire lengths  : top=0.000um, trunk=0.000um, leaf=0.000um, total=0.000um
          Clock DAG net violations after Approximately balancing fragments, wire and cell delays, iteration 1: none
          Clock DAG primary half-corner transition distribution after Approximately balancing fragments, wire and cell delays, iteration 1:
            Leaf : target=50.0ps count=1 avg=6.4ps sd=0.0ps min=6.4ps max=6.4ps {1 <= 30.0ps, 0 <= 40.0ps, 0 <= 45.0ps, 0 <= 47.5ps, 0 <= 50.0ps}
        Approximately balancing fragments, wire and cell delays, iteration 1 done.
        Approximately balancing fragments, wire and cell delays done. (took cpu=0:00:00.0 real=0:00:00.0)
      Approximately balancing fragments done.
      Clock DAG stats after 'Approximately balancing fragments step':
        cell counts      : b=0, i=0, icg=0, dcg=0, l=0, total=0
        sink counts      : regular=32, enable_latch=0, load_capacitance=0, antenna=0, node_sink=0, total=32
        misc counts      : r=1, pp=0, mci=0
        cell areas       : b=0.000um^2, i=0.000um^2, icg=0.000um^2, dcg=0.000um^2, l=0.000um^2, total=0.000um^2
        cell capacitance : b=0.000fF, i=0.000fF, icg=0.000fF, dcg=0.000fF, l=0.000fF, total=0.000fF
        sink capacitance : total=17.218fF, avg=0.538fF, sd=0.006fF, min=0.523fF, max=0.557fF
        wire capacitance : top=0.000fF, trunk=0.000fF, leaf=23.944fF, total=23.944fF
        wire lengths     : top=0.000um, trunk=0.000um, leaf=91.260um, total=91.260um
        hp wire lengths  : top=0.000um, trunk=0.000um, leaf=0.000um, total=0.000um
      Clock DAG net violations after 'Approximately balancing fragments step': none
      Clock DAG primary half-corner transition distribution after 'Approximately balancing fragments step':
        Leaf : target=50.0ps count=1 avg=6.4ps sd=0.0ps min=6.4ps max=6.4ps {1 <= 30.0ps, 0 <= 40.0ps, 0 <= 45.0ps, 0 <= 47.5ps, 0 <= 50.0ps}
      Legalizer API calls during this step: 0 succeeded with high effort: 0 succeeded with medium effort: 0 succeeded with low effort: 0 succeeded with basic effort: 0 succeeded with basic unbounded effort: 0
    Approximately balancing fragments step done. (took cpu=0:00:00.0 real=0:00:00.0)
    Clock DAG stats after Approximately balancing fragments:
      cell counts      : b=0, i=0, icg=0, dcg=0, l=0, total=0
      sink counts      : regular=32, enable_latch=0, load_capacitance=0, antenna=0, node_sink=0, total=32
      misc counts      : r=1, pp=0, mci=0
      cell areas       : b=0.000um^2, i=0.000um^2, icg=0.000um^2, dcg=0.000um^2, l=0.000um^2, total=0.000um^2
      cell capacitance : b=0.000fF, i=0.000fF, icg=0.000fF, dcg=0.000fF, l=0.000fF, total=0.000fF
      sink capacitance : total=17.218fF, avg=0.538fF, sd=0.006fF, min=0.523fF, max=0.557fF
      wire capacitance : top=0.000fF, trunk=0.000fF, leaf=23.944fF, total=23.944fF
      wire lengths     : top=0.000um, trunk=0.000um, leaf=91.260um, total=91.260um
      hp wire lengths  : top=0.000um, trunk=0.000um, leaf=0.000um, total=0.000um
    Clock DAG net violations after Approximately balancing fragments: none
    Clock DAG primary half-corner transition distribution after Approximately balancing fragments:
      Leaf : target=50.0ps count=1 avg=6.4ps sd=0.0ps min=6.4ps max=6.4ps {1 <= 30.0ps, 0 <= 40.0ps, 0 <= 45.0ps, 0 <= 47.5ps, 0 <= 50.0ps}
    Primary reporting skew groups after Approximately balancing fragments:
      skew_group CLK/constraint_typical: insertion delay [min=0.9, max=2.3], skew [1.4 vs 25.8]
    Skew group summary after Approximately balancing fragments:
      skew_group CLK/constraint_typical: insertion delay [min=0.9, max=2.3], skew [1.4 vs 25.8]
    Improving fragments clock skew...
      Clock DAG stats after 'Improving fragments clock skew':
        cell counts      : b=0, i=0, icg=0, dcg=0, l=0, total=0
        sink counts      : regular=32, enable_latch=0, load_capacitance=0, antenna=0, node_sink=0, total=32
        misc counts      : r=1, pp=0, mci=0
        cell areas       : b=0.000um^2, i=0.000um^2, icg=0.000um^2, dcg=0.000um^2, l=0.000um^2, total=0.000um^2
        cell capacitance : b=0.000fF, i=0.000fF, icg=0.000fF, dcg=0.000fF, l=0.000fF, total=0.000fF
        sink capacitance : total=17.218fF, avg=0.538fF, sd=0.006fF, min=0.523fF, max=0.557fF
        wire capacitance : top=0.000fF, trunk=0.000fF, leaf=23.944fF, total=23.944fF
        wire lengths     : top=0.000um, trunk=0.000um, leaf=91.260um, total=91.260um
        hp wire lengths  : top=0.000um, trunk=0.000um, leaf=0.000um, total=0.000um
      Clock DAG net violations after 'Improving fragments clock skew': none
      Clock DAG primary half-corner transition distribution after 'Improving fragments clock skew':
        Leaf : target=50.0ps count=1 avg=6.4ps sd=0.0ps min=6.4ps max=6.4ps {1 <= 30.0ps, 0 <= 40.0ps, 0 <= 45.0ps, 0 <= 47.5ps, 0 <= 50.0ps}
      Primary reporting skew groups after 'Improving fragments clock skew':
        skew_group CLK/constraint_typical: insertion delay [min=0.9, max=2.3], skew [1.4 vs 25.8]
      Skew group summary after 'Improving fragments clock skew':
        skew_group CLK/constraint_typical: insertion delay [min=0.9, max=2.3], skew [1.4 vs 25.8]
      Legalizer API calls during this step: 0 succeeded with high effort: 0 succeeded with medium effort: 0 succeeded with low effort: 0 succeeded with basic effort: 0 succeeded with basic unbounded effort: 0
    Improving fragments clock skew done. (took cpu=0:00:00.0 real=0:00:00.0)
    Legalizer API calls during this step: 0 succeeded with high effort: 0 succeeded with medium effort: 0 succeeded with low effort: 0 succeeded with basic effort: 0 succeeded with basic unbounded effort: 0
  AdjustingMinPinPIDs for balancing done. (took cpu=0:00:00.0 real=0:00:00.0)
  Approximately balancing step...
    Resolve constraints - Approximately balancing...
    Resolving skew group constraints...
      Solving LP: 1 skew groups; 2 fragments, 2 fraglets and 3 vertices; 12 variables and 27 constraints; tolerance 1
    Resolving skew group constraints done.
    Resolve constraints - Approximately balancing done. (took cpu=0:00:00.0 real=0:00:00.0)
    Approximately balancing...
      Approximately balancing, wire and cell delays...
      Approximately balancing, wire and cell delays, iteration 1...
        Clock DAG stats after Approximately balancing, wire and cell delays, iteration 1:
          cell counts      : b=0, i=0, icg=0, dcg=0, l=0, total=0
          sink counts      : regular=32, enable_latch=0, load_capacitance=0, antenna=0, node_sink=0, total=32
          misc counts      : r=1, pp=0, mci=0
          cell areas       : b=0.000um^2, i=0.000um^2, icg=0.000um^2, dcg=0.000um^2, l=0.000um^2, total=0.000um^2
          cell capacitance : b=0.000fF, i=0.000fF, icg=0.000fF, dcg=0.000fF, l=0.000fF, total=0.000fF
          sink capacitance : total=17.218fF, avg=0.538fF, sd=0.006fF, min=0.523fF, max=0.557fF
          wire capacitance : top=0.000fF, trunk=0.000fF, leaf=23.944fF, total=23.944fF
          wire lengths     : top=0.000um, trunk=0.000um, leaf=91.260um, total=91.260um
          hp wire lengths  : top=0.000um, trunk=0.000um, leaf=0.000um, total=0.000um
        Clock DAG net violations after Approximately balancing, wire and cell delays, iteration 1: none
        Clock DAG primary half-corner transition distribution after Approximately balancing, wire and cell delays, iteration 1:
          Leaf : target=50.0ps count=1 avg=6.4ps sd=0.0ps min=6.4ps max=6.4ps {1 <= 30.0ps, 0 <= 40.0ps, 0 <= 45.0ps, 0 <= 47.5ps, 0 <= 50.0ps}
      Approximately balancing, wire and cell delays, iteration 1 done.
      Approximately balancing, wire and cell delays done. (took cpu=0:00:00.0 real=0:00:00.0)
    Approximately balancing done.
    Clock DAG stats after 'Approximately balancing step':
      cell counts      : b=0, i=0, icg=0, dcg=0, l=0, total=0
      sink counts      : regular=32, enable_latch=0, load_capacitance=0, antenna=0, node_sink=0, total=32
      misc counts      : r=1, pp=0, mci=0
      cell areas       : b=0.000um^2, i=0.000um^2, icg=0.000um^2, dcg=0.000um^2, l=0.000um^2, total=0.000um^2
      cell capacitance : b=0.000fF, i=0.000fF, icg=0.000fF, dcg=0.000fF, l=0.000fF, total=0.000fF
      sink capacitance : total=17.218fF, avg=0.538fF, sd=0.006fF, min=0.523fF, max=0.557fF
      wire capacitance : top=0.000fF, trunk=0.000fF, leaf=23.944fF, total=23.944fF
      wire lengths     : top=0.000um, trunk=0.000um, leaf=91.260um, total=91.260um
      hp wire lengths  : top=0.000um, trunk=0.000um, leaf=0.000um, total=0.000um
    Clock DAG net violations after 'Approximately balancing step': none
    Clock DAG primary half-corner transition distribution after 'Approximately balancing step':
      Leaf : target=50.0ps count=1 avg=6.4ps sd=0.0ps min=6.4ps max=6.4ps {1 <= 30.0ps, 0 <= 40.0ps, 0 <= 45.0ps, 0 <= 47.5ps, 0 <= 50.0ps}
    Primary reporting skew groups after 'Approximately balancing step':
      skew_group CLK/constraint_typical: insertion delay [min=0.9, max=2.3], skew [1.4 vs 25.8]
    Skew group summary after 'Approximately balancing step':
      skew_group CLK/constraint_typical: insertion delay [min=0.9, max=2.3], skew [1.4 vs 25.8]
    Legalizer API calls during this step: 0 succeeded with high effort: 0 succeeded with medium effort: 0 succeeded with low effort: 0 succeeded with basic effort: 0 succeeded with basic unbounded effort: 0
  Approximately balancing step done. (took cpu=0:00:00.0 real=0:00:00.0)
  Fixing clock tree overload...
    Fixing clock tree overload: ...20% ...40% ...60% ...80% ...100% 
    Clock DAG stats after 'Fixing clock tree overload':
      cell counts      : b=0, i=0, icg=0, dcg=0, l=0, total=0
      sink counts      : regular=32, enable_latch=0, load_capacitance=0, antenna=0, node_sink=0, total=32
      misc counts      : r=1, pp=0, mci=0
      cell areas       : b=0.000um^2, i=0.000um^2, icg=0.000um^2, dcg=0.000um^2, l=0.000um^2, total=0.000um^2
      cell capacitance : b=0.000fF, i=0.000fF, icg=0.000fF, dcg=0.000fF, l=0.000fF, total=0.000fF
      sink capacitance : total=17.218fF, avg=0.538fF, sd=0.006fF, min=0.523fF, max=0.557fF
      wire capacitance : top=0.000fF, trunk=0.000fF, leaf=23.944fF, total=23.944fF
      wire lengths     : top=0.000um, trunk=0.000um, leaf=91.260um, total=91.260um
      hp wire lengths  : top=0.000um, trunk=0.000um, leaf=0.000um, total=0.000um
    Clock DAG net violations after 'Fixing clock tree overload': none
    Clock DAG primary half-corner transition distribution after 'Fixing clock tree overload':
      Leaf : target=50.0ps count=1 avg=6.4ps sd=0.0ps min=6.4ps max=6.4ps {1 <= 30.0ps, 0 <= 40.0ps, 0 <= 45.0ps, 0 <= 47.5ps, 0 <= 50.0ps}
    Primary reporting skew groups after 'Fixing clock tree overload':
      skew_group CLK/constraint_typical: insertion delay [min=0.9, max=2.3], skew [1.4 vs 25.8]
    Skew group summary after 'Fixing clock tree overload':
      skew_group CLK/constraint_typical: insertion delay [min=0.9, max=2.3], skew [1.4 vs 25.8]
    Legalizer API calls during this step: 0 succeeded with high effort: 0 succeeded with medium effort: 0 succeeded with low effort: 0 succeeded with basic effort: 0 succeeded with basic unbounded effort: 0
  Fixing clock tree overload done. (took cpu=0:00:00.0 real=0:00:00.0)
  Approximately balancing paths...
    Added 0 buffers.
    Clock DAG stats after 'Approximately balancing paths':
      cell counts      : b=0, i=0, icg=0, dcg=0, l=0, total=0
      sink counts      : regular=32, enable_latch=0, load_capacitance=0, antenna=0, node_sink=0, total=32
      misc counts      : r=1, pp=0, mci=0
      cell areas       : b=0.000um^2, i=0.000um^2, icg=0.000um^2, dcg=0.000um^2, l=0.000um^2, total=0.000um^2
      cell capacitance : b=0.000fF, i=0.000fF, icg=0.000fF, dcg=0.000fF, l=0.000fF, total=0.000fF
      sink capacitance : total=17.218fF, avg=0.538fF, sd=0.006fF, min=0.523fF, max=0.557fF
      wire capacitance : top=0.000fF, trunk=0.000fF, leaf=23.944fF, total=23.944fF
      wire lengths     : top=0.000um, trunk=0.000um, leaf=91.260um, total=91.260um
      hp wire lengths  : top=0.000um, trunk=0.000um, leaf=0.000um, total=0.000um
    Clock DAG net violations after 'Approximately balancing paths': none
    Clock DAG primary half-corner transition distribution after 'Approximately balancing paths':
      Leaf : target=50.0ps count=1 avg=6.4ps sd=0.0ps min=6.4ps max=6.4ps {1 <= 30.0ps, 0 <= 40.0ps, 0 <= 45.0ps, 0 <= 47.5ps, 0 <= 50.0ps}
    Primary reporting skew groups after 'Approximately balancing paths':
      skew_group CLK/constraint_typical: insertion delay [min=0.9, max=2.3, avg=2.1, sd=0.3, skn=-2.558, kur=5.989], skew [1.4 vs 25.8], 100% {0.9, 2.3} (wid=2.3 ws=1.4) (gid=0.0 gs=0.0)
    Skew group summary after 'Approximately balancing paths':
      skew_group CLK/constraint_typical: insertion delay [min=0.9, max=2.3, avg=2.1, sd=0.3, skn=-2.558, kur=5.989], skew [1.4 vs 25.8], 100% {0.9, 2.3} (wid=2.3 ws=1.4) (gid=0.0 gs=0.0)
    Legalizer API calls during this step: 0 succeeded with high effort: 0 succeeded with medium effort: 0 succeeded with low effort: 0 succeeded with basic effort: 0 succeeded with basic unbounded effort: 0
  Approximately balancing paths done. (took cpu=0:00:00.0 real=0:00:00.0)
  Stage::Balancing done. (took cpu=0:00:00.0 real=0:00:00.1)
  Stage::Polishing...
  Clock tree timing engine global stage delay update for delay_corner_typical:both.late...
  Clock tree timing engine global stage delay update for delay_corner_typical:both.late done. (took cpu=0:00:00.0 real=0:00:00.0)
  Clock DAG stats before polishing:
    cell counts      : b=0, i=0, icg=0, dcg=0, l=0, total=0
    sink counts      : regular=32, enable_latch=0, load_capacitance=0, antenna=0, node_sink=0, total=32
    misc counts      : r=1, pp=0, mci=0
    cell areas       : b=0.000um^2, i=0.000um^2, icg=0.000um^2, dcg=0.000um^2, l=0.000um^2, total=0.000um^2
    cell capacitance : b=0.000fF, i=0.000fF, icg=0.000fF, dcg=0.000fF, l=0.000fF, total=0.000fF
    sink capacitance : total=17.218fF, avg=0.538fF, sd=0.006fF, min=0.523fF, max=0.557fF
    wire capacitance : top=0.000fF, trunk=0.000fF, leaf=23.944fF, total=23.944fF
    wire lengths     : top=0.000um, trunk=0.000um, leaf=91.260um, total=91.260um
    hp wire lengths  : top=0.000um, trunk=0.000um, leaf=0.000um, total=0.000um
  Clock DAG net violations before polishing: none
  Clock DAG primary half-corner transition distribution before polishing:
    Leaf : target=50.0ps count=1 avg=6.4ps sd=0.0ps min=6.4ps max=6.4ps {1 <= 30.0ps, 0 <= 40.0ps, 0 <= 45.0ps, 0 <= 47.5ps, 0 <= 50.0ps}
  Primary reporting skew groups before polishing:
    skew_group CLK/constraint_typical: insertion delay [min=0.9, max=2.3], skew [1.4 vs 25.8]
  Skew group summary before polishing:
    skew_group CLK/constraint_typical: insertion delay [min=0.9, max=2.3], skew [1.4 vs 25.8]
  Merging balancing drivers for power...
    Tried: 2 Succeeded: 0
    Clock DAG stats after 'Merging balancing drivers for power':
      cell counts      : b=0, i=0, icg=0, dcg=0, l=0, total=0
      sink counts      : regular=32, enable_latch=0, load_capacitance=0, antenna=0, node_sink=0, total=32
      misc counts      : r=1, pp=0, mci=0
      cell areas       : b=0.000um^2, i=0.000um^2, icg=0.000um^2, dcg=0.000um^2, l=0.000um^2, total=0.000um^2
      cell capacitance : b=0.000fF, i=0.000fF, icg=0.000fF, dcg=0.000fF, l=0.000fF, total=0.000fF
      sink capacitance : total=17.218fF, avg=0.538fF, sd=0.006fF, min=0.523fF, max=0.557fF
      wire capacitance : top=0.000fF, trunk=0.000fF, leaf=23.944fF, total=23.944fF
      wire lengths     : top=0.000um, trunk=0.000um, leaf=91.260um, total=91.260um
      hp wire lengths  : top=0.000um, trunk=0.000um, leaf=0.000um, total=0.000um
    Clock DAG net violations after 'Merging balancing drivers for power': none
    Clock DAG primary half-corner transition distribution after 'Merging balancing drivers for power':
      Leaf : target=50.0ps count=1 avg=6.4ps sd=0.0ps min=6.4ps max=6.4ps {1 <= 30.0ps, 0 <= 40.0ps, 0 <= 45.0ps, 0 <= 47.5ps, 0 <= 50.0ps}
    Primary reporting skew groups after 'Merging balancing drivers for power':
      skew_group CLK/constraint_typical: insertion delay [min=0.9, max=2.3], skew [1.4 vs 25.8]
    Skew group summary after 'Merging balancing drivers for power':
      skew_group CLK/constraint_typical: insertion delay [min=0.9, max=2.3], skew [1.4 vs 25.8]
    Legalizer API calls during this step: 0 succeeded with high effort: 0 succeeded with medium effort: 0 succeeded with low effort: 0 succeeded with basic effort: 0 succeeded with basic unbounded effort: 0
  Merging balancing drivers for power done. (took cpu=0:00:00.0 real=0:00:00.0)
  Improving clock skew...
    Clock DAG stats after 'Improving clock skew':
      cell counts      : b=0, i=0, icg=0, dcg=0, l=0, total=0
      sink counts      : regular=32, enable_latch=0, load_capacitance=0, antenna=0, node_sink=0, total=32
      misc counts      : r=1, pp=0, mci=0
      cell areas       : b=0.000um^2, i=0.000um^2, icg=0.000um^2, dcg=0.000um^2, l=0.000um^2, total=0.000um^2
      cell capacitance : b=0.000fF, i=0.000fF, icg=0.000fF, dcg=0.000fF, l=0.000fF, total=0.000fF
      sink capacitance : total=17.218fF, avg=0.538fF, sd=0.006fF, min=0.523fF, max=0.557fF
      wire capacitance : top=0.000fF, trunk=0.000fF, leaf=23.944fF, total=23.944fF
      wire lengths     : top=0.000um, trunk=0.000um, leaf=91.260um, total=91.260um
      hp wire lengths  : top=0.000um, trunk=0.000um, leaf=0.000um, total=0.000um
    Clock DAG net violations after 'Improving clock skew': none
    Clock DAG primary half-corner transition distribution after 'Improving clock skew':
      Leaf : target=50.0ps count=1 avg=6.4ps sd=0.0ps min=6.4ps max=6.4ps {1 <= 30.0ps, 0 <= 40.0ps, 0 <= 45.0ps, 0 <= 47.5ps, 0 <= 50.0ps}
    Primary reporting skew groups after 'Improving clock skew':
      skew_group CLK/constraint_typical: insertion delay [min=0.9, max=2.3, avg=2.1, sd=0.3, skn=-2.558, kur=5.989], skew [1.4 vs 25.8], 100% {0.9, 2.3} (wid=2.3 ws=1.4) (gid=0.0 gs=0.0)
    Skew group summary after 'Improving clock skew':
      skew_group CLK/constraint_typical: insertion delay [min=0.9, max=2.3, avg=2.1, sd=0.3, skn=-2.558, kur=5.989], skew [1.4 vs 25.8], 100% {0.9, 2.3} (wid=2.3 ws=1.4) (gid=0.0 gs=0.0)
    Legalizer API calls during this step: 0 succeeded with high effort: 0 succeeded with medium effort: 0 succeeded with low effort: 0 succeeded with basic effort: 0 succeeded with basic unbounded effort: 0
  Improving clock skew done. (took cpu=0:00:00.0 real=0:00:00.0)
  Moving gates to reduce wire capacitance...
    Modified slew target multipliers. Leaf=(1 to 0.9) Trunk=(1 to 0.95) Top=(1 to 0.95)
    Iteration 1...
      Artificially removing short and long paths...
        Legalizer API calls during this step: 0 succeeded with high effort: 0 succeeded with medium effort: 0 succeeded with low effort: 0 succeeded with basic effort: 0 succeeded with basic unbounded effort: 0
      Artificially removing short and long paths done. (took cpu=0:00:00.0 real=0:00:00.0)
      Moving gates to reduce wire capacitance - iteration 1: WireCapReduction...
        Legalizing clock trees...
        Legalizing clock trees done. (took cpu=0:00:00.0 real=0:00:00.0)
        Legalizer API calls during this step: 0 succeeded with high effort: 0 succeeded with medium effort: 0 succeeded with low effort: 0 succeeded with basic effort: 0 succeeded with basic unbounded effort: 0
      Moving gates to reduce wire capacitance - iteration 1: WireCapReduction done. (took cpu=0:00:00.0 real=0:00:00.0)
      Moving gates to reduce wire capacitance - iteration 1: MoveGates...
        Moving gates: 
        ...20% ...40% ...60% ...80% ...Legalizing clock trees...
        Legalizing clock trees done. (took cpu=0:00:00.0 real=0:00:00.0)
        100% 
        Legalizer API calls during this step: 0 succeeded with high effort: 0 succeeded with medium effort: 0 succeeded with low effort: 0 succeeded with basic effort: 0 succeeded with basic unbounded effort: 0
      Moving gates to reduce wire capacitance - iteration 1: MoveGates done. (took cpu=0:00:00.0 real=0:00:00.0)
    Iteration 1 done.
    Reverted slew target multipliers. Leaf=(0.9 to 1) Trunk=(0.95 to 1) Top=(0.95 to 1)
    Clock DAG stats after 'Moving gates to reduce wire capacitance':
      cell counts      : b=0, i=0, icg=0, dcg=0, l=0, total=0
      sink counts      : regular=32, enable_latch=0, load_capacitance=0, antenna=0, node_sink=0, total=32
      misc counts      : r=1, pp=0, mci=0
      cell areas       : b=0.000um^2, i=0.000um^2, icg=0.000um^2, dcg=0.000um^2, l=0.000um^2, total=0.000um^2
      cell capacitance : b=0.000fF, i=0.000fF, icg=0.000fF, dcg=0.000fF, l=0.000fF, total=0.000fF
      sink capacitance : total=17.218fF, avg=0.538fF, sd=0.006fF, min=0.523fF, max=0.557fF
      wire capacitance : top=0.000fF, trunk=0.000fF, leaf=23.944fF, total=23.944fF
      wire lengths     : top=0.000um, trunk=0.000um, leaf=91.260um, total=91.260um
      hp wire lengths  : top=0.000um, trunk=0.000um, leaf=0.000um, total=0.000um
    Clock DAG net violations after 'Moving gates to reduce wire capacitance': none
    Clock DAG primary half-corner transition distribution after 'Moving gates to reduce wire capacitance':
      Leaf : target=50.0ps count=1 avg=6.4ps sd=0.0ps min=6.4ps max=6.4ps {1 <= 30.0ps, 0 <= 40.0ps, 0 <= 45.0ps, 0 <= 47.5ps, 0 <= 50.0ps}
    Primary reporting skew groups after 'Moving gates to reduce wire capacitance':
      skew_group CLK/constraint_typical: insertion delay [min=0.9, max=2.3, avg=2.1, sd=0.3, skn=-2.558, kur=5.989], skew [1.4 vs 25.8], 100% {0.9, 2.3} (wid=2.3 ws=1.4) (gid=0.0 gs=0.0)
    Skew group summary after 'Moving gates to reduce wire capacitance':
      skew_group CLK/constraint_typical: insertion delay [min=0.9, max=2.3, avg=2.1, sd=0.3, skn=-2.558, kur=5.989], skew [1.4 vs 25.8], 100% {0.9, 2.3} (wid=2.3 ws=1.4) (gid=0.0 gs=0.0)
    Legalizer API calls during this step: 0 succeeded with high effort: 0 succeeded with medium effort: 0 succeeded with low effort: 0 succeeded with basic effort: 0 succeeded with basic unbounded effort: 0
  Moving gates to reduce wire capacitance done. (took cpu=0:00:00.0 real=0:00:00.0)
  Reducing clock tree power 3...
    Artificially removing short and long paths...
      Legalizer API calls during this step: 0 succeeded with high effort: 0 succeeded with medium effort: 0 succeeded with low effort: 0 succeeded with basic effort: 0 succeeded with basic unbounded effort: 0
    Artificially removing short and long paths done. (took cpu=0:00:00.0 real=0:00:00.0)
    Initial gate capacitance is (rise=17.166fF fall=17.218fF).
    Resizing gates: 
    ...20% ...40% ...60% ...80% ...Legalizing clock trees...
    Legalizing clock trees done. (took cpu=0:00:00.0 real=0:00:00.0)
    100% 
    Clock DAG stats after 'Reducing clock tree power 3':
      cell counts      : b=0, i=0, icg=0, dcg=0, l=0, total=0
      sink counts      : regular=32, enable_latch=0, load_capacitance=0, antenna=0, node_sink=0, total=32
      misc counts      : r=1, pp=0, mci=0
      cell areas       : b=0.000um^2, i=0.000um^2, icg=0.000um^2, dcg=0.000um^2, l=0.000um^2, total=0.000um^2
      cell capacitance : b=0.000fF, i=0.000fF, icg=0.000fF, dcg=0.000fF, l=0.000fF, total=0.000fF
      sink capacitance : total=17.218fF, avg=0.538fF, sd=0.006fF, min=0.523fF, max=0.557fF
      wire capacitance : top=0.000fF, trunk=0.000fF, leaf=23.944fF, total=23.944fF
      wire lengths     : top=0.000um, trunk=0.000um, leaf=91.260um, total=91.260um
      hp wire lengths  : top=0.000um, trunk=0.000um, leaf=0.000um, total=0.000um
    Clock DAG net violations after 'Reducing clock tree power 3': none
    Clock DAG primary half-corner transition distribution after 'Reducing clock tree power 3':
      Leaf : target=50.0ps count=1 avg=6.4ps sd=0.0ps min=6.4ps max=6.4ps {1 <= 30.0ps, 0 <= 40.0ps, 0 <= 45.0ps, 0 <= 47.5ps, 0 <= 50.0ps}
    Primary reporting skew groups after 'Reducing clock tree power 3':
      skew_group CLK/constraint_typical: insertion delay [min=0.9, max=2.3, avg=2.1, sd=0.3, skn=-2.558, kur=5.989], skew [1.4 vs 25.8], 100% {0.9, 2.3} (wid=2.3 ws=1.4) (gid=0.0 gs=0.0)
    Skew group summary after 'Reducing clock tree power 3':
      skew_group CLK/constraint_typical: insertion delay [min=0.9, max=2.3, avg=2.1, sd=0.3, skn=-2.558, kur=5.989], skew [1.4 vs 25.8], 100% {0.9, 2.3} (wid=2.3 ws=1.4) (gid=0.0 gs=0.0)
    Legalizer API calls during this step: 0 succeeded with high effort: 0 succeeded with medium effort: 0 succeeded with low effort: 0 succeeded with basic effort: 0 succeeded with basic unbounded effort: 0
  Reducing clock tree power 3 done. (took cpu=0:00:00.0 real=0:00:00.0)
  Improving insertion delay...
    Clock DAG stats after 'Improving insertion delay':
      cell counts      : b=0, i=0, icg=0, dcg=0, l=0, total=0
      sink counts      : regular=32, enable_latch=0, load_capacitance=0, antenna=0, node_sink=0, total=32
      misc counts      : r=1, pp=0, mci=0
      cell areas       : b=0.000um^2, i=0.000um^2, icg=0.000um^2, dcg=0.000um^2, l=0.000um^2, total=0.000um^2
      cell capacitance : b=0.000fF, i=0.000fF, icg=0.000fF, dcg=0.000fF, l=0.000fF, total=0.000fF
      sink capacitance : total=17.218fF, avg=0.538fF, sd=0.006fF, min=0.523fF, max=0.557fF
      wire capacitance : top=0.000fF, trunk=0.000fF, leaf=23.944fF, total=23.944fF
      wire lengths     : top=0.000um, trunk=0.000um, leaf=91.260um, total=91.260um
      hp wire lengths  : top=0.000um, trunk=0.000um, leaf=0.000um, total=0.000um
    Clock DAG net violations after 'Improving insertion delay': none
    Clock DAG primary half-corner transition distribution after 'Improving insertion delay':
      Leaf : target=50.0ps count=1 avg=6.4ps sd=0.0ps min=6.4ps max=6.4ps {1 <= 30.0ps, 0 <= 40.0ps, 0 <= 45.0ps, 0 <= 47.5ps, 0 <= 50.0ps}
    Primary reporting skew groups after 'Improving insertion delay':
      skew_group CLK/constraint_typical: insertion delay [min=0.9, max=2.3, avg=2.1, sd=0.3, skn=-2.558, kur=5.989], skew [1.4 vs 25.8], 100% {0.9, 2.3} (wid=2.3 ws=1.4) (gid=0.0 gs=0.0)
    Skew group summary after 'Improving insertion delay':
      skew_group CLK/constraint_typical: insertion delay [min=0.9, max=2.3, avg=2.1, sd=0.3, skn=-2.558, kur=5.989], skew [1.4 vs 25.8], 100% {0.9, 2.3} (wid=2.3 ws=1.4) (gid=0.0 gs=0.0)
    Legalizer API calls during this step: 0 succeeded with high effort: 0 succeeded with medium effort: 0 succeeded with low effort: 0 succeeded with basic effort: 0 succeeded with basic unbounded effort: 0
  Improving insertion delay done. (took cpu=0:00:00.0 real=0:00:00.0)
  Wire Opt OverFix...
    Wire Reduction extra effort...
      Modified slew target multipliers. Leaf=(1 to 0.95) Trunk=(1 to 1) Top=(1 to 1)
      Artificially removing short and long paths...
        Legalizer API calls during this step: 0 succeeded with high effort: 0 succeeded with medium effort: 0 succeeded with low effort: 0 succeeded with basic effort: 0 succeeded with basic unbounded effort: 0
      Artificially removing short and long paths done. (took cpu=0:00:00.0 real=0:00:00.0)
      Global shorten wires A0...
        Legalizer API calls during this step: 0 succeeded with high effort: 0 succeeded with medium effort: 0 succeeded with low effort: 0 succeeded with basic effort: 0 succeeded with basic unbounded effort: 0
      Global shorten wires A0 done. (took cpu=0:00:00.0 real=0:00:00.0)
      Move For Wirelength - core...
        Move for wirelength. considered=1, filtered=0, permitted=0, cannotCompute=0, computed=0, moveTooSmall=0, resolved=0, predictFail=0, currentlyIllegal=0, legalizationFail=0, legalizedMoveTooSmall=0, ignoredLeafDriver=0, worse=0, accepted=0
        Max accepted move=0.000um, total accepted move=0.000um
        Legalizer API calls during this step: 0 succeeded with high effort: 0 succeeded with medium effort: 0 succeeded with low effort: 0 succeeded with basic effort: 0 succeeded with basic unbounded effort: 0
      Move For Wirelength - core done. (took cpu=0:00:00.0 real=0:00:00.0)
      Global shorten wires A1...
        Legalizer API calls during this step: 0 succeeded with high effort: 0 succeeded with medium effort: 0 succeeded with low effort: 0 succeeded with basic effort: 0 succeeded with basic unbounded effort: 0
      Global shorten wires A1 done. (took cpu=0:00:00.0 real=0:00:00.0)
      Move For Wirelength - core...
        Move for wirelength. considered=1, filtered=0, permitted=0, cannotCompute=0, computed=0, moveTooSmall=0, resolved=0, predictFail=0, currentlyIllegal=0, legalizationFail=0, legalizedMoveTooSmall=0, ignoredLeafDriver=0, worse=0, accepted=0
        Max accepted move=0.000um, total accepted move=0.000um
        Legalizer API calls during this step: 0 succeeded with high effort: 0 succeeded with medium effort: 0 succeeded with low effort: 0 succeeded with basic effort: 0 succeeded with basic unbounded effort: 0
      Move For Wirelength - core done. (took cpu=0:00:00.0 real=0:00:00.0)
      Global shorten wires B...
        Legalizer API calls during this step: 0 succeeded with high effort: 0 succeeded with medium effort: 0 succeeded with low effort: 0 succeeded with basic effort: 0 succeeded with basic unbounded effort: 0
      Global shorten wires B done. (took cpu=0:00:00.0 real=0:00:00.0)
      Move For Wirelength - branch...
        Move for wirelength. considered=1, filtered=0, permitted=0, cannotCompute=0, computed=0, moveTooSmall=0, resolved=0, predictFail=0, currentlyIllegal=0, legalizationFail=0, legalizedMoveTooSmall=0, ignoredLeafDriver=0, worse=0, accepted=0
        Max accepted move=0.000um, total accepted move=0.000um
        Legalizer API calls during this step: 0 succeeded with high effort: 0 succeeded with medium effort: 0 succeeded with low effort: 0 succeeded with basic effort: 0 succeeded with basic unbounded effort: 0
      Move For Wirelength - branch done. (took cpu=0:00:00.0 real=0:00:00.0)
      Reverted slew target multipliers. Leaf=(0.95 to 1) Trunk=(1 to 1) Top=(1 to 1)
      Clock DAG stats after 'Wire Reduction extra effort':
        cell counts      : b=0, i=0, icg=0, dcg=0, l=0, total=0
        sink counts      : regular=32, enable_latch=0, load_capacitance=0, antenna=0, node_sink=0, total=32
        misc counts      : r=1, pp=0, mci=0
        cell areas       : b=0.000um^2, i=0.000um^2, icg=0.000um^2, dcg=0.000um^2, l=0.000um^2, total=0.000um^2
        cell capacitance : b=0.000fF, i=0.000fF, icg=0.000fF, dcg=0.000fF, l=0.000fF, total=0.000fF
        sink capacitance : total=17.218fF, avg=0.538fF, sd=0.006fF, min=0.523fF, max=0.557fF
        wire capacitance : top=0.000fF, trunk=0.000fF, leaf=23.944fF, total=23.944fF
        wire lengths     : top=0.000um, trunk=0.000um, leaf=91.260um, total=91.260um
        hp wire lengths  : top=0.000um, trunk=0.000um, leaf=0.000um, total=0.000um
      Clock DAG net violations after 'Wire Reduction extra effort': none
      Clock DAG primary half-corner transition distribution after 'Wire Reduction extra effort':
        Leaf : target=50.0ps count=1 avg=6.4ps sd=0.0ps min=6.4ps max=6.4ps {1 <= 30.0ps, 0 <= 40.0ps, 0 <= 45.0ps, 0 <= 47.5ps, 0 <= 50.0ps}
      Primary reporting skew groups after 'Wire Reduction extra effort':
        skew_group CLK/constraint_typical: insertion delay [min=0.9, max=2.3, avg=2.1, sd=0.3, skn=-2.558, kur=5.989], skew [1.4 vs 25.8], 100% {0.9, 2.3} (wid=2.3 ws=1.4) (gid=0.0 gs=0.0)
      Skew group summary after 'Wire Reduction extra effort':
        skew_group CLK/constraint_typical: insertion delay [min=0.9, max=2.3, avg=2.1, sd=0.3, skn=-2.558, kur=5.989], skew [1.4 vs 25.8], 100% {0.9, 2.3} (wid=2.3 ws=1.4) (gid=0.0 gs=0.0)
      Legalizer API calls during this step: 0 succeeded with high effort: 0 succeeded with medium effort: 0 succeeded with low effort: 0 succeeded with basic effort: 0 succeeded with basic unbounded effort: 0
    Wire Reduction extra effort done. (took cpu=0:00:00.0 real=0:00:00.0)
    Optimizing orientation...
    FlipOpt...
    Disconnecting clock tree from netlist...
    Disconnecting clock tree from netlist done.
    Orientation Wirelength Optimization: Attempted = 0 , Succeeded = 0 , Constraints Broken = 0 , CannotMove = 0 , Illegal = 0 , Other = 0
    Resynthesising clock tree into netlist...
      Reset timing graph...
Ignoring AAE DB Resetting ...
      Reset timing graph done.
    Resynthesising clock tree into netlist done.
    FlipOpt done. (took cpu=0:00:00.0 real=0:00:00.0)
    Optimizing orientation done. (took cpu=0:00:00.0 real=0:00:00.0)
    Clock DAG stats after 'Wire Opt OverFix':
      cell counts      : b=0, i=0, icg=0, dcg=0, l=0, total=0
      sink counts      : regular=32, enable_latch=0, load_capacitance=0, antenna=0, node_sink=0, total=32
      misc counts      : r=1, pp=0, mci=0
      cell areas       : b=0.000um^2, i=0.000um^2, icg=0.000um^2, dcg=0.000um^2, l=0.000um^2, total=0.000um^2
      cell capacitance : b=0.000fF, i=0.000fF, icg=0.000fF, dcg=0.000fF, l=0.000fF, total=0.000fF
      sink capacitance : total=17.218fF, avg=0.538fF, sd=0.006fF, min=0.523fF, max=0.557fF
      wire capacitance : top=0.000fF, trunk=0.000fF, leaf=23.805fF, total=23.805fF
      wire lengths     : top=0.000um, trunk=0.000um, leaf=92.568um, total=92.568um
      hp wire lengths  : top=0.000um, trunk=0.000um, leaf=0.000um, total=0.000um
    Clock DAG net violations after 'Wire Opt OverFix': none
    Clock DAG primary half-corner transition distribution after 'Wire Opt OverFix':
      Leaf : target=50.0ps count=1 avg=6.4ps sd=0.0ps min=6.4ps max=6.4ps {1 <= 30.0ps, 0 <= 40.0ps, 0 <= 45.0ps, 0 <= 47.5ps, 0 <= 50.0ps}
    Primary reporting skew groups after 'Wire Opt OverFix':
      skew_group CLK/constraint_typical: insertion delay [min=1.1, max=2.3, avg=2.1, sd=0.3, skn=-2.437, kur=4.945], skew [1.2 vs 25.8], 100% {1.1, 2.3} (wid=2.3 ws=1.2) (gid=0.0 gs=0.0)
    Skew group summary after 'Wire Opt OverFix':
      skew_group CLK/constraint_typical: insertion delay [min=1.1, max=2.3, avg=2.1, sd=0.3, skn=-2.437, kur=4.945], skew [1.2 vs 25.8], 100% {1.1, 2.3} (wid=2.3 ws=1.2) (gid=0.0 gs=0.0)
    Legalizer API calls during this step: 0 succeeded with high effort: 0 succeeded with medium effort: 0 succeeded with low effort: 0 succeeded with basic effort: 0 succeeded with basic unbounded effort: 0
  Wire Opt OverFix done. (took cpu=0:00:00.0 real=0:00:00.0)
  Total capacitance is (rise=40.971fF fall=41.023fF), of which (rise=23.805fF fall=23.805fF) is wire, and (rise=17.166fF fall=17.218fF) is gate.
  Stage::Polishing done. (took cpu=0:00:00.0 real=0:00:00.1)
  Stage::Updating netlist...
  Reset timing graph...
Ignoring AAE DB Resetting ...
  Reset timing graph done.
  Setting non-default rules before calling refine place.
  Leaving CCOpt scope - Cleaning up placement interface...
  Leaving CCOpt scope - Cleaning up placement interface done. (took cpu=0:00:00.0 real=0:00:00.0)
  Leaving CCOpt scope - ClockRefiner...
  Soft fixed 0 clock instances.
  Performing Clock Only Refine Place.
*** Starting refinePlace (0:05:22 mem=2899.4M) ***
Total net bbox length = 3.470e+03 (2.160e+03 1.310e+03) (ext = 2.474e+03)
Max route layer is changed from 127 to 10 because there is no routing track above this layer
Max route layer is changed from 127 to 10 because there is no routing track above this layer
Max route layer is changed from 127 to 10 because there is no routing track above this layer
Max route layer is changed from 127 to 10 because there is no routing track above this layer
Move report: Detail placement moves 0 insts, mean move: 0.00 um, max move: 0.00 um 
	Runtime: CPU: 0:00:00.0 REAL: 0:00:00.0 MEM: 2875.4MB
Summary Report:
Instances move: 0 (out of 195 movable)
Instances flipped: 0
Mean displacement: 0.00 um
Max displacement: 0.00 um 
Total net bbox length = 3.470e+03 (2.160e+03 1.310e+03) (ext = 2.474e+03)
Runtime: CPU: 0:00:00.0 REAL: 0:00:00.0 MEM: 2875.4MB
*** Finished refinePlace (0:05:22 mem=2875.4M) ***
  ClockRefiner summary
  All clock instances: Moved 0, flipped 0 and cell swapped 0 (out of a total of 32).
  Restoring pStatusCts on 0 clock instances.
  Leaving CCOpt scope - ClockRefiner done. (took cpu=0:00:00.0 real=0:00:00.2)
  Stage::Updating netlist done. (took cpu=0:00:00.1 real=0:00:00.2)
  CCOpt::Phase::Implementation done. (took cpu=0:00:00.1 real=0:00:00.4)
  CCOpt::Phase::eGRPC...
  eGR Post Conditioning...
    Clock implementation routing...
      Leaving CCOpt scope - Routing Tools...
Net route status summary:
  Clock:         1 (unrouted=0, trialRouted=0, noStatus=0, routed=1, fixed=0, [crossesIlmBoundary=0, tooFewTerms=0, (crossesIlmBoundary AND tooFewTerms=0)])
  Non-clock:   285 (unrouted=26, trialRouted=259, noStatus=0, routed=0, fixed=0, [crossesIlmBoundary=0, tooFewTerms=26, (crossesIlmBoundary AND tooFewTerms=0)])
      Routing using eGR only...
        Early Global Route - eGR only step...
(ccopt eGR): There are 1 nets to be routed. 0 nets have skip routing designation.
(ccopt eGR): There are 1 nets for routing of which 1 have one or more fixed wires.
(ccopt eGR): Start to route 1 all nets
Max route layer is changed from 127 to 10 because there is no routing track above this layer
Max route layer is changed from 127 to 10 because there is no routing track above this layer
[PSP]    Started Early Global Route kernel ( Curr Mem: 2.75 MB )
**WARN: (IMPPSP-1321):	Removed 1 out of boundary tracks from layer 2
**WARN: (IMPPSP-1321):	Removed 1 out of boundary tracks from layer 2
**WARN: (EMS-27):	Message (IMPPSP-1321) has exceeded the current message display limit of 20.
To increase the message display limit, refer to the product command reference manual.
[NR-eGR] Early global route reroute 1 out of 260 routable nets
[NR-eGR] Track table information for default rule: 
[NR-eGR] M1 has single uniform track structure
[NR-eGR] M2 has non-uniform track structures
[NR-eGR] M3 has single uniform track structure
[NR-eGR] M4 has single uniform track structure
[NR-eGR] M5 has single uniform track structure
[NR-eGR] M6 has single uniform track structure
[NR-eGR] M7 has single uniform track structure
[NR-eGR] M8 has single uniform track structure
[NR-eGR] M9 has single uniform track structure
[NR-eGR] Pad has single uniform track structure
[NR-eGR] Read 16 PG shapes
[NR-eGR] Read 0 clock shapes
[NR-eGR] Read 0 other shapes
[NR-eGR] #Routing Blockages  : 0
[NR-eGR] #Bump Blockages     : 0
[NR-eGR] #Instance Blockages : 192
[NR-eGR] #PG Blockages       : 16
[NR-eGR] #Halo Blockages     : 0
[NR-eGR] #Boundary Blockages : 0
[NR-eGR] #Clock Blockages    : 0
[NR-eGR] #Other Blockages    : 0
[NR-eGR] Num Prerouted Nets = 0  Num Prerouted Wires = 0
[NR-eGR] Read 260 nets ( ignored 259 )
[NR-eGR] Connected 0 must-join pins/ports (pre-process)
[NR-eGR] #via pillars        : 0
[NR-eGR] #must join all port : 0
[NR-eGR] #multiple ports     : 0
[NR-eGR] #has must join      : 0
[NR-eGR] There are 1 clock nets ( 0 with NDR ).
[NR-eGR] ============ Routing rule table ============
[NR-eGR] Rule id: 0  Rule name: (Default)  Nets: 1
[NR-eGR] ========================================
[NR-eGR] 
[NR-eGR] Layer group 1: route 1 net(s) in layer range [2, 3]
[NR-eGR] Early Global Route overflow of layer group 1: 0.00% H + 0.00% V. EstWL: 8.748000e+01um
[NR-eGR] Congestion Analysis By layer: (blocked Gcells are excluded) 
[NR-eGR]                        OverCon            
[NR-eGR]                         #Gcell     %Gcell
[NR-eGR]        Layer             (1-0)    OverCon
[NR-eGR] ----------------------------------------------
[NR-eGR]      M1 ( 1)         0( 0.00%)   ( 0.00%) 
[NR-eGR]      M2 ( 2)         0( 0.00%)   ( 0.00%) 
[NR-eGR]      M3 ( 3)         0( 0.00%)   ( 0.00%) 
[NR-eGR]      M4 ( 4)         0( 0.00%)   ( 0.00%) 
[NR-eGR]      M5 ( 5)         0( 0.00%)   ( 0.00%) 
[NR-eGR]      M6 ( 6)         0( 0.00%)   ( 0.00%) 
[NR-eGR]      M7 ( 7)         0( 0.00%)   ( 0.00%) 
[NR-eGR]      M8 ( 8)         0( 0.00%)   ( 0.00%) 
[NR-eGR]      M9 ( 9)         0( 0.00%)   ( 0.00%) 
[NR-eGR]     Pad (10)         0( 0.00%)   ( 0.00%) 
[NR-eGR] ----------------------------------------------
[NR-eGR]        Total         0( 0.00%)   ( 0.00%) 
[NR-eGR] 
[NR-eGR] Overflow after Early Global Route 0.00% H + 0.00% V
[NR-eGR] Connected 0 must-join pins/ports (post-process)
[NR-eGR] Total eGR-routed clock nets wire length: 93um, number of vias: 79
[NR-eGR] --------------------------------------------------------------------------
[NR-eGR] Report for selected net(s) only.
[NR-eGR]              Length (um)  Vias 
[NR-eGR] -------------------------------
[NR-eGR]  M1   (1V)             0    32 
[NR-eGR]  M2   (2H)            34    46 
[NR-eGR]  M3   (3V)            59     1 
[NR-eGR]  M4   (4H)             0     0 
[NR-eGR]  M5   (5V)             0     0 
[NR-eGR]  M6   (6H)             0     0 
[NR-eGR]  M7   (7V)             0     0 
[NR-eGR]  M8   (8H)             0     0 
[NR-eGR]  M9   (9V)             0     0 
[NR-eGR]  Pad  (10H)            0     0 
[NR-eGR] -------------------------------
[NR-eGR]       Total           93    79 
[NR-eGR] --------------------------------------------------------------------------
[NR-eGR] Total half perimeter of net bounding box: 50um
[NR-eGR] Total length: 93um, number of vias: 79
[NR-eGR] --------------------------------------------------------------------------
[NR-eGR] Total routed clock nets wire length: 93um, number of vias: 79
[NR-eGR] --------------------------------------------------------------------------
[NR-eGR]              Length (um)  Vias 
[NR-eGR] -------------------------------
[NR-eGR]  M1   (1V)             0   572 
[NR-eGR]  M2   (2H)          1434   958 
[NR-eGR]  M3   (3V)          1221   184 
[NR-eGR]  M4   (4H)           740    20 
[NR-eGR]  M5   (5V)           176    12 
[NR-eGR]  M6   (6H)            31     2 
[NR-eGR]  M7   (7V)             0     2 
[NR-eGR]  M8   (8H)             9     2 
[NR-eGR]  M9   (9V)            11     0 
[NR-eGR]  Pad  (10H)            0     0 
[NR-eGR] -------------------------------
[NR-eGR]       Total         3622  1752 
[NR-eGR] --------------------------------------------------------------------------
[NR-eGR] Total half perimeter of net bounding box: 3470um
[NR-eGR] Total length: 3622um, number of vias: 1752
[NR-eGR] --------------------------------------------------------------------------
[NR-eGR] Finished Early Global Route kernel ( CPU: 0.03 sec, Real: 0.14 sec, Curr Mem: 2.76 MB )
        Early Global Route - eGR only step done. (took cpu=0:00:00.1 real=0:00:00.2)
      Routing using eGR only done.
Net route status summary:
  Clock:         1 (unrouted=0, trialRouted=0, noStatus=0, routed=1, fixed=0, [crossesIlmBoundary=0, tooFewTerms=0, (crossesIlmBoundary AND tooFewTerms=0)])
  Non-clock:   285 (unrouted=26, trialRouted=259, noStatus=0, routed=0, fixed=0, [crossesIlmBoundary=0, tooFewTerms=26, (crossesIlmBoundary AND tooFewTerms=0)])

CCOPT: Done with clock implementation routing.

      Leaving CCOpt scope - Routing Tools done. (took cpu=0:00:00.1 real=0:00:00.2)
    Clock implementation routing done.
    Leaving CCOpt scope - extractRC...
    Updating RC parasitics by calling: "extractRC -noRouteCheck"...
Extraction called for design 'Adder32' of instances=195 and nets=286 using extraction engine 'preRoute' .
**WARN: (IMPEXT-3530):	The process node is not set. Use the command setDesignMode -process <process node> prior to extraction for maximum accuracy and optimal automatic threshold setting.
Type 'man IMPEXT-3530' for more detail.
PreRoute RC Extraction called for design Adder32.
RC Extraction called in multi-corner(1) mode.
**WARN: (IMPEXT-6197):	The Cap table file is not specified. This will result in lower parasitic accuracy when using preRoute extraction or postRoute extraction with effort level 'low'. It is recommended to generate the Cap table file using the 'generateCapTbl' command and specify it before extraction using 'create_rc_corner/update_rc_corner -cap_table'.
Type 'man IMPEXT-6197' for more detail.
RCMode: PreRoute
      RC Corner Indexes            0   
Capacitance Scaling Factor   : 1.00000 
Resistance Scaling Factor    : 1.00000 
Clock Cap. Scaling Factor    : 1.00000 
Clock Res. Scaling Factor    : 1.00000 
Shrink Factor                : 1.00000
PreRoute extraction is honoring NDR/Shielding/ExtraSpace for clock nets.
Updating RC Grid density data for preRoute extraction ...
Initializing multi-corner resistance tables ...
PreRoute RC Extraction DONE (CPU Time: 0:00:00.0  Real Time: 0:00:00.0  MEM: 2883.383M)
    Updating RC parasitics by calling: "extractRC -noRouteCheck" done.
    Leaving CCOpt scope - extractRC done. (took cpu=0:00:00.0 real=0:00:00.0)
    Leaving CCOpt scope - Initializing placement interface...
    Leaving CCOpt scope - Initializing placement interface done. (took cpu=0:00:00.0 real=0:00:00.0)
    Calling post conditioning for eGRPC...
      eGRPC...
        eGRPC active optimizations:
         - Move Down
         - Downsizing before DRV sizing
         - DRV fixing with sizing
         - Move to fanout
         - Cloning
        
        Currently running CTS, using active skew data
        ProEngine running partially connected to DB
        Reset bufferability constraints...
        Resetting previous bufferability status on all nets so that eGRPC will attempt to fix all clock tree violations.
        Clock tree timing engine global stage delay update for delay_corner_typical:both.late...
        Clock tree timing engine global stage delay update for delay_corner_typical:both.late done. (took cpu=0:00:00.0 real=0:00:00.0)
        Reset bufferability constraints done. (took cpu=0:00:00.0 real=0:00:00.0)
        Clock DAG stats eGRPC initial state:
          cell counts      : b=0, i=0, icg=0, dcg=0, l=0, total=0
          sink counts      : regular=32, enable_latch=0, load_capacitance=0, antenna=0, node_sink=0, total=32
          misc counts      : r=1, pp=0, mci=0
          cell areas       : b=0.000um^2, i=0.000um^2, icg=0.000um^2, dcg=0.000um^2, l=0.000um^2, total=0.000um^2
          cell capacitance : b=0.000fF, i=0.000fF, icg=0.000fF, dcg=0.000fF, l=0.000fF, total=0.000fF
          sink capacitance : total=17.218fF, avg=0.538fF, sd=0.006fF, min=0.523fF, max=0.557fF
          wire capacitance : top=0.000fF, trunk=0.000fF, leaf=23.805fF, total=23.805fF
          wire lengths     : top=0.000um, trunk=0.000um, leaf=92.568um, total=92.568um
          hp wire lengths  : top=0.000um, trunk=0.000um, leaf=0.000um, total=0.000um
        Clock DAG net violations eGRPC initial state: none
        Clock DAG primary half-corner transition distribution eGRPC initial state:
          Leaf : target=50.0ps count=1 avg=6.4ps sd=0.0ps min=6.4ps max=6.4ps {1 <= 30.0ps, 0 <= 40.0ps, 0 <= 45.0ps, 0 <= 47.5ps, 0 <= 50.0ps}
        Primary reporting skew groups eGRPC initial state:
          skew_group CLK/constraint_typical: insertion delay [min=1.1, max=2.3, avg=2.1, sd=0.3, skn=-2.437, kur=4.945], skew [1.2 vs 25.8], 100% {1.1, 2.3} (wid=2.3 ws=1.2) (gid=0.0 gs=0.0)
        Skew group summary eGRPC initial state:
          skew_group CLK/constraint_typical: insertion delay [min=1.1, max=2.3, avg=2.1, sd=0.3, skn=-2.437, kur=4.945], skew [1.2 vs 25.8], 100% {1.1, 2.3} (wid=2.3 ws=1.2) (gid=0.0 gs=0.0)
        eGRPC Moving buffers...
          Violation analysis...
          Violation analysis done. (took cpu=0:00:00.0 real=0:00:00.0)
          Clock DAG stats after 'eGRPC Moving buffers':
            cell counts      : b=0, i=0, icg=0, dcg=0, l=0, total=0
            sink counts      : regular=32, enable_latch=0, load_capacitance=0, antenna=0, node_sink=0, total=32
            misc counts      : r=1, pp=0, mci=0
            cell areas       : b=0.000um^2, i=0.000um^2, icg=0.000um^2, dcg=0.000um^2, l=0.000um^2, total=0.000um^2
            cell capacitance : b=0.000fF, i=0.000fF, icg=0.000fF, dcg=0.000fF, l=0.000fF, total=0.000fF
            sink capacitance : total=17.218fF, avg=0.538fF, sd=0.006fF, min=0.523fF, max=0.557fF
            wire capacitance : top=0.000fF, trunk=0.000fF, leaf=23.805fF, total=23.805fF
            wire lengths     : top=0.000um, trunk=0.000um, leaf=92.568um, total=92.568um
            hp wire lengths  : top=0.000um, trunk=0.000um, leaf=0.000um, total=0.000um
          Clock DAG net violations after 'eGRPC Moving buffers': none
          Clock DAG primary half-corner transition distribution after 'eGRPC Moving buffers':
            Leaf : target=50.0ps count=1 avg=6.4ps sd=0.0ps min=6.4ps max=6.4ps {1 <= 30.0ps, 0 <= 40.0ps, 0 <= 45.0ps, 0 <= 47.5ps, 0 <= 50.0ps}
          Primary reporting skew groups after 'eGRPC Moving buffers':
            skew_group CLK/constraint_typical: insertion delay [min=1.1, max=2.3], skew [1.2 vs 25.8]
          Skew group summary after 'eGRPC Moving buffers':
            skew_group CLK/constraint_typical: insertion delay [min=1.1, max=2.3], skew [1.2 vs 25.8]
          Legalizer API calls during this step: 0 succeeded with high effort: 0 succeeded with medium effort: 0 succeeded with low effort: 0 succeeded with basic effort: 0 succeeded with basic unbounded effort: 0
        eGRPC Moving buffers done. (took cpu=0:00:00.0 real=0:00:00.0)
        eGRPC Initial Pass of Downsizing Clock Tree cells...
          Artificially removing long paths...
            Legalizer API calls during this step: 0 succeeded with high effort: 0 succeeded with medium effort: 0 succeeded with low effort: 0 succeeded with basic effort: 0 succeeded with basic unbounded effort: 0
          Artificially removing long paths done. (took cpu=0:00:00.0 real=0:00:00.0)
          Modifying slew-target multiplier from 1 to 0.9
          Downsizing prefiltering...
          Downsizing prefiltering done.
          Prefiltering Summary : numPassedPreFiltering = 1, numSkippedDueToCloseToSlewTarget = 0, numSkippedDueToCloseToSkewTarget = 0
          Downsizing: ...20% ...40% ...60% ...80% ...100% 
          DoDownSizing Summary : numSized = 0, numUnchanged = 1
          CCOpt-eGRPC Downsizing: considered: 1, tested: 0, violation detected: 0, violation ignored (due to small violation): 0, cannot run: 1, attempted: 0, unsuccessful: 0, sized: 0
          Reverting slew-target multiplier from 0.9 to 1
          Clock DAG stats after 'eGRPC Initial Pass of Downsizing Clock Tree cells':
            cell counts      : b=0, i=0, icg=0, dcg=0, l=0, total=0
            sink counts      : regular=32, enable_latch=0, load_capacitance=0, antenna=0, node_sink=0, total=32
            misc counts      : r=1, pp=0, mci=0
            cell areas       : b=0.000um^2, i=0.000um^2, icg=0.000um^2, dcg=0.000um^2, l=0.000um^2, total=0.000um^2
            cell capacitance : b=0.000fF, i=0.000fF, icg=0.000fF, dcg=0.000fF, l=0.000fF, total=0.000fF
            sink capacitance : total=17.218fF, avg=0.538fF, sd=0.006fF, min=0.523fF, max=0.557fF
            wire capacitance : top=0.000fF, trunk=0.000fF, leaf=23.805fF, total=23.805fF
            wire lengths     : top=0.000um, trunk=0.000um, leaf=92.568um, total=92.568um
            hp wire lengths  : top=0.000um, trunk=0.000um, leaf=0.000um, total=0.000um
          Clock DAG net violations after 'eGRPC Initial Pass of Downsizing Clock Tree cells': none
          Clock DAG primary half-corner transition distribution after 'eGRPC Initial Pass of Downsizing Clock Tree cells':
            Leaf : target=50.0ps count=1 avg=6.4ps sd=0.0ps min=6.4ps max=6.4ps {1 <= 30.0ps, 0 <= 40.0ps, 0 <= 45.0ps, 0 <= 47.5ps, 0 <= 50.0ps}
          Primary reporting skew groups after 'eGRPC Initial Pass of Downsizing Clock Tree cells':
            skew_group CLK/constraint_typical: insertion delay [min=1.1, max=2.3], skew [1.2 vs 25.8]
          Skew group summary after 'eGRPC Initial Pass of Downsizing Clock Tree cells':
            skew_group CLK/constraint_typical: insertion delay [min=1.1, max=2.3], skew [1.2 vs 25.8]
          Legalizer API calls during this step: 0 succeeded with high effort: 0 succeeded with medium effort: 0 succeeded with low effort: 0 succeeded with basic effort: 0 succeeded with basic unbounded effort: 0
        eGRPC Initial Pass of Downsizing Clock Tree cells done. (took cpu=0:00:00.0 real=0:00:00.0)
        eGRPC Fixing DRVs...
          Fixing clock tree DRVs: ...20% ...40% ...60% ...80% ...100% 
          CCOpt-eGRPC: considered: 1, tested: 1, violation detected: 0, violation ignored (due to small violation): 0, cannot run: 0, attempted: 0, unsuccessful: 0, sized: 0
          
          Statistics: Fix DRVs (cell sizing):
          ===================================
          
          Cell changes by Net Type:
          
          -------------------------------------------------------------------------------------------------
          Net Type    Attempted    Upsized     Downsized    Swapped Same Size    Total Changed    Not Sized
          -------------------------------------------------------------------------------------------------
          top                0            0           0            0                    0                0
          trunk              0            0           0            0                    0                0
          leaf               0            0           0            0                    0                0
          -------------------------------------------------------------------------------------------------
          Total              0            0           0            0                    0                0
          -------------------------------------------------------------------------------------------------
          
          Upsized: 0, Downsized: 0, Sized but same area: 0, Unchanged: 0, Area change: 0.000um^2
          Max. move: 0.000um, Min. move: 0.000um, Avg. move: N/A
          
          Clock DAG stats after 'eGRPC Fixing DRVs':
            cell counts      : b=0, i=0, icg=0, dcg=0, l=0, total=0
            sink counts      : regular=32, enable_latch=0, load_capacitance=0, antenna=0, node_sink=0, total=32
            misc counts      : r=1, pp=0, mci=0
            cell areas       : b=0.000um^2, i=0.000um^2, icg=0.000um^2, dcg=0.000um^2, l=0.000um^2, total=0.000um^2
            cell capacitance : b=0.000fF, i=0.000fF, icg=0.000fF, dcg=0.000fF, l=0.000fF, total=0.000fF
            sink capacitance : total=17.218fF, avg=0.538fF, sd=0.006fF, min=0.523fF, max=0.557fF
            wire capacitance : top=0.000fF, trunk=0.000fF, leaf=23.805fF, total=23.805fF
            wire lengths     : top=0.000um, trunk=0.000um, leaf=92.568um, total=92.568um
            hp wire lengths  : top=0.000um, trunk=0.000um, leaf=0.000um, total=0.000um
          Clock DAG net violations after 'eGRPC Fixing DRVs': none
          Clock DAG primary half-corner transition distribution after 'eGRPC Fixing DRVs':
            Leaf : target=50.0ps count=1 avg=6.4ps sd=0.0ps min=6.4ps max=6.4ps {1 <= 30.0ps, 0 <= 40.0ps, 0 <= 45.0ps, 0 <= 47.5ps, 0 <= 50.0ps}
          Primary reporting skew groups after 'eGRPC Fixing DRVs':
            skew_group CLK/constraint_typical: insertion delay [min=1.1, max=2.3], skew [1.2 vs 25.8]
          Skew group summary after 'eGRPC Fixing DRVs':
            skew_group CLK/constraint_typical: insertion delay [min=1.1, max=2.3], skew [1.2 vs 25.8]
          Legalizer API calls during this step: 0 succeeded with high effort: 0 succeeded with medium effort: 0 succeeded with low effort: 0 succeeded with basic effort: 0 succeeded with basic unbounded effort: 0
        eGRPC Fixing DRVs done. (took cpu=0:00:00.0 real=0:00:00.0)
        Reconnecting optimized routes...
        Reset timing graph...
Ignoring AAE DB Resetting ...
        Reset timing graph done.
        Reconnecting optimized routes done. (took cpu=0:00:00.0 real=0:00:00.0)
        Violation analysis...
        Violation analysis done. (took cpu=0:00:00.0 real=0:00:00.0)
        Reset timing graph...
Ignoring AAE DB Resetting ...
        Reset timing graph done.
        Clock DAG stats before routing clock trees:
          cell counts      : b=0, i=0, icg=0, dcg=0, l=0, total=0
          sink counts      : regular=32, enable_latch=0, load_capacitance=0, antenna=0, node_sink=0, total=32
          misc counts      : r=1, pp=0, mci=0
          cell areas       : b=0.000um^2, i=0.000um^2, icg=0.000um^2, dcg=0.000um^2, l=0.000um^2, total=0.000um^2
          cell capacitance : b=0.000fF, i=0.000fF, icg=0.000fF, dcg=0.000fF, l=0.000fF, total=0.000fF
          sink capacitance : total=17.218fF, avg=0.538fF, sd=0.006fF, min=0.523fF, max=0.557fF
          wire capacitance : top=0.000fF, trunk=0.000fF, leaf=23.805fF, total=23.805fF
          wire lengths     : top=0.000um, trunk=0.000um, leaf=92.568um, total=92.568um
          hp wire lengths  : top=0.000um, trunk=0.000um, leaf=0.000um, total=0.000um
        Clock DAG net violations before routing clock trees: none
        Clock DAG primary half-corner transition distribution before routing clock trees:
          Leaf : target=50.0ps count=1 avg=6.4ps sd=0.0ps min=6.4ps max=6.4ps {1 <= 30.0ps, 0 <= 40.0ps, 0 <= 45.0ps, 0 <= 47.5ps, 0 <= 50.0ps}
        Primary reporting skew groups before routing clock trees:
          skew_group CLK/constraint_typical: insertion delay [min=1.1, max=2.3, avg=2.1, sd=0.3, skn=-2.437, kur=4.945], skew [1.2 vs 25.8], 100% {1.1, 2.3} (wid=2.3 ws=1.2) (gid=0.0 gs=0.0)
        Skew group summary before routing clock trees:
          skew_group CLK/constraint_typical: insertion delay [min=1.1, max=2.3, avg=2.1, sd=0.3, skn=-2.437, kur=4.945], skew [1.2 vs 25.8], 100% {1.1, 2.3} (wid=2.3 ws=1.2) (gid=0.0 gs=0.0)
      eGRPC done.
    Calling post conditioning for eGRPC done.
  eGR Post Conditioning done.
  Refine place not called during Post Conditioning. Calling it now the eGR->PC Loop is complete.
  Leaving CCOpt scope - Cleaning up placement interface...
  Leaving CCOpt scope - Cleaning up placement interface done. (took cpu=0:00:00.0 real=0:00:00.0)
  Leaving CCOpt scope - ClockRefiner...
  Soft fixed 0 clock instances.
  Performing Single Pass Refine Place.
*** Starting refinePlace (0:05:22 mem=2883.5M) ***
Total net bbox length = 3.470e+03 (2.160e+03 1.310e+03) (ext = 2.474e+03)
Max route layer is changed from 127 to 10 because there is no routing track above this layer
Max route layer is changed from 127 to 10 because there is no routing track above this layer
Max route layer is changed from 127 to 10 because there is no routing track above this layer
Max route layer is changed from 127 to 10 because there is no routing track above this layer
Move report: Detail placement moves 0 insts, mean move: 0.00 um, max move: 0.00 um 
	Runtime: CPU: 0:00:00.0 REAL: 0:00:00.0 MEM: 2875.5MB
Summary Report:
Instances move: 0 (out of 195 movable)
Instances flipped: 0
Mean displacement: 0.00 um
Max displacement: 0.00 um 
Total net bbox length = 3.470e+03 (2.160e+03 1.310e+03) (ext = 2.474e+03)
Runtime: CPU: 0:00:00.0 REAL: 0:00:00.0 MEM: 2875.5MB
*** Finished refinePlace (0:05:22 mem=2875.5M) ***
  ClockRefiner summary
  All clock instances: Moved 0, flipped 0 and cell swapped 0 (out of a total of 32).
  Restoring pStatusCts on 0 clock instances.
  Leaving CCOpt scope - ClockRefiner done. (took cpu=0:00:00.0 real=0:00:00.2)
  CCOpt::Phase::eGRPC done. (took cpu=0:00:00.2 real=0:00:00.6)
  CCOpt::Phase::Routing...
  Clock implementation routing...
    Leaving CCOpt scope - Routing Tools...
Net route status summary:
  Clock:         1 (unrouted=0, trialRouted=0, noStatus=0, routed=1, fixed=0, [crossesIlmBoundary=0, tooFewTerms=0, (crossesIlmBoundary AND tooFewTerms=0)])
  Non-clock:   285 (unrouted=26, trialRouted=259, noStatus=0, routed=0, fixed=0, [crossesIlmBoundary=0, tooFewTerms=26, (crossesIlmBoundary AND tooFewTerms=0)])
    Routing using eGR in eGR->NR Step...
      Early Global Route - eGR->Nr High Frequency step...
(ccopt eGR): There are 1 nets to be routed. 0 nets have skip routing designation.
(ccopt eGR): There are 1 nets for routing of which 1 have one or more fixed wires.
(ccopt eGR): Start to route 1 all nets
Max route layer is changed from 127 to 10 because there is no routing track above this layer
Max route layer is changed from 127 to 10 because there is no routing track above this layer
[PSP]    Started Early Global Route kernel ( Curr Mem: 2.75 MB )
[NR-eGR] Early global route reroute 1 out of 260 routable nets
[NR-eGR] Track table information for default rule: 
[NR-eGR] M1 has single uniform track structure
[NR-eGR] M2 has non-uniform track structures
[NR-eGR] M3 has single uniform track structure
[NR-eGR] M4 has single uniform track structure
[NR-eGR] M5 has single uniform track structure
[NR-eGR] M6 has single uniform track structure
[NR-eGR] M7 has single uniform track structure
[NR-eGR] M8 has single uniform track structure
[NR-eGR] M9 has single uniform track structure
[NR-eGR] Pad has single uniform track structure
[NR-eGR] Read 16 PG shapes
[NR-eGR] Read 0 clock shapes
[NR-eGR] Read 0 other shapes
[NR-eGR] #Routing Blockages  : 0
[NR-eGR] #Bump Blockages     : 0
[NR-eGR] #Instance Blockages : 192
[NR-eGR] #PG Blockages       : 16
[NR-eGR] #Halo Blockages     : 0
[NR-eGR] #Boundary Blockages : 0
[NR-eGR] #Clock Blockages    : 0
[NR-eGR] #Other Blockages    : 0
[NR-eGR] Num Prerouted Nets = 0  Num Prerouted Wires = 0
[NR-eGR] Read 260 nets ( ignored 259 )
[NR-eGR] Connected 0 must-join pins/ports (pre-process)
[NR-eGR] #via pillars        : 0
[NR-eGR] #must join all port : 0
[NR-eGR] #multiple ports     : 0
[NR-eGR] #has must join      : 0
[NR-eGR] There are 1 clock nets ( 0 with NDR ).
[NR-eGR] ============ Routing rule table ============
[NR-eGR] Rule id: 0  Rule name: (Default)  Nets: 1
[NR-eGR] ========================================
[NR-eGR] 
[NR-eGR] Layer group 1: route 1 net(s) in layer range [2, 3]
[NR-eGR] Early Global Route overflow of layer group 1: 0.00% H + 0.00% V. EstWL: 8.748000e+01um
[NR-eGR] Congestion Analysis By layer: (blocked Gcells are excluded) 
[NR-eGR]                        OverCon            
[NR-eGR]                         #Gcell     %Gcell
[NR-eGR]        Layer             (1-0)    OverCon
[NR-eGR] ----------------------------------------------
[NR-eGR]      M1 ( 1)         0( 0.00%)   ( 0.00%) 
[NR-eGR]      M2 ( 2)         0( 0.00%)   ( 0.00%) 
[NR-eGR]      M3 ( 3)         0( 0.00%)   ( 0.00%) 
[NR-eGR]      M4 ( 4)         0( 0.00%)   ( 0.00%) 
[NR-eGR]      M5 ( 5)         0( 0.00%)   ( 0.00%) 
[NR-eGR]      M6 ( 6)         0( 0.00%)   ( 0.00%) 
[NR-eGR]      M7 ( 7)         0( 0.00%)   ( 0.00%) 
[NR-eGR]      M8 ( 8)         0( 0.00%)   ( 0.00%) 
[NR-eGR]      M9 ( 9)         0( 0.00%)   ( 0.00%) 
[NR-eGR]     Pad (10)         0( 0.00%)   ( 0.00%) 
[NR-eGR] ----------------------------------------------
[NR-eGR]        Total         0( 0.00%)   ( 0.00%) 
[NR-eGR] 
[NR-eGR] Overflow after Early Global Route 0.00% H + 0.00% V
[NR-eGR] Connected 0 must-join pins/ports (post-process)
[NR-eGR] Total eGR-routed clock nets wire length: 93um, number of vias: 79
[NR-eGR] --------------------------------------------------------------------------
[NR-eGR] Report for selected net(s) only.
[NR-eGR]              Length (um)  Vias 
[NR-eGR] -------------------------------
[NR-eGR]  M1   (1V)             0    32 
[NR-eGR]  M2   (2H)            34    46 
[NR-eGR]  M3   (3V)            59     1 
[NR-eGR]  M4   (4H)             0     0 
[NR-eGR]  M5   (5V)             0     0 
[NR-eGR]  M6   (6H)             0     0 
[NR-eGR]  M7   (7V)             0     0 
[NR-eGR]  M8   (8H)             0     0 
[NR-eGR]  M9   (9V)             0     0 
[NR-eGR]  Pad  (10H)            0     0 
[NR-eGR] -------------------------------
[NR-eGR]       Total           93    79 
[NR-eGR] --------------------------------------------------------------------------
[NR-eGR] Total half perimeter of net bounding box: 50um
[NR-eGR] Total length: 93um, number of vias: 79
[NR-eGR] --------------------------------------------------------------------------
[NR-eGR] Total routed clock nets wire length: 93um, number of vias: 79
[NR-eGR] --------------------------------------------------------------------------
[NR-eGR]              Length (um)  Vias 
[NR-eGR] -------------------------------
[NR-eGR]  M1   (1V)             0   572 
[NR-eGR]  M2   (2H)          1434   958 
[NR-eGR]  M3   (3V)          1221   184 
[NR-eGR]  M4   (4H)           740    20 
[NR-eGR]  M5   (5V)           176    12 
[NR-eGR]  M6   (6H)            31     2 
[NR-eGR]  M7   (7V)             0     2 
[NR-eGR]  M8   (8H)             9     2 
[NR-eGR]  M9   (9V)            11     0 
[NR-eGR]  Pad  (10H)            0     0 
[NR-eGR] -------------------------------
[NR-eGR]       Total         3622  1752 
[NR-eGR] --------------------------------------------------------------------------
[NR-eGR] Total half perimeter of net bounding box: 3470um
[NR-eGR] Total length: 3622um, number of vias: 1752
[NR-eGR] --------------------------------------------------------------------------
[NR-eGR] Finished Early Global Route kernel ( CPU: 0.03 sec, Real: 0.13 sec, Curr Mem: 2.76 MB )
      Early Global Route - eGR->Nr High Frequency step done. (took cpu=0:00:00.1 real=0:00:00.2)
    Routing using eGR in eGR->NR Step done.
    Routing using NR in eGR->NR Step...

CCOPT: Preparing to route 1 clock nets with NanoRoute.
  All net are default rule.
  Preferred NanoRoute mode settings: Current
      Clock detailed routing...
        NanoRoute...
% Begin globalDetailRoute (date=04/04 15:24:22, mem=2694.1M)

globalDetailRoute

#Start globalDetailRoute on Sat Apr  4 15:24:22 2026
#
#WARNING (NRIG-100) Ignoring auto generated timing constraints when routeWithTimingDriven set to false.
#NanoRoute Version 22.17-s086_1 NR240905-1647/22_17-UB
#
#Wire/Via statistics before line assignment ...
#Total wire length = 93 um.
#Total half perimeter of net bounding box = 51 um.
#Total wire length on LAYER M1 = 0 um.
#Total wire length on LAYER M2 = 34 um.
#Total wire length on LAYER M3 = 59 um.
#Total wire length on LAYER M4 = 0 um.
#Total wire length on LAYER M5 = 0 um.
#Total wire length on LAYER M6 = 0 um.
#Total wire length on LAYER M7 = 0 um.
#Total wire length on LAYER M8 = 0 um.
#Total wire length on LAYER M9 = 0 um.
#Total wire length on LAYER Pad = 0 um.
#Total number of vias = 79
#Up-Via Summary (total 79):
#           
#-----------------------
# M1                 32
# M2                 46
# M3                  1
#-----------------------
#                    79 
#
#Start routing data preparation on Sat Apr  4 15:24:22 2026
#
#WARNING (NRDB-2040) Rule LEF_DEFAULT doesn't specify any vias that satisfy all of the area rules for layer M2 M3 M4 M5 M6 M7 M8 
#WARNING (NRDB-778) No multicut vias which meet all area rules for LAYER M8 are defined in RULE LEF_DEFAULT. When a LEF MINIMUMCUT rule is defined for a layer, you must define multicut vias for the layer in the LEF file. Edit your LEF file and read it in again.
#WARNING (NRDB-778) No multicut vias which meet all area rules for LAYER M9 are defined in RULE LEF_DEFAULT. When a LEF MINIMUMCUT rule is defined for a layer, you must define multicut vias for the layer in the LEF file. Edit your LEF file and read it in again.
#WARNING (NRDB-778) No multicut vias which meet all area rules for LAYER Pad are defined in RULE LEF_DEFAULT. When a LEF MINIMUMCUT rule is defined for a layer, you must define multicut vias for the layer in the LEF file. Edit your LEF file and read it in again.
#Initial pin access analysis.
#Detail pin access analysis.
# M1           V   Track-Pitch = 0.14400    Line-2-Via Pitch = 0.14400
# M2           H   Track-Pitch = 0.14400    Line-2-Via Pitch = 0.14400
# M3           V   Track-Pitch = 0.14400    Line-2-Via Pitch = 0.14400
# M4           H   Track-Pitch = 0.19200    Line-2-Via Pitch = 0.19200
# M5           V   Track-Pitch = 0.21600    Line-2-Via Pitch = 0.19200
# M6           H   Track-Pitch = 0.28800    Line-2-Via Pitch = 0.25600
# M7           V   Track-Pitch = 0.28800    Line-2-Via Pitch = 0.25600
# M8           H   Track-Pitch = 0.38400    Line-2-Via Pitch = 0.32000
# M9           V   Track-Pitch = 0.36000    Line-2-Via Pitch = 0.32000
# Pad          H   Track-Pitch = 0.38400    Line-2-Via Pitch = 8.28000
#WARNING (NRAG-44) Track pitch is too small compared with line-2-via pitch.
#Bottom routing layer index=1(M1), bottom routing layer for shielding=1(M1), bottom shield layer=1(M1)
#shield_bottom_stripe_layer=1(M1), shield_top_stripe_layer=10(Pad)
#pin_access_rlayer=2(M2)
#shield_top_dpt_rlayer=-1 top_rlayer=10 top_trim_metal_rlayer=-1 rlayer_lowest=1 bottom_rlayer=1
#enable_trim_layer_shield=F enable_dpt_layer_shield=F has_line_end_grid=F
#enable_dpt_layer_shield=F
#has_line_end_grid=F
#cpu time = 00:00:00, elapsed time = 00:00:00, memory = 2701.14 (MB), peak = 2845.39 (MB)
#Regenerating Ggrids automatically.
#Auto generating G-grids with size=15 tracks, using layer M3's pitch = 0.14400.
#Using automatically generated G-grids.
#Done routing data preparation.
#cpu time = 00:00:00, elapsed time = 00:00:00, memory = 2713.41 (MB), peak = 2845.39 (MB)
Updating RC Grid density data for preRoute extraction ...
Initializing multi-corner resistance tables ...
#
#Distribution of nets:
#  
# #pin range           #net       % 
#------------------------------------
#          2             144 ( 50.3%)
#          3              64 ( 22.4%)
#          4              31 ( 10.8%)
#          5              16 (  5.6%)
#          6               4 (  1.4%)
#  30  -  39               1 (  0.3%)
#     >=2000               0 (  0.0%)
#
#Total: 286 nets, 260 non-trivial nets
#                              #net       % 
#-------------------------------------------
#  Fully global routed            1 ( 0.4%)
#  Clock                          1
#  Prefer layer range             1
#
#Nets in 1 layer range:
#  Bottom Pref.Layer    Top Pref.Layer       #net       % 
#---------------------------------------------------------
#              2 M2             3 M3            1 (  0.4%)
#
#1 net selected.
#
#
#..
#
#Iteration 1.1: cpu:00:00:00, real:00:00:00, mem:2.7 GB, peak:2.8 GB
#Iteration 2.1: cpu:00:00:00, real:00:00:00, mem:2.7 GB, peak:2.8 GB
#Iteration 3.1: cpu:00:00:00, real:00:00:00, mem:2.7 GB, peak:2.8 GB
#
#Line Assignment statistics:
#Cpu time = 00:00:00
#Elapsed time = 00:00:00
#Increased memory = 1.08 (MB)
#Total memory = 2716.77 (MB)
#Peak memory = 2845.39 (MB)
#End Line Assignment: cpu:00:00:00, real:00:00:00, mem:2.7 GB, peak:2.8 GB
#
#Wire/Via statistics after line assignment ...
#Total wire length = 95 um.
#Total half perimeter of net bounding box = 51 um.
#Total wire length on LAYER M1 = 0 um.
#Total wire length on LAYER M2 = 37 um.
#Total wire length on LAYER M3 = 58 um.
#Total wire length on LAYER M4 = 0 um.
#Total wire length on LAYER M5 = 0 um.
#Total wire length on LAYER M6 = 0 um.
#Total wire length on LAYER M7 = 0 um.
#Total wire length on LAYER M8 = 0 um.
#Total wire length on LAYER M9 = 0 um.
#Total wire length on LAYER Pad = 0 um.
#Total number of vias = 69
#Up-Via Summary (total 69):
#           
#-----------------------
# M1                 32
# M2                 36
# M3                  1
#-----------------------
#                    69 
#
#Routing data preparation, pin analysis, line assignment statistics:
#Cpu time = 00:00:00
#Elapsed time = 00:00:00
#Increased memory = 19.71 (MB)
#Total memory = 2714.95 (MB)
#Peak memory = 2845.39 (MB)
#Skip comparing routing design signature in db-snapshot flow
#
#Start Detail Routing..
#start initial detail routing ...
#   number of violations = 2
#
#    By Layer and Type :
#	         WidTbl   OffGrd   Totals
#	M1            0        0        0
#	M2            0        0        0
#	M3            0        0        0
#	M4            1        1        2
#	Totals        1        1        2
#cpu time = 00:00:00, elapsed time = 00:00:00, memory = 2716.47 (MB), peak = 2845.39 (MB)
#start 1st optimization iteration ...
#   number of violations = 2
#
#    By Layer and Type :
#	         WidTbl      Enc   Totals
#	M1            0        0        0
#	M2            0        0        0
#	M3            0        1        1
#	M4            1        0        1
#	Totals        1        1        2
#cpu time = 00:00:00, elapsed time = 00:00:00, memory = 2716.32 (MB), peak = 2845.39 (MB)
#start 2nd optimization iteration ...
#   number of violations = 3
#
#    By Layer and Type :
#	         MetSpc   WidTbl      Enc   Totals
#	M1            0        0        0        0
#	M2            0        0        0        0
#	M3            0        0        1        1
#	M4            1        1        0        2
#	Totals        1        1        1        3
#cpu time = 00:00:00, elapsed time = 00:00:00, memory = 2716.14 (MB), peak = 2845.39 (MB)
#start 3rd optimization iteration ...
#   number of violations = 3
#
#    By Layer and Type :
#	         MetSpc   WidTbl      Enc   Totals
#	M1            0        0        0        0
#	M2            0        0        0        0
#	M3            0        0        1        1
#	M4            1        1        0        2
#	Totals        1        1        1        3
#cpu time = 00:00:00, elapsed time = 00:00:00, memory = 2715.62 (MB), peak = 2845.39 (MB)
#start 4th optimization iteration ...
#   number of violations = 3
#
#    By Layer and Type :
#	         MetSpc   WidTbl      Enc   Totals
#	M1            0        0        0        0
#	M2            0        0        0        0
#	M3            0        0        1        1
#	M4            1        1        0        2
#	Totals        1        1        1        3
#cpu time = 00:00:00, elapsed time = 00:00:00, memory = 2715.09 (MB), peak = 2845.39 (MB)
#start 5th optimization iteration ...
#   number of violations = 2
#
#    By Layer and Type :
#	         WidTbl      Enc   Totals
#	M1            0        0        0
#	M2            0        0        0
#	M3            0        1        1
#	M4            1        0        1
#	Totals        1        1        2
#cpu time = 00:00:00, elapsed time = 00:00:00, memory = 2713.68 (MB), peak = 2845.39 (MB)
#start 6th optimization iteration ...
#   number of violations = 2
#
#    By Layer and Type :
#	         WidTbl      Enc   Totals
#	M1            0        0        0
#	M2            0        0        0
#	M3            0        1        1
#	M4            1        0        1
#	Totals        1        1        2
#cpu time = 00:00:00, elapsed time = 00:00:00, memory = 2712.58 (MB), peak = 2845.39 (MB)
#start 7th optimization iteration ...
#   number of violations = 3
#
#    By Layer and Type :
#	         WidTbl      Enc   OffGrd   Totals
#	M1            0        0        0        0
#	M2            0        0        0        0
#	M3            0        1        0        1
#	M4            1        0        1        2
#	Totals        1        1        1        3
#cpu time = 00:00:00, elapsed time = 00:00:00, memory = 2711.46 (MB), peak = 2845.39 (MB)
#start 8th optimization iteration ...
#   number of violations = 3
#
#    By Layer and Type :
#	         WidTbl      Enc   OffGrd   Totals
#	M1            0        0        0        0
#	M2            0        0        0        0
#	M3            0        1        0        1
#	M4            1        0        1        2
#	Totals        1        1        1        3
#cpu time = 00:00:00, elapsed time = 00:00:00, memory = 2710.86 (MB), peak = 2845.39 (MB)
#start 9th optimization iteration ...
#   number of violations = 3
#
#    By Layer and Type :
#	         MetSpc   WidTbl      Enc   Totals
#	M1            0        0        0        0
#	M2            0        0        0        0
#	M3            0        0        1        1
#	M4            1        1        0        2
#	Totals        1        1        1        3
#cpu time = 00:00:00, elapsed time = 00:00:00, memory = 2710.15 (MB), peak = 2845.39 (MB)
#start 10th optimization iteration ...
#   number of violations = 4
#
#    By Layer and Type :
#	         MetSpc   WidTbl      Enc   OffGrd   Totals
#	M1            0        0        0        0        0
#	M2            0        0        0        0        0
#	M3            0        0        1        0        1
#	M4            1        1        0        1        3
#	Totals        1        1        1        1        4
#cpu time = 00:00:00, elapsed time = 00:00:00, memory = 2709.90 (MB), peak = 2845.39 (MB)
#start 11th optimization iteration ...
#   number of violations = 2
#
#    By Layer and Type :
#	         WidTbl      Enc   Totals
#	M1            0        0        0
#	M2            0        0        0
#	M3            0        1        1
#	M4            1        0        1
#	Totals        1        1        2
#cpu time = 00:00:00, elapsed time = 00:00:00, memory = 2708.89 (MB), peak = 2845.39 (MB)
#start 12th optimization iteration ...
#   number of violations = 3
#
#    By Layer and Type :
#	         MetSpc   WidTbl      Enc   Totals
#	M1            0        0        0        0
#	M2            0        0        0        0
#	M3            0        0        1        1
#	M4            1        1        0        2
#	Totals        1        1        1        3
#cpu time = 00:00:00, elapsed time = 00:00:00, memory = 2708.37 (MB), peak = 2845.39 (MB)
#start 13th optimization iteration ...
#   number of violations = 3
#
#    By Layer and Type :
#	         WidTbl      Enc     Rect   Totals
#	M1            0        0        0        0
#	M2            0        0        0        0
#	M3            0        1        0        1
#	M4            1        0        1        2
#	Totals        1        1        1        3
#cpu time = 00:00:00, elapsed time = 00:00:00, memory = 2708.35 (MB), peak = 2845.39 (MB)
#start 14th optimization iteration ...
#   number of violations = 2
#
#    By Layer and Type :
#	         WidTbl      Enc   Totals
#	M1            0        0        0
#	M2            0        0        0
#	M3            0        1        1
#	M4            1        0        1
#	Totals        1        1        2
#cpu time = 00:00:00, elapsed time = 00:00:00, memory = 2708.09 (MB), peak = 2845.39 (MB)
#start 15th optimization iteration ...
#   number of violations = 3
#
#    By Layer and Type :
#	         WidTbl      Enc   OffGrd   Totals
#	M1            0        0        0        0
#	M2            0        0        0        0
#	M3            0        1        0        1
#	M4            1        0        1        2
#	Totals        1        1        1        3
#cpu time = 00:00:00, elapsed time = 00:00:00, memory = 2707.97 (MB), peak = 2845.39 (MB)
#start 16th optimization iteration ...
#   number of violations = 3
#
#    By Layer and Type :
#	         WidTbl      Enc   OffGrd   Totals
#	M1            0        0        0        0
#	M2            0        0        0        0
#	M3            0        1        0        1
#	M4            1        0        1        2
#	Totals        1        1        1        3
#cpu time = 00:00:00, elapsed time = 00:00:00, memory = 2707.86 (MB), peak = 2845.39 (MB)
#start 17th optimization iteration ...
#   number of violations = 3
#
#    By Layer and Type :
#	         WidTbl      Enc   OffGrd   Totals
#	M1            0        0        0        0
#	M2            0        0        0        0
#	M3            0        1        0        1
#	M4            1        0        1        2
#	Totals        1        1        1        3
#cpu time = 00:00:00, elapsed time = 00:00:00, memory = 2707.86 (MB), peak = 2845.39 (MB)
#start 18th optimization iteration ...
#   number of violations = 3
#
#    By Layer and Type :
#	         MetSpc   WidTbl      Enc   Totals
#	M1            0        0        0        0
#	M2            0        0        0        0
#	M3            0        0        1        1
#	M4            1        1        0        2
#	Totals        1        1        1        3
#cpu time = 00:00:00, elapsed time = 00:00:00, memory = 2707.52 (MB), peak = 2845.39 (MB)
#start 19th optimization iteration ...
#   number of violations = 2
#
#    By Layer and Type :
#	         WidTbl      Enc   Totals
#	M1            0        0        0
#	M2            0        0        0
#	M3            0        1        1
#	M4            1        0        1
#	Totals        1        1        2
#cpu time = 00:00:00, elapsed time = 00:00:00, memory = 2707.47 (MB), peak = 2845.39 (MB)
#start 20th optimization iteration ...
#   number of violations = 4
#
#    By Layer and Type :
#	         MetSpc   WidTbl      Enc   OffGrd   Totals
#	M1            0        0        0        0        0
#	M2            0        0        0        0        0
#	M3            0        0        1        0        1
#	M4            1        1        0        1        3
#	Totals        1        1        1        1        4
#cpu time = 00:00:00, elapsed time = 00:00:00, memory = 2707.83 (MB), peak = 2845.39 (MB)
#Complete Detail Routing.
#Total wire length = 95 um.
#Total half perimeter of net bounding box = 51 um.
#Total wire length on LAYER M1 = 0 um.
#Total wire length on LAYER M2 = 32 um.
#Total wire length on LAYER M3 = 57 um.
#Total wire length on LAYER M4 = 1 um.
#Total wire length on LAYER M5 = 5 um.
#Total wire length on LAYER M6 = 0 um.
#Total wire length on LAYER M7 = 0 um.
#Total wire length on LAYER M8 = 0 um.
#Total wire length on LAYER M9 = 0 um.
#Total wire length on LAYER Pad = 0 um.
#Total number of vias = 76
#Up-Via Summary (total 76):
#           
#-----------------------
# M1                 32
# M2                 39
# M3                  1
# M4                  4
#-----------------------
#                    76 
#
#Total number of DRC violations = 4
#Total number of violations on LAYER M1 = 0
#Total number of violations on LAYER M2 = 0
#Total number of violations on LAYER M3 = 1
#Total number of violations on LAYER M4 = 3
#Total number of violations on LAYER M5 = 0
#Total number of violations on LAYER M6 = 0
#Total number of violations on LAYER M7 = 0
#Total number of violations on LAYER M8 = 0
#Total number of violations on LAYER M9 = 0
#Total number of violations on LAYER Pad = 0
#Cpu time = 00:00:01
#Elapsed time = 00:00:02
#Increased memory = -7.15 (MB)
#Total memory = 2707.84 (MB)
#Peak memory = 2845.39 (MB)
#detailRoute Statistics:
#Cpu time = 00:00:01
#Elapsed time = 00:00:02
#Increased memory = -7.09 (MB)
#Total memory = 2707.86 (MB)
#Peak memory = 2845.39 (MB)
#
#globalDetailRoute statistics:
#Cpu time = 00:00:01
#Elapsed time = 00:00:03
#Increased memory = 12.98 (MB)
#Total memory = 2707.19 (MB)
#Peak memory = 2845.39 (MB)
#Number of warnings = 6
#Total number of warnings = 10
#Number of fails = 0
#Total number of fails = 0
#Complete globalDetailRoute on Sat Apr  4 15:24:25 2026
#
% End globalDetailRoute (date=04/04 15:24:25, total cpu=0:00:01.3, real=0:00:03.0, peak res=2706.8M, current mem=2706.8M)
        NanoRoute done. (took cpu=0:00:01.3 real=0:00:03.0)
      Clock detailed routing done.
Skipping check of guided vs. routed net lengths.
Set FIXED routing status on 1 net(s)
      Route Remaining Unrouted Nets...
Running earlyGlobalRoute to complete any remaining unrouted nets.
Updating RC Grid density data for preRoute extraction ...
Initializing multi-corner resistance tables ...
Max route layer is changed from 127 to 10 because there is no routing track above this layer
Max route layer is changed from 127 to 10 because there is no routing track above this layer
[NR-eGR] Started Early Global Route kernel ( Curr Mem: 2.77 MB )
[NR-eGR] Early global route reroute all routable nets
[NR-eGR] Track table information for default rule: 
[NR-eGR] M1 has single uniform track structure
[NR-eGR] M2 has non-uniform track structures
[NR-eGR] M3 has single uniform track structure
[NR-eGR] M4 has single uniform track structure
[NR-eGR] M5 has single uniform track structure
[NR-eGR] M6 has single uniform track structure
[NR-eGR] M7 has single uniform track structure
[NR-eGR] M8 has single uniform track structure
[NR-eGR] M9 has single uniform track structure
[NR-eGR] Pad has single uniform track structure
[NR-eGR] Read 24 PG shapes
[NR-eGR] Read 0 clock shapes
[NR-eGR] Read 0 other shapes
[NR-eGR] #Routing Blockages  : 0
[NR-eGR] #Bump Blockages     : 0
[NR-eGR] #Instance Blockages : 192
[NR-eGR] #PG Blockages       : 24
[NR-eGR] #Halo Blockages     : 0
[NR-eGR] #Boundary Blockages : 0
[NR-eGR] #Clock Blockages    : 0
[NR-eGR] #Other Blockages    : 0
[NR-eGR] Num Prerouted Nets = 1  Num Prerouted Wires = 98
[NR-eGR] Read 260 nets ( ignored 1 )
[NR-eGR] ============ Routing rule table ============
[NR-eGR] Rule id: 0  Rule name: (Default)  Nets: 259
[NR-eGR] ========================================
[NR-eGR] 
[NR-eGR] Layer group 1: route 1 net(s) in layer range [8, 10]
[NR-eGR] Early Global Route overflow of layer group 1: 0.00% H + 0.00% V. EstWL: 1.836000e+01um
[NR-eGR] Layer group 2: route 5 net(s) in layer range [5, 10]
[NR-eGR] Early Global Route overflow of layer group 2: 0.00% H + 0.00% V. EstWL: 1.047600e+02um
[NR-eGR] Layer group 3: route 253 net(s) in layer range [2, 10]
[NR-eGR] Early Global Route overflow of layer group 3: 0.00% H + 0.00% V. EstWL: 3.427920e+03um
[NR-eGR] Congestion Analysis By layer: (blocked Gcells are excluded) 
[NR-eGR]                        OverCon            
[NR-eGR]                         #Gcell     %Gcell
[NR-eGR]        Layer             (1-0)    OverCon
[NR-eGR] ----------------------------------------------
[NR-eGR]      M1 ( 1)         0( 0.00%)   ( 0.00%) 
[NR-eGR]      M2 ( 2)         0( 0.00%)   ( 0.00%) 
[NR-eGR]      M3 ( 3)         0( 0.00%)   ( 0.00%) 
[NR-eGR]      M4 ( 4)         0( 0.00%)   ( 0.00%) 
[NR-eGR]      M5 ( 5)         0( 0.00%)   ( 0.00%) 
[NR-eGR]      M6 ( 6)         0( 0.00%)   ( 0.00%) 
[NR-eGR]      M7 ( 7)         0( 0.00%)   ( 0.00%) 
[NR-eGR]      M8 ( 8)         0( 0.00%)   ( 0.00%) 
[NR-eGR]      M9 ( 9)         0( 0.00%)   ( 0.00%) 
[NR-eGR]     Pad (10)         0( 0.00%)   ( 0.00%) 
[NR-eGR] ----------------------------------------------
[NR-eGR]        Total         0( 0.00%)   ( 0.00%) 
[NR-eGR] 
[NR-eGR] Overflow after Early Global Route 0.00% H + 0.00% V
[NR-eGR] Connected 0 must-join pins/ports (post-process)
[NR-eGR] Total eGR-routed clock nets wire length: 0um, number of vias: 0
[NR-eGR] --------------------------------------------------------------------------
[NR-eGR]              Length (um)  Vias 
[NR-eGR] -------------------------------
[NR-eGR]  M1   (1V)             0   572 
[NR-eGR]  M2   (2H)          1396   943 
[NR-eGR]  M3   (3V)          1217   190 
[NR-eGR]  M4   (4H)           776    24 
[NR-eGR]  M5   (5V)           181    12 
[NR-eGR]  M6   (6H)            31     2 
[NR-eGR]  M7   (7V)             0     2 
[NR-eGR]  M8   (8H)             9     2 
[NR-eGR]  M9   (9V)            11     0 
[NR-eGR]  Pad  (10H)            0     0 
[NR-eGR] -------------------------------
[NR-eGR]       Total         3621  1747 
[NR-eGR] --------------------------------------------------------------------------
[NR-eGR] Total half perimeter of net bounding box: 3470um
[NR-eGR] Total length: 3621um, number of vias: 1747
[NR-eGR] --------------------------------------------------------------------------
[NR-eGR] Finished Early Global Route kernel ( CPU: 0.05 sec, Real: 0.17 sec, Curr Mem: 2.77 MB )
      Route Remaining Unrouted Nets done. (took cpu=0:00:00.1 real=0:00:00.3)
    Routing using NR in eGR->NR Step done.
Net route status summary:
  Clock:         1 (unrouted=0, trialRouted=0, noStatus=0, routed=0, fixed=1, [crossesIlmBoundary=0, tooFewTerms=0, (crossesIlmBoundary AND tooFewTerms=0)])
  Non-clock:   285 (unrouted=26, trialRouted=259, noStatus=0, routed=0, fixed=0, [crossesIlmBoundary=0, tooFewTerms=26, (crossesIlmBoundary AND tooFewTerms=0)])

CCOPT: Done with clock implementation routing.

    Leaving CCOpt scope - Routing Tools done. (took cpu=0:00:01.6 real=0:00:03.7)
  Clock implementation routing done.
  Leaving CCOpt scope - extractRC...
  Updating RC parasitics by calling: "extractRC -noRouteCheck"...
Extraction called for design 'Adder32' of instances=195 and nets=286 using extraction engine 'preRoute' .
**WARN: (IMPEXT-3530):	The process node is not set. Use the command setDesignMode -process <process node> prior to extraction for maximum accuracy and optimal automatic threshold setting.
Type 'man IMPEXT-3530' for more detail.
PreRoute RC Extraction called for design Adder32.
RC Extraction called in multi-corner(1) mode.
**WARN: (IMPEXT-6197):	The Cap table file is not specified. This will result in lower parasitic accuracy when using preRoute extraction or postRoute extraction with effort level 'low'. It is recommended to generate the Cap table file using the 'generateCapTbl' command and specify it before extraction using 'create_rc_corner/update_rc_corner -cap_table'.
Type 'man IMPEXT-6197' for more detail.
RCMode: PreRoute
      RC Corner Indexes            0   
Capacitance Scaling Factor   : 1.00000 
Resistance Scaling Factor    : 1.00000 
Clock Cap. Scaling Factor    : 1.00000 
Clock Res. Scaling Factor    : 1.00000 
Shrink Factor                : 1.00000
PreRoute extraction is honoring NDR/Shielding/ExtraSpace for clock nets.
Updating RC Grid density data for preRoute extraction ...
Initializing multi-corner resistance tables ...
PreRoute RC Extraction DONE (CPU Time: 0:00:00.0  Real Time: 0:00:00.0  MEM: 2906.203M)
  Updating RC parasitics by calling: "extractRC -noRouteCheck" done.
  Leaving CCOpt scope - extractRC done. (took cpu=0:00:00.0 real=0:00:00.1)
  Clock tree timing engine global stage delay update for delay_corner_typical:both.late...
  Clock tree timing engine global stage delay update for delay_corner_typical:both.late done. (took cpu=0:00:00.0 real=0:00:00.0)
  Clock DAG stats after routing clock trees:
    cell counts      : b=0, i=0, icg=0, dcg=0, l=0, total=0
    sink counts      : regular=32, enable_latch=0, load_capacitance=0, antenna=0, node_sink=0, total=32
    misc counts      : r=1, pp=0, mci=0
    cell areas       : b=0.000um^2, i=0.000um^2, icg=0.000um^2, dcg=0.000um^2, l=0.000um^2, total=0.000um^2
    cell capacitance : b=0.000fF, i=0.000fF, icg=0.000fF, dcg=0.000fF, l=0.000fF, total=0.000fF
    sink capacitance : total=17.218fF, avg=0.538fF, sd=0.006fF, min=0.523fF, max=0.557fF
    wire capacitance : top=0.000fF, trunk=0.000fF, leaf=24.283fF, total=24.283fF
    wire lengths     : top=0.000um, trunk=0.000um, leaf=94.512um, total=94.512um
    hp wire lengths  : top=0.000um, trunk=0.000um, leaf=0.000um, total=0.000um
  Clock DAG net violations after routing clock trees: none
  Clock DAG primary half-corner transition distribution after routing clock trees:
    Leaf : target=50.0ps count=1 avg=6.2ps sd=0.0ps min=6.2ps max=6.2ps {1 <= 30.0ps, 0 <= 40.0ps, 0 <= 45.0ps, 0 <= 47.5ps, 0 <= 50.0ps}
  Primary reporting skew groups after routing clock trees:
    skew_group CLK/constraint_typical: insertion delay [min=1.5, max=2.2, avg=2.0, sd=0.2, skn=-1.900, kur=2.962], skew [0.7 vs 25.8], 100% {1.5, 2.2} (wid=2.2 ws=0.7) (gid=0.0 gs=0.0)
  Skew group summary after routing clock trees:
    skew_group CLK/constraint_typical: insertion delay [min=1.5, max=2.2, avg=2.0, sd=0.2, skn=-1.900, kur=2.962], skew [0.7 vs 25.8], 100% {1.5, 2.2} (wid=2.2 ws=0.7) (gid=0.0 gs=0.0)
  CCOpt::Phase::Routing done. (took cpu=0:00:01.6 real=0:00:03.8)
  CCOpt::Phase::PostConditioning...
  Leaving CCOpt scope - Initializing placement interface...
  Leaving CCOpt scope - Initializing placement interface done. (took cpu=0:00:00.0 real=0:00:00.0)
  PostConditioning...
    PostConditioning active optimizations:
     - DRV fixing with initial upsizing, sizing and buffering
     - Skew fixing with sizing
    
    Currently running CTS, using active skew data
    ProEngine running partially connected to DB
    Reset bufferability constraints...
    Resetting previous bufferability status on all nets so that PostConditioning will attempt to fix all clock tree violations.
    Reset bufferability constraints done. (took cpu=0:00:00.0 real=0:00:00.0)
    PostConditioning Upsizing To Fix DRVs...
      Fixing clock tree DRVs with upsizing: ...20% ...40% ...60% ...80% ...100% 
      CCOpt-PostConditioning: considered: 1, tested: 1, violation detected: 0, violation ignored (due to small violation): 0, cannot run: 0, attempted: 0, unsuccessful: 0, sized: 0
      
      Statistics: Fix DRVs (initial upsizing):
      ========================================
      
      Cell changes by Net Type:
      
      -------------------------------------------------------------------------------------------------
      Net Type    Attempted    Upsized     Downsized    Swapped Same Size    Total Changed    Not Sized
      -------------------------------------------------------------------------------------------------
      top                0            0           0            0                    0                0
      trunk              0            0           0            0                    0                0
      leaf               0            0           0            0                    0                0
      -------------------------------------------------------------------------------------------------
      Total              0            0           0            0                    0                0
      -------------------------------------------------------------------------------------------------
      
      Upsized: 0, Downsized: 0, Sized but same area: 0, Unchanged: 0, Area change: 0.000um^2
      Max. move: 0.000um, Min. move: 0.000um, Avg. move: N/A
      
      Clock DAG stats after 'PostConditioning Upsizing To Fix DRVs':
        cell counts      : b=0, i=0, icg=0, dcg=0, l=0, total=0
        sink counts      : regular=32, enable_latch=0, load_capacitance=0, antenna=0, node_sink=0, total=32
        misc counts      : r=1, pp=0, mci=0
        cell areas       : b=0.000um^2, i=0.000um^2, icg=0.000um^2, dcg=0.000um^2, l=0.000um^2, total=0.000um^2
        cell capacitance : b=0.000fF, i=0.000fF, icg=0.000fF, dcg=0.000fF, l=0.000fF, total=0.000fF
        sink capacitance : total=17.218fF, avg=0.538fF, sd=0.006fF, min=0.523fF, max=0.557fF
        wire capacitance : top=0.000fF, trunk=0.000fF, leaf=24.283fF, total=24.283fF
        wire lengths     : top=0.000um, trunk=0.000um, leaf=94.512um, total=94.512um
        hp wire lengths  : top=0.000um, trunk=0.000um, leaf=0.000um, total=0.000um
      Clock DAG net violations after 'PostConditioning Upsizing To Fix DRVs': none
      Clock DAG primary half-corner transition distribution after 'PostConditioning Upsizing To Fix DRVs':
        Leaf : target=50.0ps count=1 avg=6.2ps sd=0.0ps min=6.2ps max=6.2ps {1 <= 30.0ps, 0 <= 40.0ps, 0 <= 45.0ps, 0 <= 47.5ps, 0 <= 50.0ps}
      Primary reporting skew groups after 'PostConditioning Upsizing To Fix DRVs':
        skew_group CLK/constraint_typical: insertion delay [min=1.5, max=2.2], skew [0.7 vs 25.8]
      Skew group summary after 'PostConditioning Upsizing To Fix DRVs':
        skew_group CLK/constraint_typical: insertion delay [min=1.5, max=2.2], skew [0.7 vs 25.8]
      Legalizer API calls during this step: 0 succeeded with high effort: 0 succeeded with medium effort: 0 succeeded with low effort: 0 succeeded with basic effort: 0 succeeded with basic unbounded effort: 0
    PostConditioning Upsizing To Fix DRVs done. (took cpu=0:00:00.0 real=0:00:00.0)
    Recomputing CTS skew targets...
    Resolving skew group constraints...
      Solving LP: 1 skew groups; 2 fragments, 2 fraglets and 3 vertices; 12 variables and 27 constraints; tolerance 1
    Resolving skew group constraints done.
    Recomputing CTS skew targets done. (took cpu=0:00:00.0 real=0:00:00.0)
    PostConditioning Fixing DRVs...
      Fixing clock tree DRVs: ...20% ...40% ...60% ...80% ...100% 
      CCOpt-PostConditioning: considered: 1, tested: 1, violation detected: 0, violation ignored (due to small violation): 0, cannot run: 0, attempted: 0, unsuccessful: 0, sized: 0
      
      Statistics: Fix DRVs (cell sizing):
      ===================================
      
      Cell changes by Net Type:
      
      -------------------------------------------------------------------------------------------------
      Net Type    Attempted    Upsized     Downsized    Swapped Same Size    Total Changed    Not Sized
      -------------------------------------------------------------------------------------------------
      top                0            0           0            0                    0                0
      trunk              0            0           0            0                    0                0
      leaf               0            0           0            0                    0                0
      -------------------------------------------------------------------------------------------------
      Total              0            0           0            0                    0                0
      -------------------------------------------------------------------------------------------------
      
      Upsized: 0, Downsized: 0, Sized but same area: 0, Unchanged: 0, Area change: 0.000um^2
      Max. move: 0.000um, Min. move: 0.000um, Avg. move: N/A
      
      Clock DAG stats after 'PostConditioning Fixing DRVs':
        cell counts      : b=0, i=0, icg=0, dcg=0, l=0, total=0
        sink counts      : regular=32, enable_latch=0, load_capacitance=0, antenna=0, node_sink=0, total=32
        misc counts      : r=1, pp=0, mci=0
        cell areas       : b=0.000um^2, i=0.000um^2, icg=0.000um^2, dcg=0.000um^2, l=0.000um^2, total=0.000um^2
        cell capacitance : b=0.000fF, i=0.000fF, icg=0.000fF, dcg=0.000fF, l=0.000fF, total=0.000fF
        sink capacitance : total=17.218fF, avg=0.538fF, sd=0.006fF, min=0.523fF, max=0.557fF
        wire capacitance : top=0.000fF, trunk=0.000fF, leaf=24.283fF, total=24.283fF
        wire lengths     : top=0.000um, trunk=0.000um, leaf=94.512um, total=94.512um
        hp wire lengths  : top=0.000um, trunk=0.000um, leaf=0.000um, total=0.000um
      Clock DAG net violations after 'PostConditioning Fixing DRVs': none
      Clock DAG primary half-corner transition distribution after 'PostConditioning Fixing DRVs':
        Leaf : target=50.0ps count=1 avg=6.2ps sd=0.0ps min=6.2ps max=6.2ps {1 <= 30.0ps, 0 <= 40.0ps, 0 <= 45.0ps, 0 <= 47.5ps, 0 <= 50.0ps}
      Primary reporting skew groups after 'PostConditioning Fixing DRVs':
        skew_group CLK/constraint_typical: insertion delay [min=1.5, max=2.2], skew [0.7 vs 25.8]
      Skew group summary after 'PostConditioning Fixing DRVs':
        skew_group CLK/constraint_typical: insertion delay [min=1.5, max=2.2], skew [0.7 vs 25.8]
      Legalizer API calls during this step: 0 succeeded with high effort: 0 succeeded with medium effort: 0 succeeded with low effort: 0 succeeded with basic effort: 0 succeeded with basic unbounded effort: 0
    PostConditioning Fixing DRVs done. (took cpu=0:00:00.0 real=0:00:00.0)
    Buffering to fix DRVs...
    Fixing DRVs with route buffering pass 1. Quick buffering: enabled
    Rebuffering to fix clock tree DRVs: ...20% ...40% ...60% ...80% ...100% 
    Inserted 0 buffers and inverters.
    success count. Default: 0, QS: 0, QD: 0, FS: 0, MQS: 0
    CCOpt-PostConditioning: nets considered: 1, nets tested: 1, nets violation detected: 0, nets violation ignored (due to small violation): 0, nets cannot run: 0, nets attempted: 0, nets unsuccessful: 0, buffered: 0
    Clock DAG stats PostConditioning after re-buffering DRV fixing:
      cell counts      : b=0, i=0, icg=0, dcg=0, l=0, total=0
      sink counts      : regular=32, enable_latch=0, load_capacitance=0, antenna=0, node_sink=0, total=32
      misc counts      : r=1, pp=0, mci=0
      cell areas       : b=0.000um^2, i=0.000um^2, icg=0.000um^2, dcg=0.000um^2, l=0.000um^2, total=0.000um^2
      cell capacitance : b=0.000fF, i=0.000fF, icg=0.000fF, dcg=0.000fF, l=0.000fF, total=0.000fF
      sink capacitance : total=17.218fF, avg=0.538fF, sd=0.006fF, min=0.523fF, max=0.557fF
      wire capacitance : top=0.000fF, trunk=0.000fF, leaf=24.283fF, total=24.283fF
      wire lengths     : top=0.000um, trunk=0.000um, leaf=94.512um, total=94.512um
      hp wire lengths  : top=0.000um, trunk=0.000um, leaf=0.000um, total=0.000um
    Clock DAG net violations PostConditioning after re-buffering DRV fixing: none
    Clock DAG primary half-corner transition distribution PostConditioning after re-buffering DRV fixing:
      Leaf : target=50.0ps count=1 avg=6.2ps sd=0.0ps min=6.2ps max=6.2ps {1 <= 30.0ps, 0 <= 40.0ps, 0 <= 45.0ps, 0 <= 47.5ps, 0 <= 50.0ps}
    Primary reporting skew groups PostConditioning after re-buffering DRV fixing:
      skew_group CLK/constraint_typical: insertion delay [min=1.5, max=2.2, avg=2.0, sd=0.2, skn=-1.900, kur=2.962], skew [0.7 vs 25.8], 100% {1.5, 2.2} (wid=2.2 ws=0.7) (gid=0.0 gs=0.0)
    Skew group summary PostConditioning after re-buffering DRV fixing:
      skew_group CLK/constraint_typical: insertion delay [min=1.5, max=2.2, avg=2.0, sd=0.2, skn=-1.900, kur=2.962], skew [0.7 vs 25.8], 100% {1.5, 2.2} (wid=2.2 ws=0.7) (gid=0.0 gs=0.0)
    Buffering to fix DRVs done. (took cpu=0:00:00.0 real=0:00:00.0)
    PostConditioning Fixing Skew by cell sizing...
      Resized 0 clock insts to decrease delay.
      Resized 0 clock insts to increase delay.
      
      Statistics: Fix Skew (cell sizing):
      ===================================
      
      Cell changes by Net Type:
      
      -------------------------------------------------------------------------------------------------
      Net Type    Attempted    Upsized     Downsized    Swapped Same Size    Total Changed    Not Sized
      -------------------------------------------------------------------------------------------------
      top                0            0           0            0                    0                0
      trunk              0            0           0            0                    0                0
      leaf               0            0           0            0                    0                0
      -------------------------------------------------------------------------------------------------
      Total              0            0           0            0                    0                0
      -------------------------------------------------------------------------------------------------
      
      Upsized: 0, Downsized: 0, Sized but same area: 0, Unchanged: 0, Area change: 0.000um^2
      Max. move: 0.000um, Min. move: 0.000um, Avg. move: N/A
      
      Clock DAG stats after 'PostConditioning Fixing Skew by cell sizing':
        cell counts      : b=0, i=0, icg=0, dcg=0, l=0, total=0
        sink counts      : regular=32, enable_latch=0, load_capacitance=0, antenna=0, node_sink=0, total=32
        misc counts      : r=1, pp=0, mci=0
        cell areas       : b=0.000um^2, i=0.000um^2, icg=0.000um^2, dcg=0.000um^2, l=0.000um^2, total=0.000um^2
        cell capacitance : b=0.000fF, i=0.000fF, icg=0.000fF, dcg=0.000fF, l=0.000fF, total=0.000fF
        sink capacitance : total=17.218fF, avg=0.538fF, sd=0.006fF, min=0.523fF, max=0.557fF
        wire capacitance : top=0.000fF, trunk=0.000fF, leaf=24.283fF, total=24.283fF
        wire lengths     : top=0.000um, trunk=0.000um, leaf=94.512um, total=94.512um
        hp wire lengths  : top=0.000um, trunk=0.000um, leaf=0.000um, total=0.000um
      Clock DAG net violations after 'PostConditioning Fixing Skew by cell sizing': none
      Clock DAG primary half-corner transition distribution after 'PostConditioning Fixing Skew by cell sizing':
        Leaf : target=50.0ps count=1 avg=6.2ps sd=0.0ps min=6.2ps max=6.2ps {1 <= 30.0ps, 0 <= 40.0ps, 0 <= 45.0ps, 0 <= 47.5ps, 0 <= 50.0ps}
      Primary reporting skew groups after 'PostConditioning Fixing Skew by cell sizing':
        skew_group CLK/constraint_typical: insertion delay [min=1.5, max=2.2, avg=2.0, sd=0.2, skn=-1.900, kur=2.962], skew [0.7 vs 25.8], 100% {1.5, 2.2} (wid=2.2 ws=0.7) (gid=0.0 gs=0.0)
      Skew group summary after 'PostConditioning Fixing Skew by cell sizing':
        skew_group CLK/constraint_typical: insertion delay [min=1.5, max=2.2, avg=2.0, sd=0.2, skn=-1.900, kur=2.962], skew [0.7 vs 25.8], 100% {1.5, 2.2} (wid=2.2 ws=0.7) (gid=0.0 gs=0.0)
      Legalizer API calls during this step: 0 succeeded with high effort: 0 succeeded with medium effort: 0 succeeded with low effort: 0 succeeded with basic effort: 0 succeeded with basic unbounded effort: 0
    PostConditioning Fixing Skew by cell sizing done. (took cpu=0:00:00.0 real=0:00:00.0)
    Reconnecting optimized routes...
    Reset timing graph...
Ignoring AAE DB Resetting ...
    Reset timing graph done.
    Reconnecting optimized routes done. (took cpu=0:00:00.0 real=0:00:00.0)
Skipping refinePlace: no changes were made during DRV and/or skew fixing steps so it is unnecessary.
  PostConditioning done.
Net route status summary:
  Clock:         1 (unrouted=0, trialRouted=0, noStatus=0, routed=0, fixed=1, [crossesIlmBoundary=0, tooFewTerms=0, (crossesIlmBoundary AND tooFewTerms=0)])
  Non-clock:   285 (unrouted=26, trialRouted=259, noStatus=0, routed=0, fixed=0, [crossesIlmBoundary=0, tooFewTerms=26, (crossesIlmBoundary AND tooFewTerms=0)])
  Update timing and DAG stats after post-conditioning...
  Update timing and DAG stats after post-conditioning done. (took cpu=0:00:00.0 real=0:00:00.0)
  Clock tree timing engine global stage delay update for delay_corner_typical:both.late...
  Clock tree timing engine global stage delay update for delay_corner_typical:both.late done. (took cpu=0:00:00.0 real=0:00:00.0)
  Clock DAG stats after post-conditioning:
    cell counts      : b=0, i=0, icg=0, dcg=0, l=0, total=0
    sink counts      : regular=32, enable_latch=0, load_capacitance=0, antenna=0, node_sink=0, total=32
    misc counts      : r=1, pp=0, mci=0
    cell areas       : b=0.000um^2, i=0.000um^2, icg=0.000um^2, dcg=0.000um^2, l=0.000um^2, total=0.000um^2
    cell capacitance : b=0.000fF, i=0.000fF, icg=0.000fF, dcg=0.000fF, l=0.000fF, total=0.000fF
    sink capacitance : total=17.218fF, avg=0.538fF, sd=0.006fF, min=0.523fF, max=0.557fF
    wire capacitance : top=0.000fF, trunk=0.000fF, leaf=24.283fF, total=24.283fF
    wire lengths     : top=0.000um, trunk=0.000um, leaf=94.512um, total=94.512um
    hp wire lengths  : top=0.000um, trunk=0.000um, leaf=0.000um, total=0.000um
  Clock DAG net violations after post-conditioning: none
  Clock DAG primary half-corner transition distribution after post-conditioning:
    Leaf : target=50.0ps count=1 avg=6.2ps sd=0.0ps min=6.2ps max=6.2ps {1 <= 30.0ps, 0 <= 40.0ps, 0 <= 45.0ps, 0 <= 47.5ps, 0 <= 50.0ps}
  Primary reporting skew groups after post-conditioning:
    skew_group CLK/constraint_typical: insertion delay [min=1.5, max=2.2, avg=2.0, sd=0.2, skn=-1.900, kur=2.962], skew [0.7 vs 25.8], 100% {1.5, 2.2} (wid=2.2 ws=0.7) (gid=0.0 gs=0.0)
  Skew group summary after post-conditioning:
    skew_group CLK/constraint_typical: insertion delay [min=1.5, max=2.2, avg=2.0, sd=0.2, skn=-1.900, kur=2.962], skew [0.7 vs 25.8], 100% {1.5, 2.2} (wid=2.2 ws=0.7) (gid=0.0 gs=0.0)
  CCOpt::Phase::PostConditioning done. (took cpu=0:00:00.0 real=0:00:00.1)
  Post-balance tidy up or trial balance steps...
  
  Clock DAG stats at end of CTS:
  ==============================
  
  -------------------------------------------------------
  Cell type                 Count    Area     Capacitance
  -------------------------------------------------------
  Buffers                     0      0.000       0.000
  Inverters                   0      0.000       0.000
  Integrated Clock Gates      0      0.000       0.000
  Discrete Clock Gates        0      0.000       0.000
  Clock Logic                 0      0.000       0.000
  All                         0      0.000       0.000
  -------------------------------------------------------
  
  Clock DAG miscellaneous counts at end of CTS:
  =============================================
  
  ------------------------------
  Type                     Count
  ------------------------------
  Roots                      1
  Preserved Ports            0
  Multiple Clock Inputs      0
  ------------------------------
  
  
  Clock DAG sink counts at end of CTS:
  ====================================
  
  -------------------------
  Sink type           Count
  -------------------------
  Regular              32
  Enable Latch          0
  Load Capacitance      0
  Antenna Diode         0
  Node Sink             0
  Total                32
  -------------------------
  
  
  Clock DAG wire lengths at end of CTS:
  =====================================
  
  --------------------
  Type     Wire Length
  --------------------
  Top         0.000
  Trunk       0.000
  Leaf       94.512
  Total      94.512
  --------------------
  
  
  Clock DAG hp wire lengths at end of CTS:
  ========================================
  
  -----------------------
  Type     hp Wire Length
  -----------------------
  Top          0.000
  Trunk        0.000
  Leaf         0.000
  Total        0.000
  -----------------------
  
  
  Clock DAG capacitances at end of CTS:
  =====================================
  
  -----------------------------------
  Type     Gate      Wire      Total
  -----------------------------------
  Top       0.000     0.000     0.000
  Trunk     0.000     0.000     0.000
  Leaf     17.218    24.283    41.502
  Total    17.218    24.283    41.502
  -----------------------------------
  
  
  Clock DAG sink capacitances at end of CTS:
  ==========================================
  
  ------------------------------------------------
  Total     Average    Std. Dev.    Min      Max
  ------------------------------------------------
  17.218     0.538       0.006      0.523    0.557
  ------------------------------------------------
  
  
  Clock DAG net violations at end of CTS:
  =======================================
  
  None
  
  
  Clock DAG primary half-corner transition distribution at end of CTS:
  ====================================================================
  
  -----------------------------------------------------------------------------------------------------------------------------------------------------
  Net Type    Target    Count    Average    Std. Dev.    Min    Max    Distribution                                                         Over Target
  -----------------------------------------------------------------------------------------------------------------------------------------------------
  Leaf         50.0       1        6.2         0.0       6.2    6.2    {1 <= 30.0ps, 0 <= 40.0ps, 0 <= 45.0ps, 0 <= 47.5ps, 0 <= 50.0ps}         -
  -----------------------------------------------------------------------------------------------------------------------------------------------------
  
  
  Primary reporting skew groups summary at end of CTS:
  ====================================================
  
  -------------------------------------------------------------------------------------------------------------------------------------------------------------------------------------------------------------
  Half-corner                       Skew Group                Min ID    Max ID    Skew    Skew target    Wire skew    Worst sink skew    Average ID    Std.Dev    Skewness    Kurtosis    Skew window occupancy
  -------------------------------------------------------------------------------------------------------------------------------------------------------------------------------------------------------------
  delay_corner_typical:both.late    CLK/constraint_typical     1.5       2.2      0.7        25.8           0.7             0.7             2.0          0.2       -1.900      2.962      100% {1.5, 2.2}
  -------------------------------------------------------------------------------------------------------------------------------------------------------------------------------------------------------------
  
  
  Skew group summary at end of CTS:
  =================================
  
  -------------------------------------------------------------------------------------------------------------------------------------------------------------------------------------------------------------
  Half-corner                       Skew Group                Min ID    Max ID    Skew    Skew target    Wire skew    Worst sink skew    Average ID    Std.Dev    Skewness    Kurtosis    Skew window occupancy
  -------------------------------------------------------------------------------------------------------------------------------------------------------------------------------------------------------------
  delay_corner_typical:both.late    CLK/constraint_typical     1.5       2.2      0.7        25.8           0.7             0.7             2.0          0.2       -1.900      2.962      100% {1.5, 2.2}
  -------------------------------------------------------------------------------------------------------------------------------------------------------------------------------------------------------------
  
  
  Found a total of 0 clock tree pins with a slew violation.
  
  Post-balance tidy up or trial balance steps done. (took cpu=0:00:00.0 real=0:00:00.0)
Synthesizing clock trees done.
Tidy Up And Update Timing...
External - Set all clocks to propagated mode...
**WARN: (IMPCCOPT-2015):	Innovus will not update I/O latencies for the following reason(s):
 * The following are in propagated mode:
   - SDC clock CLK in view view_typical

Setting all clocks to propagated mode.
constraint_typical
External - Set all clocks to propagated mode done. (took cpu=0:00:00.0 real=0:00:00.0)
Clock DAG stats after update timingGraph:
  cell counts      : b=0, i=0, icg=0, dcg=0, l=0, total=0
  sink counts      : regular=32, enable_latch=0, load_capacitance=0, antenna=0, node_sink=0, total=32
  misc counts      : r=1, pp=0, mci=0
  cell areas       : b=0.000um^2, i=0.000um^2, icg=0.000um^2, dcg=0.000um^2, l=0.000um^2, total=0.000um^2
  cell capacitance : b=0.000fF, i=0.000fF, icg=0.000fF, dcg=0.000fF, l=0.000fF, total=0.000fF
  sink capacitance : total=17.218fF, avg=0.538fF, sd=0.006fF, min=0.523fF, max=0.557fF
  wire capacitance : top=0.000fF, trunk=0.000fF, leaf=24.283fF, total=24.283fF
  wire lengths     : top=0.000um, trunk=0.000um, leaf=94.512um, total=94.512um
  hp wire lengths  : top=0.000um, trunk=0.000um, leaf=0.000um, total=0.000um
Clock DAG net violations after update timingGraph: none
Clock DAG primary half-corner transition distribution after update timingGraph:
  Leaf : target=50.0ps count=1 avg=6.2ps sd=0.0ps min=6.2ps max=6.2ps {1 <= 30.0ps, 0 <= 40.0ps, 0 <= 45.0ps, 0 <= 47.5ps, 0 <= 50.0ps}
Primary reporting skew groups after update timingGraph:
  skew_group CLK/constraint_typical: insertion delay [min=1.5, max=2.2, avg=2.0, sd=0.2, skn=-1.900, kur=2.962], skew [0.7 vs 25.8], 100% {1.5, 2.2} (wid=2.2 ws=0.7) (gid=0.0 gs=0.0)
Skew group summary after update timingGraph:
  skew_group CLK/constraint_typical: insertion delay [min=1.5, max=2.2, avg=2.0, sd=0.2, skn=-1.900, kur=2.962], skew [0.7 vs 25.8], 100% {1.5, 2.2} (wid=2.2 ws=0.7) (gid=0.0 gs=0.0)
Logging CTS constraint violations...
  No violations found.
Logging CTS constraint violations done.
Tidy Up And Update Timing done. (took cpu=0:00:00.0 real=0:00:00.0)
Runtime done. (took cpu=0:00:04.8 real=0:00:09.9)
Runtime Summary
===============
Clock Runtime:  (42%) Core CTS           3.94 (Init 2.92, Construction 0.17, Implementation 0.22, eGRPC 0.16, PostConditioning 0.10, Other 0.38)
Clock Runtime:  (47%) CTS services       4.38 (RefinePlace 0.61, EarlyGlobalClock 0.60, NanoRoute 3.02, ExtractRC 0.15, TimingAnalysis 0.00)
Clock Runtime:  (10%) Other CTS          0.94 (Init 0.27, CongRepair/EGR-DP 0.62, TimingUpdate 0.05, Other 0.00)
Clock Runtime: (100%) Total              9.26

Leaving CCOpt scope - Cleaning up placement interface...
Leaving CCOpt scope - Cleaning up placement interface done. (took cpu=0:00:00.0 real=0:00:00.0)
*** CTS #1 [finish] (ccopt_design #1) : cpu/real = 0:00:04.4/0:00:09.1 (0.5), totSession cpu/real = 0:05:23.9/0:11:18.5 (0.5), mem = 2919.4M
Synthesizing clock trees with CCOpt done.
Begin: Reorder Scan Chains
**WARN: (IMPSP-9025):	No scan chain specified/traced.
Type 'man IMPSP-9025' for more detail.
End: Reorder Scan Chains
**optDesign ... cpu = 0:00:00, real = 0:00:00, mem = 2725.9M, totSessionCpu=0:05:24 **
GigaOpt running with 1 threads.
*** InitOpt #1 [begin] (ccopt_design #1) : totSession cpu/real = 0:05:23.9/0:11:18.5 (0.5), mem = 2919.4M
**INFO: setDesignMode -flowEffort standard -> setting 'setOptMode -allEndPoints true' for the duration of this command.
Need call spDPlaceInit before registerPrioInstLoc.
Info: Using Genus executable '/home/share_file/cadence/installs/DDI221/GENUS221/tools.lnx86/bin/genus'.
      Genus workers will not check out additional licenses.
#################################################################################
# Design Stage: PreRoute
# Design Name: Adder32
# Design Mode: 90nm
# Analysis Mode: MMMC OCV 
# Parasitics Mode: No SPEF/RCDB 
# Signoff Settings: SI Off 
#################################################################################
             0V	    VSS
          0.77V	    VDD

Starting Levelizing
2026-Apr-04 15:24:59 (2026-Apr-04 08:24:59 GMT)
2026-Apr-04 15:24:59 (2026-Apr-04 08:24:59 GMT): 10%
2026-Apr-04 15:24:59 (2026-Apr-04 08:24:59 GMT): 20%
2026-Apr-04 15:24:59 (2026-Apr-04 08:24:59 GMT): 30%
2026-Apr-04 15:24:59 (2026-Apr-04 08:24:59 GMT): 40%
2026-Apr-04 15:24:59 (2026-Apr-04 08:24:59 GMT): 50%
2026-Apr-04 15:24:59 (2026-Apr-04 08:24:59 GMT): 60%
2026-Apr-04 15:24:59 (2026-Apr-04 08:24:59 GMT): 70%
2026-Apr-04 15:24:59 (2026-Apr-04 08:24:59 GMT): 80%
2026-Apr-04 15:24:59 (2026-Apr-04 08:24:59 GMT): 90%

Finished Levelizing
2026-Apr-04 15:24:59 (2026-Apr-04 08:24:59 GMT)

Starting Activity Propagation
2026-Apr-04 15:24:59 (2026-Apr-04 08:24:59 GMT)
2026-Apr-04 15:24:59 (2026-Apr-04 08:24:59 GMT): 10%
2026-Apr-04 15:24:59 (2026-Apr-04 08:24:59 GMT): 20%
2026-Apr-04 15:24:59 (2026-Apr-04 08:24:59 GMT): 30%

Finished Activity Propagation
2026-Apr-04 15:24:59 (2026-Apr-04 08:24:59 GMT)
**optDesign ... cpu = 0:01:05, real = 0:02:22, mem = 2736.6M, totSessionCpu=0:06:29 **
#optDebug: { P: 90 W: 9195 FE: standard PE: high LDR: 0.5}
*** optDesign -postCTS ***
DRC Margin: user margin 0.0; extra margin 0.2
Hold Target Slack: user slack 0
Setup Target Slack: user slack 0; extra slack 0.0
setUsefulSkewMode -opt_skew_eco_route false
**INFO: setOptMode -opt_power_effort high -> Total Power Opt will be called for all Setup Timing optDesign commands, with leakageToDynamicRatio 0.5.
Start to check current routing status for nets...
All nets are already routed correctly.
End to check current routing status for nets (mem=2926.5M)
Compute RC Scale Done ...
Starting delay calculation for Setup views
AAE_INFO: opIsDesignInPostRouteState() is 0
#################################################################################
# Design Stage: PreRoute
# Design Name: Adder32
# Design Mode: 90nm
# Analysis Mode: MMMC OCV 
# Parasitics Mode: No SPEF/RCDB 
# Signoff Settings: SI Off 
#################################################################################
Start delay calculation (fullDC) (1 T). (MEM=3119.62)
Total number of fetched objects 284
End delay calculation. (MEM=3107.34 CPU=0:00:00.0 REAL=0:00:00.0)
End delay calculation (fullDC). (MEM=3107.34 CPU=0:00:00.1 REAL=0:00:00.0)
*** Done Building Timing Graph (cpu=0:00:00.3 real=0:00:00.0 totSessionCpu=0:06:30 mem=3107.3M)

------------------------------------------------------------------
             Initial Summary
------------------------------------------------------------------

Setup views included:
 view_typical 

+--------------------+---------+---------+---------+
|     Setup mode     |   all   | reg2reg | default |
+--------------------+---------+---------+---------+
|           WNS (ns):| -0.379  |   N/A   | -0.379  |
|           TNS (ns):| -7.547  |   N/A   | -7.547  |
|    Violating Paths:|   32    |   N/A   |   32    |
|          All Paths:|   32    |   N/A   |   32    |
+--------------------+---------+---------+---------+

+----------------+-------------------------------+------------------+
|                |              Real             |       Total      |
|    DRVs        +------------------+------------+------------------|
|                |  Nr nets(terms)  | Worst Vio  |  Nr nets(terms)  |
+----------------+------------------+------------+------------------+
|   max_cap      |      0 (0)       |   0.000    |      0 (0)       |
|   max_tran     |      0 (0)       |   0.000    |      0 (0)       |
|   max_fanout   |      0 (0)       |     0      |      0 (0)       |
|   max_length   |      0 (0)       |     0      |      0 (0)       |
+----------------+------------------+------------+------------------+

Density: 93.932%
------------------------------------------------------------------
**optDesign ... cpu = 0:01:06, real = 0:02:24, mem = 2876.1M, totSessionCpu=0:06:30 **
*** InitOpt #1 [finish] (ccopt_design #1) : cpu/real = 0:01:06.1/0:02:23.6 (0.5), totSession cpu/real = 0:06:30.0/0:13:42.1 (0.5), mem = 3028.3M
** INFO : this run is activating low effort ccoptDesign flow
OPTC: m4 20.0 20.0 [ 0.5 20.0 50.0 ]
OPTC: view 20.0:0.5 [ 0.0500 ]

Power view               = view_typical
Number of VT partitions  = 3
Standard cells in design = 808
Instances in design      = 195

Instance distribution across the VT partitions:

 LVT : inst = 133 (68.2%), cells = 202 (25.00%)
   Lib asap7sc7p5t_AO_SLVT_FF_nldm_211120 : inst = 5 (2.6%)
   Lib asap7sc7p5t_INVBUF_SLVT_FF_nldm_211120 : inst = 34 (17.4%)
   Lib asap7sc7p5t_OA_SLVT_FF_nldm_211120 : inst = 17 (8.7%)
   Lib asap7sc7p5t_SEQ_SLVT_FF_nldm_220123 : inst = 1 (0.5%)
   Lib asap7sc7p5t_SIMPLE_SLVT_FF_nldm_211120 : inst = 76 (39.0%)

 SVT : inst = 28 (14.4%), cells = 149 (18.44%)
   Lib asap7sc7p5t_INVBUF_LVT_FF_nldm_211120 : inst = 2 (1.0%)
   Lib asap7sc7p5t_SIMPLE_LVT_FF_nldm_211120 : inst = 10 (5.1%)
   Lib asap7sc7p5t_SIMPLE_RVT_FF_nldm_211120 : inst = 16 (8.2%)

 HVT : inst = 34 (17.4%), cells = 457 (56.56%)
   Lib asap7sc7p5t_AO_LVT_FF_nldm_211120 : inst = 0 (0.0%)
   Lib asap7sc7p5t_AO_RVT_FF_nldm_211120 : inst = 0 (0.0%)
   Lib asap7sc7p5t_AO_SRAM_FF_nldm_211120 : inst = 0 (0.0%)
   Lib asap7sc7p5t_INVBUF_RVT_FF_nldm_211120 : inst = 0 (0.0%)
   Lib asap7sc7p5t_INVBUF_SRAM_FF_nldm_211120 : inst = 0 (0.0%)
   Lib asap7sc7p5t_OA_LVT_FF_nldm_211120 : inst = 1 (0.5%)
   Lib asap7sc7p5t_OA_RVT_FF_nldm_211120 : inst = 0 (0.0%)
   Lib asap7sc7p5t_OA_SRAM_FF_nldm_211120 : inst = 1 (0.5%)
   Lib asap7sc7p5t_SEQ_LVT_FF_nldm_220123 : inst = 28 (14.4%)
   Lib asap7sc7p5t_SEQ_RVT_FF_nldm_220123 : inst = 3 (1.5%)
   Lib asap7sc7p5t_SEQ_SRAM_FF_nldm_220123 : inst = 0 (0.0%)
   Lib asap7sc7p5t_SIMPLE_SRAM_FF_nldm_211120 : inst = 1 (0.5%)

Reporting took 0 sec
-opt_post_cts_congestion_repair false      # bool, default=false, private
Begin: GigaOpt Route Type Constraints Refinement
*** CongRefineRouteType #1 [begin] (ccopt_design #1) : totSession cpu/real = 0:06:30.2/0:13:42.3 (0.5), mem = 3028.3M
+---------------------+---------+--------+---------+--------+--------+--------+------------+--------+
|         WNS         | All WNS |  TNS   | All TNS |   M5   |   M8   |   M9   | Real Time  |  Mem   |
+---------------------+---------+--------+---------+--------+--------+--------+------------+--------+
| -922337203685477.625|   -0.379|   0.000|   -7.500|       5|       1|       0|   0:00:00.0| 3028.34|
| -922337203685477.625|   -0.379|   0.000|   -7.500|       2|       1|       0|   0:00:00.0| 3105.57|
+---------------------+---------+--------+---------+--------+--------+--------+------------+--------+

Updated routing constraints on 3 nets.
Bottom Preferred Layer:
+-----------+------------+------------+----------+
|   Layer   |   OPT_LA   |    CLK     |   Rule   |
+-----------+------------+------------+----------+
| M2 (z=2)  |          0 |          1 | default  |
| M5 (z=5)  |          2 |          0 | default  |
| M8 (z=8)  |          1 |          0 | default  |
+-----------+------------+------------+----------+
Via Pillar Rule:
    None
*** CongRefineRouteType #1 [finish] (ccopt_design #1) : cpu/real = 0:00:00.0/0:00:00.0 (0.9), totSession cpu/real = 0:06:30.2/0:13:42.3 (0.5), mem = 3105.6M
End: GigaOpt Route Type Constraints Refinement
#InfoCS: Num dontuse cells 0, Num usable cells 849
optDesignOneStep: Power Flow
#InfoCS: Num dontuse cells 0, Num usable cells 849
*** SimplifyNetlist #1 [begin] (ccopt_design #1) : totSession cpu/real = 0:06:30.2/0:13:42.3 (0.5), mem = 3105.6M
Info: 1 net with fixed/cover wires excluded.
Info: 1 clock net  excluded from IPO operation.
(I,S,L,T): view_typical: 10.3936, 5.1859, 0.000995767, 15.5805
(I,S,L) ClockInsts: view_typical: 0, 0, 0

Netlist preparation processing... 
Removed 0 instance
*info: Marking 0 isolation instances dont touch
*info: Marking 0 level shifter instances dont touch
(I,S,L,T): view_typical: 10.3936, 5.1859, 0.000995767, 15.5805
(I,S,L) ClockInsts: view_typical: 0, 0, 0
*** SimplifyNetlist #1 [finish] (ccopt_design #1) : cpu/real = 0:00:03.7/0:00:05.9 (0.6), totSession cpu/real = 0:06:33.9/0:13:48.2 (0.5), mem = 3044.7M
*** ExcludedClockNetOpt #1 [begin] (ccopt_design #1) : totSession cpu/real = 0:06:33.9/0:13:48.2 (0.5), mem = 3044.7M
*** Starting optimizing excluded clock nets MEM= 3044.7M) ***
*info: No excluded clock nets to be optimized.
*** Finished optimizing excluded clock nets (CPU Time= 0:00:00.0  MEM= 3044.7M) ***
*** ExcludedClockNetOpt #1 [finish] (ccopt_design #1) : cpu/real = 0:00:00.0/0:00:00.0 (0.0), totSession cpu/real = 0:06:33.9/0:13:48.2 (0.5), mem = 3044.7M
*** ExcludedClockNetOpt #2 [begin] (ccopt_design #1) : totSession cpu/real = 0:06:33.9/0:13:48.2 (0.5), mem = 3044.7M
*** Starting optimizing excluded clock nets MEM= 3044.7M) ***
*info: No excluded clock nets to be optimized.
*** Finished optimizing excluded clock nets (CPU Time= 0:00:00.0  MEM= 3044.7M) ***
*** ExcludedClockNetOpt #2 [finish] (ccopt_design #1) : cpu/real = 0:00:00.0/0:00:00.0 (0.0), totSession cpu/real = 0:06:33.9/0:13:48.2 (0.5), mem = 3044.7M
Info: Done creating the CCOpt slew target map.
Begin: GigaOpt high fanout net optimization
*** DrvOpt #1 [begin] (ccopt_design #1) : totSession cpu/real = 0:06:33.9/0:13:48.2 (0.5), mem = 3044.7M
Info: 1 net with fixed/cover wires excluded.
Info: 1 clock net  excluded from IPO operation.
(I,S,L,T): view_typical: 10.3936, 5.1859, 0.000995767, 15.5805
(I,S,L) ClockInsts: view_typical: 0, 0, 0
(I,S,L,T): view_typical: 10.3936, 5.1859, 0.000995767, 15.5805
(I,S,L) ClockInsts: view_typical: 0, 0, 0
*** DrvOpt #1 [finish] (ccopt_design #1) : cpu/real = 0:00:05.2/0:00:10.6 (0.5), totSession cpu/real = 0:06:39.1/0:13:58.8 (0.5), mem = 3044.9M
End: GigaOpt high fanout net optimization
skipped the cell partition in DRV
Leakage Power Opt: re-selecting buf/inv list 
#InfoCS: Num dontuse cells 0, Num usable cells 849
optDesignOneStep: Power Flow
#InfoCS: Num dontuse cells 0, Num usable cells 849
Begin: GigaOpt Global Optimization
*info: use new DP (enabled)
Info: 1 net with fixed/cover wires excluded.
Info: 1 clock net  excluded from IPO operation.
*** GlobalOpt #1 [begin] (ccopt_design #1) : totSession cpu/real = 0:06:39.1/0:13:58.8 (0.5), mem = 3044.9M
(I,S,L,T): view_typical: 10.3936, 5.1859, 0.000995767, 15.5805
(I,S,L) ClockInsts: view_typical: 0, 0, 0
*info: 1 clock net excluded
*info: 1 net with fixed/cover wires excluded.
** GigaOpt Global Opt WNS Slack -0.379  TNS Slack -7.574 
+--------+--------+---------+------------+--------+------------+---------+--------------+
|  WNS   |  TNS   | Density |    Real    |  Mem   | Worst View |Pathgroup|  End Point   |
+--------+--------+---------+------------+--------+------------+---------+--------------+
|  -0.379|  -7.574|   93.93%|   0:00:00.0| 3103.0M|view_typical|  default| oS_reg[31]/D |
|  -0.379|  -7.574|   93.93%|   0:00:01.0| 3133.6M|view_typical|  default| oS_reg[31]/D |
|  -0.379|  -7.574|   93.93%|   0:00:00.0| 3133.6M|view_typical|  default| oS_reg[31]/D |
|  -0.375|  -7.503|   93.93%|   0:00:00.0| 3133.6M|view_typical|  default| oS_reg[31]/D |
|  -0.375|  -7.427|   94.03%|   0:00:00.0| 3138.1M|view_typical|  default| oS_reg[31]/D |
|  -0.370|  -7.348|   93.88%|   0:00:00.0| 3138.1M|view_typical|  default| oS_reg[31]/D |
|  -0.370|  -7.348|   93.88%|   0:00:00.0| 3138.1M|view_typical|  default| oS_reg[31]/D |
|  -0.370|  -7.348|   93.88%|   0:00:00.0| 3138.1M|view_typical|  default| oS_reg[31]/D |
|  -0.369|  -7.327|   93.98%|   0:00:01.0| 3138.1M|view_typical|  default| oS_reg[31]/D |
|  -0.369|  -7.315|   93.98%|   0:00:00.0| 3138.1M|view_typical|  default| oS_reg[31]/D |
|  -0.369|  -7.315|   93.98%|   0:00:00.0| 3138.1M|view_typical|  default| oS_reg[31]/D |
|  -0.369|  -7.315|   93.98%|   0:00:00.0| 3138.1M|view_typical|  default| oS_reg[31]/D |
|  -0.369|  -7.304|   94.32%|   0:00:00.0| 3138.1M|view_typical|  default| oS_reg[31]/D |
|  -0.369|  -7.304|   94.32%|   0:00:00.0| 3138.1M|view_typical|  default| oS_reg[31]/D |
|  -0.369|  -7.304|   94.32%|   0:00:00.0| 3138.1M|view_typical|  default| oS_reg[31]/D |
|  -0.369|  -7.304|   94.32%|   0:00:00.0| 3138.1M|view_typical|  default| oS_reg[31]/D |
|  -0.369|  -7.304|   94.32%|   0:00:00.0| 3138.1M|view_typical|  default| oS_reg[31]/D |
|  -0.369|  -7.304|   94.32%|   0:00:00.0| 3138.1M|view_typical|  default| oS_reg[31]/D |
|  -0.369|  -7.304|   94.32%|   0:00:00.0| 3138.1M|view_typical|  default| oS_reg[31]/D |
|  -0.369|  -7.304|   94.32%|   0:00:00.0| 3138.1M|view_typical|  default| oS_reg[31]/D |
|  -0.369|  -7.304|   94.32%|   0:00:00.0| 3138.1M|view_typical|  default| oS_reg[31]/D |
|  -0.369|  -7.304|   94.32%|   0:00:00.0| 3138.1M|view_typical|  default| oS_reg[31]/D |
+--------+--------+---------+------------+--------+------------+---------+--------------+

*** Finish post-CTS Global Setup Fixing (cpu=0:00:01.1 real=0:00:02.0 mem=3138.1M) ***

*** Finish post-CTS Setup Fixing (cpu=0:00:01.1 real=0:00:02.0 mem=3138.1M) ***
Bottom Preferred Layer:
+-----------+------------+------------+----------+
|   Layer   |   OPT_LA   |    CLK     |   Rule   |
+-----------+------------+------------+----------+
| M2 (z=2)  |          0 |          1 | default  |
| M5 (z=5)  |          8 |          0 | default  |
| M8 (z=8)  |          1 |          0 | default  |
+-----------+------------+------------+----------+
Via Pillar Rule:
    None
** GigaOpt Global Opt End WNS Slack -0.369  TNS Slack -7.304 
(I,S,L,T): view_typical: 10.3912, 4.98903, 0.00100637, 15.3812
(I,S,L) ClockInsts: view_typical: 0, 0, 0
*** GlobalOpt #1 [finish] (ccopt_design #1) : cpu/real = 0:00:18.3/0:00:23.6 (0.8), totSession cpu/real = 0:06:57.4/0:14:22.5 (0.5), mem = 3055.1M
End: GigaOpt Global Optimization
Leakage Power Opt: resetting the buf/inv selection
*** Timing NOT met, worst failing slack is -0.369
*** Check timing (0:00:00.0)
#InfoCS: Num dontuse cells 0, Num usable cells 849
optDesignOneStep: Power Flow
#InfoCS: Num dontuse cells 0, Num usable cells 849
Info: 1 net with fixed/cover wires excluded.
Info: 1 clock net  excluded from IPO operation.

Begin: Area Power Optimization
Begin: Area Power Reclaim Optimization
*** AreaOpt #1 [begin] (ccopt_design #1) : totSession cpu/real = 0:06:57.5/0:14:22.6 (0.5), mem = 3113.3M
(I,S,L,T): view_typical: 10.3912, 4.98903, 0.00100637, 15.3812
(I,S,L) ClockInsts: view_typical: 0, 0, 0
Reclaim Optimization WNS Slack -0.369  TNS Slack -7.304 Density 94.32
+---------+---------+--------+--------+------------+--------+
| Density | Commits |  WNS   |  TNS   |    Real    |  Mem   |
+---------+---------+--------+--------+------------+--------+
|   94.32%|        -|  -0.369|  -7.304|   0:00:00.0| 3115.3M|
|   94.13%|        1|  -0.369|  -7.304|   0:00:00.0| 3134.4M|
|   94.13%|        0|  -0.369|  -7.304|   0:00:00.0| 3134.4M|
|   94.13%|        0|  -0.369|  -7.304|   0:00:00.0| 3134.4M|
|   94.03%|        3|  -0.369|  -7.307|   0:00:00.0| 3134.4M|
|   94.03%|        0|  -0.369|  -7.307|   0:00:00.0| 3134.4M|
|   94.03%|        0|  -0.369|  -7.307|   0:00:03.0| 3134.4M|
|   94.03%|        0|  -0.369|  -7.307|   0:00:00.0| 3134.4M|
+---------+---------+--------+--------+------------+--------+
Reclaim Optimization End WNS Slack -0.369  TNS Slack -7.307 Density 94.03
Bottom Preferred Layer:
+-----------+------------+------------+----------+
|   Layer   |   OPT_LA   |    CLK     |   Rule   |
+-----------+------------+------------+----------+
| M2 (z=2)  |          0 |          1 | default  |
| M5 (z=5)  |          8 |          0 | default  |
| M8 (z=8)  |          1 |          0 | default  |
+-----------+------------+------------+----------+
Via Pillar Rule:
    None

Number of times islegalLocAvaiable called = 0 skipped = 0, called in commitmove = 0, skipped in commitmove = 0
End: Core Area Reclaim Optimization (cpu = 0:00:04.1) (real = 0:00:09.0) **
(I,S,L,T): view_typical: 10.3729, 4.97532, 0.0010023, 15.3493
(I,S,L) ClockInsts: view_typical: 0, 0, 0
*** AreaOpt #1 [finish] (ccopt_design #1) : cpu/real = 0:00:04.1/0:00:08.6 (0.5), totSession cpu/real = 0:07:01.5/0:14:31.1 (0.5), mem = 3134.4M
Executing incremental physical updates
Executing incremental physical updates
End: Area Reclaim Optimization (cpu=0:00:04, real=0:00:09, mem=3057.39M, totSessionCpu=0:07:02).
skipped the cell partition in DRV
#InfoCS: Num dontuse cells 0, Num usable cells 849
optDesignOneStep: Power Flow
#InfoCS: Num dontuse cells 0, Num usable cells 849
Begin: GigaOpt Optimization in WNS mode
Info: 1 net with fixed/cover wires excluded.
Info: 1 clock net  excluded from IPO operation.
*** WnsOpt #1 [begin] (ccopt_design #1) : totSession cpu/real = 0:07:01.6/0:14:31.3 (0.5), mem = 3057.4M
(I,S,L,T): view_typical: 10.3729, 4.97532, 0.0010023, 15.3493
(I,S,L) ClockInsts: view_typical: 0, 0, 0
*info: 1 clock net excluded
*info: 1 net with fixed/cover wires excluded.
** GigaOpt Optimizer WNS Slack -0.369 TNS Slack -7.307 Density 94.03
OptDebug: Start of Optimizer WNS Pass 0:
+----------+------+------+
|Path Group|   WNS|   TNS|
+----------+------+------+
|default   |-0.369|-7.307|
|reg2reg   | 0.000| 0.000|
|HEPG      | 0.000| 0.000|
|All Paths |-0.369|-7.307|
+----------+------+------+

CCOptDebug: Start of Optimizer WNS Pass 0: reg2reg* WNS - TNS 0.0ps; HEPG WNS - TNS 0.0ps; all paths WNS -369.1ps TNS -7306.5ps; Real time 0:03:50
Active Path Group: default 
+--------+---------+--------+---------+---------+------------+--------+------------+---------+--------------+
|  WNS   | All WNS |  TNS   | All TNS | Density |    Real    |  Mem   | Worst View |Pathgroup|  End Point   |
+--------+---------+--------+---------+---------+------------+--------+------------+---------+--------------+
|  -0.369|   -0.369|  -7.307|   -7.307|   94.03%|   0:00:00.0| 3115.5M|view_typical|  default| oS_reg[31]/D |
|  -0.353|   -0.353|  -7.310|   -7.310|   95.05%|   0:00:03.0| 3143.6M|view_typical|  default| oS_reg[31]/D |
+--------+---------+--------+---------+---------+------------+--------+------------+---------+--------------+

*** Finish Core Optimize Step (cpu=0:00:03.0 real=0:00:03.0 mem=3143.6M) ***

*** Finished Optimize Step Cumulative (cpu=0:00:03.0 real=0:00:03.0 mem=3143.6M) ***
OptDebug: End of Optimizer WNS Pass 0:
+----------+------+------+
|Path Group|   WNS|   TNS|
+----------+------+------+
|default   |-0.353|-7.310|
|reg2reg   | 0.000| 0.000|
|HEPG      | 0.000| 0.000|
|All Paths |-0.353|-7.310|
+----------+------+------+

CCOptDebug: End of Optimizer WNS Pass 0: reg2reg* WNS - TNS 0.0ps; HEPG WNS - TNS 0.0ps; all paths WNS -353.3ps TNS -7310.1ps; Real time 0:03:54
** GigaOpt Optimizer WNS Slack -0.353 TNS Slack -7.310 Density 95.05
Begin: Area Reclaim Optimization
*** AreaOpt #2 [begin] (WnsOpt #1 / ccopt_design #1) : totSession cpu/real = 0:07:21.9/0:15:02.4 (0.5), mem = 3143.6M
(I,S,L,T): view_typical: 10.5788, 4.98446, 0.0010458, 15.5643
(I,S,L) ClockInsts: view_typical: 0, 0, 0
Reclaim Optimization WNS Slack -0.353  TNS Slack -7.310 Density 95.05
+---------+---------+--------+--------+------------+--------+
| Density | Commits |  WNS   |  TNS   |    Real    |  Mem   |
+---------+---------+--------+--------+------------+--------+
|   95.05%|        -|  -0.353|  -7.310|   0:00:00.0| 3143.6M|
|   95.05%|        0|  -0.353|  -7.310|   0:00:00.0| 3143.6M|
|   94.71%|        4|  -0.353|  -7.292|   0:00:00.0| 3143.6M|
|   94.71%|        0|  -0.353|  -7.292|   0:00:01.0| 3143.6M|
+---------+---------+--------+--------+------------+--------+
Reclaim Optimization End WNS Slack -0.353  TNS Slack -7.292 Density 94.71
Bottom Preferred Layer:
+-----------+------------+------------+----------+
|   Layer   |   OPT_LA   |    CLK     |   Rule   |
+-----------+------------+------------+----------+
| M2 (z=2)  |          0 |          1 | default  |
| M5 (z=5)  |          8 |          0 | default  |
| M8 (z=8)  |          1 |          0 | default  |
+-----------+------------+------------+----------+
Via Pillar Rule:
    None

Number of times islegalLocAvaiable called = 24 skipped = 0, called in commitmove = 4, skipped in commitmove = 0
End: Core Area Reclaim Optimization (cpu = 0:00:00.2) (real = 0:00:01.0) **
(I,S,L,T): view_typical: 10.4426, 4.9857, 0.00102179, 15.4293
(I,S,L) ClockInsts: view_typical: 0, 0, 0
*** AreaOpt #2 [finish] (WnsOpt #1 / ccopt_design #1) : cpu/real = 0:00:00.2/0:00:00.2 (0.8), totSession cpu/real = 0:07:22.0/0:15:02.6 (0.5), mem = 3143.6M
End: Area Reclaim Optimization (cpu=0:00:00, real=0:00:01, mem=3143.65M, totSessionCpu=0:07:22).
*** Starting refinePlace (0:07:22 mem=3143.6M) ***
Total net bbox length = 3.465e+03 (2.157e+03 1.308e+03) (ext = 2.473e+03)
Max route layer is changed from 127 to 10 because there is no routing track above this layer
Max route layer is changed from 127 to 10 because there is no routing track above this layer

Starting Small incrNP...
Density distribution unevenness ratio = 0.942%
Skipped incrNP (cpu=0:00:00.0, real=0:00:00.0, mem=3143.6M)
End of Small incrNP (cpu=0:00:00.0, real=0:00:00.0)
Max route layer is changed from 127 to 10 because there is no routing track above this layer
Max route layer is changed from 127 to 10 because there is no routing track above this layer
Move report: Detail placement moves 39 insts, mean move: 0.59 um, max move: 2.16 um 
	Max move on inst (FE_RC_27_0_dup): (24.19, 13.18) --> (25.27, 12.10)
	Runtime: CPU: 0:00:00.0 REAL: 0:00:00.0 MEM: 3143.6MB
Summary Report:
Instances move: 39 (out of 193 movable)
Instances flipped: 0
Mean displacement: 0.59 um
Max displacement: 2.16 um (Instance: FE_RC_27_0_dup) (24.192, 13.176) -> (25.272, 12.096)
	Length: 8 sites, height: 1 rows, site name: asap7sc7p5t, cell type: OAI321xp33_ASAP7_75t_SL
Total net bbox length = 3.484e+03 (2.169e+03 1.315e+03) (ext = 2.470e+03)
Runtime: CPU: 0:00:00.0 REAL: 0:00:00.0 MEM: 3143.6MB
*** Finished refinePlace (0:07:22 mem=3143.6M) ***
*** maximum move = 2.16 um ***
*** Finished re-routing un-routed nets (3143.6M) ***

*** Finish Physical Update (cpu=0:00:00.1 real=0:00:00.0 mem=3143.6M) ***
** GigaOpt Optimizer WNS Slack -0.353 TNS Slack -7.292 Density 94.71
OptDebug: Start of Optimizer WNS Pass 1:
+----------+------+------+
|Path Group|   WNS|   TNS|
+----------+------+------+
|default   |-0.353|-7.292|
|reg2reg   | 0.000| 0.000|
|HEPG      | 0.000| 0.000|
|All Paths |-0.353|-7.292|
+----------+------+------+

CCOptDebug: Start of Optimizer WNS Pass 1: reg2reg* WNS - TNS 0.0ps; HEPG WNS - TNS 0.0ps; all paths WNS -353.3ps TNS -7291.6ps; Real time 0:03:55
Active Path Group: default 
+--------+---------+--------+---------+---------+------------+--------+------------+---------+--------------+
|  WNS   | All WNS |  TNS   | All TNS | Density |    Real    |  Mem   | Worst View |Pathgroup|  End Point   |
+--------+---------+--------+---------+---------+------------+--------+------------+---------+--------------+
|  -0.353|   -0.353|  -7.292|   -7.292|   94.71%|   0:00:00.0| 3143.6M|view_typical|  default| oS_reg[31]/D |
|  -0.341|   -0.341|  -7.240|   -7.240|   95.00%|   0:00:04.0| 3143.6M|view_typical|  default| oS_reg[31]/D |
|  -0.341|   -0.341|  -7.239|   -7.239|   95.00%|   0:00:00.0| 3143.6M|view_typical|  default| oS_reg[31]/D |
+--------+---------+--------+---------+---------+------------+--------+------------+---------+--------------+

*** Finish Core Optimize Step (cpu=0:00:03.3 real=0:00:04.0 mem=3143.6M) ***

*** Finished Optimize Step Cumulative (cpu=0:00:03.3 real=0:00:04.0 mem=3143.6M) ***
OptDebug: End of Optimizer WNS Pass 1:
+----------+------+------+
|Path Group|   WNS|   TNS|
+----------+------+------+
|default   |-0.341|-7.239|
|reg2reg   | 0.000| 0.000|
|HEPG      | 0.000| 0.000|
|All Paths |-0.341|-7.239|
+----------+------+------+

CCOptDebug: End of Optimizer WNS Pass 1: reg2reg* WNS - TNS 0.0ps; HEPG WNS - TNS 0.0ps; all paths WNS -340.6ps TNS -7239.2ps; Real time 0:04:00
** GigaOpt Optimizer WNS Slack -0.341 TNS Slack -7.239 Density 95.00
Begin: Area Reclaim Optimization
*** AreaOpt #3 [begin] (WnsOpt #1 / ccopt_design #1) : totSession cpu/real = 0:07:26.9/0:15:07.8 (0.5), mem = 3143.6M
(I,S,L,T): view_typical: 10.4304, 4.99693, 0.00102272, 15.4283
(I,S,L) ClockInsts: view_typical: 0, 0, 0
Reclaim Optimization WNS Slack -0.341  TNS Slack -7.239 Density 95.00
+---------+---------+--------+--------+------------+--------+
| Density | Commits |  WNS   |  TNS   |    Real    |  Mem   |
+---------+---------+--------+--------+------------+--------+
|   95.00%|        -|  -0.341|  -7.239|   0:00:00.0| 3143.6M|
|   95.00%|        0|  -0.341|  -7.240|   0:00:00.0| 3143.6M|
|   95.00%|        0|  -0.341|  -7.240|   0:00:00.0| 3143.6M|
+---------+---------+--------+--------+------------+--------+
Reclaim Optimization End WNS Slack -0.341  TNS Slack -7.239 Density 95.00
Bottom Preferred Layer:
+-----------+------------+------------+----------+
|   Layer   |   OPT_LA   |    CLK     |   Rule   |
+-----------+------------+------------+----------+
| M2 (z=2)  |          0 |          1 | default  |
| M5 (z=5)  |          8 |          0 | default  |
| M8 (z=8)  |          1 |          0 | default  |
+-----------+------------+------------+----------+
Via Pillar Rule:
    None

Number of times islegalLocAvaiable called = 1 skipped = 0, called in commitmove = 0, skipped in commitmove = 0
End: Core Area Reclaim Optimization (cpu = 0:00:00.1) (real = 0:00:00.0) **
(I,S,L,T): view_typical: 10.4304, 4.99693, 0.00102272, 15.4283
(I,S,L) ClockInsts: view_typical: 0, 0, 0
*** AreaOpt #3 [finish] (WnsOpt #1 / ccopt_design #1) : cpu/real = 0:00:00.1/0:00:00.2 (0.5), totSession cpu/real = 0:07:27.0/0:15:08.0 (0.5), mem = 3143.6M
End: Area Reclaim Optimization (cpu=0:00:00, real=0:00:00, mem=3143.65M, totSessionCpu=0:07:27).
*** Starting refinePlace (0:07:27 mem=3143.6M) ***
Total net bbox length = 3.488e+03 (2.168e+03 1.320e+03) (ext = 2.469e+03)
Max route layer is changed from 127 to 10 because there is no routing track above this layer
Max route layer is changed from 127 to 10 because there is no routing track above this layer

Starting Small incrNP...
Density distribution unevenness ratio = 1.124%
Skipped incrNP (cpu=0:00:00.0, real=0:00:00.0, mem=3143.6M)
End of Small incrNP (cpu=0:00:00.0, real=0:00:00.0)
Max route layer is changed from 127 to 10 because there is no routing track above this layer
Max route layer is changed from 127 to 10 because there is no routing track above this layer
Move report: Detail placement moves 39 insts, mean move: 0.85 um, max move: 2.38 um 
	Max move on inst (FE_RC_131_0): (27.43, 15.34) --> (28.73, 16.42)
	Runtime: CPU: 0:00:00.0 REAL: 0:00:00.0 MEM: 3143.6MB
Summary Report:
Instances move: 39 (out of 194 movable)
Instances flipped: 0
Mean displacement: 0.85 um
Max displacement: 2.38 um (Instance: FE_RC_131_0) (27.432, 15.336) -> (28.728, 16.416)
	Length: 6 sites, height: 1 rows, site name: asap7sc7p5t, cell type: OR2x2_ASAP7_75t_SL
Total net bbox length = 3.514e+03 (2.186e+03 1.328e+03) (ext = 2.471e+03)
Runtime: CPU: 0:00:00.0 REAL: 0:00:00.0 MEM: 3143.6MB
*** Finished refinePlace (0:07:27 mem=3143.6M) ***
*** maximum move = 2.38 um ***
*** Finished re-routing un-routed nets (3143.6M) ***

*** Finish Physical Update (cpu=0:00:00.1 real=0:00:00.0 mem=3143.6M) ***
** GigaOpt Optimizer WNS Slack -0.341 TNS Slack -7.239 Density 95.00
OptDebug: Start of Optimizer WNS Pass 2:
+----------+------+------+
|Path Group|   WNS|   TNS|
+----------+------+------+
|default   |-0.341|-7.239|
|reg2reg   | 0.000| 0.000|
|HEPG      | 0.000| 0.000|
|All Paths |-0.341|-7.239|
+----------+------+------+

CCOptDebug: Start of Optimizer WNS Pass 2: reg2reg* WNS - TNS 0.0ps; HEPG WNS - TNS 0.0ps; all paths WNS -340.6ps TNS -7239.2ps; Real time 0:04:00
Active Path Group: default 
+--------+---------+--------+---------+---------+------------+--------+------------+---------+--------------+
|  WNS   | All WNS |  TNS   | All TNS | Density |    Real    |  Mem   | Worst View |Pathgroup|  End Point   |
+--------+---------+--------+---------+---------+------------+--------+------------+---------+--------------+
|  -0.341|   -0.341|  -7.239|   -7.239|   95.00%|   0:00:00.0| 3143.6M|view_typical|  default| oS_reg[31]/D |
|  -0.337|   -0.337|  -7.287|   -7.287|   95.19%|   0:00:05.0| 3143.6M|view_typical|  default| oS_reg[31]/D |
+--------+---------+--------+---------+---------+------------+--------+------------+---------+--------------+

*** Finish Core Optimize Step (cpu=0:00:02.9 real=0:00:05.0 mem=3143.6M) ***

*** Finished Optimize Step Cumulative (cpu=0:00:02.9 real=0:00:05.0 mem=3143.6M) ***
OptDebug: End of Optimizer WNS Pass 2:
+----------+------+------+
|Path Group|   WNS|   TNS|
+----------+------+------+
|default   |-0.337|-7.287|
|reg2reg   | 0.000| 0.000|
|HEPG      | 0.000| 0.000|
|All Paths |-0.337|-7.287|
+----------+------+------+

CCOptDebug: End of Optimizer WNS Pass 2: reg2reg* WNS - TNS 0.0ps; HEPG WNS - TNS 0.0ps; all paths WNS -337.2ps TNS -7287.2ps; Real time 0:04:07
** GigaOpt Optimizer WNS Slack -0.337 TNS Slack -7.287 Density 95.19
*** Starting refinePlace (0:07:31 mem=3143.6M) ***
Total net bbox length = 3.516e+03 (2.186e+03 1.330e+03) (ext = 2.471e+03)
Max route layer is changed from 127 to 10 because there is no routing track above this layer
Max route layer is changed from 127 to 10 because there is no routing track above this layer

Starting Small incrNP...
Density distribution unevenness ratio = 1.024%
Skipped incrNP (cpu=0:00:00.0, real=0:00:01.0, mem=3143.6M)
End of Small incrNP (cpu=0:00:00.0, real=0:00:01.0)
Max route layer is changed from 127 to 10 because there is no routing track above this layer
Max route layer is changed from 127 to 10 because there is no routing track above this layer
Move report: Detail placement moves 4 insts, mean move: 0.59 um, max move: 0.86 um 
	Max move on inst (FE_RC_95_0): (18.58, 15.34) --> (19.44, 15.34)
	Runtime: CPU: 0:00:00.0 REAL: 0:00:00.0 MEM: 3127.6MB
Summary Report:
Instances move: 4 (out of 195 movable)
Instances flipped: 11
Mean displacement: 0.59 um
Max displacement: 0.86 um (Instance: FE_RC_95_0) (18.576, 15.336) -> (19.44, 15.336)
	Length: 3 sites, height: 1 rows, site name: asap7sc7p5t, cell type: INVx1_ASAP7_75t_SL
Total net bbox length = 3.517e+03 (2.189e+03 1.328e+03) (ext = 2.470e+03)
Runtime: CPU: 0:00:00.0 REAL: 0:00:01.0 MEM: 3127.6MB
*** Finished refinePlace (0:07:31 mem=3127.6M) ***
*** maximum move = 0.86 um ***
*** Finished re-routing un-routed nets (3127.6M) ***

*** Finish Physical Update (cpu=0:00:00.1 real=0:00:01.0 mem=3127.6M) ***
** GigaOpt Optimizer WNS Slack -0.337 TNS Slack -7.287 Density 95.19
OptDebug: End of Setup Fixing:
+----------+------+------+
|Path Group|   WNS|   TNS|
+----------+------+------+
|default   |-0.337|-7.287|
|reg2reg   | 0.000| 0.000|
|HEPG      | 0.000| 0.000|
|All Paths |-0.337|-7.287|
+----------+------+------+

Bottom Preferred Layer:
+-----------+------------+------------+----------+
|   Layer   |   OPT_LA   |    CLK     |   Rule   |
+-----------+------------+------------+----------+
| M2 (z=2)  |          0 |          1 | default  |
| M5 (z=5)  |          9 |          0 | default  |
| M8 (z=8)  |          1 |          0 | default  |
+-----------+------------+------------+----------+
Via Pillar Rule:
    None

*** Finish post-CTS Setup Fixing (cpu=0:00:14.1 real=0:00:18.0 mem=3127.6M) ***

(I,S,L,T): view_typical: 10.4457, 5.0061, 0.001023, 15.4528
(I,S,L) ClockInsts: view_typical: 0, 0, 0
*** WnsOpt #1 [finish] (ccopt_design #1) : cpu/real = 0:00:29.9/0:00:44.6 (0.7), totSession cpu/real = 0:07:31.4/0:15:15.9 (0.5), mem = 3043.6M
End: GigaOpt Optimization in WNS mode
#InfoCS: Num dontuse cells 0, Num usable cells 849
optDesignOneStep: Power Flow
#InfoCS: Num dontuse cells 0, Num usable cells 849
Begin: GigaOpt Optimization in TNS mode
Info: 1 net with fixed/cover wires excluded.
Info: 1 clock net  excluded from IPO operation.
*** TnsOpt #1 [begin] (ccopt_design #1) : totSession cpu/real = 0:07:31.5/0:15:15.9 (0.5), mem = 3043.6M
(I,S,L,T): view_typical: 10.4457, 5.0061, 0.001023, 15.4528
(I,S,L) ClockInsts: view_typical: 0, 0, 0
*info: 1 clock net excluded
*info: 1 net with fixed/cover wires excluded.
** GigaOpt Optimizer WNS Slack -0.337 TNS Slack -7.287 Density 95.19
OptDebug: Start of Optimizer TNS Pass:
+----------+------+------+
|Path Group|   WNS|   TNS|
+----------+------+------+
|default   |-0.337|-7.287|
|reg2reg   | 0.000| 0.000|
|HEPG      | 0.000| 0.000|
|All Paths |-0.337|-7.287|
+----------+------+------+

CCOptDebug: Start of Optimizer TNS Pass: reg2reg* WNS - TNS 0.0ps; HEPG WNS - TNS 0.0ps; all paths WNS -337.2ps TNS -7287.2ps; Real time 0:04:29
Active Path Group: default 
+--------+---------+--------+---------+---------+------------+--------+------------+---------+--------------+
|  WNS   | All WNS |  TNS   | All TNS | Density |    Real    |  Mem   | Worst View |Pathgroup|  End Point   |
+--------+---------+--------+---------+---------+------------+--------+------------+---------+--------------+
|  -0.337|   -0.337|  -7.287|   -7.287|   95.19%|   0:00:00.0| 3103.8M|view_typical|  default| oS_reg[31]/D |
|  -0.337|   -0.337|  -7.287|   -7.287|   95.19%|   0:00:01.0| 3127.4M|view_typical|  default| oS_reg[18]/D |
|  -0.337|   -0.337|  -7.271|   -7.271|   95.19%|   0:00:00.0| 3127.4M|view_typical|  default| oS_reg[13]/D |
|  -0.337|   -0.337|  -7.268|   -7.268|   95.19%|   0:00:00.0| 3127.4M|view_typical|  default| oS_reg[13]/D |
|  -0.337|   -0.337|  -7.265|   -7.265|   95.19%|   0:00:00.0| 3127.4M|view_typical|  default| oS_reg[10]/D |
|  -0.337|   -0.337|  -7.257|   -7.257|   95.19%|   0:00:01.0| 3127.4M|view_typical|  default| oS_reg[7]/D  |
|  -0.337|   -0.337|  -7.253|   -7.253|   95.19%|   0:00:00.0| 3127.4M|view_typical|  default| oS_reg[5]/D  |
|  -0.337|   -0.337|  -7.250|   -7.250|   95.19%|   0:00:00.0| 3127.4M|view_typical|  default| oS_reg[5]/D  |
|  -0.337|   -0.337|  -7.241|   -7.241|   95.19%|   0:00:00.0| 3127.4M|view_typical|  default| oS_reg[3]/D  |
|  -0.337|   -0.337|  -7.242|   -7.242|   95.19%|   0:00:00.0| 3127.4M|view_typical|  default| oS_reg[31]/D |
+--------+---------+--------+---------+---------+------------+--------+------------+---------+--------------+

*** Finish Core Optimize Step (cpu=0:00:01.6 real=0:00:02.0 mem=3127.4M) ***

*** Finished Optimize Step Cumulative (cpu=0:00:01.6 real=0:00:02.0 mem=3127.4M) ***
OptDebug: End of Optimizer TNS Pass:
+----------+------+------+
|Path Group|   WNS|   TNS|
+----------+------+------+
|default   |-0.337|-7.242|
|reg2reg   | 0.000| 0.000|
|HEPG      | 0.000| 0.000|
|All Paths |-0.337|-7.242|
+----------+------+------+

CCOptDebug: End of Optimizer TNS Pass: reg2reg* WNS - TNS 0.0ps; HEPG WNS - TNS 0.0ps; all paths WNS -337.1ps TNS -7241.2ps; Real time 0:04:32
*** Starting refinePlace (0:07:50 mem=3143.4M) ***
Total net bbox length = 3.517e+03 (2.189e+03 1.328e+03) (ext = 2.470e+03)
Max route layer is changed from 127 to 10 because there is no routing track above this layer
Max route layer is changed from 127 to 10 because there is no routing track above this layer

Starting Small incrNP...
Density distribution unevenness ratio = 1.024%
Skipped incrNP (cpu=0:00:00.0, real=0:00:00.0, mem=3143.4M)
End of Small incrNP (cpu=0:00:00.0, real=0:00:00.0)
Max route layer is changed from 127 to 10 because there is no routing track above this layer
Max route layer is changed from 127 to 10 because there is no routing track above this layer
Move report: Detail placement moves 0 insts, mean move: 0.00 um, max move: 0.00 um 
	Runtime: CPU: 0:00:00.0 REAL: 0:00:00.0 MEM: 3127.4MB
Summary Report:
Instances move: 0 (out of 195 movable)
Instances flipped: 0
Mean displacement: 0.00 um
Max displacement: 0.00 um 
Total net bbox length = 3.517e+03 (2.189e+03 1.328e+03) (ext = 2.470e+03)
Runtime: CPU: 0:00:00.0 REAL: 0:00:00.0 MEM: 3127.4MB
*** Finished refinePlace (0:07:50 mem=3127.4M) ***
*** maximum move = 0.00 um ***
*** Finished re-routing un-routed nets (3127.4M) ***

*** Finish Physical Update (cpu=0:00:00.1 real=0:00:00.0 mem=3127.4M) ***
** GigaOpt Optimizer WNS Slack -0.337 TNS Slack -7.242 Density 95.19
OptDebug: End of Setup Fixing:
+----------+------+------+
|Path Group|   WNS|   TNS|
+----------+------+------+
|default   |-0.337|-7.242|
|reg2reg   | 0.000| 0.000|
|HEPG      | 0.000| 0.000|
|All Paths |-0.337|-7.242|
+----------+------+------+

Bottom Preferred Layer:
+-----------+------------+------------+----------+
|   Layer   |   OPT_LA   |    CLK     |   Rule   |
+-----------+------------+------------+----------+
| M2 (z=2)  |          0 |          1 | default  |
| M5 (z=5)  |          9 |          0 | default  |
| M8 (z=8)  |          1 |          0 | default  |
+-----------+------------+------------+----------+
Via Pillar Rule:
    None

*** Finish post-CTS Setup Fixing (cpu=0:00:03.1 real=0:00:03.0 mem=3127.4M) ***

(I,S,L,T): view_typical: 10.5123, 5.0148, 0.00109791, 15.5282
(I,S,L) ClockInsts: view_typical: 0, 0, 0
*** TnsOpt #1 [finish] (ccopt_design #1) : cpu/real = 0:00:18.4/0:00:24.7 (0.7), totSession cpu/real = 0:07:49.8/0:15:40.6 (0.5), mem = 3043.4M
End: GigaOpt Optimization in TNS mode
Info: 1 net with fixed/cover wires excluded.
Info: 1 clock net  excluded from IPO operation.

Begin: Area Power Optimization
Begin: Area Power Reclaim Optimization
*** AreaOpt #4 [begin] (ccopt_design #1) : totSession cpu/real = 0:07:49.9/0:15:40.7 (0.5), mem = 3101.6M
(I,S,L,T): view_typical: 10.5123, 5.0148, 0.00109791, 15.5282
(I,S,L) ClockInsts: view_typical: 0, 0, 0
Reclaim Optimization WNS Slack -0.337  TNS Slack -7.242 Density 95.19
+---------+---------+--------+--------+------------+--------+
| Density | Commits |  WNS   |  TNS   |    Real    |  Mem   |
+---------+---------+--------+--------+------------+--------+
|   95.19%|        -|  -0.337|  -7.242|   0:00:00.0| 3101.6M|
|   95.19%|        0|  -0.337|  -7.241|   0:00:00.0| 3101.6M|
|   95.19%|        0|  -0.337|  -7.241|   0:00:00.0| 3101.6M|
|   95.19%|        0|  -0.337|  -7.241|   0:00:00.0| 3101.6M|
|   95.15%|        1|  -0.337|  -7.239|   0:00:00.0| 3120.6M|
|   95.15%|        0|  -0.337|  -7.239|   0:00:00.0| 3120.6M|
|   95.15%|        0|  -0.337|  -7.239|   0:00:01.0| 3120.6M|
|   95.15%|        7|  -0.349|  -7.319|   0:00:00.0| 3120.6M|
+---------+---------+--------+--------+------------+--------+
Reclaim Optimization End WNS Slack -0.349  TNS Slack -7.319 Density 95.15
Bottom Preferred Layer:
+-----------+------------+------------+----------+
|   Layer   |   OPT_LA   |    CLK     |   Rule   |
+-----------+------------+------------+----------+
| M2 (z=2)  |          0 |          1 | default  |
| M5 (z=5)  |          2 |          0 | default  |
| M8 (z=8)  |          1 |          0 | default  |
+-----------+------------+------------+----------+
Via Pillar Rule:
    None

Number of times islegalLocAvaiable called = 2 skipped = 0, called in commitmove = 1, skipped in commitmove = 0
End: Core Area Reclaim Optimization (cpu = 0:00:02.6) (real = 0:00:02.0) **
*** Starting refinePlace (0:07:52 mem=3136.6M) ***
Total net bbox length = 3.517e+03 (2.189e+03 1.328e+03) (ext = 2.470e+03)
Max route layer is changed from 127 to 10 because there is no routing track above this layer
Max route layer is changed from 127 to 10 because there is no routing track above this layer
Max route layer is changed from 127 to 10 because there is no routing track above this layer
Move report: Detail placement moves 0 insts, mean move: 0.00 um, max move: 0.00 um 
	Runtime: CPU: 0:00:00.0 REAL: 0:00:00.0 MEM: 3120.6MB
Summary Report:
Instances move: 0 (out of 195 movable)
Instances flipped: 0
Mean displacement: 0.00 um
Max displacement: 0.00 um 
Total net bbox length = 3.517e+03 (2.189e+03 1.328e+03) (ext = 2.470e+03)
Runtime: CPU: 0:00:00.0 REAL: 0:00:00.0 MEM: 3120.6MB
*** Finished refinePlace (0:07:53 mem=3120.6M) ***
*** maximum move = 0.00 um ***
*** Finished re-routing un-routed nets (3120.6M) ***

*** Finish Physical Update (cpu=0:00:00.1 real=0:00:00.0 mem=3120.6M) ***
(I,S,L,T): view_typical: 10.5057, 5.16154, 0.00109475, 15.6684
(I,S,L) ClockInsts: view_typical: 0, 0, 0
*** AreaOpt #4 [finish] (ccopt_design #1) : cpu/real = 0:00:02.6/0:00:02.9 (0.9), totSession cpu/real = 0:07:52.5/0:15:43.5 (0.5), mem = 3120.6M
End: Area Reclaim Optimization (cpu=0:00:03, real=0:00:02, mem=3043.64M, totSessionCpu=0:07:53).
**optDesign ... cpu = 0:02:29, real = 0:04:26, mem = 2875.8M, totSessionCpu=0:07:53 **

------------------------------------------------------------------
        Before Power Reclaim
------------------------------------------------------------------

Setup views included:
 view_typical 

+--------------------+---------+---------+---------+
|     Setup mode     |   all   | reg2reg | default |
+--------------------+---------+---------+---------+
|           WNS (ns):| -0.349  |   N/A   | -0.349  |
|           TNS (ns):| -7.319  |   N/A   | -7.319  |
|    Violating Paths:|   32    |   N/A   |   32    |
|          All Paths:|   32    |   N/A   |   32    |
+--------------------+---------+---------+---------+

+----------------+-------------------------------+------------------+
|                |              Real             |       Total      |
|    DRVs        +------------------+------------+------------------|
|                |  Nr nets(terms)  | Worst Vio  |  Nr nets(terms)  |
+----------------+------------------+------------+------------------+
|   max_cap      |      0 (0)       |   0.000    |      0 (0)       |
|   max_tran     |      0 (0)       |   0.000    |      0 (0)       |
|   max_fanout   |      0 (0)       |     0      |      0 (0)       |
|   max_length   |      0 (0)       |     0      |      0 (0)       |
+----------------+------------------+------------+------------------+

Density: 95.146%
Routing Overflow: 0.00% H and 0.00% V
------------------------------------------------------------------
Info: 1 net with fixed/cover wires excluded.
Info: 1 clock net  excluded from IPO operation.

Begin: Power Optimization
env CDS_WORKAREA is set to /data/tkvm2/Asap7design/asap7_design
Using Power View: view_typical.

Begin Power Analysis

             0V	    VSS
          0.77V	    VDD
Begin Processing Timing Library for Power Calculation

Ended Processing Timing Library for Power Calculation: (cpu=0:00:00, real=0:00:00, mem(process/total/peak)=2876.06MB/5148.24MB/2889.77MB)



Begin Processing Power Net/Grid for Power Calculation

Ended Processing Power Net/Grid for Power Calculation: (cpu=0:00:00, real=0:00:00, mem(process/total/peak)=2876.06MB/5148.24MB/2889.77MB)

Begin Processing Timing Window Data for Power Calculation

Ended Processing Timing Window Data for Power Calculation: (cpu=0:00:00, real=0:00:00, mem(process/total/peak)=2876.06MB/5148.24MB/2889.77MB)

Begin Processing User Attributes

Ended Processing User Attributes: (cpu=0:00:00, real=0:00:00, mem(process/total/peak)=2876.06MB/5148.24MB/2889.77MB)

Begin Processing Signal Activity


Starting Levelizing
2026-Apr-04 15:28:51 (2026-Apr-04 08:28:51 GMT)
2026-Apr-04 15:28:51 (2026-Apr-04 08:28:51 GMT): 10%
2026-Apr-04 15:28:51 (2026-Apr-04 08:28:51 GMT): 20%
2026-Apr-04 15:28:51 (2026-Apr-04 08:28:51 GMT): 30%
2026-Apr-04 15:28:51 (2026-Apr-04 08:28:51 GMT): 40%
2026-Apr-04 15:28:51 (2026-Apr-04 08:28:51 GMT): 50%
2026-Apr-04 15:28:51 (2026-Apr-04 08:28:51 GMT): 60%
2026-Apr-04 15:28:51 (2026-Apr-04 08:28:51 GMT): 70%
2026-Apr-04 15:28:51 (2026-Apr-04 08:28:51 GMT): 80%
2026-Apr-04 15:28:51 (2026-Apr-04 08:28:51 GMT): 90%

Finished Levelizing
2026-Apr-04 15:28:51 (2026-Apr-04 08:28:51 GMT)

Starting Activity Propagation
2026-Apr-04 15:28:51 (2026-Apr-04 08:28:51 GMT)
2026-Apr-04 15:28:51 (2026-Apr-04 08:28:51 GMT): 10%
2026-Apr-04 15:28:51 (2026-Apr-04 08:28:51 GMT): 20%
2026-Apr-04 15:28:51 (2026-Apr-04 08:28:51 GMT): 30%

Finished Activity Propagation
2026-Apr-04 15:28:51 (2026-Apr-04 08:28:51 GMT)
Ended Processing Signal Activity: (cpu=0:00:00, real=0:00:00, mem(process/total/peak)=2876.06MB/5148.24MB/2889.77MB)

Begin Power Computation

      ----------------------------------------------------------
      # of cell(s) missing both power/leakage table: 0
      # of cell(s) missing power table: 0
      # of cell(s) missing leakage table: 0
      ----------------------------------------------------------



Starting Calculating power
2026-Apr-04 15:28:51 (2026-Apr-04 08:28:51 GMT)
 ... Calculating switching power
2026-Apr-04 15:28:51 (2026-Apr-04 08:28:51 GMT): 10%
2026-Apr-04 15:28:51 (2026-Apr-04 08:28:51 GMT): 20%
2026-Apr-04 15:28:51 (2026-Apr-04 08:28:51 GMT): 30%
2026-Apr-04 15:28:51 (2026-Apr-04 08:28:51 GMT): 40%
2026-Apr-04 15:28:51 (2026-Apr-04 08:28:51 GMT): 50%
 ... Calculating internal and leakage power
2026-Apr-04 15:28:51 (2026-Apr-04 08:28:51 GMT): 60%
2026-Apr-04 15:28:51 (2026-Apr-04 08:28:51 GMT): 70%
2026-Apr-04 15:28:51 (2026-Apr-04 08:28:51 GMT): 80%
2026-Apr-04 15:28:51 (2026-Apr-04 08:28:51 GMT): 90%

Finished Calculating power
2026-Apr-04 15:28:51 (2026-Apr-04 08:28:51 GMT)
      # of MSMV cell(s) missing power_level: 0
Ended Power Computation: (cpu=0:00:00, real=0:00:00, mem(process/total/peak)=2876.07MB/5148.24MB/2889.77MB)

Begin Processing User Attributes

Begin Processing set_power
Ended Processing set_power: (cpu=0:00:00, real=0:00:00,
mem(process/total/peak)=2876.07MB/5148.24MB/2889.77MB)
Ended Processing User Attributes: (cpu=0:00:00, real=0:00:00, mem(process/total/peak)=2876.07MB/5148.24MB/2889.77MB)

Ended Power Analysis: (cpu=0:00:00, real=0:00:00, mem(process/total/peak)=2876.07MB/5148.24MB/2889.77MB)

Begin Boundary Leakage Calculation
Ended Boundary Leakage Calculation: (cpu=0:00:00, real=0:00:00,
mem(process/total/peak)=2876.07MB/5148.24MB/2889.77MB)
Begin Static Power Report Generation
*----------------------------------------------------------------------------------------
*	Innovus 22.17-s086_1 (64bit) 09/24/2024 10:51 (Linux 3.10.0-693.el7.x86_64)
*	
*
* 	Date & Time:	2026-Apr-04 15:28:51 (2026-Apr-04 08:28:51 GMT)
*
*----------------------------------------------------------------------------------------
*
*	Design: Adder32
*
*	Parasitic Files used:
*
*	Power Units = 1mW
*
*	Time Units = 1e-12 secs
*
*       report_power
*
-----------------------------------------------------------------------------------------
*



Total Power
-----------------------------------------------------------------------------------------
Total Internal Power:       10.28055911 	   66.4118%
Total Switching Power:       5.19834726 	   33.5810%
Total Leakage Power:         0.00111863 	    0.0072%
Total Power:                15.48002499
-----------------------------------------------------------------------------------------


Group                           Internal   Switching     Leakage       Total  Percentage 
                                Power      Power         Power         Power  (%)        
-----------------------------------------------------------------------------------------
Sequential                         7.114       1.155   0.0001064       8.269       53.42
Macro                                  0           0           0           0           0
IO                                     0           0           0           0           0
Combinational                      3.167       4.043    0.001012       7.211       46.58
Clock (Combinational)                  0           0           0           0           0
Clock (Sequential)                     0           0           0           0           0
-----------------------------------------------------------------------------------------
Total                              10.28       5.198    0.001119       15.48         100
-----------------------------------------------------------------------------------------


Rail                  Voltage   Internal   Switching     Leakage       Total  Percentage 
                                Power      Power         Power         Power  (%)        
-----------------------------------------------------------------------------------------
VDD                      0.77      10.28       5.198    0.001119       15.48         100
 
 
-----------------------------------------------------------------------------------------
*	Power Distribution Summary: 
*              Highest Average Power:                oS_reg[30] (DFFHQx4_ASAP7_75t_SL):            0.296
*              Highest Leakage Power:                oS_reg[30] (DFFHQx4_ASAP7_75t_SL):        3.094e-05
*                Total Cap:      5.60587e-13 F
*                Total instances in design:   195
*                Total instances in design with no power:     0
*                Total instances in design with no activty:     0

*                Total Fillers and Decap:     0
-----------------------------------------------------------------------------------------
 
** INFO:  (VOLTUS_POWR-3465): There are 0 decaps and 0 fillers in the design

Ended Static Power Report Generation: (cpu=0:00:00, real=0:00:00,
mem(process/total/peak)=2876.07MB/5148.24MB/2889.77MB)

OptDebug: Start of Power Reclaim:
+----------+------+------+
|Path Group|   WNS|   TNS|
+----------+------+------+
|default   |-0.349|-7.319|
|reg2reg   | 0.000| 0.000|
|HEPG      | 0.000| 0.000|
|All Paths |-0.349|-7.319|
+----------+------+------+

Begin: Core Power Optimization
*** PowerOpt #1 [begin] (ccopt_design #1) : totSession cpu/real = 0:07:52.8/0:15:44.3 (0.5), mem = 3111.8M
(I,S,L,T): view_typical: 10.4827, 5.19835, 0.00109475, 15.6821
(I,S,L) ClockInsts: view_typical: 0, 0, 0
+---------+---------+--------+--------+------------+--------+
| Density | Commits |  WNS   |  TNS   |    Real    |  Mem   |
+---------+---------+--------+--------+------------+--------+
|   95.15%|        -|  -0.349|  -7.319|   0:00:00.0| 3111.8M|
|   95.15%|        2|  -0.349|  -7.319|   0:00:02.0| 3130.9M|
+---------+---------+--------+--------+------------+--------+
Bottom Preferred Layer:
+-----------+------------+------------+----------+
|   Layer   |   OPT_LA   |    CLK     |   Rule   |
+-----------+------------+------------+----------+
| M2 (z=2)  |          0 |          1 | default  |
| M5 (z=5)  |          2 |          0 | default  |
| M8 (z=8)  |          1 |          0 | default  |
+-----------+------------+------------+----------+
Via Pillar Rule:
    None

Number of insts committed for which the initial cell was dont use = 0

Number of times islegalLocAvaiable called = 2 skipped = 0, called in commitmove = 2, skipped in commitmove = 0
Info : Out of 132 seq cells, 0 cells are internal dont use, and 0 cells are db dont use.
End: Core Power Optimization (cpu = 0:00:02.4) (real = 0:00:04.0) **
(I,S,L,T): view_typical: 10.4943, 5.19835, 0.0010937, 15.6937
(I,S,L) ClockInsts: view_typical: 0, 0, 0
*** PowerOpt #1 [finish] (ccopt_design #1) : cpu/real = 0:00:02.4/0:00:03.7 (0.6), totSession cpu/real = 0:07:55.2/0:15:48.0 (0.5), mem = 3130.9M
OptDebug: End of Power Reclaim:
+----------+------+------+
|Path Group|   WNS|   TNS|
+----------+------+------+
|default   |-0.349|-7.319|
|reg2reg   | 0.000| 0.000|
|HEPG      | 0.000| 0.000|
|All Paths |-0.349|-7.319|
+----------+------+------+

End: Power Optimization (cpu=0:00:02, real=0:00:04, mem=3043.89M, totSessionCpu=0:07:55).
Storing power gain ratio parameter in DB at postCts power optimization stage 0
**optDesign ... cpu = 0:02:31, real = 0:04:30, mem = 2876.0M, totSessionCpu=0:07:55 **
*** LocalWireReclaim #1 [begin] (ccopt_design #1) : totSession cpu/real = 0:07:55.2/0:15:48.0 (0.5), mem = 3043.9M
Starting local wire reclaim
*** Starting refinePlace (0:07:55 mem=3043.9M) ***
Max route layer is changed from 127 to 10 because there is no routing track above this layer
Max route layer is changed from 127 to 10 because there is no routing track above this layer
Max route layer is changed from 127 to 10 because there is no routing track above this layer
**WARN: (IMPSP-12502):	Slack driven placement is disabled because either timing libraries or timing constraint files are not provided.
**WARN: AAE based timing driven is off.
Max route layer is changed from 127 to 10 because there is no routing track above this layer
Max route layer is changed from 127 to 10 because there is no routing track above this layer
Call icdpEval cleanup ...
Move report: Detail placement moves 50 insts, mean move: 2.81 um, max move: 7.56 um 
	Max move on inst (FE_RC_98_0): (19.87, 13.18) --> (15.55, 16.42)
	Runtime: CPU: 0:00:01.0 REAL: 0:00:02.0 MEM: 3072.9MB
Summary Report:
Instances move: 50 (out of 195 movable)
Instances flipped: 0
Mean displacement: 2.81 um
Max displacement: 7.56 um (Instance: FE_RC_98_0) (19.872, 13.176) -> (15.552, 16.416)
	Length: 6 sites, height: 1 rows, site name: asap7sc7p5t, cell type: NAND2x1_ASAP7_75t_L
Runtime: CPU: 0:00:01.0 REAL: 0:00:02.0 MEM: 3072.9MB
*** Finished refinePlace (0:07:56 mem=3072.9M) ***
*** LocalWireReclaim #1 [finish] (ccopt_design #1) : cpu/real = 0:00:01.0/0:00:02.0 (0.5), totSession cpu/real = 0:07:56.2/0:15:49.9 (0.5), mem = 3060.9M
eGR doReRoute: optGuide
Max route layer is changed from 127 to 10 because there is no routing track above this layer
Max route layer is changed from 127 to 10 because there is no routing track above this layer
**WARN: (IMPPSP-1321):	Removed 1 out of boundary tracks from layer 2
**WARN: (IMPPSP-1321):	Removed 1 out of boundary tracks from layer 2
**WARN: (IMPPSP-1321):	Removed 1 out of boundary tracks from layer 2
**WARN: (IMPPSP-1321):	Removed 1 out of boundary tracks from layer 2
**WARN: (IMPPSP-1321):	Removed 1 out of boundary tracks from layer 2
**WARN: (IMPPSP-1321):	Removed 1 out of boundary tracks from layer 2
[NR-eGR] Early global route reroute all routable nets
[NR-eGR] Track table information for default rule: 
[NR-eGR] M1 has single uniform track structure
[NR-eGR] M2 has non-uniform track structures
[NR-eGR] M3 has single uniform track structure
[NR-eGR] M4 has single uniform track structure
[NR-eGR] M5 has single uniform track structure
[NR-eGR] M6 has single uniform track structure
[NR-eGR] M7 has single uniform track structure
[NR-eGR] M8 has single uniform track structure
[NR-eGR] M9 has single uniform track structure
[NR-eGR] Pad has single uniform track structure
[NR-eGR] Read 24 PG shapes
[NR-eGR] Read 0 clock shapes
[NR-eGR] Read 0 other shapes
[NR-eGR] #Routing Blockages  : 0
[NR-eGR] #Bump Blockages     : 0
[NR-eGR] #Instance Blockages : 192
[NR-eGR] #PG Blockages       : 24
[NR-eGR] #Halo Blockages     : 0
[NR-eGR] #Boundary Blockages : 0
[NR-eGR] #Clock Blockages    : 0
[NR-eGR] #Other Blockages    : 0
[NR-eGR] Num Prerouted Nets = 1  Num Prerouted Wires = 98
[NR-eGR] Read 260 nets ( ignored 1 )
[NR-eGR] ============ Routing rule table ============
[NR-eGR] Rule id: 0  Rule name: (Default)  Nets: 259
[NR-eGR] ========================================
[NR-eGR] 
[NR-eGR] Layer group 1: route 1 net(s) in layer range [8, 10]
[NR-eGR] Early Global Route overflow of layer group 1: 0.00% H + 0.00% V. EstWL: 1.836000e+01um
[NR-eGR] Layer group 2: route 2 net(s) in layer range [5, 10]
[NR-eGR] Early Global Route overflow of layer group 2: 0.00% H + 0.00% V. EstWL: 5.940000e+01um
[NR-eGR] Layer group 3: route 256 net(s) in layer range [2, 10]
[NR-eGR] Early Global Route overflow of layer group 3: 0.00% H + 0.00% V. EstWL: 3.437640e+03um
[NR-eGR] Congestion Analysis By layer: (blocked Gcells are excluded) 
[NR-eGR]                        OverCon            
[NR-eGR]                         #Gcell     %Gcell
[NR-eGR]        Layer             (1-0)    OverCon
[NR-eGR] ----------------------------------------------
[NR-eGR]      M1 ( 1)         0( 0.00%)   ( 0.00%) 
[NR-eGR]      M2 ( 2)         0( 0.00%)   ( 0.00%) 
[NR-eGR]      M3 ( 3)         0( 0.00%)   ( 0.00%) 
[NR-eGR]      M4 ( 4)         0( 0.00%)   ( 0.00%) 
[NR-eGR]      M5 ( 5)         0( 0.00%)   ( 0.00%) 
[NR-eGR]      M6 ( 6)         0( 0.00%)   ( 0.00%) 
[NR-eGR]      M7 ( 7)         0( 0.00%)   ( 0.00%) 
[NR-eGR]      M8 ( 8)         0( 0.00%)   ( 0.00%) 
[NR-eGR]      M9 ( 9)         0( 0.00%)   ( 0.00%) 
[NR-eGR]     Pad (10)         0( 0.00%)   ( 0.00%) 
[NR-eGR] ----------------------------------------------
[NR-eGR]        Total         0( 0.00%)   ( 0.00%) 
[NR-eGR] 
[NR-eGR] Overflow after Early Global Route 0.00% H + 0.00% V
[NR-eGR] Connected 0 must-join pins/ports (post-process)
[NR-eGR] Total eGR-routed clock nets wire length: 0um, number of vias: 0
[NR-eGR] --------------------------------------------------------------------------
[NR-eGR]              Length (um)  Vias 
[NR-eGR] -------------------------------
[NR-eGR]  M1   (1V)             0   579 
[NR-eGR]  M2   (2H)          1323   932 
[NR-eGR]  M3   (3V)          1220   218 
[NR-eGR]  M4   (4H)           876    28 
[NR-eGR]  M5   (5V)           159     6 
[NR-eGR]  M6   (6H)            15     2 
[NR-eGR]  M7   (7V)             0     2 
[NR-eGR]  M8   (8H)             9     2 
[NR-eGR]  M9   (9V)            11     0 
[NR-eGR]  Pad  (10H)            0     0 
[NR-eGR] -------------------------------
[NR-eGR]       Total         3613  1769 
[NR-eGR] --------------------------------------------------------------------------
[NR-eGR] Total half perimeter of net bounding box: 3463um
[NR-eGR] Total length: 3613um, number of vias: 1769
[NR-eGR] --------------------------------------------------------------------------
[NR-eGR] Finished Early Global Route kernel ( CPU: 0.04 sec, Real: 0.19 sec, Curr Mem: 2.90 MB )
Extraction called for design 'Adder32' of instances=195 and nets=286 using extraction engine 'preRoute' .
**WARN: (IMPEXT-3530):	The process node is not set. Use the command setDesignMode -process <process node> prior to extraction for maximum accuracy and optimal automatic threshold setting.
Type 'man IMPEXT-3530' for more detail.
PreRoute RC Extraction called for design Adder32.
RC Extraction called in multi-corner(1) mode.
**WARN: (IMPEXT-6197):	The Cap table file is not specified. This will result in lower parasitic accuracy when using preRoute extraction or postRoute extraction with effort level 'low'. It is recommended to generate the Cap table file using the 'generateCapTbl' command and specify it before extraction using 'create_rc_corner/update_rc_corner -cap_table'.
Type 'man IMPEXT-6197' for more detail.
RCMode: PreRoute
      RC Corner Indexes            0   
Capacitance Scaling Factor   : 1.00000 
Resistance Scaling Factor    : 1.00000 
Clock Cap. Scaling Factor    : 1.00000 
Clock Res. Scaling Factor    : 1.00000 
Shrink Factor                : 1.00000
PreRoute extraction is honoring NDR/Shielding/ExtraSpace for clock nets.
Updating RC Grid density data for preRoute extraction ...
Initializing multi-corner resistance tables ...
PreRoute RC Extraction DONE (CPU Time: 0:00:00.0  Real Time: 0:00:00.0  MEM: 3036.160M)
Compute RC Scale Done ...
[hotspot] +------------+---------------+---------------+
[hotspot] |            |   max hotspot | total hotspot |
[hotspot] +------------+---------------+---------------+
[hotspot] | normalized |          0.00 |          0.00 |
[hotspot] +------------+---------------+---------------+
Local HotSpot Analysis: normalized max congestion hotspot area = 0.00, normalized total congestion hotspot area = 0.00 (area is in unit of 4 std-cell row bins)
Begin: GigaOpt Route Type Constraints Refinement
*** CongRefineRouteType #2 [begin] (ccopt_design #1) : totSession cpu/real = 0:07:56.3/0:15:50.5 (0.5), mem = 3081.2M
Updated routing constraints on 0 nets.
Bottom Preferred Layer:
+-----------+------------+------------+----------+
|   Layer   |   OPT_LA   |    CLK     |   Rule   |
+-----------+------------+------------+----------+
| M2 (z=2)  |          0 |          1 | default  |
| M5 (z=5)  |          2 |          0 | default  |
| M8 (z=8)  |          1 |          0 | default  |
+-----------+------------+------------+----------+
Via Pillar Rule:
    None
*** CongRefineRouteType #2 [finish] (ccopt_design #1) : cpu/real = 0:00:00.0/0:00:00.0 (0.0), totSession cpu/real = 0:07:56.3/0:15:50.5 (0.5), mem = 3081.2M
End: GigaOpt Route Type Constraints Refinement
skip EGR on cluster skew clock nets.
AAE_INFO: opIsDesignInPostRouteState() is 0
#################################################################################
# Design Stage: PreRoute
# Design Name: Adder32
# Design Mode: 90nm
# Analysis Mode: MMMC OCV 
# Parasitics Mode: No SPEF/RCDB 
# Signoff Settings: SI Off 
#################################################################################
Start delay calculation (fullDC) (1 T). (MEM=3071.24)
Total number of fetched objects 284
End delay calculation. (MEM=3109.64 CPU=0:00:00.1 REAL=0:00:00.0)
End delay calculation (fullDC). (MEM=3109.64 CPU=0:00:00.1 REAL=0:00:00.0)
OPT: Doing preprocessing before recovery...
OptDebug: Start of preprocessForPowerRecovery:
+----------+------+------+
|Path Group|   WNS|   TNS|
+----------+------+------+
|default   |-0.348|-7.234|
|reg2reg   | 0.000| 0.000|
|HEPG      | 0.000| 0.000|
|All Paths |-0.348|-7.234|
+----------+------+------+

OptDebug: End of preprocessForPowerRecovery:
+----------+------+------+
|Path Group|   WNS|   TNS|
+----------+------+------+
|default   |-0.348|-7.234|
|reg2reg   | 0.000| 0.000|
|HEPG      | 0.000| 0.000|
|All Paths |-0.348|-7.234|
+----------+------+------+

Begin: GigaOpt postEco DRV Optimization
*** DrvOpt #2 [begin] (ccopt_design #1) : totSession cpu/real = 0:07:57.8/0:15:54.2 (0.5), mem = 3139.4M
Info: 1 net with fixed/cover wires excluded.
Info: 1 clock net  excluded from IPO operation.
(I,S,L,T): view_typical: 10.4983, 5.20567, 0.0010937, 15.7051
(I,S,L) ClockInsts: view_typical: 0, 0, 0
+-------------------------------------------------------------------------------------------------------------------------------------------------------+
|        max-tran       |        max-cap        |  max-fanout |  max-length |       setup       |        |        |        |       |          |         |
+-------------------------------------------------------------------------------------------------------------------------------------------------------+
| nets | terms|  wViol  | nets | terms|  wViol  | nets | terms| nets | terms|   WNS   |   TNS   |  #Buf  |  #Inv  | #Resize|Density|   Real   |   Mem   |
+-------------------------------------------------------------------------------------------------------------------------------------------------------+
|     0|     0|     0.00|     0|     0|     0.00|     0|     0|     0|     0|    -0.35|    -7.23|       0|       0|       0| 95.15%|          |         |
|     0|     0|     0.00|     0|     0|     0.00|     0|     0|     0|     0|    -0.35|    -7.23|       0|       0|       0| 95.15%| 0:00:00.0|  3139.4M|
+-------------------------------------------------------------------------------------------------------------------------------------------------------+
Bottom Preferred Layer:
+-----------+------------+------------+----------+
|   Layer   |   OPT_LA   |    CLK     |   Rule   |
+-----------+------------+------------+----------+
| M2 (z=2)  |          0 |          1 | default  |
| M5 (z=5)  |          2 |          0 | default  |
| M8 (z=8)  |          1 |          0 | default  |
+-----------+------------+------------+----------+
Via Pillar Rule:
    None

*** Finish DRV Fixing (cpu=0:00:00.0 real=0:00:00.0 mem=3139.4M) ***

(I,S,L,T): view_typical: 10.4983, 5.20567, 0.0010937, 15.7051
(I,S,L) ClockInsts: view_typical: 0, 0, 0
*** DrvOpt #2 [finish] (ccopt_design #1) : cpu/real = 0:00:05.2/0:00:09.9 (0.5), totSession cpu/real = 0:08:03.0/0:16:04.1 (0.5), mem = 3081.4M
End: GigaOpt postEco DRV Optimization
GigaOpt: WNS changes after postEco optimization: -0.349 -> -0.348 (bump = -0.001)
GigaOpt: Skipping nonLegal postEco optimization
Design TNS changes after trial route: -7.319 -> -7.234
Begin: GigaOpt TNS non-legal recovery
Info: 1 net with fixed/cover wires excluded.
Info: 1 clock net  excluded from IPO operation.
*** TnsOpt #2 [begin] (ccopt_design #1) : totSession cpu/real = 0:08:03.0/0:16:04.1 (0.5), mem = 3081.4M
(I,S,L,T): view_typical: 10.4983, 5.20567, 0.0010937, 15.7051
(I,S,L) ClockInsts: view_typical: 0, 0, 0
*info: 1 clock net excluded
*info: 1 net with fixed/cover wires excluded.
** GigaOpt Optimizer WNS Slack -0.348 TNS Slack -7.234 Density 95.15
OptDebug: Start of Optimizer TNS Pass:
+----------+------+------+
|Path Group|   WNS|   TNS|
+----------+------+------+
|default   |-0.348|-7.234|
|reg2reg   | 0.000| 0.000|
|HEPG      | 0.000| 0.000|
|All Paths |-0.348|-7.234|
+----------+------+------+

CCOptDebug: Start of Optimizer TNS Pass: reg2reg* WNS - TNS 0.0ps; HEPG WNS - TNS 0.0ps; all paths WNS -348.4ps TNS -7234.3ps; Real time 0:05:11
Active Path Group: default 
+--------+---------+--------+---------+---------+------------+--------+------------+---------+--------------+
|  WNS   | All WNS |  TNS   | All TNS | Density |    Real    |  Mem   | Worst View |Pathgroup|  End Point   |
+--------+---------+--------+---------+---------+------------+--------+------------+---------+--------------+
|  -0.348|   -0.348|  -7.234|   -7.234|   95.15%|   0:00:00.0| 3141.6M|view_typical|  default| oS_reg[23]/D |
|  -0.344|   -0.344|  -7.176|   -7.176|   94.90%|   0:00:01.0| 3167.2M|view_typical|  default| oS_reg[28]/D |
|  -0.344|   -0.344|  -7.176|   -7.176|   94.90%|   0:00:00.0| 3167.2M|view_typical|  default| oS_reg[17]/D |
|  -0.344|   -0.344|  -7.176|   -7.176|   94.90%|   0:00:01.0| 3167.2M|view_typical|  default| oS_reg[13]/D |
|  -0.344|   -0.344|  -7.176|   -7.176|   94.90%|   0:00:00.0| 3167.2M|view_typical|  default| oS_reg[7]/D  |
|  -0.344|   -0.344|  -7.176|   -7.176|   94.90%|   0:00:00.0| 3167.2M|view_typical|  default| oS_reg[2]/D  |
|  -0.344|   -0.344|  -7.178|   -7.178|   94.90%|   0:00:00.0| 3167.2M|view_typical|  default| oS_reg[31]/D |
+--------+---------+--------+---------+---------+------------+--------+------------+---------+--------------+

*** Finish Core Optimize Step (cpu=0:00:01.6 real=0:00:02.0 mem=3167.2M) ***

*** Finished Optimize Step Cumulative (cpu=0:00:01.6 real=0:00:02.0 mem=3167.2M) ***
OptDebug: End of Optimizer TNS Pass:
+----------+------+------+
|Path Group|   WNS|   TNS|
+----------+------+------+
|default   |-0.344|-7.178|
|reg2reg   | 0.000| 0.000|
|HEPG      | 0.000| 0.000|
|All Paths |-0.344|-7.178|
+----------+------+------+

CCOptDebug: End of Optimizer TNS Pass: reg2reg* WNS - TNS 0.0ps; HEPG WNS - TNS 0.0ps; all paths WNS -343.8ps TNS -7177.5ps; Real time 0:05:14
*** Starting refinePlace (0:08:20 mem=3183.2M) ***
Total net bbox length = 3.460e+03 (2.173e+03 1.287e+03) (ext = 2.476e+03)
Max route layer is changed from 127 to 10 because there is no routing track above this layer
Max route layer is changed from 127 to 10 because there is no routing track above this layer

Starting Small incrNP...
Density distribution unevenness ratio = 0.970%
Skipped incrNP (cpu=0:00:00.0, real=0:00:00.0, mem=3183.2M)
End of Small incrNP (cpu=0:00:00.0, real=0:00:00.0)
Max route layer is changed from 127 to 10 because there is no routing track above this layer
Max route layer is changed from 127 to 10 because there is no routing track above this layer
Move report: Detail placement moves 0 insts, mean move: 0.00 um, max move: 0.00 um 
	Runtime: CPU: 0:00:00.0 REAL: 0:00:00.0 MEM: 3167.2MB
Summary Report:
Instances move: 0 (out of 194 movable)
Instances flipped: 0
Mean displacement: 0.00 um
Max displacement: 0.00 um 
Total net bbox length = 3.460e+03 (2.173e+03 1.287e+03) (ext = 2.476e+03)
Runtime: CPU: 0:00:00.0 REAL: 0:00:00.0 MEM: 3167.2MB
*** Finished refinePlace (0:08:20 mem=3167.2M) ***
*** maximum move = 0.00 um ***
*** Finished re-routing un-routed nets (3167.2M) ***

*** Finish Physical Update (cpu=0:00:00.1 real=0:00:01.0 mem=3167.2M) ***
** GigaOpt Optimizer WNS Slack -0.344 TNS Slack -7.178 Density 94.90
OptDebug: End of Setup Fixing:
+----------+------+------+
|Path Group|   WNS|   TNS|
+----------+------+------+
|default   |-0.344|-7.178|
|reg2reg   | 0.000| 0.000|
|HEPG      | 0.000| 0.000|
|All Paths |-0.344|-7.178|
+----------+------+------+

Bottom Preferred Layer:
+-----------+------------+------------+----------+
|   Layer   |   OPT_LA   |    CLK     |   Rule   |
+-----------+------------+------------+----------+
| M2 (z=2)  |          0 |          1 | default  |
| M5 (z=5)  |          2 |          0 | default  |
| M8 (z=8)  |          1 |          0 | default  |
+-----------+------------+------------+----------+
Via Pillar Rule:
    None

*** Finish post-CTS Setup Fixing (cpu=0:00:03.0 real=0:00:04.0 mem=3167.2M) ***

(I,S,L,T): view_typical: 10.4751, 5.1971, 0.00110091, 15.6733
(I,S,L) ClockInsts: view_typical: 0, 0, 0
*** TnsOpt #2 [finish] (ccopt_design #1) : cpu/real = 0:00:17.5/0:00:18.8 (0.9), totSession cpu/real = 0:08:20.5/0:16:22.9 (0.5), mem = 3076.2M
End: GigaOpt TNS non-legal recovery
Begin: GigaOpt Optimization in post-eco TNS mode
Info: 1 net with fixed/cover wires excluded.
Info: 1 clock net  excluded from IPO operation.
*** TnsOpt #3 [begin] (ccopt_design #1) : totSession cpu/real = 0:08:20.5/0:16:22.9 (0.5), mem = 3076.2M
(I,S,L,T): view_typical: 10.4751, 5.1971, 0.00110091, 15.6733
(I,S,L) ClockInsts: view_typical: 0, 0, 0
*info: 1 clock net excluded
*info: 1 net with fixed/cover wires excluded.
** GigaOpt Optimizer WNS Slack -0.344 TNS Slack -7.178 Density 94.90
OptDebug: Start of Optimizer TNS Pass:
+----------+------+------+
|Path Group|   WNS|   TNS|
+----------+------+------+
|default   |-0.344|-7.178|
|reg2reg   | 0.000| 0.000|
|HEPG      | 0.000| 0.000|
|All Paths |-0.344|-7.178|
+----------+------+------+

CCOptDebug: Start of Optimizer TNS Pass: reg2reg* WNS - TNS 0.0ps; HEPG WNS - TNS 0.0ps; all paths WNS -343.8ps TNS -7177.5ps; Real time 0:05:29
Active Path Group: default 
+--------+---------+--------+---------+---------+------------+--------+------------+---------+--------------+
|  WNS   | All WNS |  TNS   | All TNS | Density |    Real    |  Mem   | Worst View |Pathgroup|  End Point   |
+--------+---------+--------+---------+---------+------------+--------+------------+---------+--------------+
|  -0.344|   -0.344|  -7.178|   -7.178|   94.90%|   0:00:00.0| 3136.3M|view_typical|  default| oS_reg[31]/D |
|  -0.344|   -0.344|  -7.175|   -7.175|   94.90%|   0:00:01.0| 3159.9M|view_typical|  default| oS_reg[19]/D |
|  -0.344|   -0.344|  -7.174|   -7.174|   94.90%|   0:00:00.0| 3159.9M|view_typical|  default| oS_reg[16]/D |
|  -0.344|   -0.344|  -7.170|   -7.170|   94.90%|   0:00:00.0| 3159.9M|view_typical|  default| oS_reg[14]/D |
|  -0.344|   -0.344|  -7.168|   -7.168|   94.90%|   0:00:00.0| 3159.9M|view_typical|  default| oS_reg[14]/D |
|  -0.344|   -0.344|  -7.168|   -7.168|   94.90%|   0:00:00.0| 3159.9M|view_typical|  default| oS_reg[4]/D  |
|  -0.344|   -0.344|  -7.166|   -7.166|   94.90%|   0:00:00.0| 3159.9M|view_typical|  default| oS_reg[2]/D  |
|  -0.344|   -0.344|  -7.165|   -7.165|   94.90%|   0:00:00.0| 3159.9M|view_typical|  default| oS_reg[0]/D  |
|  -0.344|   -0.344|  -7.165|   -7.165|   94.90%|   0:00:00.0| 3159.9M|view_typical|  default| oS_reg[31]/D |
+--------+---------+--------+---------+---------+------------+--------+------------+---------+--------------+

*** Finish Core Optimize Step (cpu=0:00:00.3 real=0:00:01.0 mem=3159.9M) ***

*** Finished Optimize Step Cumulative (cpu=0:00:00.3 real=0:00:01.0 mem=3159.9M) ***
OptDebug: End of Optimizer TNS Pass:
+----------+------+------+
|Path Group|   WNS|   TNS|
+----------+------+------+
|default   |-0.344|-7.165|
|reg2reg   | 0.000| 0.000|
|HEPG      | 0.000| 0.000|
|All Paths |-0.344|-7.165|
+----------+------+------+

CCOptDebug: End of Optimizer TNS Pass: reg2reg* WNS - TNS 0.0ps; HEPG WNS - TNS 0.0ps; all paths WNS -344.3ps TNS -7164.5ps; Real time 0:05:31
OptDebug: End of Setup Fixing:
+----------+------+------+
|Path Group|   WNS|   TNS|
+----------+------+------+
|default   |-0.344|-7.165|
|reg2reg   | 0.000| 0.000|
|HEPG      | 0.000| 0.000|
|All Paths |-0.344|-7.165|
+----------+------+------+

Bottom Preferred Layer:
+-----------+------------+------------+----------+
|   Layer   |   OPT_LA   |    CLK     |   Rule   |
+-----------+------------+------------+----------+
| M2 (z=2)  |          0 |          1 | default  |
| M5 (z=5)  |          2 |          0 | default  |
| M8 (z=8)  |          1 |          0 | default  |
+-----------+------------+------------+----------+
Via Pillar Rule:
    None

*** Finish post-CTS Setup Fixing (cpu=0:00:01.7 real=0:00:02.0 mem=3159.9M) ***

(I,S,L,T): view_typical: 10.5029, 5.20113, 0.00112298, 15.7052
(I,S,L) ClockInsts: view_typical: 0, 0, 0
*** TnsOpt #3 [finish] (ccopt_design #1) : cpu/real = 0:00:15.6/0:00:16.0 (1.0), totSession cpu/real = 0:08:36.1/0:16:38.9 (0.5), mem = 3075.9M
End: GigaOpt Optimization in post-eco TNS mode
Adjusting target slack by 0.0 ns for power optimization
**optDesign ... cpu = 0:03:12, real = 0:05:21, mem = 2879.2M, totSessionCpu=0:08:36 **

------------------------------------------------------------------
        Before Power Reclaim
------------------------------------------------------------------

Setup views included:
 view_typical 

+--------------------+---------+---------+---------+
|     Setup mode     |   all   | reg2reg | default |
+--------------------+---------+---------+---------+
|           WNS (ns):| -0.344  |   N/A   | -0.344  |
|           TNS (ns):| -7.165  |   N/A   | -7.165  |
|    Violating Paths:|   32    |   N/A   |   32    |
|          All Paths:|   32    |   N/A   |   32    |
+--------------------+---------+---------+---------+

+----------------+-------------------------------+------------------+
|                |              Real             |       Total      |
|    DRVs        +------------------+------------+------------------|
|                |  Nr nets(terms)  | Worst Vio  |  Nr nets(terms)  |
+----------------+------------------+------------+------------------+
|   max_cap      |      0 (0)       |   0.000    |      0 (0)       |
|   max_tran     |      0 (0)       |   0.000    |      0 (0)       |
|   max_fanout   |      0 (0)       |     0      |      0 (0)       |
|   max_length   |      0 (0)       |     0      |      0 (0)       |
+----------------+------------------+------------+------------------+

Density: 94.903%
Routing Overflow: 0.00% H and 0.00% V
------------------------------------------------------------------
Info: 1 net with fixed/cover wires excluded.
Info: 1 clock net  excluded from IPO operation.

Begin: Power Optimization
             0V	    VSS
          0.77V	    VDD

Starting Levelizing
2026-Apr-04 15:29:46 (2026-Apr-04 08:29:46 GMT)
2026-Apr-04 15:29:46 (2026-Apr-04 08:29:46 GMT): 10%
2026-Apr-04 15:29:46 (2026-Apr-04 08:29:46 GMT): 20%
2026-Apr-04 15:29:46 (2026-Apr-04 08:29:46 GMT): 30%
2026-Apr-04 15:29:46 (2026-Apr-04 08:29:46 GMT): 40%
2026-Apr-04 15:29:46 (2026-Apr-04 08:29:46 GMT): 50%
2026-Apr-04 15:29:46 (2026-Apr-04 08:29:46 GMT): 60%
2026-Apr-04 15:29:46 (2026-Apr-04 08:29:46 GMT): 70%
2026-Apr-04 15:29:46 (2026-Apr-04 08:29:46 GMT): 80%
2026-Apr-04 15:29:46 (2026-Apr-04 08:29:46 GMT): 90%

Finished Levelizing
2026-Apr-04 15:29:46 (2026-Apr-04 08:29:46 GMT)

Starting Activity Propagation
2026-Apr-04 15:29:46 (2026-Apr-04 08:29:46 GMT)
2026-Apr-04 15:29:46 (2026-Apr-04 08:29:46 GMT): 10%
2026-Apr-04 15:29:46 (2026-Apr-04 08:29:46 GMT): 20%
2026-Apr-04 15:29:46 (2026-Apr-04 08:29:46 GMT): 30%

Finished Activity Propagation
2026-Apr-04 15:29:46 (2026-Apr-04 08:29:46 GMT)
OptDebug: Start of Power Reclaim:
+----------+------+------+
|Path Group|   WNS|   TNS|
+----------+------+------+
|default   |-0.344|-7.165|
|reg2reg   | 0.000| 0.000|
|HEPG      | 0.000| 0.000|
|All Paths |-0.344|-7.165|
+----------+------+------+

Begin: Core Power Optimization
*** PowerOpt #2 [begin] (ccopt_design #1) : totSession cpu/real = 0:08:36.2/0:16:39.0 (0.5), mem = 3144.1M
(I,S,L,T): view_typical: 10.5029, 5.20113, 0.00112298, 15.7052
(I,S,L) ClockInsts: view_typical: 0, 0, 0
Reclaim Optimization WNS Slack -0.344  TNS Slack -7.165 Density 94.90
+---------+---------+--------+--------+------------+--------+
| Density | Commits |  WNS   |  TNS   |    Real    |  Mem   |
+---------+---------+--------+--------+------------+--------+
|   94.90%|        -|  -0.344|  -7.165|   0:00:00.0| 3144.1M|
|   94.90%|       15|  -0.344|  -7.165|   0:00:01.0| 3163.2M|
|   94.90%|       15|  -0.344|  -7.165|   0:00:01.0| 3163.2M|
|   94.90%|       15|  -0.344|  -7.165|   0:00:02.0| 3163.2M|
+---------+---------+--------+--------+------------+--------+
Reclaim Optimization End WNS Slack -0.344  TNS Slack -7.165 Density 94.90
Bottom Preferred Layer:
+-----------+------------+------------+----------+
|   Layer   |   OPT_LA   |    CLK     |   Rule   |
+-----------+------------+------------+----------+
| M2 (z=2)  |          0 |          1 | default  |
| M5 (z=5)  |          2 |          0 | default  |
| M8 (z=8)  |          1 |          0 | default  |
+-----------+------------+------------+----------+
Via Pillar Rule:
    None

Number of insts committed for which the initial cell was dont use = 0

Number of times islegalLocAvaiable called = 45 skipped = 0, called in commitmove = 45, skipped in commitmove = 0
Info : Out of 132 seq cells, 0 cells are internal dont use, and 0 cells are db dont use.
End: Core Power Optimization (cpu = 0:00:04.1) (real = 0:00:05.0) **
(I,S,L,T): view_typical: 10.5029, 5.20113, 0.00112298, 15.7051
(I,S,L) ClockInsts: view_typical: 0, 0, 0
*** PowerOpt #2 [finish] (ccopt_design #1) : cpu/real = 0:00:04.1/0:00:05.5 (0.7), totSession cpu/real = 0:08:40.3/0:16:44.5 (0.5), mem = 3163.2M
*** Starting refinePlace (0:08:40 mem=3169.2M) ***
Total net bbox length = 3.460e+03 (2.173e+03 1.287e+03) (ext = 2.476e+03)
Max route layer is changed from 127 to 10 because there is no routing track above this layer
Max route layer is changed from 127 to 10 because there is no routing track above this layer
Max route layer is changed from 127 to 10 because there is no routing track above this layer
Move report: Detail placement moves 0 insts, mean move: 0.00 um, max move: 0.00 um 
	Runtime: CPU: 0:00:00.0 REAL: 0:00:01.0 MEM: 3153.2MB
Summary Report:
Instances move: 0 (out of 194 movable)
Instances flipped: 0
Mean displacement: 0.00 um
Max displacement: 0.00 um 
Total net bbox length = 3.460e+03 (2.173e+03 1.287e+03) (ext = 2.476e+03)
Runtime: CPU: 0:00:00.0 REAL: 0:00:01.0 MEM: 3153.2MB
*** Finished refinePlace (0:08:40 mem=3153.2M) ***
*** maximum move = 0.00 um ***
*** Finished re-routing un-routed nets (3153.2M) ***

*** Finish Physical Update (cpu=0:00:00.1 real=0:00:01.0 mem=3153.2M) ***
AAE_INFO: opIsDesignInPostRouteState() is 0
#################################################################################
# Design Stage: PreRoute
# Design Name: Adder32
# Design Mode: 90nm
# Analysis Mode: MMMC OCV 
# Parasitics Mode: No SPEF/RCDB 
# Signoff Settings: SI Off 
#################################################################################
Start delay calculation (fullDC) (1 T). (MEM=3135.95)
Total number of fetched objects 283
End delay calculation. (MEM=3213.37 CPU=0:00:00.0 REAL=0:00:00.0)
End delay calculation (fullDC). (MEM=3213.37 CPU=0:00:00.1 REAL=0:00:00.0)
Checking setup slack degradation ...
OptDebug: End of Power Reclaim:
+----------+------+------+
|Path Group|   WNS|   TNS|
+----------+------+------+
|default   |-0.344|-7.163|
|reg2reg   | 0.000| 0.000|
|HEPG      | 0.000| 0.000|
|All Paths |-0.344|-7.163|
+----------+------+------+

End: Power Optimization (cpu=0:00:05, real=0:00:07, mem=3073.37M, totSessionCpu=0:08:41).
Storing power gain ratio parameter in DB at postCts power optimization stage 1.02887e-06
**optDesign ... cpu = 0:03:17, real = 0:05:28, mem = 2878.8M, totSessionCpu=0:08:41 **
Register exp ratio and priority group on 3 nets on 283 nets : 
z=5 : 2 nets
z=8 : 1 nets

Active setup views:
 view_typical
  Dominating endpoints: 0
  Dominating TNS: -0.000

Extraction called for design 'Adder32' of instances=194 and nets=285 using extraction engine 'preRoute' .
**WARN: (IMPEXT-3530):	The process node is not set. Use the command setDesignMode -process <process node> prior to extraction for maximum accuracy and optimal automatic threshold setting.
Type 'man IMPEXT-3530' for more detail.
PreRoute RC Extraction called for design Adder32.
RC Extraction called in multi-corner(1) mode.
**WARN: (IMPEXT-6197):	The Cap table file is not specified. This will result in lower parasitic accuracy when using preRoute extraction or postRoute extraction with effort level 'low'. It is recommended to generate the Cap table file using the 'generateCapTbl' command and specify it before extraction using 'create_rc_corner/update_rc_corner -cap_table'.
Type 'man IMPEXT-6197' for more detail.
RCMode: PreRoute
      RC Corner Indexes            0   
Capacitance Scaling Factor   : 1.00000 
Resistance Scaling Factor    : 1.00000 
Clock Cap. Scaling Factor    : 1.00000 
Clock Res. Scaling Factor    : 1.00000 
Shrink Factor                : 1.00000
PreRoute extraction is honoring NDR/Shielding/ExtraSpace for clock nets.
Grid density data update skipped
Initializing multi-corner resistance tables ...
PreRoute RC Extraction DONE (CPU Time: 0:00:00.0  Real Time: 0:00:00.0  MEM: 3113.801M)
<optDesign CMD> Restore Using all VT Cells
Starting delay calculation for Setup views
AAE_INFO: opIsDesignInPostRouteState() is 0
#################################################################################
# Design Stage: PreRoute
# Design Name: Adder32
# Design Mode: 90nm
# Analysis Mode: MMMC OCV 
# Parasitics Mode: No SPEF/RCDB 
# Signoff Settings: SI Off 
#################################################################################
Start delay calculation (fullDC) (1 T). (MEM=3111.8)
Total number of fetched objects 283
End delay calculation. (MEM=3115.52 CPU=0:00:00.0 REAL=0:00:00.0)
End delay calculation (fullDC). (MEM=3115.52 CPU=0:00:00.1 REAL=0:00:00.0)
*** Done Building Timing Graph (cpu=0:00:00.3 real=0:00:01.0 totSessionCpu=0:08:41 mem=3115.5M)
OPTC: user 20.0
Max route layer is changed from 127 to 10 because there is no routing track above this layer
Max route layer is changed from 127 to 10 because there is no routing track above this layer
**WARN: (IMPPSP-1321):	Removed 1 out of boundary tracks from layer 2
**WARN: (IMPPSP-1321):	Removed 1 out of boundary tracks from layer 2
**WARN: (IMPPSP-1321):	Removed 1 out of boundary tracks from layer 2
**WARN: (IMPPSP-1321):	Removed 1 out of boundary tracks from layer 2
**WARN: (IMPPSP-1321):	Removed 1 out of boundary tracks from layer 2
**WARN: (IMPPSP-1321):	Removed 1 out of boundary tracks from layer 2
[NR-eGR] Early global route reroute all routable nets
[NR-eGR] Track table information for default rule: 
[NR-eGR] M1 has single uniform track structure
[NR-eGR] M2 has non-uniform track structures
[NR-eGR] M3 has single uniform track structure
[NR-eGR] M4 has single uniform track structure
[NR-eGR] M5 has single uniform track structure
[NR-eGR] M6 has single uniform track structure
[NR-eGR] M7 has single uniform track structure
[NR-eGR] M8 has single uniform track structure
[NR-eGR] M9 has single uniform track structure
[NR-eGR] Pad has single uniform track structure
[NR-eGR] Read 24 PG shapes
[NR-eGR] Read 0 clock shapes
[NR-eGR] Read 0 other shapes
[NR-eGR] #Routing Blockages  : 0
[NR-eGR] #Bump Blockages     : 0
[NR-eGR] #Instance Blockages : 192
[NR-eGR] #PG Blockages       : 24
[NR-eGR] #Halo Blockages     : 0
[NR-eGR] #Boundary Blockages : 0
[NR-eGR] #Clock Blockages    : 0
[NR-eGR] #Other Blockages    : 0
[NR-eGR] Num Prerouted Nets = 1  Num Prerouted Wires = 98
[NR-eGR] Read 259 nets ( ignored 1 )
[NR-eGR] ============ Routing rule table ============
[NR-eGR] Rule id: 0  Rule name: (Default)  Nets: 258
[NR-eGR] ========================================
[NR-eGR] 
[NR-eGR] Layer group 1: route 1 net(s) in layer range [8, 10]
[NR-eGR] Early Global Route overflow of layer group 1: 0.00% H + 0.00% V. EstWL: 1.836000e+01um
[NR-eGR] Layer group 2: route 2 net(s) in layer range [5, 10]
[NR-eGR] Early Global Route overflow of layer group 2: 0.00% H + 0.00% V. EstWL: 5.940000e+01um
[NR-eGR] Layer group 3: route 255 net(s) in layer range [2, 10]
[NR-eGR] Early Global Route overflow of layer group 3: 0.00% H + 0.00% V. EstWL: 3.437640e+03um
[NR-eGR] Congestion Analysis By layer: (blocked Gcells are excluded) 
[NR-eGR]                        OverCon            
[NR-eGR]                         #Gcell     %Gcell
[NR-eGR]        Layer             (1-0)    OverCon
[NR-eGR] ----------------------------------------------
[NR-eGR]      M1 ( 1)         0( 0.00%)   ( 0.00%) 
[NR-eGR]      M2 ( 2)         0( 0.00%)   ( 0.00%) 
[NR-eGR]      M3 ( 3)         0( 0.00%)   ( 0.00%) 
[NR-eGR]      M4 ( 4)         0( 0.00%)   ( 0.00%) 
[NR-eGR]      M5 ( 5)         0( 0.00%)   ( 0.00%) 
[NR-eGR]      M6 ( 6)         0( 0.00%)   ( 0.00%) 
[NR-eGR]      M7 ( 7)         0( 0.00%)   ( 0.00%) 
[NR-eGR]      M8 ( 8)         0( 0.00%)   ( 0.00%) 
[NR-eGR]      M9 ( 9)         0( 0.00%)   ( 0.00%) 
[NR-eGR]     Pad (10)         0( 0.00%)   ( 0.00%) 
[NR-eGR] ----------------------------------------------
[NR-eGR]        Total         0( 0.00%)   ( 0.00%) 
[NR-eGR] 
[NR-eGR] Overflow after Early Global Route 0.00% H + 0.00% V
[NR-eGR] Finished Early Global Route kernel ( CPU: 0.03 sec, Real: 0.08 sec, Curr Mem: 2.93 MB )
[hotspot] +------------+---------------+---------------+
[hotspot] |            |   max hotspot | total hotspot |
[hotspot] +------------+---------------+---------------+
[hotspot] | normalized |          0.00 |          0.00 |
[hotspot] +------------+---------------+---------------+
Local HotSpot Analysis: normalized max congestion hotspot area = 0.00, normalized total congestion hotspot area = 0.00 (area is in unit of 4 std-cell row bins)
[hotspot] Hotspot report including placement blocked areas
[hotspot] +------------+---------------+---------------+
[hotspot] |            |   max hotspot | total hotspot |
[hotspot] +------------+---------------+---------------+
[hotspot] | normalized |          0.00 |          0.00 |
[hotspot] +------------+---------------+---------------+
Local HotSpot Analysis (blockage included): normalized max congestion hotspot area = 0.00, normalized total congestion hotspot area = 0.00 (area is in unit of 4 std-cell row bins)
Reported timing to dir ./timingReports
**optDesign ... cpu = 0:03:17, real = 0:05:29, mem = 2880.2M, totSessionCpu=0:08:41 **
env CDS_WORKAREA is set to /data/tkvm2/Asap7design/asap7_design
Using Power View: view_typical.

Begin Power Analysis

             0V	    VSS
          0.77V	    VDD
Begin Processing Timing Library for Power Calculation

Ended Processing Timing Library for Power Calculation: (cpu=0:00:00, real=0:00:00, mem(process/total/peak)=2880.96MB/5115.97MB/2889.77MB)



Begin Processing Power Net/Grid for Power Calculation

Ended Processing Power Net/Grid for Power Calculation: (cpu=0:00:00, real=0:00:00, mem(process/total/peak)=2880.96MB/5115.97MB/2889.77MB)

Begin Processing Timing Window Data for Power Calculation

Ended Processing Timing Window Data for Power Calculation: (cpu=0:00:00, real=0:00:00, mem(process/total/peak)=2880.96MB/5115.97MB/2889.77MB)

Begin Processing User Attributes

Ended Processing User Attributes: (cpu=0:00:00, real=0:00:00, mem(process/total/peak)=2880.96MB/5115.97MB/2889.77MB)

Begin Processing Signal Activity


Starting Levelizing
2026-Apr-04 15:29:54 (2026-Apr-04 08:29:54 GMT)
2026-Apr-04 15:29:54 (2026-Apr-04 08:29:54 GMT): 10%
2026-Apr-04 15:29:54 (2026-Apr-04 08:29:54 GMT): 20%
2026-Apr-04 15:29:54 (2026-Apr-04 08:29:54 GMT): 30%
2026-Apr-04 15:29:54 (2026-Apr-04 08:29:54 GMT): 40%
2026-Apr-04 15:29:54 (2026-Apr-04 08:29:54 GMT): 50%
2026-Apr-04 15:29:54 (2026-Apr-04 08:29:54 GMT): 60%
2026-Apr-04 15:29:54 (2026-Apr-04 08:29:54 GMT): 70%
2026-Apr-04 15:29:54 (2026-Apr-04 08:29:54 GMT): 80%
2026-Apr-04 15:29:54 (2026-Apr-04 08:29:54 GMT): 90%

Finished Levelizing
2026-Apr-04 15:29:54 (2026-Apr-04 08:29:54 GMT)

Starting Activity Propagation
2026-Apr-04 15:29:54 (2026-Apr-04 08:29:54 GMT)
2026-Apr-04 15:29:54 (2026-Apr-04 08:29:54 GMT): 10%
2026-Apr-04 15:29:54 (2026-Apr-04 08:29:54 GMT): 20%
2026-Apr-04 15:29:54 (2026-Apr-04 08:29:54 GMT): 30%

Finished Activity Propagation
2026-Apr-04 15:29:54 (2026-Apr-04 08:29:54 GMT)
Ended Processing Signal Activity: (cpu=0:00:00, real=0:00:00, mem(process/total/peak)=2880.96MB/5115.97MB/2889.77MB)

Begin Power Computation

      ----------------------------------------------------------
      # of cell(s) missing both power/leakage table: 0
      # of cell(s) missing power table: 0
      # of cell(s) missing leakage table: 0
      ----------------------------------------------------------



Starting Calculating power
2026-Apr-04 15:29:54 (2026-Apr-04 08:29:54 GMT)
 ... Calculating switching power
2026-Apr-04 15:29:54 (2026-Apr-04 08:29:54 GMT): 10%
2026-Apr-04 15:29:54 (2026-Apr-04 08:29:54 GMT): 20%
2026-Apr-04 15:29:54 (2026-Apr-04 08:29:54 GMT): 30%
2026-Apr-04 15:29:54 (2026-Apr-04 08:29:54 GMT): 40%
2026-Apr-04 15:29:54 (2026-Apr-04 08:29:54 GMT): 50%
 ... Calculating internal and leakage power
2026-Apr-04 15:29:54 (2026-Apr-04 08:29:54 GMT): 60%
2026-Apr-04 15:29:54 (2026-Apr-04 08:29:54 GMT): 70%
2026-Apr-04 15:29:54 (2026-Apr-04 08:29:54 GMT): 80%
2026-Apr-04 15:29:54 (2026-Apr-04 08:29:54 GMT): 90%

Finished Calculating power
2026-Apr-04 15:29:54 (2026-Apr-04 08:29:54 GMT)
      # of MSMV cell(s) missing power_level: 0
Ended Power Computation: (cpu=0:00:00, real=0:00:00, mem(process/total/peak)=2880.96MB/5115.97MB/2889.77MB)

Begin Processing User Attributes

Begin Processing set_power
Ended Processing set_power: (cpu=0:00:00, real=0:00:00,
mem(process/total/peak)=2880.96MB/5115.97MB/2889.77MB)
Ended Processing User Attributes: (cpu=0:00:00, real=0:00:00, mem(process/total/peak)=2880.96MB/5115.97MB/2889.77MB)

Ended Power Analysis: (cpu=0:00:00, real=0:00:00, mem(process/total/peak)=2880.96MB/5115.97MB/2889.77MB)

Begin Boundary Leakage Calculation
Ended Boundary Leakage Calculation: (cpu=0:00:00, real=0:00:00,
mem(process/total/peak)=2880.96MB/5115.97MB/2889.77MB)
Begin Static Power Report Generation
*----------------------------------------------------------------------------------------
*	Innovus 22.17-s086_1 (64bit) 09/24/2024 10:51 (Linux 3.10.0-693.el7.x86_64)
*	
*
* 	Date & Time:	2026-Apr-04 15:29:55 (2026-Apr-04 08:29:55 GMT)
*
*----------------------------------------------------------------------------------------

*

*	Design: Adder32

*

*	Power Domain used: 

*              Rail:        VDD      Voltage:       0.77 

*

*	Power Units = 1mW

*

*	Time Units = 1e-12 secs 

*

*       report_power -outfile ./timingReports/postCTS.power

*

-----------------------------------------------------------------------------------------

*



Total Power
-----------------------------------------------------------------------------------------
Total Internal Power:       10.28954065 	   66.4192%
Total Switching Power:       5.20112901 	   33.5734%
Total Leakage Power:         0.00114776 	    0.0074%
Total Power:                15.49181742
-----------------------------------------------------------------------------------------


Group                           Internal   Switching     Leakage       Total  Percentage 
                                Power      Power         Power         Power  (%)        
-----------------------------------------------------------------------------------------
Sequential                         7.132       1.155   0.0001087       8.288        53.5
Macro                                  0           0           0           0           0
IO                                     0           0           0           0           0
Combinational                      3.157       4.046    0.001039       7.204        46.5
Clock (Combinational)                  0           0           0           0           0
Clock (Sequential)                     0           0           0           0           0
-----------------------------------------------------------------------------------------
Total                              10.29       5.201    0.001148       15.49         100
-----------------------------------------------------------------------------------------


Rail                  Voltage   Internal   Switching     Leakage       Total  Percentage 
                                Power      Power         Power         Power  (%)        
-----------------------------------------------------------------------------------------
VDD                      0.77      10.29       5.201    0.001148       15.49         100
** INFO:  (VOLTUS_POWR-3465): There are 0 decaps and 0 fillers in the design

Ended Static Power Report Generation: (cpu=0:00:00, real=0:00:00,
mem(process/total/peak)=2880.96MB/5115.97MB/2889.77MB)


Output file is ./timingReports/postCTS.power.

------------------------------------------------------------------
     optDesign Final Summary
------------------------------------------------------------------

Setup views included:
 view_typical 

+--------------------+---------+---------+---------+
|     Setup mode     |   all   | reg2reg | default |
+--------------------+---------+---------+---------+
|           WNS (ns):| -0.344  |   N/A   | -0.344  |
|           TNS (ns):| -7.163  |   N/A   | -7.163  |
|    Violating Paths:|   32    |   N/A   |   32    |
|          All Paths:|   32    |   N/A   |   32    |
+--------------------+---------+---------+---------+

+----------------+-------------------------------+------------------+
|                |              Real             |       Total      |
|    DRVs        +------------------+------------+------------------|
|                |  Nr nets(terms)  | Worst Vio  |  Nr nets(terms)  |
+----------------+------------------+------------+------------------+
|   max_cap      |      0 (0)       |   0.000    |      0 (0)       |
|   max_tran     |      0 (0)       |   0.000    |      0 (0)       |
|   max_fanout   |      0 (0)       |     0      |      0 (0)       |
|   max_length   |      0 (0)       |     0      |      0 (0)       |
+----------------+------------------+------------+------------------+

Density: 94.903%
Routing Overflow: 0.00% H and 0.00% V
------------------------------------------------------------------
**optDesign ... cpu = 0:03:18, real = 0:05:32, mem = 2880.8M, totSessionCpu=0:08:41 **
*** Finished optDesign ***
Info: final physical memory for 2 CRR processes is 1306.63MB.
Info: Summary of CRR changes:
      - Timing transform commits:       0
Info: Destroy the CCOpt slew target map.
Set place::cacheFPlanSiteMark to 0

*** Summary of all messages that are not suppressed in this session:
Severity  ID               Count  Summary                                  
WARNING   IMPEXT-6197          5  The Cap table file is not specified. Thi...
WARNING   IMPEXT-3530          5  The process node is not set. Use the com...
WARNING   IMPSP-12502          1  Slack driven placement is disabled becau...
WARNING   IMPSP-9025           1  No scan chain specified/traced.          
WARNING   IMPCCOPT-2015        2  %s will not update I/O latencies for the...
WARNING   IMPPSP-1321         48  Removed %d out of boundary tracks from l...
*** Message Summary: 62 warning(s), 0 error(s)

*** ccopt_design #1 [finish] () : cpu/real = 0:03:22.5/0:05:56.1 (0.6), totSession cpu/real = 0:08:41.6/0:17:04.6 (0.5), mem = 3074.7M
#% End ccopt_design (date=04/04 15:30:11, total cpu=0:03:23, real=0:05:57, peak res=3006.6M, current mem=2721.2M)
<CMD> optDesign -prefix postCTS -postCTS -setup -hold
**optDesign ... cpu = 0:00:00, real = 0:00:00, mem = 2721.2M, totSessionCpu=0:08:42 **
*** optDesign #1 [begin] () : totSession cpu/real = 0:08:41.6/0:17:04.6 (0.5), mem = 2991.7M
GigaOpt running with 1 threads.
*** InitOpt #1 [begin] (optDesign #1) : totSession cpu/real = 0:08:41.6/0:17:04.6 (0.5), mem = 2991.7M
**INFO: User settings:
setExtractRCMode -engine                                       preRoute
setUsefulSkewMode -opt_skew_eco_route                          false
setDelayCalMode -enable_high_fanout                            true
setDelayCalMode -eng_enablePrePlacedFlow                       false
setDelayCalMode -engine                                        aae
setDelayCalMode -ignoreNetLoad                                 false
setDelayCalMode -socv_accuracy_mode                            low
setOptMode -opt_view_pruning_setup_views_active_list           { view_typical }
setOptMode -opt_view_pruning_setup_views_persistent_list       { view_typical}
setOptMode -opt_view_pruning_tdgr_setup_views_persistent_list  { view_typical}
setOptMode -opt_drv_margin                                     0
setOptMode -opt_drv                                            true
setOptMode -opt_fix_fanout_load                                true
setOptMode -opt_leakage_to_dynamic_ratio                       0.5
setOptMode -opt_resize_flip_flops                              true
setOptMode -opt_power_effort                                   high
setOptMode -opt_preserve_all_sequential                        false
setOptMode -opt_area_recovery                                  true
setOptMode -opt_setup_target_slack                             0
setPlaceMode -macroPlaceMode                                   0
setPlaceMode -place_design_refine_macro                        true
setPlaceMode -place_detail_preroute_as_obs                     {2 3}
setPlaceMode -place_global_auto_blockage_in_channel            soft
setPlaceMode -place_global_cong_effort                         high
setPlaceMode -place_global_module_aware_spare                  true
setPlaceMode -place_global_uniform_density                     true
setAnalysisMode -analysisType                                  onChipVariation
setAnalysisMode -checkType                                     setup
setAnalysisMode -clkSrcPath                                    true
setAnalysisMode -clockPropagation                              sdcControl
setAnalysisMode -cppr                                          both
setAnalysisMode -usefulSkew                                    true
setAnalysisMode -virtualIPO                                    false

**INFO: setDesignMode -flowEffort standard -> setting 'setOptMode -allEndPoints true' for the duration of this command.
Need call spDPlaceInit before registerPrioInstLoc.
Info: Using Genus executable '/home/share_file/cadence/installs/DDI221/GENUS221/tools.lnx86/bin/genus'.
      Genus workers will not check out additional licenses.
             0V	    VSS
          0.77V	    VDD

Starting Activity Propagation
2026-Apr-04 15:30:48 (2026-Apr-04 08:30:48 GMT)
2026-Apr-04 15:30:48 (2026-Apr-04 08:30:48 GMT): 10%
2026-Apr-04 15:30:48 (2026-Apr-04 08:30:48 GMT): 20%
2026-Apr-04 15:30:48 (2026-Apr-04 08:30:48 GMT): 30%

Finished Activity Propagation
2026-Apr-04 15:30:48 (2026-Apr-04 08:30:48 GMT)
**optDesign ... cpu = 0:01:05, real = 0:02:59, mem = 2825.7M, totSessionCpu=0:09:46 **
#optDebug: { P: 90 W: 6195 FE: standard PE: high LDR: 0.5}
*** optDesign -postCTS ***
DRC Margin: user margin 0.0; extra margin 0.2
Hold Target Slack: user slack 0
Setup Target Slack: user slack 0; extra slack 0.0
setUsefulSkewMode -opt_skew_eco_route false
**INFO: setOptMode -opt_power_effort high -> Total Power Opt will be called for all Setup Timing optDesign commands, with leakageToDynamicRatio 0.5.
Start to check current routing status for nets...
All nets are already routed correctly.
End to check current routing status for nets (mem=3036.3M)

------------------------------------------------------------------
             Initial Summary
------------------------------------------------------------------

Setup views included:
 view_typical 

+--------------------+---------+---------+---------+
|     Setup mode     |   all   | reg2reg | default |
+--------------------+---------+---------+---------+
|           WNS (ns):| -0.344  |   N/A   | -0.344  |
|           TNS (ns):| -7.163  |   N/A   | -7.163  |
|    Violating Paths:|   32    |   N/A   |   32    |
|          All Paths:|   32    |   N/A   |   32    |
+--------------------+---------+---------+---------+

+----------------+-------------------------------+------------------+
|                |              Real             |       Total      |
|    DRVs        +------------------+------------+------------------|
|                |  Nr nets(terms)  | Worst Vio  |  Nr nets(terms)  |
+----------------+------------------+------------+------------------+
|   max_cap      |      0 (0)       |   0.000    |      0 (0)       |
|   max_tran     |      0 (0)       |   0.000    |      0 (0)       |
|   max_fanout   |      0 (0)       |     0      |      0 (0)       |
|   max_length   |      0 (0)       |     0      |      0 (0)       |
+----------------+------------------+------------+------------------+

Density: 94.903%
Routing Overflow: 0.00% H and 0.00% V
------------------------------------------------------------------
**optDesign ... cpu = 0:01:05, real = 0:02:59, mem = 2825.6M, totSessionCpu=0:09:47 **
*** InitOpt #1 [finish] (optDesign #1) : cpu/real = 0:01:05.0/0:02:59.6 (0.4), totSession cpu/real = 0:09:46.6/0:20:04.2 (0.5), mem = 3034.5M
** INFO : this run is activating low effort ccoptDesign flow
OPTC: m4 20.0 20.0 [ 0.5 20.0 50.0 ]
OPTC: view 20.0:0.5 [ 0.0500 ]

Power view               = view_typical
Number of VT partitions  = 3
Standard cells in design = 808
Instances in design      = 194

Instance distribution across the VT partitions:

 LVT : inst = 144 (74.2%), cells = 202 (25.00%)
   Lib asap7sc7p5t_AO_SLVT_FF_nldm_211120 : inst = 6 (3.1%)
   Lib asap7sc7p5t_INVBUF_SLVT_FF_nldm_211120 : inst = 32 (16.5%)
   Lib asap7sc7p5t_OA_SLVT_FF_nldm_211120 : inst = 20 (10.3%)
   Lib asap7sc7p5t_SEQ_SLVT_FF_nldm_220123 : inst = 1 (0.5%)
   Lib asap7sc7p5t_SIMPLE_SLVT_FF_nldm_211120 : inst = 85 (43.8%)

 SVT : inst = 19 (9.8%), cells = 149 (18.44%)
   Lib asap7sc7p5t_INVBUF_LVT_FF_nldm_211120 : inst = 0 (0.0%)
   Lib asap7sc7p5t_SIMPLE_LVT_FF_nldm_211120 : inst = 15 (7.7%)
   Lib asap7sc7p5t_SIMPLE_RVT_FF_nldm_211120 : inst = 4 (2.1%)

 HVT : inst = 31 (16.0%), cells = 457 (56.56%)
   Lib asap7sc7p5t_AO_LVT_FF_nldm_211120 : inst = 0 (0.0%)
   Lib asap7sc7p5t_AO_RVT_FF_nldm_211120 : inst = 0 (0.0%)
   Lib asap7sc7p5t_AO_SRAM_FF_nldm_211120 : inst = 0 (0.0%)
   Lib asap7sc7p5t_INVBUF_RVT_FF_nldm_211120 : inst = 0 (0.0%)
   Lib asap7sc7p5t_INVBUF_SRAM_FF_nldm_211120 : inst = 0 (0.0%)
   Lib asap7sc7p5t_OA_LVT_FF_nldm_211120 : inst = 0 (0.0%)
   Lib asap7sc7p5t_OA_RVT_FF_nldm_211120 : inst = 0 (0.0%)
   Lib asap7sc7p5t_OA_SRAM_FF_nldm_211120 : inst = 0 (0.0%)
   Lib asap7sc7p5t_SEQ_LVT_FF_nldm_220123 : inst = 30 (15.5%)
   Lib asap7sc7p5t_SEQ_RVT_FF_nldm_220123 : inst = 1 (0.5%)
   Lib asap7sc7p5t_SEQ_SRAM_FF_nldm_220123 : inst = 0 (0.0%)
   Lib asap7sc7p5t_SIMPLE_SRAM_FF_nldm_211120 : inst = 0 (0.0%)

Reporting took 0 sec
-opt_post_cts_congestion_repair false      # bool, default=false, private
Begin: GigaOpt Route Type Constraints Refinement
*** CongRefineRouteType #1 [begin] (optDesign #1) : totSession cpu/real = 0:09:46.8/0:20:04.6 (0.5), mem = 3034.5M
Updated routing constraints on 0 nets.
Bottom Preferred Layer:
+-----------+------------+------------+----------+
|   Layer   |   OPT_LA   |    CLK     |   Rule   |
+-----------+------------+------------+----------+
| M2 (z=2)  |          0 |          1 | default  |
| M5 (z=5)  |          2 |          0 | default  |
| M8 (z=8)  |          1 |          0 | default  |
+-----------+------------+------------+----------+
Via Pillar Rule:
    None
*** CongRefineRouteType #1 [finish] (optDesign #1) : cpu/real = 0:00:01.0/0:00:02.1 (0.5), totSession cpu/real = 0:09:47.8/0:20:06.7 (0.5), mem = 3195.4M
End: GigaOpt Route Type Constraints Refinement
#InfoCS: Num dontuse cells 0, Num usable cells 849
optDesignOneStep: Power Flow
#InfoCS: Num dontuse cells 0, Num usable cells 849
*** SimplifyNetlist #1 [begin] (optDesign #1) : totSession cpu/real = 0:09:47.8/0:20:06.7 (0.5), mem = 3195.4M
Info: 1 net with fixed/cover wires excluded.
Info: 1 clock net  excluded from IPO operation.
(I,S,L,T): view_typical: 10.5028, 5.20113, 0.00112298, 15.705
(I,S,L) ClockInsts: view_typical: 0, 0, 0

Netlist preparation processing... 
Removed 0 instance
*info: Marking 0 isolation instances dont touch
*info: Marking 0 level shifter instances dont touch
(I,S,L,T): view_typical: 10.5028, 5.20113, 0.00112298, 15.705
(I,S,L) ClockInsts: view_typical: 0, 0, 0
*** SimplifyNetlist #1 [finish] (optDesign #1) : cpu/real = 0:00:03.7/0:00:07.7 (0.5), totSession cpu/real = 0:09:51.6/0:20:14.4 (0.5), mem = 3126.6M
*** ExcludedClockNetOpt #1 [begin] (optDesign #1) : totSession cpu/real = 0:09:51.6/0:20:14.4 (0.5), mem = 3126.6M
*** Starting optimizing excluded clock nets MEM= 3126.6M) ***
*info: No excluded clock nets to be optimized.
*** Finished optimizing excluded clock nets (CPU Time= 0:00:00.0  MEM= 3126.6M) ***
*** ExcludedClockNetOpt #1 [finish] (optDesign #1) : cpu/real = 0:00:00.0/0:00:00.0 (0.0), totSession cpu/real = 0:09:51.6/0:20:14.4 (0.5), mem = 3126.6M
*** ExcludedClockNetOpt #2 [begin] (optDesign #1) : totSession cpu/real = 0:09:51.6/0:20:14.4 (0.5), mem = 3126.6M
*** Starting optimizing excluded clock nets MEM= 3126.6M) ***
*info: No excluded clock nets to be optimized.
*** Finished optimizing excluded clock nets (CPU Time= 0:00:00.0  MEM= 3126.6M) ***
*** ExcludedClockNetOpt #2 [finish] (optDesign #1) : cpu/real = 0:00:00.0/0:00:00.0 (0.0), totSession cpu/real = 0:09:51.6/0:20:14.4 (0.5), mem = 3126.6M
Info: Done creating the CCOpt slew target map.
Begin: GigaOpt high fanout net optimization
*** DrvOpt #1 [begin] (optDesign #1) : totSession cpu/real = 0:09:51.6/0:20:14.4 (0.5), mem = 3126.6M
Info: 1 net with fixed/cover wires excluded.
Info: 1 clock net  excluded from IPO operation.
(I,S,L,T): view_typical: 10.5028, 5.20113, 0.00112298, 15.705
(I,S,L) ClockInsts: view_typical: 0, 0, 0
(I,S,L,T): view_typical: 10.5028, 5.20113, 0.00112298, 15.705
(I,S,L) ClockInsts: view_typical: 0, 0, 0
*** DrvOpt #1 [finish] (optDesign #1) : cpu/real = 0:00:05.1/0:00:08.7 (0.6), totSession cpu/real = 0:09:56.7/0:20:23.1 (0.5), mem = 3126.8M
End: GigaOpt high fanout net optimization
skipped the cell partition in DRV
Leakage Power Opt: re-selecting buf/inv list 
#InfoCS: Num dontuse cells 0, Num usable cells 849
optDesignOneStep: Power Flow
#InfoCS: Num dontuse cells 0, Num usable cells 849
Begin: GigaOpt Global Optimization
*info: use new DP (enabled)
Info: 1 net with fixed/cover wires excluded.
Info: 1 clock net  excluded from IPO operation.
*** GlobalOpt #1 [begin] (optDesign #1) : totSession cpu/real = 0:09:56.7/0:20:23.1 (0.5), mem = 3126.8M
(I,S,L,T): view_typical: 10.5028, 5.20113, 0.00112298, 15.705
(I,S,L) ClockInsts: view_typical: 0, 0, 0
*info: 1 clock net excluded
*info: 1 net with fixed/cover wires excluded.
** GigaOpt Global Opt WNS Slack -0.344  TNS Slack -7.163 
+--------+--------+---------+------------+--------+------------+---------+--------------+
|  WNS   |  TNS   | Density |    Real    |  Mem   | Worst View |Pathgroup|  End Point   |
+--------+--------+---------+------------+--------+------------+---------+--------------+
|  -0.344|  -7.163|   94.90%|   0:00:00.0| 3184.9M|view_typical|  default| oS_reg[31]/D |
|  -0.344|  -7.163|   94.90%|   0:00:00.0| 3204.0M|view_typical|  default| oS_reg[31]/D |
|  -0.344|  -7.163|   94.90%|   0:00:00.0| 3204.0M|view_typical|  default| oS_reg[31]/D |
|  -0.342|  -7.088|   94.90%|   0:00:00.0| 3204.0M|view_typical|  default| oS_reg[31]/D |
|  -0.341|  -7.084|   95.05%|   0:00:01.0| 3210.5M|view_typical|  default| oS_reg[31]/D |
|  -0.341|  -7.084|   95.05%|   0:00:00.0| 3210.5M|view_typical|  default| oS_reg[31]/D |
|  -0.341|  -7.084|   95.05%|   0:00:00.0| 3210.5M|view_typical|  default| oS_reg[31]/D |
|  -0.341|  -7.084|   95.05%|   0:00:00.0| 3210.5M|view_typical|  default| oS_reg[31]/D |
|  -0.341|  -7.084|   95.05%|   0:00:00.0| 3210.5M|view_typical|  default| oS_reg[31]/D |
|  -0.341|  -7.084|   95.05%|   0:00:00.0| 3210.5M|view_typical|  default| oS_reg[31]/D |
|  -0.341|  -7.084|   95.05%|   0:00:00.0| 3210.5M|view_typical|  default| oS_reg[31]/D |
|  -0.341|  -7.084|   95.05%|   0:00:00.0| 3210.5M|view_typical|  default| oS_reg[31]/D |
|  -0.341|  -7.084|   95.05%|   0:00:00.0| 3210.5M|view_typical|  default| oS_reg[31]/D |
|  -0.341|  -7.084|   95.05%|   0:00:00.0| 3210.5M|view_typical|  default| oS_reg[31]/D |
|  -0.341|  -7.084|   95.05%|   0:00:00.0| 3210.5M|view_typical|  default| oS_reg[31]/D |
|  -0.341|  -7.084|   95.05%|   0:00:00.0| 3210.5M|view_typical|  default| oS_reg[31]/D |
|  -0.341|  -7.085|   95.05%|   0:00:00.0| 3210.5M|view_typical|  default| oS_reg[31]/D |
|  -0.341|  -7.085|   95.05%|   0:00:00.0| 3210.5M|view_typical|  default| oS_reg[31]/D |
|  -0.341|  -7.085|   95.05%|   0:00:00.0| 3210.5M|view_typical|  default| oS_reg[31]/D |
|  -0.341|  -7.085|   95.05%|   0:00:00.0| 3210.5M|view_typical|  default| oS_reg[31]/D |
|  -0.341|  -7.085|   95.05%|   0:00:01.0| 3210.5M|view_typical|  default| oS_reg[31]/D |
|  -0.341|  -7.085|   95.05%|   0:00:00.0| 3210.5M|view_typical|  default| oS_reg[31]/D |
+--------+--------+---------+------------+--------+------------+---------+--------------+

*** Finish post-CTS Global Setup Fixing (cpu=0:00:00.8 real=0:00:02.0 mem=3210.5M) ***

*** Finish post-CTS Setup Fixing (cpu=0:00:00.8 real=0:00:02.0 mem=3210.5M) ***
Bottom Preferred Layer:
+-----------+------------+------------+----------+
|   Layer   |   OPT_LA   |    CLK     |   Rule   |
+-----------+------------+------------+----------+
| M2 (z=2)  |          0 |          1 | default  |
| M5 (z=5)  |          8 |          0 | default  |
| M8 (z=8)  |          1 |          0 | default  |
+-----------+------------+------------+----------+
Via Pillar Rule:
    None
** GigaOpt Global Opt End WNS Slack -0.341  TNS Slack -7.085 
(I,S,L,T): view_typical: 10.524, 5.06319, 0.001135, 15.5884
(I,S,L) ClockInsts: view_typical: 0, 0, 0
*** GlobalOpt #1 [finish] (optDesign #1) : cpu/real = 0:00:18.0/0:00:34.7 (0.5), totSession cpu/real = 0:10:14.8/0:20:57.9 (0.5), mem = 3126.5M
End: GigaOpt Global Optimization
Leakage Power Opt: resetting the buf/inv selection
*** Timing NOT met, worst failing slack is -0.341
*** Check timing (0:00:00.0)
#InfoCS: Num dontuse cells 0, Num usable cells 849
optDesignOneStep: Power Flow
#InfoCS: Num dontuse cells 0, Num usable cells 849
Info: 1 net with fixed/cover wires excluded.
Info: 1 clock net  excluded from IPO operation.

Begin: Area Power Optimization
Begin: Area Power Reclaim Optimization
*** AreaOpt #1 [begin] (optDesign #1) : totSession cpu/real = 0:10:14.8/0:20:58.0 (0.5), mem = 3184.7M
(I,S,L,T): view_typical: 10.524, 5.06319, 0.001135, 15.5884
(I,S,L) ClockInsts: view_typical: 0, 0, 0
Reclaim Optimization WNS Slack -0.341  TNS Slack -7.085 Density 95.05
+---------+---------+--------+--------+------------+--------+
| Density | Commits |  WNS   |  TNS   |    Real    |  Mem   |
+---------+---------+--------+--------+------------+--------+
|   95.05%|        -|  -0.341|  -7.085|   0:00:00.0| 3186.7M|
|   95.05%|        0|  -0.341|  -7.085|   0:00:00.0| 3186.7M|
|   95.05%|        0|  -0.341|  -7.085|   0:00:00.0| 3186.7M|
|   95.05%|        0|  -0.341|  -7.085|   0:00:01.0| 3186.7M|
|   94.95%|        2|  -0.341|  -7.085|   0:00:00.0| 3205.8M|
|   94.95%|        0|  -0.341|  -7.085|   0:00:00.0| 3205.8M|
|   94.95%|        0|  -0.341|  -7.085|   0:00:03.0| 3205.8M|
|   94.95%|        0|  -0.341|  -7.085|   0:00:00.0| 3205.8M|
+---------+---------+--------+--------+------------+--------+
Reclaim Optimization End WNS Slack -0.341  TNS Slack -7.085 Density 94.95
Bottom Preferred Layer:
+-----------+------------+------------+----------+
|   Layer   |   OPT_LA   |    CLK     |   Rule   |
+-----------+------------+------------+----------+
| M2 (z=2)  |          0 |          1 | default  |
| M5 (z=5)  |          8 |          0 | default  |
| M8 (z=8)  |          1 |          0 | default  |
+-----------+------------+------------+----------+
Via Pillar Rule:
    None

Number of times islegalLocAvaiable called = 0 skipped = 0, called in commitmove = 0, skipped in commitmove = 0
End: Core Area Reclaim Optimization (cpu = 0:00:04.1) (real = 0:00:09.0) **
(I,S,L,T): view_typical: 10.5176, 5.05329, 0.00113625, 15.5721
(I,S,L) ClockInsts: view_typical: 0, 0, 0
*** AreaOpt #1 [finish] (optDesign #1) : cpu/real = 0:00:04.1/0:00:08.9 (0.5), totSession cpu/real = 0:10:18.9/0:21:07.0 (0.5), mem = 3205.8M
Executing incremental physical updates
Executing incremental physical updates
End: Area Reclaim Optimization (cpu=0:00:04, real=0:00:09, mem=3128.75M, totSessionCpu=0:10:19).
skipped the cell partition in DRV
#InfoCS: Num dontuse cells 0, Num usable cells 849
optDesignOneStep: Power Flow
#InfoCS: Num dontuse cells 0, Num usable cells 849
Begin: GigaOpt Optimization in WNS mode
Info: 1 net with fixed/cover wires excluded.
Info: 1 clock net  excluded from IPO operation.
*** WnsOpt #1 [begin] (optDesign #1) : totSession cpu/real = 0:10:19.0/0:21:07.1 (0.5), mem = 3128.8M
(I,S,L,T): view_typical: 10.5176, 5.05329, 0.00113625, 15.5721
(I,S,L) ClockInsts: view_typical: 0, 0, 0
*info: 1 clock net excluded
*info: 1 net with fixed/cover wires excluded.
** GigaOpt Optimizer WNS Slack -0.341 TNS Slack -7.085 Density 94.95
OptDebug: Start of Optimizer WNS Pass 0:
+----------+------+------+
|Path Group|   WNS|   TNS|
+----------+------+------+
|default   |-0.341|-7.085|
|reg2reg   | 0.000| 0.000|
|HEPG      | 0.000| 0.000|
|All Paths |-0.341|-7.085|
+----------+------+------+

Active Path Group: default 
+--------+---------+--------+---------+---------+------------+--------+------------+---------+--------------+
|  WNS   | All WNS |  TNS   | All TNS | Density |    Real    |  Mem   | Worst View |Pathgroup|  End Point   |
+--------+---------+--------+---------+---------+------------+--------+------------+---------+--------------+
|  -0.341|   -0.341|  -7.085|   -7.085|   94.95%|   0:00:00.0| 3186.9M|view_typical|  default| oS_reg[31]/D |
|  -0.340|   -0.340|  -7.082|   -7.082|   95.15%|   0:00:03.0| 3218.5M|view_typical|  default| oS_reg[31]/D |
+--------+---------+--------+---------+---------+------------+--------+------------+---------+--------------+

*** Finish Core Optimize Step (cpu=0:00:02.6 real=0:00:03.0 mem=3218.5M) ***

*** Finished Optimize Step Cumulative (cpu=0:00:02.6 real=0:00:03.0 mem=3218.5M) ***
OptDebug: End of Optimizer WNS Pass 0:
+----------+------+------+
|Path Group|   WNS|   TNS|
+----------+------+------+
|default   |-0.340|-7.082|
|reg2reg   | 0.000| 0.000|
|HEPG      | 0.000| 0.000|
|All Paths |-0.340|-7.082|
+----------+------+------+

** GigaOpt Optimizer WNS Slack -0.340 TNS Slack -7.082 Density 95.15
*** Starting refinePlace (0:10:39 mem=3218.5M) ***
Total net bbox length = 3.461e+03 (2.173e+03 1.288e+03) (ext = 2.476e+03)
Max route layer is changed from 127 to 10 because there is no routing track above this layer
Max route layer is changed from 127 to 10 because there is no routing track above this layer

Starting Small incrNP...
Density distribution unevenness ratio = 0.960%
Skipped incrNP (cpu=0:00:00.0, real=0:00:00.0, mem=3218.5M)
End of Small incrNP (cpu=0:00:00.0, real=0:00:00.0)
Max route layer is changed from 127 to 10 because there is no routing track above this layer
Max route layer is changed from 127 to 10 because there is no routing track above this layer
Move report: Detail placement moves 4 insts, mean move: 0.86 um, max move: 2.16 um 
	Max move on inst (FE_OCPC70_add_8_11_n_82): (25.92, 19.66) --> (25.92, 17.50)
	Runtime: CPU: 0:00:00.0 REAL: 0:00:00.0 MEM: 3218.5MB
Summary Report:
Instances move: 4 (out of 195 movable)
Instances flipped: 0
Mean displacement: 0.86 um
Max displacement: 2.16 um (Instance: FE_OCPC70_add_8_11_n_82) (25.92, 19.656) -> (25.92, 17.496)
	Length: 4 sites, height: 1 rows, site name: asap7sc7p5t, cell type: HB1xp67_ASAP7_75t_SRAM
Total net bbox length = 3.464e+03 (2.175e+03 1.289e+03) (ext = 2.475e+03)
Runtime: CPU: 0:00:00.0 REAL: 0:00:00.0 MEM: 3218.5MB
*** Finished refinePlace (0:10:39 mem=3218.5M) ***
*** maximum move = 2.16 um ***
*** Finished re-routing un-routed nets (3218.5M) ***

*** Finish Physical Update (cpu=0:00:00.0 real=0:00:00.0 mem=3218.5M) ***
** GigaOpt Optimizer WNS Slack -0.340 TNS Slack -7.082 Density 95.15
OptDebug: Start of Optimizer WNS Pass 1:
+----------+------+------+
|Path Group|   WNS|   TNS|
+----------+------+------+
|default   |-0.340|-7.082|
|reg2reg   | 0.000| 0.000|
|HEPG      | 0.000| 0.000|
|All Paths |-0.340|-7.082|
+----------+------+------+

Active Path Group: default 
+--------+---------+--------+---------+---------+------------+--------+------------+---------+--------------+
|  WNS   | All WNS |  TNS   | All TNS | Density |    Real    |  Mem   | Worst View |Pathgroup|  End Point   |
+--------+---------+--------+---------+---------+------------+--------+------------+---------+--------------+
|  -0.340|   -0.340|  -7.082|   -7.082|   95.15%|   0:00:00.0| 3218.5M|view_typical|  default| oS_reg[31]/D |
|  -0.340|   -0.340|  -7.082|   -7.082|   95.15%|   0:00:02.0| 3218.5M|view_typical|  default| oS_reg[31]/D |
+--------+---------+--------+---------+---------+------------+--------+------------+---------+--------------+

*** Finish Core Optimize Step (cpu=0:00:01.0 real=0:00:02.0 mem=3218.5M) ***

*** Finished Optimize Step Cumulative (cpu=0:00:01.0 real=0:00:02.0 mem=3218.5M) ***
OptDebug: End of Optimizer WNS Pass 1:
+----------+------+------+
|Path Group|   WNS|   TNS|
+----------+------+------+
|default   |-0.340|-7.082|
|reg2reg   | 0.000| 0.000|
|HEPG      | 0.000| 0.000|
|All Paths |-0.340|-7.082|
+----------+------+------+

** GigaOpt Optimizer WNS Slack -0.340 TNS Slack -7.082 Density 95.15
*** Starting refinePlace (0:10:41 mem=3218.5M) ***
Total net bbox length = 3.464e+03 (2.175e+03 1.289e+03) (ext = 2.475e+03)
Max route layer is changed from 127 to 10 because there is no routing track above this layer
Max route layer is changed from 127 to 10 because there is no routing track above this layer

Starting Small incrNP...
Density distribution unevenness ratio = 0.960%
Skipped incrNP (cpu=0:00:00.0, real=0:00:00.0, mem=3218.5M)
End of Small incrNP (cpu=0:00:00.0, real=0:00:00.0)
Max route layer is changed from 127 to 10 because there is no routing track above this layer
Max route layer is changed from 127 to 10 because there is no routing track above this layer
Move report: Detail placement moves 0 insts, mean move: 0.00 um, max move: 0.00 um 
	Runtime: CPU: 0:00:00.0 REAL: 0:00:00.0 MEM: 3202.5MB
Summary Report:
Instances move: 0 (out of 195 movable)
Instances flipped: 0
Mean displacement: 0.00 um
Max displacement: 0.00 um 
Total net bbox length = 3.464e+03 (2.175e+03 1.289e+03) (ext = 2.475e+03)
Runtime: CPU: 0:00:00.0 REAL: 0:00:00.0 MEM: 3202.5MB
*** Finished refinePlace (0:10:41 mem=3202.5M) ***
*** maximum move = 0.00 um ***
*** Finished re-routing un-routed nets (3202.5M) ***

*** Finish Physical Update (cpu=0:00:00.1 real=0:00:00.0 mem=3202.5M) ***
** GigaOpt Optimizer WNS Slack -0.340 TNS Slack -7.082 Density 95.15
OptDebug: End of Setup Fixing:
+----------+------+------+
|Path Group|   WNS|   TNS|
+----------+------+------+
|default   |-0.340|-7.082|
|reg2reg   | 0.000| 0.000|
|HEPG      | 0.000| 0.000|
|All Paths |-0.340|-7.082|
+----------+------+------+

Bottom Preferred Layer:
+-----------+------------+------------+----------+
|   Layer   |   OPT_LA   |    CLK     |   Rule   |
+-----------+------------+------------+----------+
| M2 (z=2)  |          0 |          1 | default  |
| M5 (z=5)  |          9 |          0 | default  |
| M8 (z=8)  |          1 |          0 | default  |
+-----------+------------+------------+----------+
Via Pillar Rule:
    None

*** Finish post-CTS Setup Fixing (cpu=0:00:06.6 real=0:00:11.0 mem=3202.5M) ***

(I,S,L,T): view_typical: 10.5303, 5.05841, 0.00113626, 15.5898
(I,S,L) ClockInsts: view_typical: 0, 0, 0
*** WnsOpt #1 [finish] (optDesign #1) : cpu/real = 0:00:22.3/0:00:30.5 (0.7), totSession cpu/real = 0:10:41.2/0:21:37.6 (0.5), mem = 3119.5M
End: GigaOpt Optimization in WNS mode
#InfoCS: Num dontuse cells 0, Num usable cells 849
optDesignOneStep: Power Flow
#InfoCS: Num dontuse cells 0, Num usable cells 849
Begin: GigaOpt Optimization in TNS mode
Info: 1 net with fixed/cover wires excluded.
Info: 1 clock net  excluded from IPO operation.
*** TnsOpt #1 [begin] (optDesign #1) : totSession cpu/real = 0:10:41.3/0:21:37.7 (0.5), mem = 3119.5M
(I,S,L,T): view_typical: 10.5303, 5.05841, 0.00113626, 15.5898
(I,S,L) ClockInsts: view_typical: 0, 0, 0
*info: 1 clock net excluded
*info: 1 net with fixed/cover wires excluded.
** GigaOpt Optimizer WNS Slack -0.340 TNS Slack -7.082 Density 95.15
OptDebug: Start of Optimizer TNS Pass:
+----------+------+------+
|Path Group|   WNS|   TNS|
+----------+------+------+
|default   |-0.340|-7.082|
|reg2reg   | 0.000| 0.000|
|HEPG      | 0.000| 0.000|
|All Paths |-0.340|-7.082|
+----------+------+------+

Active Path Group: default 
+--------+---------+--------+---------+---------+------------+--------+------------+---------+--------------+
|  WNS   | All WNS |  TNS   | All TNS | Density |    Real    |  Mem   | Worst View |Pathgroup|  End Point   |
+--------+---------+--------+---------+---------+------------+--------+------------+---------+--------------+
|  -0.340|   -0.340|  -7.082|   -7.082|   95.15%|   0:00:00.0| 3179.7M|view_typical|  default| oS_reg[31]/D |
|  -0.340|   -0.340|  -7.074|   -7.074|   95.15%|   0:00:02.0| 3203.3M|view_typical|  default| oS_reg[16]/D |
|  -0.340|   -0.340|  -7.074|   -7.074|   95.15%|   0:00:00.0| 3203.3M|view_typical|  default| oS_reg[11]/D |
|  -0.340|   -0.340|  -7.074|   -7.074|   95.15%|   0:00:00.0| 3203.3M|view_typical|  default| oS_reg[4]/D  |
|  -0.340|   -0.340|  -7.074|   -7.074|   95.15%|   0:00:01.0| 3203.3M|view_typical|  default| oS_reg[31]/D |
+--------+---------+--------+---------+---------+------------+--------+------------+---------+--------------+

*** Finish Core Optimize Step (cpu=0:00:01.4 real=0:00:03.0 mem=3203.3M) ***

*** Finished Optimize Step Cumulative (cpu=0:00:01.4 real=0:00:03.0 mem=3203.3M) ***
OptDebug: End of Optimizer TNS Pass:
+----------+------+------+
|Path Group|   WNS|   TNS|
+----------+------+------+
|default   |-0.340|-7.074|
|reg2reg   | 0.000| 0.000|
|HEPG      | 0.000| 0.000|
|All Paths |-0.340|-7.074|
+----------+------+------+

*** Starting refinePlace (0:11:00 mem=3219.3M) ***
Total net bbox length = 3.464e+03 (2.175e+03 1.289e+03) (ext = 2.475e+03)
Max route layer is changed from 127 to 10 because there is no routing track above this layer
Max route layer is changed from 127 to 10 because there is no routing track above this layer

Starting Small incrNP...
Density distribution unevenness ratio = 0.960%
Skipped incrNP (cpu=0:00:00.0, real=0:00:00.0, mem=3219.3M)
End of Small incrNP (cpu=0:00:00.0, real=0:00:00.0)
Max route layer is changed from 127 to 10 because there is no routing track above this layer
Max route layer is changed from 127 to 10 because there is no routing track above this layer
Move report: Detail placement moves 0 insts, mean move: 0.00 um, max move: 0.00 um 
	Runtime: CPU: 0:00:00.0 REAL: 0:00:00.0 MEM: 3203.3MB
Summary Report:
Instances move: 0 (out of 195 movable)
Instances flipped: 0
Mean displacement: 0.00 um
Max displacement: 0.00 um 
Total net bbox length = 3.464e+03 (2.175e+03 1.289e+03) (ext = 2.475e+03)
Runtime: CPU: 0:00:00.0 REAL: 0:00:00.0 MEM: 3203.3MB
*** Finished refinePlace (0:11:00 mem=3203.3M) ***
*** maximum move = 0.00 um ***
*** Finished re-routing un-routed nets (3203.3M) ***

*** Finish Physical Update (cpu=0:00:00.1 real=0:00:00.0 mem=3203.3M) ***
** GigaOpt Optimizer WNS Slack -0.340 TNS Slack -7.074 Density 95.15
OptDebug: End of Setup Fixing:
+----------+------+------+
|Path Group|   WNS|   TNS|
+----------+------+------+
|default   |-0.340|-7.074|
|reg2reg   | 0.000| 0.000|
|HEPG      | 0.000| 0.000|
|All Paths |-0.340|-7.074|
+----------+------+------+

Bottom Preferred Layer:
+-----------+------------+------------+----------+
|   Layer   |   OPT_LA   |    CLK     |   Rule   |
+-----------+------------+------------+----------+
| M2 (z=2)  |          0 |          1 | default  |
| M5 (z=5)  |          9 |          0 | default  |
| M8 (z=8)  |          1 |          0 | default  |
+-----------+------------+------------+----------+
Via Pillar Rule:
    None

*** Finish post-CTS Setup Fixing (cpu=0:00:02.8 real=0:00:06.0 mem=3203.3M) ***

(I,S,L,T): view_typical: 10.5306, 5.05872, 0.00113652, 15.5905
(I,S,L) ClockInsts: view_typical: 0, 0, 0
*** TnsOpt #1 [finish] (optDesign #1) : cpu/real = 0:00:18.4/0:00:32.5 (0.6), totSession cpu/real = 0:10:59.6/0:22:10.2 (0.5), mem = 3119.3M
End: GigaOpt Optimization in TNS mode
Info: 1 net with fixed/cover wires excluded.
Info: 1 clock net  excluded from IPO operation.

Begin: Area Power Optimization
Begin: Area Power Reclaim Optimization
*** AreaOpt #2 [begin] (optDesign #1) : totSession cpu/real = 0:10:59.7/0:22:10.3 (0.5), mem = 3177.4M
(I,S,L,T): view_typical: 10.5306, 5.05872, 0.00113652, 15.5905
(I,S,L) ClockInsts: view_typical: 0, 0, 0
Reclaim Optimization WNS Slack -0.340  TNS Slack -7.074 Density 95.15
+---------+---------+--------+--------+------------+--------+
| Density | Commits |  WNS   |  TNS   |    Real    |  Mem   |
+---------+---------+--------+--------+------------+--------+
|   95.15%|        -|  -0.340|  -7.074|   0:00:00.0| 3177.4M|
|   95.15%|        0|  -0.340|  -7.074|   0:00:00.0| 3177.4M|
|   95.15%|        0|  -0.340|  -7.074|   0:00:00.0| 3177.4M|
|   95.15%|        0|  -0.340|  -7.074|   0:00:00.0| 3177.4M|
|   95.15%|        1|  -0.340|  -7.074|   0:00:01.0| 3196.5M|
|   95.15%|        0|  -0.340|  -7.074|   0:00:00.0| 3196.5M|
|   95.15%|        0|  -0.340|  -7.074|   0:00:03.0| 3196.5M|
|   95.15%|        7|  -0.341|  -7.148|   0:00:00.0| 3196.5M|
+---------+---------+--------+--------+------------+--------+
Reclaim Optimization End WNS Slack -0.341  TNS Slack -7.148 Density 95.15
Bottom Preferred Layer:
+-----------+------------+------------+----------+
|   Layer   |   OPT_LA   |    CLK     |   Rule   |
+-----------+------------+------------+----------+
| M2 (z=2)  |          0 |          1 | default  |
| M5 (z=5)  |          2 |          0 | default  |
| M8 (z=8)  |          1 |          0 | default  |
+-----------+------------+------------+----------+
Via Pillar Rule:
    None

Number of times islegalLocAvaiable called = 4 skipped = 0, called in commitmove = 1, skipped in commitmove = 0
End: Core Area Reclaim Optimization (cpu = 0:00:02.6) (real = 0:00:06.0) **
*** Starting refinePlace (0:11:02 mem=3212.5M) ***
Total net bbox length = 3.464e+03 (2.175e+03 1.289e+03) (ext = 2.475e+03)
Max route layer is changed from 127 to 10 because there is no routing track above this layer
Max route layer is changed from 127 to 10 because there is no routing track above this layer
Max route layer is changed from 127 to 10 because there is no routing track above this layer
Move report: Detail placement moves 0 insts, mean move: 0.00 um, max move: 0.00 um 
	Runtime: CPU: 0:00:00.0 REAL: 0:00:00.0 MEM: 3196.5MB
Summary Report:
Instances move: 0 (out of 195 movable)
Instances flipped: 0
Mean displacement: 0.00 um
Max displacement: 0.00 um 
Total net bbox length = 3.464e+03 (2.175e+03 1.289e+03) (ext = 2.475e+03)
Runtime: CPU: 0:00:00.0 REAL: 0:00:00.0 MEM: 3196.5MB
*** Finished refinePlace (0:11:02 mem=3196.5M) ***
*** maximum move = 0.00 um ***
*** Finished re-routing un-routed nets (3196.5M) ***

*** Finish Physical Update (cpu=0:00:00.1 real=0:00:00.0 mem=3196.5M) ***
(I,S,L,T): view_typical: 10.5441, 5.21394, 0.00113652, 15.7592
(I,S,L) ClockInsts: view_typical: 0, 0, 0
*** AreaOpt #2 [finish] (optDesign #1) : cpu/real = 0:00:02.6/0:00:05.9 (0.4), totSession cpu/real = 0:11:02.3/0:22:16.2 (0.5), mem = 3196.5M
End: Area Reclaim Optimization (cpu=0:00:03, real=0:00:06, mem=3118.50M, totSessionCpu=0:11:02).
**optDesign ... cpu = 0:02:21, real = 0:05:11, mem = 2919.6M, totSessionCpu=0:11:02 **

------------------------------------------------------------------
        Before Power Reclaim
------------------------------------------------------------------

Setup views included:
 view_typical 

+--------------------+---------+---------+---------+
|     Setup mode     |   all   | reg2reg | default |
+--------------------+---------+---------+---------+
|           WNS (ns):| -0.341  |   N/A   | -0.341  |
|           TNS (ns):| -7.148  |   N/A   | -7.148  |
|    Violating Paths:|   32    |   N/A   |   32    |
|          All Paths:|   32    |   N/A   |   32    |
+--------------------+---------+---------+---------+

+----------------+-------------------------------+------------------+
|                |              Real             |       Total      |
|    DRVs        +------------------+------------+------------------|
|                |  Nr nets(terms)  | Worst Vio  |  Nr nets(terms)  |
+----------------+------------------+------------+------------------+
|   max_cap      |      0 (0)       |   0.000    |      0 (0)       |
|   max_tran     |      0 (0)       |   0.000    |      0 (0)       |
|   max_fanout   |      0 (0)       |     0      |      0 (0)       |
|   max_length   |      0 (0)       |     0      |      0 (0)       |
+----------------+------------------+------------+------------------+

Density: 95.146%
Routing Overflow: 0.00% H and 0.00% V
------------------------------------------------------------------
Info: 1 net with fixed/cover wires excluded.
Info: 1 clock net  excluded from IPO operation.

Begin: Power Optimization
env CDS_WORKAREA is set to /data/tkvm2/Asap7design/asap7_design
Using Power View: view_typical.

Begin Power Analysis

             0V	    VSS
          0.77V	    VDD
Begin Processing Timing Library for Power Calculation

Ended Processing Timing Library for Power Calculation: (cpu=0:00:00, real=0:00:00, mem(process/total/peak)=2919.88MB/5223.10MB/2922.50MB)



Begin Processing Power Net/Grid for Power Calculation

Ended Processing Power Net/Grid for Power Calculation: (cpu=0:00:00, real=0:00:00, mem(process/total/peak)=2919.88MB/5223.10MB/2922.50MB)

Begin Processing Timing Window Data for Power Calculation

Ended Processing Timing Window Data for Power Calculation: (cpu=0:00:00, real=0:00:00, mem(process/total/peak)=2919.88MB/5223.10MB/2922.50MB)

Begin Processing User Attributes

Ended Processing User Attributes: (cpu=0:00:00, real=0:00:00, mem(process/total/peak)=2919.88MB/5223.10MB/2922.50MB)

Begin Processing Signal Activity


Starting Levelizing
2026-Apr-04 15:35:23 (2026-Apr-04 08:35:23 GMT)
2026-Apr-04 15:35:23 (2026-Apr-04 08:35:23 GMT): 10%
2026-Apr-04 15:35:23 (2026-Apr-04 08:35:23 GMT): 20%
2026-Apr-04 15:35:23 (2026-Apr-04 08:35:23 GMT): 30%
2026-Apr-04 15:35:23 (2026-Apr-04 08:35:23 GMT): 40%
2026-Apr-04 15:35:23 (2026-Apr-04 08:35:23 GMT): 50%
2026-Apr-04 15:35:23 (2026-Apr-04 08:35:23 GMT): 60%
2026-Apr-04 15:35:23 (2026-Apr-04 08:35:23 GMT): 70%
2026-Apr-04 15:35:23 (2026-Apr-04 08:35:23 GMT): 80%
2026-Apr-04 15:35:23 (2026-Apr-04 08:35:23 GMT): 90%

Finished Levelizing
2026-Apr-04 15:35:23 (2026-Apr-04 08:35:23 GMT)

Starting Activity Propagation
2026-Apr-04 15:35:23 (2026-Apr-04 08:35:23 GMT)
2026-Apr-04 15:35:23 (2026-Apr-04 08:35:23 GMT): 10%
2026-Apr-04 15:35:23 (2026-Apr-04 08:35:23 GMT): 20%
2026-Apr-04 15:35:23 (2026-Apr-04 08:35:23 GMT): 30%

Finished Activity Propagation
2026-Apr-04 15:35:23 (2026-Apr-04 08:35:23 GMT)
Ended Processing Signal Activity: (cpu=0:00:00, real=0:00:00, mem(process/total/peak)=2919.88MB/5223.10MB/2922.50MB)

Begin Power Computation

      ----------------------------------------------------------
      # of cell(s) missing both power/leakage table: 0
      # of cell(s) missing power table: 0
      # of cell(s) missing leakage table: 0
      ----------------------------------------------------------



Starting Calculating power
2026-Apr-04 15:35:23 (2026-Apr-04 08:35:23 GMT)
 ... Calculating switching power
2026-Apr-04 15:35:23 (2026-Apr-04 08:35:23 GMT): 10%
2026-Apr-04 15:35:23 (2026-Apr-04 08:35:23 GMT): 20%
2026-Apr-04 15:35:23 (2026-Apr-04 08:35:23 GMT): 30%
2026-Apr-04 15:35:23 (2026-Apr-04 08:35:23 GMT): 40%
2026-Apr-04 15:35:23 (2026-Apr-04 08:35:23 GMT): 50%
 ... Calculating internal and leakage power
2026-Apr-04 15:35:23 (2026-Apr-04 08:35:23 GMT): 60%
2026-Apr-04 15:35:24 (2026-Apr-04 08:35:24 GMT): 70%
2026-Apr-04 15:35:24 (2026-Apr-04 08:35:24 GMT): 80%
2026-Apr-04 15:35:24 (2026-Apr-04 08:35:24 GMT): 90%

Finished Calculating power
2026-Apr-04 15:35:24 (2026-Apr-04 08:35:24 GMT)
      # of MSMV cell(s) missing power_level: 0
Ended Power Computation: (cpu=0:00:00, real=0:00:00, mem(process/total/peak)=2919.89MB/5223.10MB/2922.50MB)

Begin Processing User Attributes

Begin Processing set_power
Ended Processing set_power: (cpu=0:00:00, real=0:00:00,
mem(process/total/peak)=2919.89MB/5223.10MB/2922.50MB)
Ended Processing User Attributes: (cpu=0:00:00, real=0:00:00, mem(process/total/peak)=2919.89MB/5223.10MB/2922.50MB)

Ended Power Analysis: (cpu=0:00:00, real=0:00:00, mem(process/total/peak)=2919.89MB/5223.10MB/2922.50MB)

Begin Boundary Leakage Calculation
Ended Boundary Leakage Calculation: (cpu=0:00:00, real=0:00:00,
mem(process/total/peak)=2919.89MB/5223.10MB/2922.50MB)
Begin Static Power Report Generation
*----------------------------------------------------------------------------------------
*	Innovus 22.17-s086_1 (64bit) 09/24/2024 10:51 (Linux 3.10.0-693.el7.x86_64)
*	
*
* 	Date & Time:	2026-Apr-04 15:35:24 (2026-Apr-04 08:35:24 GMT)
*
*----------------------------------------------------------------------------------------
*
*	Design: Adder32
*
*	Parasitic Files used:
*
*	Power Units = 1mW
*
*	Time Units = 1e-12 secs
*
*       report_power
*
-----------------------------------------------------------------------------------------
*



Total Power
-----------------------------------------------------------------------------------------
Total Internal Power:       10.33565563 	   66.4640%
Total Switching Power:       5.21393778 	   33.5285%
Total Leakage Power:         0.00116487 	    0.0075%
Total Power:                15.55075828
-----------------------------------------------------------------------------------------


Group                           Internal   Switching     Leakage       Total  Percentage 
                                Power      Power         Power         Power  (%)        
-----------------------------------------------------------------------------------------
Sequential                         7.131       1.155   0.0001087       8.287       53.29
Macro                                  0           0           0           0           0
IO                                     0           0           0           0           0
Combinational                      3.204       4.059    0.001056       7.264       46.71
Clock (Combinational)                  0           0           0           0           0
Clock (Sequential)                     0           0           0           0           0
-----------------------------------------------------------------------------------------
Total                              10.34       5.214    0.001165       15.55         100
-----------------------------------------------------------------------------------------


Rail                  Voltage   Internal   Switching     Leakage       Total  Percentage 
                                Power      Power         Power         Power  (%)        
-----------------------------------------------------------------------------------------
VDD                      0.77      10.34       5.214    0.001165       15.55         100
 
 
-----------------------------------------------------------------------------------------
*	Power Distribution Summary: 
*              Highest Average Power:                oS_reg[30] (DFFHQx4_ASAP7_75t_SL):           0.2964
*              Highest Leakage Power:                oS_reg[30] (DFFHQx4_ASAP7_75t_SL):        3.094e-05
*                Total Cap:      5.65087e-13 F
*                Total instances in design:   195
*                Total instances in design with no power:     0
*                Total instances in design with no activty:     0

*                Total Fillers and Decap:     0
-----------------------------------------------------------------------------------------
 
** INFO:  (VOLTUS_POWR-3465): There are 0 decaps and 0 fillers in the design

Ended Static Power Report Generation: (cpu=0:00:00, real=0:00:00,
mem(process/total/peak)=2919.89MB/5223.10MB/2922.50MB)

OptDebug: Start of Power Reclaim:
+----------+------+------+
|Path Group|   WNS|   TNS|
+----------+------+------+
|default   |-0.341|-7.148|
|reg2reg   | 0.000| 0.000|
|HEPG      | 0.000| 0.000|
|All Paths |-0.341|-7.148|
+----------+------+------+

Begin: Core Power Optimization
*** PowerOpt #1 [begin] (optDesign #1) : totSession cpu/real = 0:11:02.6/0:22:17.2 (0.5), mem = 3186.7M
(I,S,L,T): view_typical: 10.5441, 5.21394, 0.00113652, 15.7592
(I,S,L) ClockInsts: view_typical: 0, 0, 0
+---------+---------+--------+--------+------------+--------+
| Density | Commits |  WNS   |  TNS   |    Real    |  Mem   |
+---------+---------+--------+--------+------------+--------+
|   95.15%|        -|  -0.341|  -7.148|   0:00:00.0| 3186.7M|
|   95.15%|        2|  -0.341|  -7.149|   0:00:02.0| 3205.7M|
+---------+---------+--------+--------+------------+--------+
Bottom Preferred Layer:
+-----------+------------+------------+----------+
|   Layer   |   OPT_LA   |    CLK     |   Rule   |
+-----------+------------+------------+----------+
| M2 (z=2)  |          0 |          1 | default  |
| M5 (z=5)  |          2 |          0 | default  |
| M8 (z=8)  |          1 |          0 | default  |
+-----------+------------+------------+----------+
Via Pillar Rule:
    None

Number of insts committed for which the initial cell was dont use = 0

Number of times islegalLocAvaiable called = 2 skipped = 0, called in commitmove = 2, skipped in commitmove = 0
Info : Out of 132 seq cells, 0 cells are internal dont use, and 0 cells are db dont use.
End: Core Power Optimization (cpu = 0:00:02.4) (real = 0:00:04.0) **
(I,S,L,T): view_typical: 10.5395, 5.21314, 0.00112464, 15.7538
(I,S,L) ClockInsts: view_typical: 0, 0, 0
*** PowerOpt #1 [finish] (optDesign #1) : cpu/real = 0:00:02.4/0:00:04.3 (0.6), totSession cpu/real = 0:11:05.0/0:22:21.5 (0.5), mem = 3205.7M
OptDebug: End of Power Reclaim:
+----------+------+------+
|Path Group|   WNS|   TNS|
+----------+------+------+
|default   |-0.341|-7.149|
|reg2reg   | 0.000| 0.000|
|HEPG      | 0.000| 0.000|
|All Paths |-0.341|-7.149|
+----------+------+------+

End: Power Optimization (cpu=0:00:02, real=0:00:04, mem=3118.75M, totSessionCpu=0:11:05).
Storing power gain ratio parameter in DB at postCts power optimization stage 0
**optDesign ... cpu = 0:02:23, real = 0:05:16, mem = 2919.8M, totSessionCpu=0:11:05 **
*** LocalWireReclaim #1 [begin] (optDesign #1) : totSession cpu/real = 0:11:05.0/0:22:21.5 (0.5), mem = 3118.7M
Starting local wire reclaim
*** Starting refinePlace (0:11:05 mem=3118.7M) ***
Max route layer is changed from 127 to 10 because there is no routing track above this layer
Max route layer is changed from 127 to 10 because there is no routing track above this layer
Max route layer is changed from 127 to 10 because there is no routing track above this layer
**WARN: (IMPSP-12502):	Slack driven placement is disabled because either timing libraries or timing constraint files are not provided.
**WARN: AAE based timing driven is off.
Max route layer is changed from 127 to 10 because there is no routing track above this layer
Max route layer is changed from 127 to 10 because there is no routing track above this layer
Call icdpEval cleanup ...
Move report: Detail placement moves 4 insts, mean move: 1.40 um, max move: 1.51 um 
	Max move on inst (FE_RC_162_0): (24.41, 13.18) --> (22.90, 13.18)
	Runtime: CPU: 0:00:00.7 REAL: 0:00:01.0 MEM: 3135.7MB
Summary Report:
Instances move: 4 (out of 195 movable)
Instances flipped: 0
Mean displacement: 1.40 um
Max displacement: 1.51 um (Instance: FE_RC_162_0) (24.408, 13.176) -> (22.896, 13.176)
	Length: 7 sites, height: 1 rows, site name: asap7sc7p5t, cell type: OA21x2_ASAP7_75t_SL
Runtime: CPU: 0:00:00.7 REAL: 0:00:01.0 MEM: 3135.7MB
*** Finished refinePlace (0:11:06 mem=3135.7M) ***
*** LocalWireReclaim #1 [finish] (optDesign #1) : cpu/real = 0:00:00.7/0:00:01.0 (0.7), totSession cpu/real = 0:11:05.7/0:22:22.5 (0.5), mem = 3120.7M
eGR doReRoute: optGuide
Max route layer is changed from 127 to 10 because there is no routing track above this layer
Max route layer is changed from 127 to 10 because there is no routing track above this layer
**WARN: (IMPPSP-1321):	Removed 1 out of boundary tracks from layer 2
**WARN: (IMPPSP-1321):	Removed 1 out of boundary tracks from layer 2
**WARN: (IMPPSP-1321):	Removed 1 out of boundary tracks from layer 2
**WARN: (IMPPSP-1321):	Removed 1 out of boundary tracks from layer 2
**WARN: (IMPPSP-1321):	Removed 1 out of boundary tracks from layer 2
**WARN: (IMPPSP-1321):	Removed 1 out of boundary tracks from layer 2
[NR-eGR] Early global route reroute all routable nets
[NR-eGR] Track table information for default rule: 
[NR-eGR] M1 has single uniform track structure
[NR-eGR] M2 has non-uniform track structures
[NR-eGR] M3 has single uniform track structure
[NR-eGR] M4 has single uniform track structure
[NR-eGR] M5 has single uniform track structure
[NR-eGR] M6 has single uniform track structure
[NR-eGR] M7 has single uniform track structure
[NR-eGR] M8 has single uniform track structure
[NR-eGR] M9 has single uniform track structure
[NR-eGR] Pad has single uniform track structure
[NR-eGR] Read 24 PG shapes
[NR-eGR] Read 0 clock shapes
[NR-eGR] Read 0 other shapes
[NR-eGR] #Routing Blockages  : 0
[NR-eGR] #Bump Blockages     : 0
[NR-eGR] #Instance Blockages : 192
[NR-eGR] #PG Blockages       : 24
[NR-eGR] #Halo Blockages     : 0
[NR-eGR] #Boundary Blockages : 0
[NR-eGR] #Clock Blockages    : 0
[NR-eGR] #Other Blockages    : 0
[NR-eGR] Num Prerouted Nets = 1  Num Prerouted Wires = 98
[NR-eGR] Read 260 nets ( ignored 1 )
[NR-eGR] ============ Routing rule table ============
[NR-eGR] Rule id: 0  Rule name: (Default)  Nets: 259
[NR-eGR] ========================================
[NR-eGR] 
[NR-eGR] Layer group 1: route 1 net(s) in layer range [8, 10]
[NR-eGR] Early Global Route overflow of layer group 1: 0.00% H + 0.00% V. EstWL: 1.836000e+01um
[NR-eGR] Layer group 2: route 2 net(s) in layer range [5, 10]
[NR-eGR] Early Global Route overflow of layer group 2: 0.00% H + 0.00% V. EstWL: 5.940000e+01um
[NR-eGR] Layer group 3: route 256 net(s) in layer range [2, 10]
[NR-eGR] Early Global Route overflow of layer group 3: 0.00% H + 0.00% V. EstWL: 3.438720e+03um
[NR-eGR] Congestion Analysis By layer: (blocked Gcells are excluded) 
[NR-eGR]                        OverCon            
[NR-eGR]                         #Gcell     %Gcell
[NR-eGR]        Layer             (1-0)    OverCon
[NR-eGR] ----------------------------------------------
[NR-eGR]      M1 ( 1)         0( 0.00%)   ( 0.00%) 
[NR-eGR]      M2 ( 2)         0( 0.00%)   ( 0.00%) 
[NR-eGR]      M3 ( 3)         0( 0.00%)   ( 0.00%) 
[NR-eGR]      M4 ( 4)         0( 0.00%)   ( 0.00%) 
[NR-eGR]      M5 ( 5)         0( 0.00%)   ( 0.00%) 
[NR-eGR]      M6 ( 6)         0( 0.00%)   ( 0.00%) 
[NR-eGR]      M7 ( 7)         0( 0.00%)   ( 0.00%) 
[NR-eGR]      M8 ( 8)         0( 0.00%)   ( 0.00%) 
[NR-eGR]      M9 ( 9)         0( 0.00%)   ( 0.00%) 
[NR-eGR]     Pad (10)         0( 0.00%)   ( 0.00%) 
[NR-eGR] ----------------------------------------------
[NR-eGR]        Total         0( 0.00%)   ( 0.00%) 
[NR-eGR] 
[NR-eGR] Overflow after Early Global Route 0.00% H + 0.00% V
[NR-eGR] Connected 0 must-join pins/ports (post-process)
[NR-eGR] Total eGR-routed clock nets wire length: 0um, number of vias: 0
[NR-eGR] --------------------------------------------------------------------------
[NR-eGR]              Length (um)  Vias 
[NR-eGR] -------------------------------
[NR-eGR]  M1   (1V)             0   579 
[NR-eGR]  M2   (2H)          1300   927 
[NR-eGR]  M3   (3V)          1219   216 
[NR-eGR]  M4   (4H)           898    30 
[NR-eGR]  M5   (5V)           159     6 
[NR-eGR]  M6   (6H)            15     2 
[NR-eGR]  M7   (7V)             0     2 
[NR-eGR]  M8   (8H)             9     2 
[NR-eGR]  M9   (9V)            11     0 
[NR-eGR]  Pad  (10H)            0     0 
[NR-eGR] -------------------------------
[NR-eGR]       Total         3612  1764 
[NR-eGR] --------------------------------------------------------------------------
[NR-eGR] Total half perimeter of net bounding box: 3462um
[NR-eGR] Total length: 3612um, number of vias: 1764
[NR-eGR] --------------------------------------------------------------------------
[NR-eGR] Finished Early Global Route kernel ( CPU: 0.04 sec, Real: 0.14 sec, Curr Mem: 2.95 MB )
Extraction called for design 'Adder32' of instances=195 and nets=286 using extraction engine 'preRoute' .
**WARN: (IMPEXT-3530):	The process node is not set. Use the command setDesignMode -process <process node> prior to extraction for maximum accuracy and optimal automatic threshold setting.
Type 'man IMPEXT-3530' for more detail.
PreRoute RC Extraction called for design Adder32.
RC Extraction called in multi-corner(1) mode.
**WARN: (IMPEXT-6197):	The Cap table file is not specified. This will result in lower parasitic accuracy when using preRoute extraction or postRoute extraction with effort level 'low'. It is recommended to generate the Cap table file using the 'generateCapTbl' command and specify it before extraction using 'create_rc_corner/update_rc_corner -cap_table'.
Type 'man IMPEXT-6197' for more detail.
RCMode: PreRoute
      RC Corner Indexes            0   
Capacitance Scaling Factor   : 1.00000 
Resistance Scaling Factor    : 1.00000 
Clock Cap. Scaling Factor    : 1.00000 
Clock Res. Scaling Factor    : 1.00000 
Shrink Factor                : 1.00000
PreRoute extraction is honoring NDR/Shielding/ExtraSpace for clock nets.
Updating RC Grid density data for preRoute extraction ...
Initializing multi-corner resistance tables ...
PreRoute RC Extraction DONE (CPU Time: 0:00:00.0  Real Time: 0:00:00.0  MEM: 3092.020M)
Compute RC Scale Done ...
[hotspot] +------------+---------------+---------------+
[hotspot] |            |   max hotspot | total hotspot |
[hotspot] +------------+---------------+---------------+
[hotspot] | normalized |          0.00 |          0.00 |
[hotspot] +------------+---------------+---------------+
Local HotSpot Analysis: normalized max congestion hotspot area = 0.00, normalized total congestion hotspot area = 0.00 (area is in unit of 4 std-cell row bins)
Begin: GigaOpt Route Type Constraints Refinement
*** CongRefineRouteType #2 [begin] (optDesign #1) : totSession cpu/real = 0:11:05.9/0:22:22.9 (0.5), mem = 3137.1M
Updated routing constraints on 0 nets.
Bottom Preferred Layer:
+-----------+------------+------------+----------+
|   Layer   |   OPT_LA   |    CLK     |   Rule   |
+-----------+------------+------------+----------+
| M2 (z=2)  |          0 |          1 | default  |
| M5 (z=5)  |          2 |          0 | default  |
| M8 (z=8)  |          1 |          0 | default  |
+-----------+------------+------------+----------+
Via Pillar Rule:
    None
*** CongRefineRouteType #2 [finish] (optDesign #1) : cpu/real = 0:00:00.0/0:00:00.0 (3.2), totSession cpu/real = 0:11:05.9/0:22:22.9 (0.5), mem = 3137.1M
End: GigaOpt Route Type Constraints Refinement
skip EGR on cluster skew clock nets.
AAE_INFO: opIsDesignInPostRouteState() is 0
#################################################################################
# Design Stage: PreRoute
# Design Name: Adder32
# Design Mode: 90nm
# Analysis Mode: MMMC OCV 
# Parasitics Mode: No SPEF/RCDB 
# Signoff Settings: SI Off 
#################################################################################
Start delay calculation (fullDC) (1 T). (MEM=3127.1)
Total number of fetched objects 284
End delay calculation. (MEM=3165.5 CPU=0:00:00.0 REAL=0:00:00.0)
End delay calculation (fullDC). (MEM=3165.5 CPU=0:00:00.1 REAL=0:00:00.0)
OPT: Doing preprocessing before recovery...
OptDebug: Start of preprocessForPowerRecovery:
+----------+------+------+
|Path Group|   WNS|   TNS|
+----------+------+------+
|default   |-0.340|-7.136|
|reg2reg   | 0.000| 0.000|
|HEPG      | 0.000| 0.000|
|All Paths |-0.340|-7.136|
+----------+------+------+

OptDebug: End of preprocessForPowerRecovery:
+----------+------+------+
|Path Group|   WNS|   TNS|
+----------+------+------+
|default   |-0.340|-7.136|
|reg2reg   | 0.000| 0.000|
|HEPG      | 0.000| 0.000|
|All Paths |-0.340|-7.136|
+----------+------+------+

Begin: GigaOpt postEco DRV Optimization
*** DrvOpt #2 [begin] (optDesign #1) : totSession cpu/real = 0:11:07.4/0:22:26.1 (0.5), mem = 3183.3M
Info: 1 net with fixed/cover wires excluded.
Info: 1 clock net  excluded from IPO operation.
(I,S,L,T): view_typical: 10.539, 5.20694, 0.00112464, 15.7471
(I,S,L) ClockInsts: view_typical: 0, 0, 0
+-------------------------------------------------------------------------------------------------------------------------------------------------------+
|        max-tran       |        max-cap        |  max-fanout |  max-length |       setup       |        |        |        |       |          |         |
+-------------------------------------------------------------------------------------------------------------------------------------------------------+
| nets | terms|  wViol  | nets | terms|  wViol  | nets | terms| nets | terms|   WNS   |   TNS   |  #Buf  |  #Inv  | #Resize|Density|   Real   |   Mem   |
+-------------------------------------------------------------------------------------------------------------------------------------------------------+
|     0|     0|     0.00|     0|     0|     0.00|     0|     0|     0|     0|    -0.34|    -7.14|       0|       0|       0| 95.15%|          |         |
|     0|     0|     0.00|     0|     0|     0.00|     0|     0|     0|     0|    -0.34|    -7.14|       0|       0|       0| 95.15%| 0:00:00.0|  3183.3M|
+-------------------------------------------------------------------------------------------------------------------------------------------------------+
Bottom Preferred Layer:
+-----------+------------+------------+----------+
|   Layer   |   OPT_LA   |    CLK     |   Rule   |
+-----------+------------+------------+----------+
| M2 (z=2)  |          0 |          1 | default  |
| M5 (z=5)  |          2 |          0 | default  |
| M8 (z=8)  |          1 |          0 | default  |
+-----------+------------+------------+----------+
Via Pillar Rule:
    None

*** Finish DRV Fixing (cpu=0:00:00.0 real=0:00:00.0 mem=3183.3M) ***

(I,S,L,T): view_typical: 10.539, 5.20694, 0.00112464, 15.7471
(I,S,L) ClockInsts: view_typical: 0, 0, 0
*** DrvOpt #2 [finish] (optDesign #1) : cpu/real = 0:00:05.2/0:00:10.5 (0.5), totSession cpu/real = 0:11:12.5/0:22:36.6 (0.5), mem = 3125.3M
End: GigaOpt postEco DRV Optimization
GigaOpt: WNS changes after postEco optimization: -0.341 -> -0.339 (bump = -0.002)
GigaOpt: Skipping nonLegal postEco optimization
Design TNS changes after trial route: -7.148 -> -7.136
Begin: GigaOpt TNS non-legal recovery
Info: 1 net with fixed/cover wires excluded.
Info: 1 clock net  excluded from IPO operation.
*** TnsOpt #2 [begin] (optDesign #1) : totSession cpu/real = 0:11:12.6/0:22:36.7 (0.5), mem = 3125.3M
(I,S,L,T): view_typical: 10.539, 5.20694, 0.00112464, 15.7471
(I,S,L) ClockInsts: view_typical: 0, 0, 0
*info: 1 clock net excluded
*info: 1 net with fixed/cover wires excluded.
** GigaOpt Optimizer WNS Slack -0.340 TNS Slack -7.136 Density 95.15
OptDebug: Start of Optimizer TNS Pass:
+----------+------+------+
|Path Group|   WNS|   TNS|
+----------+------+------+
|default   |-0.340|-7.136|
|reg2reg   | 0.000| 0.000|
|HEPG      | 0.000| 0.000|
|All Paths |-0.340|-7.136|
+----------+------+------+

Active Path Group: default 
+--------+---------+--------+---------+---------+------------+--------+------------+---------+--------------+
|  WNS   | All WNS |  TNS   | All TNS | Density |    Real    |  Mem   | Worst View |Pathgroup|  End Point   |
+--------+---------+--------+---------+---------+------------+--------+------------+---------+--------------+
|  -0.340|   -0.340|  -7.136|   -7.136|   95.15%|   0:00:00.0| 3185.4M|view_typical|  default| oS_reg[31]/D |
|  -0.340|   -0.340|  -7.133|   -7.133|   95.15%|   0:00:00.0| 3211.0M|view_typical|  default| oS_reg[19]/D |
|  -0.340|   -0.340|  -7.133|   -7.133|   95.15%|   0:00:01.0| 3211.0M|view_typical|  default| oS_reg[11]/D |
|  -0.340|   -0.340|  -7.133|   -7.133|   95.15%|   0:00:00.0| 3211.0M|view_typical|  default| oS_reg[5]/D  |
|  -0.340|   -0.340|  -7.135|   -7.135|   95.15%|   0:00:00.0| 3211.0M|view_typical|  default| oS_reg[0]/D  |
|  -0.340|   -0.340|  -7.135|   -7.135|   95.15%|   0:00:00.0| 3211.0M|view_typical|  default| oS_reg[31]/D |
+--------+---------+--------+---------+---------+------------+--------+------------+---------+--------------+

*** Finish Core Optimize Step (cpu=0:00:00.6 real=0:00:01.0 mem=3211.0M) ***

*** Finished Optimize Step Cumulative (cpu=0:00:00.6 real=0:00:01.0 mem=3211.0M) ***
OptDebug: End of Optimizer TNS Pass:
+----------+------+------+
|Path Group|   WNS|   TNS|
+----------+------+------+
|default   |-0.340|-7.135|
|reg2reg   | 0.000| 0.000|
|HEPG      | 0.000| 0.000|
|All Paths |-0.340|-7.135|
+----------+------+------+

*** Starting refinePlace (0:11:29 mem=3227.0M) ***
Total net bbox length = 3.462e+03 (2.174e+03 1.288e+03) (ext = 2.473e+03)
Max route layer is changed from 127 to 10 because there is no routing track above this layer
Max route layer is changed from 127 to 10 because there is no routing track above this layer

Starting Small incrNP...
Density distribution unevenness ratio = 0.960%
Skipped incrNP (cpu=0:00:00.0, real=0:00:00.0, mem=3227.0M)
End of Small incrNP (cpu=0:00:00.0, real=0:00:00.0)
Max route layer is changed from 127 to 10 because there is no routing track above this layer
Max route layer is changed from 127 to 10 because there is no routing track above this layer
Move report: Detail placement moves 0 insts, mean move: 0.00 um, max move: 0.00 um 
	Runtime: CPU: 0:00:00.0 REAL: 0:00:00.0 MEM: 3211.0MB
Summary Report:
Instances move: 0 (out of 195 movable)
Instances flipped: 0
Mean displacement: 0.00 um
Max displacement: 0.00 um 
Total net bbox length = 3.462e+03 (2.174e+03 1.288e+03) (ext = 2.473e+03)
Runtime: CPU: 0:00:00.0 REAL: 0:00:00.0 MEM: 3211.0MB
*** Finished refinePlace (0:11:29 mem=3211.0M) ***
*** maximum move = 0.00 um ***
*** Finished re-routing un-routed nets (3211.0M) ***

*** Finish Physical Update (cpu=0:00:00.1 real=0:00:00.0 mem=3211.0M) ***
** GigaOpt Optimizer WNS Slack -0.340 TNS Slack -7.135 Density 95.15
OptDebug: End of Setup Fixing:
+----------+------+------+
|Path Group|   WNS|   TNS|
+----------+------+------+
|default   |-0.340|-7.135|
|reg2reg   | 0.000| 0.000|
|HEPG      | 0.000| 0.000|
|All Paths |-0.340|-7.135|
+----------+------+------+

Bottom Preferred Layer:
+-----------+------------+------------+----------+
|   Layer   |   OPT_LA   |    CLK     |   Rule   |
+-----------+------------+------------+----------+
| M2 (z=2)  |          0 |          1 | default  |
| M5 (z=5)  |          2 |          0 | default  |
| M8 (z=8)  |          1 |          0 | default  |
+-----------+------------+------------+----------+
Via Pillar Rule:
    None

*** Finish post-CTS Setup Fixing (cpu=0:00:02.1 real=0:00:04.0 mem=3211.0M) ***

(I,S,L,T): view_typical: 10.5449, 5.20785, 0.00113955, 15.7539
(I,S,L) ClockInsts: view_typical: 0, 0, 0
*** TnsOpt #2 [finish] (optDesign #1) : cpu/real = 0:00:16.3/0:00:27.9 (0.6), totSession cpu/real = 0:11:28.9/0:23:04.6 (0.5), mem = 3120.0M
End: GigaOpt TNS non-legal recovery
Begin: GigaOpt Optimization in post-eco TNS mode
Info: 1 net with fixed/cover wires excluded.
Info: 1 clock net  excluded from IPO operation.
*** TnsOpt #3 [begin] (optDesign #1) : totSession cpu/real = 0:11:28.9/0:23:04.6 (0.5), mem = 3120.0M
(I,S,L,T): view_typical: 10.5449, 5.20785, 0.00113955, 15.7539
(I,S,L) ClockInsts: view_typical: 0, 0, 0
*info: 1 clock net excluded
*info: 1 net with fixed/cover wires excluded.
** GigaOpt Optimizer WNS Slack -0.340 TNS Slack -7.135 Density 95.15
OptDebug: Start of Optimizer TNS Pass:
+----------+------+------+
|Path Group|   WNS|   TNS|
+----------+------+------+
|default   |-0.340|-7.135|
|reg2reg   | 0.000| 0.000|
|HEPG      | 0.000| 0.000|
|All Paths |-0.340|-7.135|
+----------+------+------+

Active Path Group: default 
+--------+---------+--------+---------+---------+------------+--------+------------+---------+--------------+
|  WNS   | All WNS |  TNS   | All TNS | Density |    Real    |  Mem   | Worst View |Pathgroup|  End Point   |
+--------+---------+--------+---------+---------+------------+--------+------------+---------+--------------+
|  -0.340|   -0.340|  -7.135|   -7.135|   95.15%|   0:00:00.0| 3180.2M|view_typical|  default| oS_reg[31]/D |
|  -0.340|   -0.340|  -7.135|   -7.135|   95.15%|   0:00:01.0| 3203.8M|view_typical|  default| oS_reg[14]/D |
|  -0.340|   -0.340|  -7.135|   -7.135|   95.15%|   0:00:00.0| 3203.8M|view_typical|  default| oS_reg[2]/D  |
|  -0.340|   -0.340|  -7.135|   -7.135|   95.15%|   0:00:00.0| 3203.8M|view_typical|  default| oS_reg[31]/D |
+--------+---------+--------+---------+---------+------------+--------+------------+---------+--------------+

*** Finish Core Optimize Step (cpu=0:00:00.2 real=0:00:01.0 mem=3203.8M) ***

*** Finished Optimize Step Cumulative (cpu=0:00:00.2 real=0:00:01.0 mem=3203.8M) ***
OptDebug: End of Optimizer TNS Pass:
+----------+------+------+
|Path Group|   WNS|   TNS|
+----------+------+------+
|default   |-0.340|-7.135|
|reg2reg   | 0.000| 0.000|
|HEPG      | 0.000| 0.000|
|All Paths |-0.340|-7.135|
+----------+------+------+

OptDebug: End of Setup Fixing:
+----------+------+------+
|Path Group|   WNS|   TNS|
+----------+------+------+
|default   |-0.340|-7.135|
|reg2reg   | 0.000| 0.000|
|HEPG      | 0.000| 0.000|
|All Paths |-0.340|-7.135|
+----------+------+------+

Bottom Preferred Layer:
+-----------+------------+------------+----------+
|   Layer   |   OPT_LA   |    CLK     |   Rule   |
+-----------+------------+------------+----------+
| M2 (z=2)  |          0 |          1 | default  |
| M5 (z=5)  |          2 |          0 | default  |
| M8 (z=8)  |          1 |          0 | default  |
+-----------+------------+------------+----------+
Via Pillar Rule:
    None

*** Finish post-CTS Setup Fixing (cpu=0:00:01.6 real=0:00:04.0 mem=3203.8M) ***

(I,S,L,T): view_typical: 10.5449, 5.20785, 0.00113955, 15.7539
(I,S,L) ClockInsts: view_typical: 0, 0, 0
*** TnsOpt #3 [finish] (optDesign #1) : cpu/real = 0:00:15.6/0:00:32.4 (0.5), totSession cpu/real = 0:11:44.4/0:23:37.0 (0.5), mem = 3118.8M
End: GigaOpt Optimization in post-eco TNS mode
Adjusting target slack by 0.0 ns for power optimization
**optDesign ... cpu = 0:03:03, real = 0:06:32, mem = 2919.0M, totSessionCpu=0:11:44 **

------------------------------------------------------------------
        Before Power Reclaim
------------------------------------------------------------------

Setup views included:
 view_typical 

+--------------------+---------+---------+---------+
|     Setup mode     |   all   | reg2reg | default |
+--------------------+---------+---------+---------+
|           WNS (ns):| -0.340  |   N/A   | -0.340  |
|           TNS (ns):| -7.135  |   N/A   | -7.135  |
|    Violating Paths:|   32    |   N/A   |   32    |
|          All Paths:|   32    |   N/A   |   32    |
+--------------------+---------+---------+---------+

+----------------+-------------------------------+------------------+
|                |              Real             |       Total      |
|    DRVs        +------------------+------------+------------------|
|                |  Nr nets(terms)  | Worst Vio  |  Nr nets(terms)  |
+----------------+------------------+------------+------------------+
|   max_cap      |      0 (0)       |   0.000    |      0 (0)       |
|   max_tran     |      0 (0)       |   0.000    |      0 (0)       |
|   max_fanout   |      0 (0)       |     0      |      0 (0)       |
|   max_length   |      0 (0)       |     0      |      0 (0)       |
+----------------+------------------+------------+------------------+

Density: 95.146%
Routing Overflow: 0.00% H and 0.00% V
------------------------------------------------------------------
Info: 1 net with fixed/cover wires excluded.
Info: 1 clock net  excluded from IPO operation.

Begin: Power Optimization
             0V	    VSS
          0.77V	    VDD

Starting Levelizing
2026-Apr-04 15:36:44 (2026-Apr-04 08:36:44 GMT)
2026-Apr-04 15:36:44 (2026-Apr-04 08:36:44 GMT): 10%
2026-Apr-04 15:36:44 (2026-Apr-04 08:36:44 GMT): 20%
2026-Apr-04 15:36:44 (2026-Apr-04 08:36:44 GMT): 30%
2026-Apr-04 15:36:44 (2026-Apr-04 08:36:44 GMT): 40%
2026-Apr-04 15:36:44 (2026-Apr-04 08:36:44 GMT): 50%
2026-Apr-04 15:36:44 (2026-Apr-04 08:36:44 GMT): 60%
2026-Apr-04 15:36:44 (2026-Apr-04 08:36:44 GMT): 70%
2026-Apr-04 15:36:44 (2026-Apr-04 08:36:44 GMT): 80%
2026-Apr-04 15:36:44 (2026-Apr-04 08:36:44 GMT): 90%

Finished Levelizing
2026-Apr-04 15:36:44 (2026-Apr-04 08:36:44 GMT)

Starting Activity Propagation
2026-Apr-04 15:36:44 (2026-Apr-04 08:36:44 GMT)
2026-Apr-04 15:36:44 (2026-Apr-04 08:36:44 GMT): 10%
2026-Apr-04 15:36:44 (2026-Apr-04 08:36:44 GMT): 20%
2026-Apr-04 15:36:44 (2026-Apr-04 08:36:44 GMT): 30%

Finished Activity Propagation
2026-Apr-04 15:36:44 (2026-Apr-04 08:36:44 GMT)
OptDebug: Start of Power Reclaim:
+----------+------+------+
|Path Group|   WNS|   TNS|
+----------+------+------+
|default   |-0.340|-7.135|
|reg2reg   | 0.000| 0.000|
|HEPG      | 0.000| 0.000|
|All Paths |-0.340|-7.135|
+----------+------+------+

Begin: Core Power Optimization
*** PowerOpt #2 [begin] (optDesign #1) : totSession cpu/real = 0:11:44.6/0:23:37.4 (0.5), mem = 3186.9M
(I,S,L,T): view_typical: 10.5449, 5.20785, 0.00113955, 15.7539
(I,S,L) ClockInsts: view_typical: 0, 0, 0
Reclaim Optimization WNS Slack -0.340  TNS Slack -7.135 Density 95.15
+---------+---------+--------+--------+------------+--------+
| Density | Commits |  WNS   |  TNS   |    Real    |  Mem   |
+---------+---------+--------+--------+------------+--------+
|   95.15%|        -|  -0.340|  -7.135|   0:00:00.0| 3186.9M|
|   95.15%|       17|  -0.340|  -7.135|   0:00:03.0| 3206.0M|
|   95.15%|       17|  -0.340|  -7.135|   0:00:01.0| 3206.0M|
|   95.15%|       17|  -0.340|  -7.135|   0:00:03.0| 3206.0M|
+---------+---------+--------+--------+------------+--------+
Reclaim Optimization End WNS Slack -0.340  TNS Slack -7.135 Density 95.15
Bottom Preferred Layer:
+-----------+------------+------------+----------+
|   Layer   |   OPT_LA   |    CLK     |   Rule   |
+-----------+------------+------------+----------+
| M2 (z=2)  |          0 |          1 | default  |
| M5 (z=5)  |          2 |          0 | default  |
| M8 (z=8)  |          1 |          0 | default  |
+-----------+------------+------------+----------+
Via Pillar Rule:
    None

Number of insts committed for which the initial cell was dont use = 0

Number of times islegalLocAvaiable called = 51 skipped = 0, called in commitmove = 51, skipped in commitmove = 0
Info : Out of 132 seq cells, 0 cells are internal dont use, and 0 cells are db dont use.
End: Core Power Optimization (cpu = 0:00:04.0) (real = 0:00:09.0) **
(I,S,L,T): view_typical: 10.5449, 5.20785, 0.00113955, 15.7539
(I,S,L) ClockInsts: view_typical: 0, 0, 0
*** PowerOpt #2 [finish] (optDesign #1) : cpu/real = 0:00:04.0/0:00:08.4 (0.5), totSession cpu/real = 0:11:48.6/0:23:45.8 (0.5), mem = 3206.0M
*** Starting refinePlace (0:11:49 mem=3212.0M) ***
Total net bbox length = 3.462e+03 (2.174e+03 1.288e+03) (ext = 2.473e+03)
Max route layer is changed from 127 to 10 because there is no routing track above this layer
Max route layer is changed from 127 to 10 because there is no routing track above this layer
Max route layer is changed from 127 to 10 because there is no routing track above this layer
Move report: Detail placement moves 0 insts, mean move: 0.00 um, max move: 0.00 um 
	Runtime: CPU: 0:00:00.0 REAL: 0:00:00.0 MEM: 3196.0MB
Summary Report:
Instances move: 0 (out of 195 movable)
Instances flipped: 0
Mean displacement: 0.00 um
Max displacement: 0.00 um 
Total net bbox length = 3.462e+03 (2.174e+03 1.288e+03) (ext = 2.473e+03)
Runtime: CPU: 0:00:00.0 REAL: 0:00:00.0 MEM: 3196.0MB
*** Finished refinePlace (0:11:49 mem=3196.0M) ***
*** maximum move = 0.00 um ***
*** Finished re-routing un-routed nets (3196.0M) ***

*** Finish Physical Update (cpu=0:00:00.1 real=0:00:00.0 mem=3196.0M) ***
AAE_INFO: opIsDesignInPostRouteState() is 0
#################################################################################
# Design Stage: PreRoute
# Design Name: Adder32
# Design Mode: 90nm
# Analysis Mode: MMMC OCV 
# Parasitics Mode: No SPEF/RCDB 
# Signoff Settings: SI Off 
#################################################################################
Start delay calculation (fullDC) (1 T). (MEM=3181.32)
Total number of fetched objects 284
End delay calculation. (MEM=3258.74 CPU=0:00:00.1 REAL=0:00:00.0)
End delay calculation (fullDC). (MEM=3258.74 CPU=0:00:00.1 REAL=0:00:00.0)
Checking setup slack degradation ...
OptDebug: End of Power Reclaim:
+----------+------+------+
|Path Group|   WNS|   TNS|
+----------+------+------+
|default   |-0.340|-7.135|
|reg2reg   | 0.000| 0.000|
|HEPG      | 0.000| 0.000|
|All Paths |-0.340|-7.135|
+----------+------+------+

End: Power Optimization (cpu=0:00:04, real=0:00:10, mem=3117.74M, totSessionCpu=0:11:49).
Storing power gain ratio parameter in DB at postCts power optimization stage 1.04577e-06
**optDesign ... cpu = 0:03:07, real = 0:06:42, mem = 2919.5M, totSessionCpu=0:11:49 **
Register exp ratio and priority group on 3 nets on 284 nets : 
z=5 : 2 nets
z=8 : 1 nets

Active setup views:
 view_typical
  Dominating endpoints: 0
  Dominating TNS: -0.000

Extraction called for design 'Adder32' of instances=195 and nets=286 using extraction engine 'preRoute' .
**WARN: (IMPEXT-3530):	The process node is not set. Use the command setDesignMode -process <process node> prior to extraction for maximum accuracy and optimal automatic threshold setting.
Type 'man IMPEXT-3530' for more detail.
PreRoute RC Extraction called for design Adder32.
RC Extraction called in multi-corner(1) mode.
**WARN: (IMPEXT-6197):	The Cap table file is not specified. This will result in lower parasitic accuracy when using preRoute extraction or postRoute extraction with effort level 'low'. It is recommended to generate the Cap table file using the 'generateCapTbl' command and specify it before extraction using 'create_rc_corner/update_rc_corner -cap_table'.
Type 'man IMPEXT-6197' for more detail.
RCMode: PreRoute
      RC Corner Indexes            0   
Capacitance Scaling Factor   : 1.00000 
Resistance Scaling Factor    : 1.00000 
Clock Cap. Scaling Factor    : 1.00000 
Clock Res. Scaling Factor    : 1.00000 
Shrink Factor                : 1.00000
PreRoute extraction is honoring NDR/Shielding/ExtraSpace for clock nets.
Grid density data update skipped
Initializing multi-corner resistance tables ...
PreRoute RC Extraction DONE (CPU Time: 0:00:00.0  Real Time: 0:00:01.0  MEM: 3158.168M)
GigaOpt Hold Optimizer is used
<optDesign CMD> fixhold  no -lvt -mvt Cells
#InfoCS: Num dontuse cells 351, Num usable cells 498
optDesignOneStep: Power Flow
#InfoCS: Num dontuse cells 351, Num usable cells 498
Starting initialization (fixHold) cpu=0:00:00.0 real=0:00:00.0 totSessionCpu=0:11:50 mem=3158.2M ***
*** BuildHoldData #1 [begin] (optDesign #1) : totSession cpu/real = 0:11:50.4/0:23:49.8 (0.5), mem = 3158.2M
OPTC: user 20.0
Starting delay calculation for Hold views
AAE_INFO: opIsDesignInPostRouteState() is 0
#################################################################################
# Design Stage: PreRoute
# Design Name: Adder32
# Design Mode: 90nm
# Analysis Mode: MMMC OCV 
# Parasitics Mode: No SPEF/RCDB 
# Signoff Settings: SI Off 
#################################################################################
Start delay calculation (fullDC) (1 T). (MEM=3156.17)
Total number of fetched objects 284
End delay calculation. (MEM=3159.89 CPU=0:00:00.0 REAL=0:00:00.0)
End delay calculation (fullDC). (MEM=3159.89 CPU=0:00:00.1 REAL=0:00:00.0)
*** Done Building Timing Graph (cpu=0:00:00.3 real=0:00:00.0 totSessionCpu=0:11:51 mem=3159.9M)

Active hold views:
 view_typical
  Dominating endpoints: 0
  Dominating TNS: -0.000

Done building cte hold timing graph (fixHold) cpu=0:00:00.3 real=0:00:00.0 totSessionCpu=0:11:51 mem=3175.9M ***
OPTC: user 20.0
Done building hold timer [701 node(s), 1082 edge(s), 1 view(s)] (fixHold) cpu=0:00:00.4 real=0:00:00.0 totSessionCpu=0:11:51 mem=3175.9M ***
Starting delay calculation for Setup views
AAE_INFO: opIsDesignInPostRouteState() is 0
#################################################################################
# Design Stage: PreRoute
# Design Name: Adder32
# Design Mode: 90nm
# Analysis Mode: MMMC OCV 
# Parasitics Mode: No SPEF/RCDB 
# Signoff Settings: SI Off 
#################################################################################
Start delay calculation (fullDC) (1 T). (MEM=3156.17)
Total number of fetched objects 284
End delay calculation. (MEM=3159.89 CPU=0:00:00.0 REAL=0:00:00.0)
End delay calculation (fullDC). (MEM=3159.89 CPU=0:00:00.1 REAL=0:00:00.0)
*** Done Building Timing Graph (cpu=0:00:00.2 real=0:00:01.0 totSessionCpu=0:11:51 mem=3159.9M)
Done building cte setup timing graph (fixHold) cpu=0:00:00.7 real=0:00:01.0 totSessionCpu=0:11:51 mem=3159.9M ***
OPTC: m4 20.0 20.0 [ 0.5 20.0 50.0 ]
OPTC: view 20.0:0.5 [ 0.0500 ]

*Info: minBufDelay = 11.4 ps, libStdDelay = 6.1 ps, minBufSize = 14929920 (4.0)
*Info: worst delay setup view: view_typical

------------------------------------------------------------------
     Hold Opt Initial Summary
------------------------------------------------------------------

Setup views included:
 view_typical
Hold views included:
 view_typical

+--------------------+---------+---------+---------+
|     Setup mode     |   all   | reg2reg | default |
+--------------------+---------+---------+---------+
|           WNS (ns):| -0.340  |   N/A   | -0.340  |
|           TNS (ns):| -7.135  |   N/A   | -7.135  |
|    Violating Paths:|   32    |   N/A   |   32    |
|          All Paths:|   32    |   N/A   |   32    |
+--------------------+---------+---------+---------+

+--------------------+---------+---------+---------+
|     Hold mode      |   all   | reg2reg | default |
+--------------------+---------+---------+---------+
|           WNS (ns):| -0.005  |   N/A   | -0.005  |
|           TNS (ns):| -0.026  |   N/A   | -0.026  |
|    Violating Paths:|   11    |   N/A   |   11    |
|          All Paths:|   32    |   N/A   |   32    |
+--------------------+---------+---------+---------+

+----------------+-------------------------------+------------------+
|                |              Real             |       Total      |
|    DRVs        +------------------+------------+------------------|
|                |  Nr nets(terms)  | Worst Vio  |  Nr nets(terms)  |
+----------------+------------------+------------+------------------+
|   max_cap      |      0 (0)       |   0.000    |      0 (0)       |
|   max_tran     |      0 (0)       |   0.000    |      0 (0)       |
|   max_fanout   |      0 (0)       |     0      |      0 (0)       |
|   max_length   |      0 (0)       |     0      |      0 (0)       |
+----------------+------------------+------------+------------------+

Density: 95.146%
Routing Overflow: 0.00% H and 0.00% V
------------------------------------------------------------------
**optDesign ... cpu = 0:03:13, real = 0:06:53, mem = 2920.9M, totSessionCpu=0:11:54 **
*** BuildHoldData #1 [finish] (optDesign #1) : cpu/real = 0:00:03.9/0:00:08.0 (0.5), totSession cpu/real = 0:11:54.3/0:23:57.8 (0.5), mem = 3121.0M
*** HoldOpt #1 [begin] (optDesign #1) : totSession cpu/real = 0:11:54.3/0:23:57.8 (0.5), mem = 3121.0M
(I,S,L,T): view_typical: 10.5449, 5.20785, 0.00113955, 15.7539
(I,S,L) ClockInsts: view_typical: 0, 0, 0
*info: Run optDesign holdfix with 1 thread.
Info: 1 net with fixed/cover wires excluded.
Info: 1 clock net  excluded from IPO operation.
Info: Do not create the CCOpt slew target map as it already exists.

*** Starting Core Fixing (fixHold) cpu=0:00:04.6 real=0:00:09.0 totSessionCpu=0:11:55 mem=3179.1M density=95.146% ***

Phase I ......
Executing transform: ECO Safe Resize
+----+----------+----------+--------+-----------+----------------+---------+------------+---------+
|Iter| Hold WNS | Hold TNS |  #VP   |  #Buffer  |  #Resize(F/F)  | Density |    Real    |   Mem   |
+----+----------+----------+--------+-----------+----------------+---------+------------+---------+
**Info: Stopping hold fixing due to density exceeding max design density 95.000%
|   0|    -0.005|     -0.03|      11|          0|       0(     0)|   95.15%|   0:00:00.0|  3189.1M|
+----+----------+----------+--------+-----------+----------------+---------+------------+---------+
Executing transform: AddBuffer + LegalResize
+----+----------+----------+--------+-----------+----------------+---------+------------+---------+
|Iter| Hold WNS | Hold TNS |  #VP   |  #Buffer  |  #Resize(F/F)  | Density |    Real    |   Mem   |
+----+----------+----------+--------+-----------+----------------+---------+------------+---------+
**Info: Stopping hold fixing due to density exceeding max design density 95.000%
|   0|    -0.005|     -0.03|      11|          0|       0(     0)|   95.15%|   0:00:00.0|  3189.1M|
+----+----------+----------+--------+-----------+----------------+---------+------------+---------+
Bottom Preferred Layer:
+-----------+------------+------------+----------+
|   Layer   |   OPT_LA   |    CLK     |   Rule   |
+-----------+------------+------------+----------+
| M2 (z=2)  |          0 |          1 | default  |
| M5 (z=5)  |          2 |          0 | default  |
| M8 (z=8)  |          1 |          0 | default  |
+-----------+------------+------------+----------+
Via Pillar Rule:
    None


=======================================================================
                Reasons for remaining hold violations
=======================================================================
*info: Total 33 net(s) have violated hold timing slacks.

Buffering failure reasons
------------------------------------------------

Resizing failure reasons
------------------------------------------------


*** Finished Core Fixing (fixHold) cpu=0:00:04.6 real=0:00:09.0 totSessionCpu=0:11:55 mem=3189.1M density=95.146% ***


Capturing unweighted ref hold timing for Post CTS hold recovery....
*** Finish Post CTS Hold Fixing (cpu=0:00:04.6 real=0:00:09.0 totSessionCpu=0:11:55 mem=3189.1M density=95.146%) ***
(I,S,L,T): view_typical: 10.5449, 5.20785, 0.00113955, 15.7539
(I,S,L) ClockInsts: view_typical: 0, 0, 0
**INFO: total 53 insts, 100 nets marked don't touch
**INFO: total 53 insts, 100 nets marked don't touch DB property
**INFO: total 53 insts, 100 nets unmarked don't touch
*** HoldOpt #1 [finish] (optDesign #1) : cpu/real = 0:00:00.7/0:00:01.6 (0.4), totSession cpu/real = 0:11:55.0/0:23:59.4 (0.5), mem = 3120.1M

Active setup views:
 view_typical
  Dominating endpoints: 0
  Dominating TNS: -0.000

OPTC: user 20.0
<optDesign CMD> Restore Using all VT Cells
OPTC: user 20.0
Max route layer is changed from 127 to 10 because there is no routing track above this layer
Max route layer is changed from 127 to 10 because there is no routing track above this layer
**WARN: (IMPPSP-1321):	Removed 1 out of boundary tracks from layer 2
**WARN: (IMPPSP-1321):	Removed 1 out of boundary tracks from layer 2
**WARN: (IMPPSP-1321):	Removed 1 out of boundary tracks from layer 2
**WARN: (IMPPSP-1321):	Removed 1 out of boundary tracks from layer 2
**WARN: (IMPPSP-1321):	Removed 1 out of boundary tracks from layer 2
**WARN: (IMPPSP-1321):	Removed 1 out of boundary tracks from layer 2
[NR-eGR] Early global route reroute all routable nets
[NR-eGR] Track table information for default rule: 
[NR-eGR] M1 has single uniform track structure
[NR-eGR] M2 has non-uniform track structures
[NR-eGR] M3 has single uniform track structure
[NR-eGR] M4 has single uniform track structure
[NR-eGR] M5 has single uniform track structure
[NR-eGR] M6 has single uniform track structure
[NR-eGR] M7 has single uniform track structure
[NR-eGR] M8 has single uniform track structure
[NR-eGR] M9 has single uniform track structure
[NR-eGR] Pad has single uniform track structure
[NR-eGR] Read 24 PG shapes
[NR-eGR] Read 0 clock shapes
[NR-eGR] Read 0 other shapes
[NR-eGR] #Routing Blockages  : 0
[NR-eGR] #Bump Blockages     : 0
[NR-eGR] #Instance Blockages : 192
[NR-eGR] #PG Blockages       : 24
[NR-eGR] #Halo Blockages     : 0
[NR-eGR] #Boundary Blockages : 0
[NR-eGR] #Clock Blockages    : 0
[NR-eGR] #Other Blockages    : 0
[NR-eGR] Num Prerouted Nets = 1  Num Prerouted Wires = 98
[NR-eGR] Read 260 nets ( ignored 1 )
[NR-eGR] ============ Routing rule table ============
[NR-eGR] Rule id: 0  Rule name: (Default)  Nets: 259
[NR-eGR] ========================================
[NR-eGR] 
[NR-eGR] Layer group 1: route 1 net(s) in layer range [8, 10]
[NR-eGR] Early Global Route overflow of layer group 1: 0.00% H + 0.00% V. EstWL: 1.836000e+01um
[NR-eGR] Layer group 2: route 2 net(s) in layer range [5, 10]
[NR-eGR] Early Global Route overflow of layer group 2: 0.00% H + 0.00% V. EstWL: 5.940000e+01um
[NR-eGR] Layer group 3: route 256 net(s) in layer range [2, 10]
[NR-eGR] Early Global Route overflow of layer group 3: 0.00% H + 0.00% V. EstWL: 3.438720e+03um
[NR-eGR] Congestion Analysis By layer: (blocked Gcells are excluded) 
[NR-eGR]                        OverCon            
[NR-eGR]                         #Gcell     %Gcell
[NR-eGR]        Layer             (1-0)    OverCon
[NR-eGR] ----------------------------------------------
[NR-eGR]      M1 ( 1)         0( 0.00%)   ( 0.00%) 
[NR-eGR]      M2 ( 2)         0( 0.00%)   ( 0.00%) 
[NR-eGR]      M3 ( 3)         0( 0.00%)   ( 0.00%) 
[NR-eGR]      M4 ( 4)         0( 0.00%)   ( 0.00%) 
[NR-eGR]      M5 ( 5)         0( 0.00%)   ( 0.00%) 
[NR-eGR]      M6 ( 6)         0( 0.00%)   ( 0.00%) 
[NR-eGR]      M7 ( 7)         0( 0.00%)   ( 0.00%) 
[NR-eGR]      M8 ( 8)         0( 0.00%)   ( 0.00%) 
[NR-eGR]      M9 ( 9)         0( 0.00%)   ( 0.00%) 
[NR-eGR]     Pad (10)         0( 0.00%)   ( 0.00%) 
[NR-eGR] ----------------------------------------------
[NR-eGR]        Total         0( 0.00%)   ( 0.00%) 
[NR-eGR] 
[NR-eGR] Overflow after Early Global Route 0.00% H + 0.00% V
[NR-eGR] Finished Early Global Route kernel ( CPU: 0.03 sec, Real: 0.17 sec, Curr Mem: 3.00 MB )
[hotspot] +------------+---------------+---------------+
[hotspot] |            |   max hotspot | total hotspot |
[hotspot] +------------+---------------+---------------+
[hotspot] | normalized |          0.00 |          0.00 |
[hotspot] +------------+---------------+---------------+
Local HotSpot Analysis: normalized max congestion hotspot area = 0.00, normalized total congestion hotspot area = 0.00 (area is in unit of 4 std-cell row bins)
[hotspot] Hotspot report including placement blocked areas
[hotspot] +------------+---------------+---------------+
[hotspot] |            |   max hotspot | total hotspot |
[hotspot] +------------+---------------+---------------+
[hotspot] | normalized |          0.00 |          0.00 |
[hotspot] +------------+---------------+---------------+
Local HotSpot Analysis (blockage included): normalized max congestion hotspot area = 0.00, normalized total congestion hotspot area = 0.00 (area is in unit of 4 std-cell row bins)
Reported timing to dir ./timingReports
**optDesign ... cpu = 0:03:14, real = 0:06:55, mem = 2918.2M, totSessionCpu=0:11:55 **
Saving timing graph ...
Done save timing graph
Starting delay calculation for Hold views
AAE_INFO: opIsDesignInPostRouteState() is 0
#################################################################################
# Design Stage: PreRoute
# Design Name: Adder32
# Design Mode: 90nm
# Analysis Mode: MMMC OCV 
# Parasitics Mode: No SPEF/RCDB 
# Signoff Settings: SI Off 
#################################################################################
Start delay calculation (fullDC) (1 T). (MEM=3124.1)
Total number of fetched objects 284
End delay calculation. (MEM=3170.5 CPU=0:00:00.0 REAL=0:00:00.0)
End delay calculation (fullDC). (MEM=3170.5 CPU=0:00:00.1 REAL=0:00:00.0)
*** Done Building Timing Graph (cpu=0:00:00.3 real=0:00:00.0 totSessionCpu=0:11:56 mem=3170.5M)
Restoring timing graph ...
AAE_INFO: Resetting and re-constructing cache for AAE clocks ...
Done restore timing graph
env CDS_WORKAREA is set to /data/tkvm2/Asap7design/asap7_design
Using Power View: view_typical.

Begin Power Analysis

             0V	    VSS
          0.77V	    VDD

Begin Processing Timing Library for Power Calculation

Ended Processing Timing Library for Power Calculation: (cpu=0:00:00, real=0:00:00, mem(process/total/peak)=2895.54MB/5112.94MB/2926.33MB)



Begin Processing Power Net/Grid for Power Calculation

Ended Processing Power Net/Grid for Power Calculation: (cpu=0:00:00, real=0:00:00, mem(process/total/peak)=2895.54MB/5112.94MB/2926.33MB)

Begin Processing Timing Window Data for Power Calculation

Ended Processing Timing Window Data for Power Calculation: (cpu=0:00:00, real=0:00:00, mem(process/total/peak)=2895.54MB/5112.94MB/2926.33MB)

Begin Processing User Attributes

Ended Processing User Attributes: (cpu=0:00:00, real=0:00:00, mem(process/total/peak)=2895.54MB/5112.94MB/2926.33MB)

Begin Processing Signal Activity


Starting Levelizing
2026-Apr-04 15:37:10 (2026-Apr-04 08:37:10 GMT)
2026-Apr-04 15:37:10 (2026-Apr-04 08:37:10 GMT): 10%
2026-Apr-04 15:37:10 (2026-Apr-04 08:37:10 GMT): 20%
2026-Apr-04 15:37:10 (2026-Apr-04 08:37:10 GMT): 30%
2026-Apr-04 15:37:10 (2026-Apr-04 08:37:10 GMT): 40%
2026-Apr-04 15:37:10 (2026-Apr-04 08:37:10 GMT): 50%
2026-Apr-04 15:37:10 (2026-Apr-04 08:37:10 GMT): 60%
2026-Apr-04 15:37:10 (2026-Apr-04 08:37:10 GMT): 70%
2026-Apr-04 15:37:10 (2026-Apr-04 08:37:10 GMT): 80%
2026-Apr-04 15:37:10 (2026-Apr-04 08:37:10 GMT): 90%

Finished Levelizing
2026-Apr-04 15:37:10 (2026-Apr-04 08:37:10 GMT)

Starting Activity Propagation
2026-Apr-04 15:37:10 (2026-Apr-04 08:37:10 GMT)
2026-Apr-04 15:37:10 (2026-Apr-04 08:37:10 GMT): 10%
2026-Apr-04 15:37:10 (2026-Apr-04 08:37:10 GMT): 20%
2026-Apr-04 15:37:10 (2026-Apr-04 08:37:10 GMT): 30%

Finished Activity Propagation
2026-Apr-04 15:37:10 (2026-Apr-04 08:37:10 GMT)
Ended Processing Signal Activity: (cpu=0:00:00, real=0:00:00, mem(process/total/peak)=2895.54MB/5112.94MB/2926.33MB)

Begin Power Computation

      ----------------------------------------------------------
      # of cell(s) missing both power/leakage table: 0
      # of cell(s) missing power table: 0
      # of cell(s) missing leakage table: 0
      ----------------------------------------------------------



Starting Calculating power
2026-Apr-04 15:37:10 (2026-Apr-04 08:37:10 GMT)
 ... Calculating switching power
2026-Apr-04 15:37:10 (2026-Apr-04 08:37:10 GMT): 10%
2026-Apr-04 15:37:10 (2026-Apr-04 08:37:10 GMT): 20%
2026-Apr-04 15:37:10 (2026-Apr-04 08:37:10 GMT): 30%
2026-Apr-04 15:37:10 (2026-Apr-04 08:37:10 GMT): 40%
2026-Apr-04 15:37:10 (2026-Apr-04 08:37:10 GMT): 50%
 ... Calculating internal and leakage power
2026-Apr-04 15:37:10 (2026-Apr-04 08:37:10 GMT): 60%
2026-Apr-04 15:37:10 (2026-Apr-04 08:37:10 GMT): 70%
2026-Apr-04 15:37:10 (2026-Apr-04 08:37:10 GMT): 80%
2026-Apr-04 15:37:10 (2026-Apr-04 08:37:10 GMT): 90%

Finished Calculating power
2026-Apr-04 15:37:10 (2026-Apr-04 08:37:10 GMT)
      # of MSMV cell(s) missing power_level: 0
Ended Power Computation: (cpu=0:00:00, real=0:00:00, mem(process/total/peak)=2895.55MB/5112.94MB/2926.33MB)

Begin Processing User Attributes

Begin Processing set_power
Ended Processing set_power: (cpu=0:00:00, real=0:00:00,
mem(process/total/peak)=2895.55MB/5112.94MB/2926.33MB)
Ended Processing User Attributes: (cpu=0:00:00, real=0:00:00, mem(process/total/peak)=2895.55MB/5112.94MB/2926.33MB)

Ended Power Analysis: (cpu=0:00:00, real=0:00:00, mem(process/total/peak)=2895.55MB/5112.94MB/2926.33MB)

Begin Boundary Leakage Calculation
Ended Boundary Leakage Calculation: (cpu=0:00:00, real=0:00:00,
mem(process/total/peak)=2895.55MB/5112.94MB/2926.33MB)
Begin Static Power Report Generation
*----------------------------------------------------------------------------------------
*	Innovus 22.17-s086_1 (64bit) 09/24/2024 10:51 (Linux 3.10.0-693.el7.x86_64)
*	
*
* 	Date & Time:	2026-Apr-04 15:37:11 (2026-Apr-04 08:37:11 GMT)
*
*----------------------------------------------------------------------------------------

*

*	Design: Adder32

*

*	Power Domain used: 

*              Rail:        VDD      Voltage:       0.77 

*

*	Power Units = 1mW

*

*	Time Units = 1e-12 secs 

*

*       report_power -outfile ./timingReports/postCTS.power

*

-----------------------------------------------------------------------------------------

*



Total Power
-----------------------------------------------------------------------------------------
Total Internal Power:       10.33635586 	   66.4915%
Total Switching Power:       5.20785309 	   33.5010%
Total Leakage Power:         0.00116792 	    0.0075%
Total Power:                15.54537687
-----------------------------------------------------------------------------------------


Group                           Internal   Switching     Leakage       Total  Percentage 
                                Power      Power         Power         Power  (%)        
-----------------------------------------------------------------------------------------
Sequential                         7.132       1.156   0.0001087       8.288       53.31
Macro                                  0           0           0           0           0
IO                                     0           0           0           0           0
Combinational                      3.205       4.052    0.001059       7.257       46.69
Clock (Combinational)                  0           0           0           0           0
Clock (Sequential)                     0           0           0           0           0
-----------------------------------------------------------------------------------------
Total                              10.34       5.208    0.001168       15.55         100
-----------------------------------------------------------------------------------------


Rail                  Voltage   Internal   Switching     Leakage       Total  Percentage 
                                Power      Power         Power         Power  (%)        
-----------------------------------------------------------------------------------------
VDD                      0.77      10.34       5.208    0.001168       15.55         100
** INFO:  (VOLTUS_POWR-3465): There are 0 decaps and 0 fillers in the design

Ended Static Power Report Generation: (cpu=0:00:00, real=0:00:00,
mem(process/total/peak)=2895.55MB/5112.94MB/2926.33MB)


Output file is ./timingReports/postCTS.power.

------------------------------------------------------------------
     optDesign Final Summary
------------------------------------------------------------------

Setup views included:
 view_typical 
Hold views included:
 view_typical

+--------------------+---------+---------+---------+
|     Setup mode     |   all   | reg2reg | default |
+--------------------+---------+---------+---------+
|           WNS (ns):| -0.340  |   N/A   | -0.340  |
|           TNS (ns):| -7.135  |   N/A   | -7.135  |
|    Violating Paths:|   32    |   N/A   |   32    |
|          All Paths:|   32    |   N/A   |   32    |
+--------------------+---------+---------+---------+

+--------------------+---------+---------+---------+
|     Hold mode      |   all   | reg2reg | default |
+--------------------+---------+---------+---------+
|           WNS (ns):| -0.005  |   N/A   | -0.005  |
|           TNS (ns):| -0.026  |   N/A   | -0.026  |
|    Violating Paths:|   11    |   N/A   |   11    |
|          All Paths:|   32    |   N/A   |   32    |
+--------------------+---------+---------+---------+

+----------------+-------------------------------+------------------+
|                |              Real             |       Total      |
|    DRVs        +------------------+------------+------------------|
|                |  Nr nets(terms)  | Worst Vio  |  Nr nets(terms)  |
+----------------+------------------+------------+------------------+
|   max_cap      |      0 (0)       |   0.000    |      0 (0)       |
|   max_tran     |      0 (0)       |   0.000    |      0 (0)       |
|   max_fanout   |      0 (0)       |     0      |      0 (0)       |
|   max_length   |      0 (0)       |     0      |      0 (0)       |
+----------------+------------------+------------+------------------+

Density: 95.146%
Routing Overflow: 0.00% H and 0.00% V
------------------------------------------------------------------
**optDesign ... cpu = 0:03:15, real = 0:07:01, mem = 2896.4M, totSessionCpu=0:11:57 **
*** Finished optDesign ***
Info: final physical memory for 2 CRR processes is 1297.74MB.
Info: Summary of CRR changes:
      - Timing transform commits:       0
Info: Destroy the CCOpt slew target map.
*** optDesign #1 [finish] () : cpu/real = 0:03:15.2/0:07:12.4 (0.5), totSession cpu/real = 0:11:56.8/0:24:17.0 (0.5), mem = 3079.7M
<CMD> setNanoRouteMode -quiet -routeWithSiDriven true -routeWithTimingDriven true -routeWithSiPostRouteFix true -drouteFixAntenna true
<CMD> routeDesign
#% Begin routeDesign (date=04/04 15:37:24, mem=2795.4M)
#routeDesign: cpu time = 00:00:00, elapsed time = 00:00:00, memory = 2795.39 (MB), peak = 3048.81 (MB)
AAE_INFO: Pre Route call back at the beginning of routeDesign
#**INFO: setDesignMode -flowEffort standard
#**INFO: setDesignMode -powerEffort none
**INFO: User settings:
setNanoRouteMode -route_detail_fix_antenna                  true
setNanoRouteMode -route_route_side                          front
setNanoRouteMode -route_extract_third_party_compatible      false
setNanoRouteMode -route_global_exp_timing_driven_std_delay  4.7
setNanoRouteMode -route_with_si_driven                      true
setNanoRouteMode -route_with_si_post_route_fix              true
setNanoRouteMode -route_with_timing_driven                  true
setExtractRCMode -engine                                    preRoute
setDelayCalMode -enable_high_fanout                         true
setDelayCalMode -eng_enablePrePlacedFlow                    false
setDelayCalMode -engine                                     aae
setDelayCalMode -ignoreNetLoad                              false
setDelayCalMode -socv_accuracy_mode                         low
setSIMode -separate_delta_delay_on_data                     true

#rc_typical has no qx tech file defined
#No active RC corner or QRC tech file is missing.
#**INFO: multi-cut via swapping will be performed after routing.
#**INFO: All auto set options tuned by routeDesign will be restored to their original settings on command completion.
Begin checking placement ... (start mem=3013.7M, init mem=3013.7M)
*info: Placed = 195           
*info: Unplaced = 0           
Placement Density:95.14%(457/480)
Placement Density (including fixed std cells):95.14%(457/480)
Finished checkPlace (total: cpu=0:00:00.0, real=0:00:00.0; vio checks: cpu=0:00:00.0, real=0:00:00.0; mem=3013.7M)

changeUseClockNetStatus Option :  -ignoreSkipRoutingNets -noFixedNetWires 
*** Changed status on (1) nets in Clock.
*** End changeUseClockNetStatus (cpu=0:00:00.0, real=0:00:00.0, mem=3013.7M) ***
#Start route 1 clock and analog nets...
% Begin globalDetailRoute (date=04/04 15:37:24, mem=2795.9M)

globalDetailRoute

#Start globalDetailRoute on Sat Apr  4 15:37:24 2026
#
Grid density data update skipped
Initializing multi-corner resistance tables ...
#WARNING (NRIG-1303) The congestion map does not match the GCELL grid. Clearing the congestion map.
#NanoRoute Version 22.17-s086_1 NR240905-1647/22_17-UB
#Skip comparing routing design signature in db-snapshot flow
#Total number of trivial nets (e.g. < 2 pins) = 26 (skipped).
#Total number of nets with skipped attribute = 259 (skipped).
#Total number of routable nets = 1.
#Total number of nets in the design = 286.
#1 routable net do not has any wires.
#259 skipped nets have only detail routed wires.
#1 net will be global routed.
#1 global routed or unrouted (routable) net has been constrained (e.g. have preferred extra spacing, require shielding etc.)
#Start routing data preparation on Sat Apr  4 15:37:24 2026
#
#WARNING (NRDB-2040) Rule LEF_DEFAULT doesn't specify any vias that satisfy all of the area rules for layer M2 M3 M4 M5 M6 M7 M8 
#WARNING (NRDB-778) No multicut vias which meet all area rules for LAYER M8 are defined in RULE LEF_DEFAULT. When a LEF MINIMUMCUT rule is defined for a layer, you must define multicut vias for the layer in the LEF file. Edit your LEF file and read it in again.
#WARNING (NRDB-778) No multicut vias which meet all area rules for LAYER M9 are defined in RULE LEF_DEFAULT. When a LEF MINIMUMCUT rule is defined for a layer, you must define multicut vias for the layer in the LEF file. Edit your LEF file and read it in again.
#WARNING (NRDB-778) No multicut vias which meet all area rules for LAYER Pad are defined in RULE LEF_DEFAULT. When a LEF MINIMUMCUT rule is defined for a layer, you must define multicut vias for the layer in the LEF file. Edit your LEF file and read it in again.
#Rebuild pin access data for design.
#Initial pin access analysis.
#Detail pin access analysis.
# M1           V   Track-Pitch = 0.14400    Line-2-Via Pitch = 0.14400
# M2           H   Track-Pitch = 0.14400    Line-2-Via Pitch = 0.14400
# M3           V   Track-Pitch = 0.14400    Line-2-Via Pitch = 0.14400
# M4           H   Track-Pitch = 0.19200    Line-2-Via Pitch = 0.19200
# M5           V   Track-Pitch = 0.21600    Line-2-Via Pitch = 0.19200
# M6           H   Track-Pitch = 0.28800    Line-2-Via Pitch = 0.25600
# M7           V   Track-Pitch = 0.28800    Line-2-Via Pitch = 0.25600
# M8           H   Track-Pitch = 0.38400    Line-2-Via Pitch = 0.32000
# M9           V   Track-Pitch = 0.36000    Line-2-Via Pitch = 0.32000
# Pad          H   Track-Pitch = 0.38400    Line-2-Via Pitch = 8.28000
#WARNING (NRAG-44) Track pitch is too small compared with line-2-via pitch.
#Bottom routing layer index=1(M1), bottom routing layer for shielding=1(M1), bottom shield layer=1(M1)
#shield_bottom_stripe_layer=1(M1), shield_top_stripe_layer=10(Pad)
#pin_access_rlayer=2(M2)
#shield_top_dpt_rlayer=-1 top_rlayer=10 top_trim_metal_rlayer=-1 rlayer_lowest=1 bottom_rlayer=1
#enable_trim_layer_shield=F enable_dpt_layer_shield=F has_line_end_grid=F
#enable_dpt_layer_shield=F
#has_line_end_grid=F
#cpu time = 00:00:00, elapsed time = 00:00:00, memory = 2797.61 (MB), peak = 3048.81 (MB)
#Regenerating Ggrids automatically.
#Auto generating G-grids with size=15 tracks, using layer M3's pitch = 0.14400.
#Using automatically generated G-grids.
#Done routing data preparation.
#cpu time = 00:00:00, elapsed time = 00:00:00, memory = 2809.32 (MB), peak = 3048.81 (MB)
#Found 0 nets for post-route si or timing fixing.
#
#Finished routing data preparation on Sat Apr  4 15:37:25 2026
#
#Cpu time = 00:00:00
#Elapsed time = 00:00:00
#Increased memory = 15.54 (MB)
#Total memory = 2809.38 (MB)
#Peak memory = 3048.81 (MB)
#
#
#Start global routing on Sat Apr  4 15:37:25 2026
#
#
#Start global routing initialization on Sat Apr  4 15:37:25 2026
#
#Number of eco nets is 1
#
#Start global routing data preparation on Sat Apr  4 15:37:25 2026
#
#Start routing resource analysis on Sat Apr  4 15:37:25 2026
#
#Routing resource analysis is done on Sat Apr  4 15:37:25 2026
#
#  Resource Analysis:
#
#               Routing  #Avail      #Track     #Total     %Gcell
#  Layer      Direction   Track     Blocked      Gcell    Blocked
#  --------------------------------------------------------------
#  M1             V         240          82         462    21.00%
#  M2             H         281          15         462     0.00%
#  M3             V         320           2         462     0.00%
#  M4             H         230           3         462     0.00%
#  M5             V         215           0         462     0.00%
#  M6             H         159           0         462     0.00%
#  M7             V         161           0         462     0.00%
#  M8             H         118           0         462     0.00%
#  M9             V         104          24         462    17.97%
#  Pad            H          17           4         462    17.32%
#  --------------------------------------------------------------
#  Total                   1846       6.97%        4620     5.63%
#
#
#
#
#Global routing data preparation is done on Sat Apr  4 15:37:25 2026
#
#cpu time = 00:00:00, elapsed time = 00:00:00, memory = 2809.59 (MB), peak = 3048.81 (MB)
#
#
#Global routing initialization is done on Sat Apr  4 15:37:25 2026
#
#cpu time = 00:00:00, elapsed time = 00:00:00, memory = 2809.66 (MB), peak = 3048.81 (MB)
#
#start global routing iteration 1...
#cpu time = 00:00:00, elapsed time = 00:00:00, memory = 2811.96 (MB), peak = 3048.81 (MB)
#
#start global routing iteration 2...
#cpu time = 00:00:00, elapsed time = 00:00:00, memory = 2811.96 (MB), peak = 3048.81 (MB)
#
#
#Total number of trivial nets (e.g. < 2 pins) = 26 (skipped).
#Total number of nets with skipped attribute = 259 (skipped).
#Total number of routable nets = 1.
#Total number of nets in the design = 286.
#
#1 routable net has routed wires.
#259 skipped nets have only detail routed wires.
#1 global routed or unrouted (routable) net has been constrained (e.g. have preferred extra spacing, require shielding etc.)
#
#Routed net constraints summary:
#---------------------------------------------------------
#        Rules   Pref Layer   Avoid Detour   Unconstrained  
#---------------------------------------------------------
#      Default            1              1               0  
#---------------------------------------------------------
#        Total            1              1               0  
#---------------------------------------------------------
#
#Routing constraints summary of the whole design:
#---------------------------------------------------------------------------
#        Rules   Pref Layer   Expansion Ratio   Avoid Detour   Unconstrained  
#---------------------------------------------------------------------------
#      Default            4                 3              1             256  
#---------------------------------------------------------------------------
#        Total            4                 3              1             256  
#---------------------------------------------------------------------------
#
#
#  Congestion Analysis: (blocked Gcells are excluded)
#
#                 OverCon          
#                  #Gcell    %Gcell
#     Layer           (1)   OverCon
#  --------------------------------
#  M1            0(0.00%)   (0.00%)
#  M2            0(0.00%)   (0.00%)
#  M3            0(0.00%)   (0.00%)
#  M4            0(0.00%)   (0.00%)
#  M5            0(0.00%)   (0.00%)
#  M6            0(0.00%)   (0.00%)
#  M7            0(0.00%)   (0.00%)
#  M8            0(0.00%)   (0.00%)
#  M9            0(0.00%)   (0.00%)
#  Pad           0(0.00%)   (0.00%)
#  --------------------------------
#     Total      0(0.00%)   (0.00%)
#
#  The worst congested Gcell overcon (routing demand over resource in number of tracks) = 1
#  Overflow after GR: 0.00% H + 0.00% V
#
#Complete Global Routing.
#Total wire length = 93 um.
#Total half perimeter of net bounding box = 51 um.
#Total wire length on LAYER M1 = 0 um.
#Total wire length on LAYER M2 = 32 um.
#Total wire length on LAYER M3 = 55 um.
#Total wire length on LAYER M4 = 1 um.
#Total wire length on LAYER M5 = 5 um.
#Total wire length on LAYER M6 = 0 um.
#Total wire length on LAYER M7 = 0 um.
#Total wire length on LAYER M8 = 0 um.
#Total wire length on LAYER M9 = 0 um.
#Total wire length on LAYER Pad = 0 um.
#Total number of vias = 73
#Up-Via Summary (total 73):
#           
#-----------------------
# M1                 31
# M2                 37
# M3                  1
# M4                  4
#-----------------------
#                    73 
#
#Total number of involved priority nets 1
#Maximum src to sink distance for priority net 44.6
#Average of max src_to_sink distance for priority net 44.6
#Average of ave src_to_sink distance for priority net 32.9
#Max overcon = 0 track.
#Total overcon = 0.00%.
#Worst layer Gcell overcon rate = 0.00%.
#
#Global routing statistics:
#Cpu time = 00:00:00
#Elapsed time = 00:00:01
#Increased memory = 2.31 (MB)
#Total memory = 2811.68 (MB)
#Peak memory = 3048.81 (MB)
#
#Finished global routing on Sat Apr  4 15:37:25 2026
#
#
#cpu time = 00:00:00, elapsed time = 00:00:00, memory = 2811.69 (MB), peak = 3048.81 (MB)
#Start Track Assignment.
#Done with 0 horizontal wires in 1 hboxes and 0 vertical wires in 1 hboxes.
#Done with 0 horizontal wires in 1 hboxes and 0 vertical wires in 1 hboxes.
#Complete Track Assignment.
#Total wire length = 93 um.
#Total half perimeter of net bounding box = 51 um.
#Total wire length on LAYER M1 = 0 um.
#Total wire length on LAYER M2 = 32 um.
#Total wire length on LAYER M3 = 55 um.
#Total wire length on LAYER M4 = 1 um.
#Total wire length on LAYER M5 = 5 um.
#Total wire length on LAYER M6 = 0 um.
#Total wire length on LAYER M7 = 0 um.
#Total wire length on LAYER M8 = 0 um.
#Total wire length on LAYER M9 = 0 um.
#Total wire length on LAYER Pad = 0 um.
#Total number of vias = 73
#Up-Via Summary (total 73):
#           
#-----------------------
# M1                 31
# M2                 37
# M3                  1
# M4                  4
#-----------------------
#                    73 
#
#cpu time = 00:00:00, elapsed time = 00:00:00, memory = 2811.82 (MB), peak = 3048.81 (MB)
#
#Routing data preparation, pin analysis, global routing and track assignment statistics:
#Cpu time = 00:00:01
#Elapsed time = 00:00:01
#Increased memory = 18.03 (MB)
#Total memory = 2811.82 (MB)
#Peak memory = 3048.81 (MB)
#
#Start Detail Routing..
#start initial detail routing ...
# ECO: 50.00% of the total area was rechecked for DRC, and 16.67% required routing.
#   number of violations = 4
#
#    By Layer and Type :
#	         MetSpc   WidTbl      Enc   OffGrd   Totals
#	M1            0        0        0        0        0
#	M2            0        0        0        0        0
#	M3            0        0        1        0        1
#	M4            1        1        0        1        3
#	Totals        1        1        1        1        4
#125 out of 195 instances (64.1%) need to be verified(marked ipoed), dirty area = 13.6%.
#   number of violations = 4
#
#    By Layer and Type :
#	         MetSpc   WidTbl      Enc   OffGrd   Totals
#	M1            0        0        0        0        0
#	M2            0        0        0        0        0
#	M3            0        0        1        0        1
#	M4            1        1        0        1        3
#	Totals        1        1        1        1        4
#cpu time = 00:00:00, elapsed time = 00:00:00, memory = 2810.49 (MB), peak = 3048.81 (MB)
#start 1st optimization iteration ...
#   number of violations = 2
#
#    By Layer and Type :
#	         WidTbl      Enc   Totals
#	M1            0        0        0
#	M2            0        0        0
#	M3            0        1        1
#	M4            1        0        1
#	Totals        1        1        2
#cpu time = 00:00:00, elapsed time = 00:00:00, memory = 2808.26 (MB), peak = 3048.81 (MB)
#start 2nd optimization iteration ...
#   number of violations = 3
#
#    By Layer and Type :
#	         WidTbl      Enc   OffGrd   Totals
#	M1            0        0        0        0
#	M2            0        0        0        0
#	M3            0        1        0        1
#	M4            1        0        1        2
#	Totals        1        1        1        3
#cpu time = 00:00:00, elapsed time = 00:00:00, memory = 2808.27 (MB), peak = 3048.81 (MB)
#start 3rd optimization iteration ...
#   number of violations = 3
#
#    By Layer and Type :
#	         WidTbl      Enc   OffGrd   Totals
#	M1            0        0        0        0
#	M2            0        0        0        0
#	M3            0        1        0        1
#	M4            1        0        1        2
#	Totals        1        1        1        3
#cpu time = 00:00:00, elapsed time = 00:00:00, memory = 2808.12 (MB), peak = 3048.81 (MB)
#start 4th optimization iteration ...
#   number of violations = 2
#
#    By Layer and Type :
#	         WidTbl      Enc   Totals
#	M1            0        0        0
#	M2            0        0        0
#	M3            0        1        1
#	M4            1        0        1
#	Totals        1        1        2
#cpu time = 00:00:00, elapsed time = 00:00:00, memory = 2808.42 (MB), peak = 3048.81 (MB)
#start 5th optimization iteration ...
#   number of violations = 3
#
#    By Layer and Type :
#	         MetSpc   WidTbl      Enc   Totals
#	M1            0        0        0        0
#	M2            0        0        0        0
#	M3            0        0        1        1
#	M4            1        1        0        2
#	Totals        1        1        1        3
#cpu time = 00:00:00, elapsed time = 00:00:00, memory = 2808.26 (MB), peak = 3048.81 (MB)
#Complete Detail Routing.
#Total wire length = 95 um.
#Total half perimeter of net bounding box = 51 um.
#Total wire length on LAYER M1 = 0 um.
#Total wire length on LAYER M2 = 33 um.
#Total wire length on LAYER M3 = 58 um.
#Total wire length on LAYER M4 = 1 um.
#Total wire length on LAYER M5 = 3 um.
#Total wire length on LAYER M6 = 0 um.
#Total wire length on LAYER M7 = 0 um.
#Total wire length on LAYER M8 = 0 um.
#Total wire length on LAYER M9 = 0 um.
#Total wire length on LAYER Pad = 0 um.
#Total number of vias = 77
#Up-Via Summary (total 77):
#           
#-----------------------
# M1                 32
# M2                 40
# M3                  1
# M4                  4
#-----------------------
#                    77 
#
#Total number of DRC violations = 3
#Total number of violations on LAYER M1 = 0
#Total number of violations on LAYER M2 = 0
#Total number of violations on LAYER M3 = 1
#Total number of violations on LAYER M4 = 2
#Total number of violations on LAYER M5 = 0
#Total number of violations on LAYER M6 = 0
#Total number of violations on LAYER M7 = 0
#Total number of violations on LAYER M8 = 0
#Total number of violations on LAYER M9 = 0
#Total number of violations on LAYER Pad = 0
#Cpu time = 00:00:00
#Elapsed time = 00:00:01
#Increased memory = -3.55 (MB)
#Total memory = 2808.26 (MB)
#Peak memory = 3048.81 (MB)
#detailRoute Statistics:
#Cpu time = 00:00:00
#Elapsed time = 00:00:01
#Increased memory = -3.54 (MB)
#Total memory = 2808.28 (MB)
#Peak memory = 3048.81 (MB)
#
#globalDetailRoute statistics:
#Cpu time = 00:00:01
#Elapsed time = 00:00:02
#Increased memory = -45.91 (MB)
#Total memory = 2750.00 (MB)
#Peak memory = 3048.81 (MB)
#Number of warnings = 6
#Total number of warnings = 16
#Number of fails = 0
#Total number of fails = 0
#Complete globalDetailRoute on Sat Apr  4 15:37:26 2026
#
% End globalDetailRoute (date=04/04 15:37:26, total cpu=0:00:01.0, real=0:00:02.0, peak res=2795.9M, current mem=2749.7M)
#**INFO: auto set of droutePostRouteSwapVia to multiCut
% Begin globalDetailRoute (date=04/04 15:37:26, mem=2749.7M)

globalDetailRoute

#Start globalDetailRoute on Sat Apr  4 15:37:26 2026
#
#Generating timing data, please wait...
#284 total nets, 1 already routed, 1 will ignore in trialRoute
**WARN: (IMPPSP-1321):	Removed 1 out of boundary tracks from layer 2
**WARN: (IMPPSP-1321):	Removed 1 out of boundary tracks from layer 2
**WARN: (IMPPSP-1321):	Removed 1 out of boundary tracks from layer 2
**WARN: (IMPPSP-1321):	Removed 1 out of boundary tracks from layer 2
**WARN: (IMPPSP-1321):	Removed 1 out of boundary tracks from layer 2
**WARN: (IMPPSP-1321):	Removed 1 out of boundary tracks from layer 2
**WARN: (IMPEXT-3530):	The process node is not set. Use the command setDesignMode -process <process node> prior to extraction for maximum accuracy and optimal automatic threshold setting.
**WARN: (IMPEXT-6197):	The Cap table file is not specified. This will result in lower parasitic accuracy when using preRoute extraction or postRoute extraction with effort level 'low'. It is recommended to generate the Cap table file using the 'generateCapTbl' command and specify it before extraction using 'create_rc_corner/update_rc_corner -cap_table'.
#Dump tif for version 2.1
Total number of fetched objects 284
End delay calculation. (MEM=3100.27 CPU=0:00:00.1 REAL=0:00:00.0)
#Generating timing data took: cpu time = 00:00:00, elapsed time = 00:00:01, memory = 2708.70 (MB), peak = 3048.81 (MB)
#Done generating timing data.
#WARNING (NRIG-1303) The congestion map does not match the GCELL grid. Clearing the congestion map.
#Start reading timing information from file .timing_file_1502.tif.gz ...
#Read in timing information for 97 ports, 195 instances from timing file .timing_file_1502.tif.gz.
#NanoRoute Version 22.17-s086_1 NR240905-1647/22_17-UB
#Total number of trivial nets (e.g. < 2 pins) = 26 (skipped).
#Total number of routable nets = 260.
#Total number of nets in the design = 286.
#259 routable nets do not have any wires.
#1 routable net has routed wires.
#259 nets will be global routed.
#3 global routed or unrouted (routable) nets have been constrained (e.g. have preferred extra spacing, require shielding etc.)
#1 detail routed (routable) net has been constrained (e.g. have preferred extra spacing, require shielding etc.)
#Start routing data preparation on Sat Apr  4 15:37:28 2026
#
#Initial pin access analysis.
#Detail pin access analysis.
# M1           V   Track-Pitch = 0.14400    Line-2-Via Pitch = 0.14400
# M2           H   Track-Pitch = 0.14400    Line-2-Via Pitch = 0.14400
# M3           V   Track-Pitch = 0.14400    Line-2-Via Pitch = 0.14400
# M4           H   Track-Pitch = 0.19200    Line-2-Via Pitch = 0.19200
# M5           V   Track-Pitch = 0.21600    Line-2-Via Pitch = 0.19200
# M6           H   Track-Pitch = 0.28800    Line-2-Via Pitch = 0.25600
# M7           V   Track-Pitch = 0.28800    Line-2-Via Pitch = 0.25600
# M8           H   Track-Pitch = 0.38400    Line-2-Via Pitch = 0.32000
# M9           V   Track-Pitch = 0.36000    Line-2-Via Pitch = 0.32000
# Pad          H   Track-Pitch = 0.38400    Line-2-Via Pitch = 8.28000
#WARNING (NRAG-44) Track pitch is too small compared with line-2-via pitch.
#Bottom routing layer index=1(M1), bottom routing layer for shielding=1(M1), bottom shield layer=1(M1)
#shield_bottom_stripe_layer=1(M1), shield_top_stripe_layer=10(Pad)
#pin_access_rlayer=2(M2)
#shield_top_dpt_rlayer=-1 top_rlayer=10 top_trim_metal_rlayer=-1 rlayer_lowest=1 bottom_rlayer=1
#enable_trim_layer_shield=F enable_dpt_layer_shield=F has_line_end_grid=F
#enable_dpt_layer_shield=F
#has_line_end_grid=F
#cpu time = 00:00:00, elapsed time = 00:00:00, memory = 2713.03 (MB), peak = 3048.81 (MB)
#Regenerating Ggrids automatically.
#Auto generating G-grids with size=15 tracks, using layer M3's pitch = 0.14400.
#Using automatically generated G-grids.
#Done routing data preparation.
#cpu time = 00:00:00, elapsed time = 00:00:00, memory = 2724.74 (MB), peak = 3048.81 (MB)
#Found 0 nets for post-route si or timing fixing.
#
#Finished routing data preparation on Sat Apr  4 15:37:28 2026
#
#Cpu time = 00:00:00
#Elapsed time = 00:00:00
#Increased memory = 15.52 (MB)
#Total memory = 2724.75 (MB)
#Peak memory = 3048.81 (MB)
#
#
#Start global routing on Sat Apr  4 15:37:28 2026
#
#
#Start global routing initialization on Sat Apr  4 15:37:28 2026
#
#Number of eco nets is 0
#
#Start global routing data preparation on Sat Apr  4 15:37:28 2026
#
#Start routing resource analysis on Sat Apr  4 15:37:28 2026
#
#Routing resource analysis is done on Sat Apr  4 15:37:28 2026
#
#  Resource Analysis:
#
#               Routing  #Avail      #Track     #Total     %Gcell
#  Layer      Direction   Track     Blocked      Gcell    Blocked
#  --------------------------------------------------------------
#  M1             V         240          82         462    21.00%
#  M2             H         279          17         462     0.00%
#  M3             V         318           4         462     0.00%
#  M4             H         230           3         462     0.00%
#  M5             V         214           1         462     0.00%
#  M6             H         159           0         462     0.00%
#  M7             V         161           0         462     0.00%
#  M8             H         118           0         462     0.00%
#  M9             V         104          24         462    17.97%
#  Pad            H          17           4         462    17.32%
#  --------------------------------------------------------------
#  Total                   1841       7.15%        4620     5.63%
#
#
#
#
#Global routing data preparation is done on Sat Apr  4 15:37:28 2026
#
#cpu time = 00:00:00, elapsed time = 00:00:00, memory = 2724.75 (MB), peak = 3048.81 (MB)
#
#
#Global routing initialization is done on Sat Apr  4 15:37:28 2026
#
#cpu time = 00:00:00, elapsed time = 00:00:00, memory = 2724.75 (MB), peak = 3048.81 (MB)
#
#start global routing iteration 1...
#cpu time = 00:00:00, elapsed time = 00:00:00, memory = 2725.96 (MB), peak = 3048.81 (MB)
#
#start global routing iteration 2...
#cpu time = 00:00:00, elapsed time = 00:00:00, memory = 2725.96 (MB), peak = 3048.81 (MB)
#
#
#Total number of trivial nets (e.g. < 2 pins) = 26 (skipped).
#Total number of routable nets = 260.
#Total number of nets in the design = 286.
#
#260 routable nets have routed wires.
#3 global routed or unrouted (routable) nets have been constrained (e.g. have preferred extra spacing, require shielding etc.)
#1 detail routed (routable) net has been constrained (e.g. have preferred extra spacing, require shielding etc.)
#
#Routed nets constraints summary:
#------------------------------------------------------------
#        Rules   Pref Layer   Expansion Ratio   Unconstrained  
#------------------------------------------------------------
#      Default            3                 3             256  
#------------------------------------------------------------
#        Total            3                 3             256  
#------------------------------------------------------------
#
#Routing constraints summary of the whole design:
#------------------------------------------------------------
#        Rules   Pref Layer   Expansion Ratio   Unconstrained  
#------------------------------------------------------------
#      Default            4                 3             256  
#------------------------------------------------------------
#        Total            4                 3             256  
#------------------------------------------------------------
#
#
#  Congestion Analysis: (blocked Gcells are excluded)
#
#                 OverCon          
#                  #Gcell    %Gcell
#     Layer           (1)   OverCon
#  --------------------------------
#  M1            0(0.00%)   (0.00%)
#  M2            0(0.00%)   (0.00%)
#  M3            0(0.00%)   (0.00%)
#  M4            0(0.00%)   (0.00%)
#  M5            0(0.00%)   (0.00%)
#  M6            0(0.00%)   (0.00%)
#  M7            0(0.00%)   (0.00%)
#  M8            0(0.00%)   (0.00%)
#  M9            0(0.00%)   (0.00%)
#  Pad           0(0.00%)   (0.00%)
#  --------------------------------
#     Total      0(0.00%)   (0.00%)
#
#  The worst congested Gcell overcon (routing demand over resource in number of tracks) = 1
#  Overflow after GR: 0.00% H + 0.00% V
#
#Hotspot report including placement blocked areas
[hotspot] +------------+---------------+---------------+-------------------------------------+
[hotspot] |   layer    |  max hotspot  | total hotspot |            hotspot bbox             |
[hotspot] +------------+---------------+---------------+-------------------------------------+
[hotspot] |   M1(V)    |          1.00 |          1.00 |    12.96    30.24    17.28    34.56 |
[hotspot] |   M2(H)    |          0.00 |          0.00 |   (none)                            |
[hotspot] |   M3(V)    |          0.00 |          0.00 |   (none)                            |
[hotspot] |   M4(H)    |          0.00 |          0.00 |   (none)                            |
[hotspot] |   M5(V)    |          0.00 |          0.00 |   (none)                            |
[hotspot] |   M6(H)    |          0.00 |          0.00 |   (none)                            |
[hotspot] |   M7(V)    |          0.00 |          0.00 |   (none)                            |
[hotspot] |   M8(H)    |          0.00 |          0.00 |   (none)                            |
[hotspot] |   M9(V)    |         11.00 |         17.00 |    -0.00    43.20    46.52    45.80 |
[hotspot] |  Pad(H)    |          0.00 |          0.00 |   (none)                            |
[hotspot] +------------+---------------+---------------+-------------------------------------+
[hotspot] |   worst    | (M9)    11.00 | (M9)    17.00 |                                     |
[hotspot] +------------+---------------+---------------+-------------------------------------+
[hotspot] | all layers |          0.00 |          0.00 |                                     |
[hotspot] +------------+---------------+---------------+-------------------------------------+
Local HotSpot Analysis (blockage included) (3d): normalized congestion max/total hotspot area = 0.00/0.00 (area is in unit of 4 std-cell row bins)
#Complete Global Routing.
#Total wire length = 3372 um.
#Total half perimeter of net bounding box = 3743 um.
#Total wire length on LAYER M1 = 9 um.
#Total wire length on LAYER M2 = 1289 um.
#Total wire length on LAYER M3 = 1236 um.
#Total wire length on LAYER M4 = 727 um.
#Total wire length on LAYER M5 = 81 um.
#Total wire length on LAYER M6 = 13 um.
#Total wire length on LAYER M7 = 0 um.
#Total wire length on LAYER M8 = 9 um.
#Total wire length on LAYER M9 = 9 um.
#Total wire length on LAYER Pad = 0 um.
#Total number of vias = 1135
#Up-Via Summary (total 1135):
#           
#-----------------------
# M1                563
# M2                461
# M3                 85
# M4                 14
# M5                  6
# M6                  2
# M7                  2
# M8                  2
#-----------------------
#                  1135 
#
#Max overcon = 0 track.
#Total overcon = 0.00%.
#Worst layer Gcell overcon rate = 0.00%.
#
#Global routing statistics:
#Cpu time = 00:00:00
#Elapsed time = 00:00:01
#Increased memory = 1.32 (MB)
#Total memory = 2726.07 (MB)
#Peak memory = 3048.81 (MB)
#
#Finished global routing on Sat Apr  4 15:37:29 2026
#
#
#cpu time = 00:00:00, elapsed time = 00:00:00, memory = 2726.07 (MB), peak = 3048.81 (MB)
#Start Track Assignment.
#Done with 286 horizontal wires in 1 hboxes and 274 vertical wires in 1 hboxes.
#Done with 59 horizontal wires in 1 hboxes and 56 vertical wires in 1 hboxes.
#Done with 1 horizontal wires in 1 hboxes and 1 vertical wires in 1 hboxes.
#
#Track assignment summary:
# layer   (wire length)   (overlap)     (long ovlp)	(with obs/pg/clk)  
#------------------------------------------------------------------------
# M1             9.00 	  0.00%  	  0.00% 	  0.00%
# M2          1263.12 	  0.03%  	  0.00% 	  0.00%
# M3          1157.54 	  0.00%  	  0.00% 	  0.00%
# M4           735.47 	  0.00%  	  0.00% 	  0.00%
# M5            78.58 	  0.00%  	  0.00% 	  0.00%
# M6            13.14 	  0.00%  	  0.00% 	  0.00%
# M7             0.00 	  0.00%  	  0.00% 	  0.00%
# M8             9.23 	  0.00%  	  0.00% 	  0.00%
# M9             9.62 	  0.00%  	  0.00% 	  0.00%
# Pad            0.00 	  0.00%  	  0.00% 	  0.00%
#------------------------------------------------------------------------
# All        3275.70  	  0.01% 	  0.00% 	  0.00%
#Complete Track Assignment.
#Total wire length = 3339 um.
#Total half perimeter of net bounding box = 3743 um.
#Total wire length on LAYER M1 = 9 um.
#Total wire length on LAYER M2 = 1286 um.
#Total wire length on LAYER M3 = 1199 um.
#Total wire length on LAYER M4 = 731 um.
#Total wire length on LAYER M5 = 81 um.
#Total wire length on LAYER M6 = 13 um.
#Total wire length on LAYER M7 = 0 um.
#Total wire length on LAYER M8 = 9 um.
#Total wire length on LAYER M9 = 9 um.
#Total wire length on LAYER Pad = 0 um.
#Total number of vias = 1135
#Up-Via Summary (total 1135):
#           
#-----------------------
# M1                563
# M2                461
# M3                 85
# M4                 14
# M5                  6
# M6                  2
# M7                  2
# M8                  2
#-----------------------
#                  1135 
#
#cpu time = 00:00:00, elapsed time = 00:00:00, memory = 2726.21 (MB), peak = 3048.81 (MB)
#
#number of short segments in preferred routing layers
#	
#	
#
#Routing data preparation, pin analysis, global routing and track assignment statistics:
#Cpu time = 00:00:00
#Elapsed time = 00:00:01
#Increased memory = 16.98 (MB)
#Total memory = 2726.21 (MB)
#Peak memory = 3048.81 (MB)
#
#Start Detail Routing..
#start initial detail routing ...
#   number of violations = 501
#
#    By Layer and Type :
#	         MetSpc    Short   WidTbl      Enc     Rect   OffGrd   Others   Totals
#	M1            1        0        0        0        0        0        0        1
#	M2           10        3        0        0        0        0       12       25
#	M3            0       27       64      147       54       46        1      339
#	M4            7       64       33        0        0       32        0      136
#	Totals       18       94       97      147       54       78       13      501
#cpu time = 00:00:02, elapsed time = 00:00:05, memory = 2723.89 (MB), peak = 3048.81 (MB)
#start 1st optimization iteration ...
#   number of violations = 309
#
#    By Layer and Type :
#	         MetSpc    EolKO   WidTbl      Enc     Rect   OffGrd   Totals
#	M1            0        0        0        0        0        0        0
#	M2            0        1        0        0        0        0        1
#	M3            5        3       64      109        2       59      242
#	M4           18        0       33        0        1       14       66
#	Totals       23        4       97      109        3       73      309
#cpu time = 00:00:03, elapsed time = 00:00:04, memory = 2723.42 (MB), peak = 3048.81 (MB)
#start 2nd optimization iteration ...
#   number of violations = 272
#
#    By Layer and Type :
#	         MetSpc    EolKO   WidTbl      Enc   OffGrd   Totals
#	M1            0        0        0        0        0        0
#	M2            0        0        0        0        0        0
#	M3            2        2       64       82       58      208
#	M4            7        0       33        0       24       64
#	Totals        9        2       97       82       82      272
#cpu time = 00:00:03, elapsed time = 00:00:03, memory = 2721.87 (MB), peak = 3048.81 (MB)
#start 3rd optimization iteration ...
#   number of violations = 287
#
#    By Layer and Type :
#	         MetSpc    EolKO   WidTbl      Enc   OffGrd   Totals
#	M1            0        0        0        0        0        0
#	M2            0        0        0        0        0        0
#	M3            3        1       64       94       58      220
#	M4           13        0       33        0       21       67
#	Totals       16        1       97       94       79      287
#cpu time = 00:00:02, elapsed time = 00:00:02, memory = 2722.03 (MB), peak = 3048.81 (MB)
#start 4th optimization iteration ...
#   number of violations = 272
#
#    By Layer and Type :
#	         MetSpc    EolKO   WidTbl      Enc     Rect   OffGrd   Totals
#	M1            0        0        0        0        0        0        0
#	M2            0        0        0        0        0        0        0
#	M3            3        1       66       80        0       58      208
#	M4            8        0       33        0        1       22       64
#	Totals       11        1       99       80        1       80      272
#cpu time = 00:00:02, elapsed time = 00:00:02, memory = 2723.12 (MB), peak = 3048.81 (MB)
#start 5th optimization iteration ...
#   number of violations = 273
#
#    By Layer and Type :
#	         MetSpc   WidTbl      Enc   OffGrd   Totals
#	M1            0        0        0        0        0
#	M2            0        0        0        0        0
#	M3            0       65       94       56      215
#	M4            8       35        0       15       58
#	Totals        8      100       94       71      273
#cpu time = 00:00:02, elapsed time = 00:00:02, memory = 2722.40 (MB), peak = 3048.81 (MB)
#start 6th optimization iteration ...
#   number of violations = 254
#
#    By Layer and Type :
#	         MetSpc   WidTbl      Enc   OffGrd   Totals
#	M1            0        0        0        0        0
#	M2            0        0        0        0        0
#	M3            0       64       64       57      185
#	M4           12       34        0       23       69
#	Totals       12       98       64       80      254
#cpu time = 00:00:04, elapsed time = 00:00:04, memory = 2721.73 (MB), peak = 3048.81 (MB)
#start 7th optimization iteration ...
#   number of violations = 248
#
#    By Layer and Type :
#	         MetSpc    EolKO   WidTbl      Enc   OffGrd   Totals
#	M1            0        0        0        0        0        0
#	M2            0        0        0        0        0        0
#	M3            1        0       64       71       55      191
#	M4           11        1       33        0       12       57
#	Totals       12        1       97       71       67      248
#cpu time = 00:00:03, elapsed time = 00:00:03, memory = 2721.46 (MB), peak = 3048.81 (MB)
#start 8th optimization iteration ...
#   number of violations = 233
#
#    By Layer and Type :
#	         MetSpc    EolKO   WidTbl      Enc   OffGrd   Totals
#	M1            0        0        0        0        0        0
#	M2            0        0        0        0        0        0
#	M3            1        1       64       51       56      173
#	M4            4        0       34        0       22       60
#	Totals        5        1       98       51       78      233
#cpu time = 00:00:05, elapsed time = 00:00:05, memory = 2721.65 (MB), peak = 3048.81 (MB)
#start 9th optimization iteration ...
#   number of violations = 230
#
#    By Layer and Type :
#	         MetSpc   WidTbl      Enc     Rect   OffGrd   Totals
#	M1            0        0        0        0        0        0
#	M2            0        0        0        0        0        0
#	M3            0       64       60        0       55      179
#	M4            5       33        0        1       12       51
#	Totals        5       97       60        1       67      230
#cpu time = 00:00:05, elapsed time = 00:00:05, memory = 2721.56 (MB), peak = 3048.81 (MB)
#start 10th optimization iteration ...
#   number of violations = 244
#
#    By Layer and Type :
#	         MetSpc    EolKO   WidTbl      Enc     Rect   OffGrd   Totals
#	M1            0        0        0        0        0        0        0
#	M2            0        0        0        0        0        0        0
#	M3            2        1       64       59        0       58      184
#	M4           10        0       33        0        2       15       60
#	Totals       12        1       97       59        2       73      244
#cpu time = 00:00:02, elapsed time = 00:00:02, memory = 2722.16 (MB), peak = 3048.81 (MB)
#start 11th optimization iteration ...
#   number of violations = 220
#
#    By Layer and Type :
#	         MetSpc    EolKO   WidTbl      Enc     Rect   OffGrd   Totals
#	M1            0        0        0        0        0        0        0
#	M2            0        0        0        0        0        0        0
#	M3            2        1       64       37        0       54      158
#	M4            4        0       33        0        1       24       62
#	Totals        6        1       97       37        1       78      220
#cpu time = 00:00:02, elapsed time = 00:00:02, memory = 2722.05 (MB), peak = 3048.81 (MB)
#start 12th optimization iteration ...
#   number of violations = 241
#
#    By Layer and Type :
#	         MetSpc   WidTbl      Enc   OffGrd   Totals
#	M1            0        0        0        0        0
#	M2            0        0        0        0        0
#	M3            1       64       54       55      174
#	M4           13       33        0       21       67
#	Totals       14       97       54       76      241
#cpu time = 00:00:02, elapsed time = 00:00:02, memory = 2721.79 (MB), peak = 3048.81 (MB)
#start 13th optimization iteration ...
#   number of violations = 223
#
#    By Layer and Type :
#	         MetSpc    EolKO   WidTbl      Enc   OffGrd   Totals
#	M1            0        0        0        0        0        0
#	M2            0        0        0        0        0        0
#	M3            2        2       65       31       57      157
#	M4            8        0       33        0       25       66
#	Totals       10        2       98       31       82      223
#cpu time = 00:00:03, elapsed time = 00:00:03, memory = 2721.59 (MB), peak = 3048.81 (MB)
#start 14th optimization iteration ...
#   number of violations = 242
#
#    By Layer and Type :
#	         MetSpc    EolKO   WidTbl      Enc   OffGrd   Totals
#	M1            0        0        0        0        0        0
#	M2            0        0        0        0        0        0
#	M3            1        1       64       51       58      175
#	M4           12        0       34        0       21       67
#	Totals       13        1       98       51       79      242
#cpu time = 00:00:03, elapsed time = 00:00:05, memory = 2721.84 (MB), peak = 3048.81 (MB)
#start 15th optimization iteration ...
#   number of violations = 220
#
#    By Layer and Type :
#	         MetSpc   WidTbl      Enc   OffGrd   Totals
#	M1            0        0        0        0        0
#	M2            0        0        0        0        0
#	M3            0       64       51       54      169
#	M4            3       33        0       15       51
#	Totals        3       97       51       69      220
#cpu time = 00:00:04, elapsed time = 00:00:08, memory = 2721.80 (MB), peak = 3048.81 (MB)
#start 16th optimization iteration ...
#   number of violations = 225
#
#    By Layer and Type :
#	         MetSpc   WidTbl      Enc     Rect   OffGrd   Totals
#	M1            0        0        0        0        0        0
#	M2            0        0        0        0        0        0
#	M3            0       64       35        0       56      155
#	M4            6       33        0        1       30       70
#	Totals        6       97       35        1       86      225
#cpu time = 00:00:02, elapsed time = 00:00:04, memory = 2722.03 (MB), peak = 3048.81 (MB)
#Complete Detail Routing.
#Total wire length = 3564 um.
#Total half perimeter of net bounding box = 3743 um.
#Total wire length on LAYER M1 = 296 um.
#Total wire length on LAYER M2 = 1945 um.
#Total wire length on LAYER M3 = 902 um.
#Total wire length on LAYER M4 = 212 um.
#Total wire length on LAYER M5 = 209 um.
#Total wire length on LAYER M6 = 0 um.
#Total wire length on LAYER M7 = 0 um.
#Total wire length on LAYER M8 = 0 um.
#Total wire length on LAYER M9 = 0 um.
#Total wire length on LAYER Pad = 0 um.
#Total number of vias = 1923
#Up-Via Summary (total 1923):
#           
#-----------------------
# M1                776
# M2                986
# M3                 63
# M4                 98
#-----------------------
#                  1923 
#
#Total number of DRC violations = 225
#Total number of violations on LAYER M1 = 0
#Total number of violations on LAYER M2 = 0
#Total number of violations on LAYER M3 = 155
#Total number of violations on LAYER M4 = 70
#Total number of violations on LAYER M5 = 0
#Total number of violations on LAYER M6 = 0
#Total number of violations on LAYER M7 = 0
#Total number of violations on LAYER M8 = 0
#Total number of violations on LAYER M9 = 0
#Total number of violations on LAYER Pad = 0
#Cpu time = 00:00:48
#Elapsed time = 00:01:01
#Increased memory = -4.19 (MB)
#Total memory = 2722.03 (MB)
#Peak memory = 3048.81 (MB)
#
#Start Post Route via swapping...
#99.78% of area are rerouted by ECO routing.
#   number of violations = 228
#
#    By Layer and Type :
#	         MetSpc   WidTbl      Enc     Rect   OffGrd   Totals
#	M1            0        0        0        0        0        0
#	M2            0        0        0        0        0        0
#	M3            0       65       36        0       57      158
#	M4            6       33        0        1       30       70
#	Totals        6       98       36        1       87      228
#cpu time = 00:00:00, elapsed time = 00:00:00, memory = 2722.04 (MB), peak = 3048.81 (MB)
#CELL_VIEW Adder32,init has 228 DRC violations
#Total number of DRC violations = 228
#Total number of violations on LAYER M1 = 0
#Total number of violations on LAYER M2 = 0
#Total number of violations on LAYER M3 = 158
#Total number of violations on LAYER M4 = 70
#Total number of violations on LAYER M5 = 0
#Total number of violations on LAYER M6 = 0
#Total number of violations on LAYER M7 = 0
#Total number of violations on LAYER M8 = 0
#Total number of violations on LAYER M9 = 0
#Total number of violations on LAYER Pad = 0
#No via is swapped.
#Post Route via swapping is done.
#Total wire length = 3564 um.
#Total half perimeter of net bounding box = 3743 um.
#Total wire length on LAYER M1 = 296 um.
#Total wire length on LAYER M2 = 1945 um.
#Total wire length on LAYER M3 = 902 um.
#Total wire length on LAYER M4 = 212 um.
#Total wire length on LAYER M5 = 209 um.
#Total wire length on LAYER M6 = 0 um.
#Total wire length on LAYER M7 = 0 um.
#Total wire length on LAYER M8 = 0 um.
#Total wire length on LAYER M9 = 0 um.
#Total wire length on LAYER Pad = 0 um.
#Total number of vias = 1923
#Up-Via Summary (total 1923):
#           
#-----------------------
# M1                776
# M2                986
# M3                 63
# M4                 98
#-----------------------
#                  1923 
#
#
#Start Post Route wire spreading..
#
#Start DRC checking..
#   number of violations = 232
#
#    By Layer and Type :
#	         MetSpc   WidTbl      Enc     Rect   OffGrd   Totals
#	M1            0        0        0        0        0        0
#	M2            0        0        0        0        0        0
#	M3            0       66       36        0       58      160
#	M4            6       34        0        1       31       72
#	Totals        6      100       36        1       89      232
#cpu time = 00:00:00, elapsed time = 00:00:00, memory = 2723.68 (MB), peak = 3048.81 (MB)
#CELL_VIEW Adder32,init has 232 DRC violations
#Total number of DRC violations = 232
#Total number of violations on LAYER M1 = 0
#Total number of violations on LAYER M2 = 0
#Total number of violations on LAYER M3 = 160
#Total number of violations on LAYER M4 = 72
#Total number of violations on LAYER M5 = 0
#Total number of violations on LAYER M6 = 0
#Total number of violations on LAYER M7 = 0
#Total number of violations on LAYER M8 = 0
#Total number of violations on LAYER M9 = 0
#Total number of violations on LAYER Pad = 0
#
#Start data preparation for wire spreading...
#
#Data preparation is done on Sat Apr  4 15:38:31 2026
#
#
#Start Post Route Wire Spread.
#Done with 0 horizontal wires in 1 hboxes and 5 vertical wires in 2 hboxes.
#Complete Post Route Wire Spread.
#
#Total wire length = 3566 um.
#Total half perimeter of net bounding box = 3743 um.
#Total wire length on LAYER M1 = 298 um.
#Total wire length on LAYER M2 = 1945 um.
#Total wire length on LAYER M3 = 902 um.
#Total wire length on LAYER M4 = 212 um.
#Total wire length on LAYER M5 = 209 um.
#Total wire length on LAYER M6 = 0 um.
#Total wire length on LAYER M7 = 0 um.
#Total wire length on LAYER M8 = 0 um.
#Total wire length on LAYER M9 = 0 um.
#Total wire length on LAYER Pad = 0 um.
#Total number of vias = 1923
#Up-Via Summary (total 1923):
#           
#-----------------------
# M1                776
# M2                986
# M3                 63
# M4                 98
#-----------------------
#                  1923 
#
#
#Start DRC checking..
#   number of violations = 232
#
#    By Layer and Type :
#	         MetSpc   WidTbl      Enc     Rect   OffGrd   Totals
#	M1            0        0        0        0        0        0
#	M2            0        0        0        0        0        0
#	M3            0       66       36        0       58      160
#	M4            6       34        0        1       31       72
#	Totals        6      100       36        1       89      232
#cpu time = 00:00:00, elapsed time = 00:00:00, memory = 2724.38 (MB), peak = 3048.81 (MB)
#CELL_VIEW Adder32,init has 232 DRC violations
#Total number of DRC violations = 232
#Total number of violations on LAYER M1 = 0
#Total number of violations on LAYER M2 = 0
#Total number of violations on LAYER M3 = 160
#Total number of violations on LAYER M4 = 72
#Total number of violations on LAYER M5 = 0
#Total number of violations on LAYER M6 = 0
#Total number of violations on LAYER M7 = 0
#Total number of violations on LAYER M8 = 0
#Total number of violations on LAYER M9 = 0
#Total number of violations on LAYER Pad = 0
#   number of violations = 232
#
#    By Layer and Type :
#	         MetSpc   WidTbl      Enc     Rect   OffGrd   Totals
#	M1            0        0        0        0        0        0
#	M2            0        0        0        0        0        0
#	M3            0       66       36        0       58      160
#	M4            6       34        0        1       31       72
#	Totals        6      100       36        1       89      232
#cpu time = 00:00:00, elapsed time = 00:00:00, memory = 2724.38 (MB), peak = 3048.81 (MB)
#CELL_VIEW Adder32,init has 232 DRC violations
#Total number of DRC violations = 232
#Total number of violations on LAYER M1 = 0
#Total number of violations on LAYER M2 = 0
#Total number of violations on LAYER M3 = 160
#Total number of violations on LAYER M4 = 72
#Total number of violations on LAYER M5 = 0
#Total number of violations on LAYER M6 = 0
#Total number of violations on LAYER M7 = 0
#Total number of violations on LAYER M8 = 0
#Total number of violations on LAYER M9 = 0
#Total number of violations on LAYER Pad = 0
#Post Route wire spread is done.
#Total wire length = 3566 um.
#Total half perimeter of net bounding box = 3743 um.
#Total wire length on LAYER M1 = 298 um.
#Total wire length on LAYER M2 = 1945 um.
#Total wire length on LAYER M3 = 902 um.
#Total wire length on LAYER M4 = 212 um.
#Total wire length on LAYER M5 = 209 um.
#Total wire length on LAYER M6 = 0 um.
#Total wire length on LAYER M7 = 0 um.
#Total wire length on LAYER M8 = 0 um.
#Total wire length on LAYER M9 = 0 um.
#Total wire length on LAYER Pad = 0 um.
#Total number of vias = 1923
#Up-Via Summary (total 1923):
#           
#-----------------------
# M1                776
# M2                986
# M3                 63
# M4                 98
#-----------------------
#                  1923 
#
#detailRoute Statistics:
#Cpu time = 00:00:48
#Elapsed time = 00:01:02
#Increased memory = -1.84 (MB)
#Total memory = 2724.38 (MB)
#Peak memory = 3048.81 (MB)
#
#globalDetailRoute statistics:
#Cpu time = 00:00:49
#Elapsed time = 00:01:05
#Increased memory = -37.52 (MB)
#Total memory = 2712.17 (MB)
#Peak memory = 3048.81 (MB)
#Number of warnings = 2
#Total number of warnings = 19
#Number of fails = 0
#Total number of fails = 0
#Complete globalDetailRoute on Sat Apr  4 15:38:31 2026
#
% End globalDetailRoute (date=04/04 15:38:32, total cpu=0:00:49.2, real=0:01:06, peak res=2869.8M, current mem=2711.5M)
#Default setup view is reset to view_typical.
#Default setup view is reset to view_typical.
AAE_INFO: Post Route call back at the end of routeDesign
#routeDesign: cpu time = 00:00:50, elapsed time = 00:01:08, memory = 2678.56 (MB), peak = 3048.81 (MB)

*** Summary of all messages that are not suppressed in this session:
Severity  ID               Count  Summary                                  
WARNING   IMPEXT-6197          1  The Cap table file is not specified. Thi...
WARNING   IMPEXT-3530          1  The process node is not set. Use the com...
WARNING   NRAG-44              1  Track pitch is too small compared with l...
WARNING   NRIG-1303            1  The congestion map does not match the GC...
WARNING   IMPPSP-1321          6  Removed %d out of boundary tracks from l...
*** Message Summary: 10 warning(s), 0 error(s)

#% End routeDesign (date=04/04 15:38:32, total cpu=0:00:50.5, real=0:01:08, peak res=2869.8M, current mem=2678.6M)
<CMD> verify_drc -report ./verify_rpt/drc.rpt
#-check_same_via_cell true               # bool, default=false, user setting
#-report ./verify_rpt/drc.rpt            # string, default="", user setting
 *** Starting Verify DRC (MEM: 3007.0) ***

  VERIFY DRC ...... Starting Verification
  VERIFY DRC ...... Initializing
  VERIFY DRC ...... Deleting Existing Violations
  VERIFY DRC ...... Creating Sub-Areas
  VERIFY DRC ...... Using new threading

  Verification Complete : 227 Viols.

 Violation Summary By Layer and Type:

	         WidTbl   OffGrd      Enc   MetSpc     Rect   Totals
	M3           64       56        0        0        0      120
	V3            0        0       36        0        0       36
	M4           34       30        0        6        1       71
	Totals       98       86       36        6        1      227

 *** End Verify DRC (CPU TIME: 0:00:00.0  ELAPSED TIME: 0:00:00.0  MEM: 256.1M) ***

<CMD> verifyConnectivity -type all -error 1000 -warning 50 -report ./verify_rpt/connectivity.rpt
VERIFY_CONNECTIVITY use new engine.

******** Start: VERIFY CONNECTIVITY ********
Start Time: Sat Apr  4 15:38:32 2026

Design Name: Adder32
Database Units: 4000
Design Boundary: (0.0000, 0.0000) (46.5120, 45.7920)
Error Limit = 1000; Warning Limit = 50
Check all nets
Net VDD: has an unconnected terminal, has special routes with opens, has regular routing with opens.
Net VSS: has special routes with opens, has regular routing with opens.

Begin Summary 
    2 Problem(s) (IMPVFC-96): Terminal(s) are not connected.
    2 Problem(s) (IMPVFC-200): Special Wires: Pieces of the net are not connected together.
    27 Problem(s) (IMPVFC-92): Pieces of the net are not connected together.
    31 total info(s) created.
End Summary

End Time: Sat Apr  4 15:38:32 2026
Time Elapsed: 0:00:00.0

******** End: VERIFY CONNECTIVITY ********
  Verification Complete : 31 Viols.  0 Wrngs.
  (CPU Time: 0:00:00.0  MEM: 0.000M)

<CMD> optDesign -postRoute -setup -hold -prefix postRoute
**optDesign ... cpu = 0:00:00, real = 0:00:00, mem = 2679.3M, totSessionCpu=0:12:47 **
*** optDesign #2 [begin] () : totSession cpu/real = 0:12:47.4/0:25:25.4 (0.5), mem = 3006.1M
GigaOpt running with 1 threads.
*** InitOpt #1 [begin] (optDesign #2) : totSession cpu/real = 0:12:47.4/0:25:25.4 (0.5), mem = 3006.1M
**INFO: User settings:
setNanoRouteMode -route_detail_fix_antenna                                                true
setNanoRouteMode -route_detail_use_min_spacing_for_blockage                               auto
setNanoRouteMode -route_extract_third_party_compatible                                    false
setNanoRouteMode -route_global_exp_timing_driven_std_delay                                4.7
setNanoRouteMode -route_global_exp_timing_driven_use_tif_timing_engine_for_import_design  false
setNanoRouteMode -route_strict_honor_route_rule                                           false
setNanoRouteMode -route_with_si_driven                                                    true
setNanoRouteMode -route_with_si_post_route_fix                                            true
setNanoRouteMode -route_with_timing_driven                                                true
setExtractRCMode -engine                                                                  preRoute
setUsefulSkewMode -opt_skew_eco_route                                                     false
setDelayCalMode -enable_high_fanout                                                       true
setDelayCalMode -eng_enablePrePlacedFlow                                                  false
setDelayCalMode -engine                                                                   aae
setDelayCalMode -ignoreNetLoad                                                            false
setDelayCalMode -socv_accuracy_mode                                                       low
setOptMode -opt_view_pruning_hold_views_active_list                                       { view_typical }
setOptMode -opt_view_pruning_setup_views_active_list                                      { view_typical }
setOptMode -opt_view_pruning_hold_views_persistent_list                                   { view_typical}
setOptMode -opt_view_pruning_setup_views_persistent_list                                  { view_typical}
setOptMode -opt_view_pruning_tdgr_setup_views_persistent_list                             { view_typical}
setOptMode -opt_view_pruning_hold_target_slack_auto_flow                                  0
setOptMode -opt_drv_margin                                                                0
setOptMode -opt_drv                                                                       true
setOptMode -opt_fix_fanout_load                                                           true
setOptMode -opt_leakage_to_dynamic_ratio                                                  0.5
setOptMode -opt_resize_flip_flops                                                         true
setOptMode -opt_power_effort                                                              high
setOptMode -opt_preserve_all_sequential                                                   false
setOptMode -opt_area_recovery                                                             true
setOptMode -opt_setup_target_slack                                                        0
setSIMode -separate_delta_delay_on_data                                                   true
setPlaceMode -macroPlaceMode                                                              0
setPlaceMode -place_design_refine_macro                                                   true
setPlaceMode -place_detail_preroute_as_obs                                                {2 3}
setPlaceMode -place_global_auto_blockage_in_channel                                       soft
setPlaceMode -place_global_cong_effort                                                    high
setPlaceMode -place_global_module_aware_spare                                             true
setPlaceMode -place_global_uniform_density                                                true
setAnalysisMode -analysisType                                                             onChipVariation
setAnalysisMode -checkType                                                                setup
setAnalysisMode -clkSrcPath                                                               true
setAnalysisMode -clockPropagation                                                         sdcControl
setAnalysisMode -cppr                                                                     both
setAnalysisMode -usefulSkew                                                               true
setAnalysisMode -virtualIPO                                                               false

**INFO: setDesignMode -flowEffort standard -> setting 'setOptMode -allEndPoints true' for the duration of this command.
Disable merging buffers from different footprints for postRoute code for non-MSV designs
Need call spDPlaceInit before registerPrioInstLoc.
Switching SI Aware to true by default in postroute mode   
AAE_INFO: switching -siAware from false to true ...
AAE_INFO: The setting is changed from false to true in setDelayCalMode -SIAware
**WARN: (IMPOPT-7320):	Glitch fixing has been disabled since glitch reporting is disabled. Glitch reporting can be enabled using command setSIMode -enable_glitch_report true
Info: Using Genus executable '/home/share_file/cadence/installs/DDI221/GENUS221/tools.lnx86/bin/genus'.
      Genus workers will not check out additional licenses.
#################################################################################
# Design Stage: PostRoute
# Design Name: Adder32
# Design Mode: 90nm
# Analysis Mode: MMMC OCV 
# Parasitics Mode: No SPEF/RCDB 
# Signoff Settings: SI On 
#################################################################################
             0V	    VSS
          0.77V	    VDD

Starting Activity Propagation
2026-Apr-04 15:39:10 (2026-Apr-04 08:39:10 GMT)
2026-Apr-04 15:39:10 (2026-Apr-04 08:39:10 GMT): 10%
2026-Apr-04 15:39:10 (2026-Apr-04 08:39:10 GMT): 20%
2026-Apr-04 15:39:10 (2026-Apr-04 08:39:10 GMT): 30%

Finished Activity Propagation
2026-Apr-04 15:39:10 (2026-Apr-04 08:39:10 GMT)
**optDesign ... cpu = 0:01:05, real = 0:02:55, mem = 2804.7M, totSessionCpu=0:13:53 **
Existing Dirty Nets : 0
New Signature Flow (optDesignCheckOptions) ....
#Taking db snapshot
#Taking db snapshot ... done
Begin checking placement ... (start mem=3037.6M, init mem=3037.6M)
*info: Placed = 195           
*info: Unplaced = 0           
Placement Density:95.14%(457/480)
Placement Density (including fixed std cells):95.14%(457/480)
Finished checkPlace (total: cpu=0:00:00.0, real=0:00:00.0; vio checks: cpu=0:00:00.0, real=0:00:00.0; mem=3037.6M)
#optDebug: { P: 90 W: 3195 FE: standard PE: high LDR: 0.5}
 Initial DC engine is -> aae
 
 AAE-Opt:: Current number of nets in RC Memory -> 100 K
 
 
 AAE-Opt:: New number of nets in RC Memory -> 100 K
 
Reset EOS DB
Ignoring AAE DB Resetting ...
 Set Options for AAE Based Opt flow 
*** optDesign -postRoute ***
DRC Margin: user margin 0.0; extra margin 0
Setup Target Slack: user slack 0
Hold Target Slack: user slack 0
**INFO: setOptMode -opt_power_effort high -> Total Power Opt will be called for all Setup Timing optDesign commands, with leakageToDynamicRatio 0.5.
Opt: RC extraction mode changed to 'detail'
*** InitOpt #1 [finish] (optDesign #2) : cpu/real = 0:01:05.3/0:02:54.6 (0.4), totSession cpu/real = 0:13:52.7/0:28:20.0 (0.5), mem = 3037.6M
** INFO : this run is activating 'postRoute' automaton
**INFO: flowCheckPoint #1 InitialSummary

Power view               = view_typical
Number of VT partitions  = 3
Standard cells in design = 808
Instances in design      = 195

Instance distribution across the VT partitions:

 LVT : inst = 147 (75.4%), cells = 202 (25.00%)
   Lib asap7sc7p5t_AO_SLVT_FF_nldm_211120 : inst = 6 (3.1%)
   Lib asap7sc7p5t_INVBUF_SLVT_FF_nldm_211120 : inst = 33 (16.9%)
   Lib asap7sc7p5t_OA_SLVT_FF_nldm_211120 : inst = 20 (10.3%)
   Lib asap7sc7p5t_SEQ_SLVT_FF_nldm_220123 : inst = 1 (0.5%)
   Lib asap7sc7p5t_SIMPLE_SLVT_FF_nldm_211120 : inst = 87 (44.6%)

 SVT : inst = 17 (8.7%), cells = 149 (18.44%)
   Lib asap7sc7p5t_INVBUF_LVT_FF_nldm_211120 : inst = 0 (0.0%)
   Lib asap7sc7p5t_SIMPLE_LVT_FF_nldm_211120 : inst = 15 (7.7%)
   Lib asap7sc7p5t_SIMPLE_RVT_FF_nldm_211120 : inst = 2 (1.0%)

 HVT : inst = 31 (15.9%), cells = 457 (56.56%)
   Lib asap7sc7p5t_AO_LVT_FF_nldm_211120 : inst = 0 (0.0%)
   Lib asap7sc7p5t_AO_RVT_FF_nldm_211120 : inst = 0 (0.0%)
   Lib asap7sc7p5t_AO_SRAM_FF_nldm_211120 : inst = 0 (0.0%)
   Lib asap7sc7p5t_INVBUF_RVT_FF_nldm_211120 : inst = 0 (0.0%)
   Lib asap7sc7p5t_INVBUF_SRAM_FF_nldm_211120 : inst = 0 (0.0%)
   Lib asap7sc7p5t_OA_LVT_FF_nldm_211120 : inst = 0 (0.0%)
   Lib asap7sc7p5t_OA_RVT_FF_nldm_211120 : inst = 0 (0.0%)
   Lib asap7sc7p5t_OA_SRAM_FF_nldm_211120 : inst = 0 (0.0%)
   Lib asap7sc7p5t_SEQ_LVT_FF_nldm_220123 : inst = 30 (15.4%)
   Lib asap7sc7p5t_SEQ_RVT_FF_nldm_220123 : inst = 1 (0.5%)
   Lib asap7sc7p5t_SEQ_SRAM_FF_nldm_220123 : inst = 0 (0.0%)
   Lib asap7sc7p5t_SIMPLE_SRAM_FF_nldm_211120 : inst = 0 (0.0%)

Reporting took 0 sec
Extraction called for design 'Adder32' of instances=195 and nets=286 using extraction engine 'postRoute' at effort level 'low' .
**WARN: (IMPEXT-3530):	The process node is not set. Use the command setDesignMode -process <process node> prior to extraction for maximum accuracy and optimal automatic threshold setting.
Type 'man IMPEXT-3530' for more detail.
PostRoute (effortLevel low) RC Extraction called for design Adder32.
RC Extraction called in multi-corner(1) mode.
**WARN: (IMPEXT-6197):	The Cap table file is not specified. This will result in lower parasitic accuracy when using preRoute extraction or postRoute extraction with effort level 'low'. It is recommended to generate the Cap table file using the 'generateCapTbl' command and specify it before extraction using 'create_rc_corner/update_rc_corner -cap_table'.
Type 'man IMPEXT-6197' for more detail.
**WARN: (IMPEXT-3032):	Because the cap table file was not provided, it will be created internally with the following process info:
* Layer Id             : 1 - M1
      Thickness        : 0.6
      Min Width        : 0.072
      Layer Dielectric : 4.1
* Layer Id             : 2 - M2
      Thickness        : 0.6
      Min Width        : 0.072
      Layer Dielectric : 4.1
* Layer Id             : 3 - M3
      Thickness        : 0.6
      Min Width        : 0.072
      Layer Dielectric : 4.1
* Layer Id             : 4 - M4
      Thickness        : 0.6
      Min Width        : 0.096
      Layer Dielectric : 4.1
* Layer Id             : 5 - M5
      Thickness        : 0.6
      Min Width        : 0.096
      Layer Dielectric : 4.1
* Layer Id             : 6 - M6
      Thickness        : 0.6
      Min Width        : 0.128
      Layer Dielectric : 4.1
* Layer Id             : 7 - M7
      Thickness        : 0.6
      Min Width        : 0.128
      Layer Dielectric : 4.1
* Layer Id             : 8 - M8
      Thickness        : 0.6
      Min Width        : 0.16
      Layer Dielectric : 4.1
* Layer Id             : 9 - M9
      Thickness        : 0.6
      Min Width        : 0.16
      Layer Dielectric : 4.1
* Layer Id             : 10 - M10
      Thickness        : 1
      Min Width        : 0.16
      Layer Dielectric : 4.1
extractDetailRC Option : -outfile /data/tkvm2/Asap7design/asap7_design/innovus_temp_1502_69e8b9db-6902-4033-a802-65a587f1b44b_vlsiktmt_tkvm2_Fdk0ow/Adder32_1502_Dj4mCn.rcdb.d  -basic
RC Mode: PostRoute -effortLevel low [Basic CapTable, LEF Resistances]
      RC Corner Indexes            0   
Capacitance Scaling Factor   : 1.00000 
Coupling Cap. Scaling Factor : 1.00000 
Resistance Scaling Factor    : 1.00000 
Clock Cap. Scaling Factor    : 1.00000 
Clock Res. Scaling Factor    : 1.00000 
Shrink Factor                : 1.00000
Initializing multi-corner resistance tables ...
Checking LVS Completed (CPU Time= 0:00:00.0  MEM= 3037.6M)
Extracted 10.088% (CPU Time= 0:00:00.0  MEM= 3077.6M)
Extracted 20.1173% (CPU Time= 0:00:00.0  MEM= 3077.6M)
Extracted 30.088% (CPU Time= 0:00:00.0  MEM= 3077.6M)
Extracted 40.1173% (CPU Time= 0:00:00.0  MEM= 3077.6M)
Extracted 50.088% (CPU Time= 0:00:00.0  MEM= 3077.6M)
Extracted 60.1173% (CPU Time= 0:00:00.0  MEM= 3077.6M)
Extracted 70.088% (CPU Time= 0:00:00.0  MEM= 3077.6M)
Extracted 80.1173% (CPU Time= 0:00:00.0  MEM= 3077.6M)
Extracted 90.088% (CPU Time= 0:00:00.0  MEM= 3077.6M)
Extracted 100% (CPU Time= 0:00:00.0  MEM= 3077.6M)
Number of Extracted Resistors     : 4000
Number of Extracted Ground Cap.   : 3845
Number of Extracted Coupling Cap. : 7292
Filtering XCap in 'relativeOnly' mode using values relative_c_threshold=0.03 and total_c_threshold=5fF.
Checking LVS Completed (CPU Time= 0:00:00.0  MEM= 3053.6M)
PostRoute (effortLevel low) RC Extraction DONE (CPU Time: 0:00:00.1  Real Time: 0:00:01.0  MEM: 3057.555M)
Initializing multi-corner resistance tables ...
** INFO: Initializing Glitch Interface
AAE DB initialization (MEM=3098.17 CPU=0:00:00.0 REAL=0:00:00.0) 
** INFO: Initializing Glitch Cache
*** BuildHoldData #1 [begin] (optDesign #2) : totSession cpu/real = 0:13:53.1/0:28:21.7 (0.5), mem = 3098.2M
AAE_INFO: switching -siAware from true to false ...
AAE_INFO: The setting is changed from true to false in setDelayCalMode -SIAware
OPTC: user 20.0
Starting delay calculation for Hold views
AAE_INFO: opIsDesignInPostRouteState() is 1
AAE_INFO: deleting AAE DB due to opIsDesignInPostRouteState() is changed ...
AAE DB initialization (MEM=3098.17 CPU=0:00:00.0 REAL=0:00:00.0) 
#################################################################################
# Design Stage: PostRoute
# Design Name: Adder32
# Design Mode: 90nm
# Analysis Mode: MMMC OCV 
# Parasitics Mode: SPEF/RCDB 
# Signoff Settings: SI Off 
#################################################################################
Start delay calculation (fullDC) (1 T). (MEM=3098.17)
Total number of fetched objects 284
End delay calculation. (MEM=3471.66 CPU=0:00:00.1 REAL=0:00:00.0)
End delay calculation (fullDC). (MEM=3163.66 CPU=0:00:00.6 REAL=0:00:01.0)
*** Done Building Timing Graph (cpu=0:00:00.9 real=0:00:02.0 totSessionCpu=0:13:54 mem=3163.7M)
Done building cte hold timing graph (HoldAware) cpu=0:00:00.9 real=0:00:02.0 totSessionCpu=0:13:54 mem=3163.7M ***
Warning: No proper clock gate cell delay was found for clock standard delay computation.
AAE_INFO: switching -siAware from false to true ...
AAE_INFO: The setting is changed from false to true in setDelayCalMode -SIAware
Starting delay calculation for Setup views
AAE_INFO: opIsDesignInPostRouteState() is 1
AAE_INFO: resetNetProps viewIdx 0 
Starting SI iteration 1 using Infinite Timing Windows
#################################################################################
# Design Stage: PostRoute
# Design Name: Adder32
# Design Mode: 90nm
# Analysis Mode: MMMC OCV 
# Parasitics Mode: SPEF/RCDB 
# Signoff Settings: SI On 
#################################################################################
AAE_INFO: 1 threads acquired from CTE.
Start delay calculation (fullDC) (1 T). (MEM=3179.01)
Total number of fetched objects 284
AAE_INFO-618: Total number of nets in the design is 286,  100.0 percent of the nets selected for SI analysis
End delay calculation. (MEM=3174.62 CPU=0:00:00.1 REAL=0:00:00.0)
End delay calculation (fullDC). (MEM=3174.62 CPU=0:00:00.1 REAL=0:00:00.0)
Loading CTE timing window with TwFlowType 0...(CPU = 0:00:00.0, REAL = 0:00:00.0, MEM = 3174.6M)
Add other clocks and setupCteToAAEClockMapping during iter 1
Loading CTE timing window is completed (CPU = 0:00:00.0, REAL = 0:00:00.0, MEM = 3174.6M)

Executing IPO callback for view pruning ..
Starting SI iteration 2
Start delay calculation (fullDC) (1 T). (MEM=3102.73)
Glitch Analysis: View view_typical -- Total Number of Nets Skipped = 10. 
Glitch Analysis: View view_typical -- Total Number of Nets Analyzed = 284. 
Total number of fetched objects 284
AAE_INFO-618: Total number of nets in the design is 286,  29.4 percent of the nets selected for SI analysis
End delay calculation. (MEM=3157.41 CPU=0:00:00.0 REAL=0:00:00.0)
End delay calculation (fullDC). (MEM=3157.41 CPU=0:00:00.0 REAL=0:00:00.0)
*** Done Building Timing Graph (cpu=0:00:00.8 real=0:00:02.0 totSessionCpu=0:13:55 mem=3157.4M)
** INFO: Initializing Glitch Interface
** INFO: Initializing Glitch Interface

------------------------------------------------------------------
     Initial SI Timing Summary
------------------------------------------------------------------

Setup views included:
 view_typical 

+--------------------+---------+---------+---------+
|     Setup mode     |   all   | reg2reg | default |
+--------------------+---------+---------+---------+
|           WNS (ns):| -0.372  |   N/A   | -0.372  |
|           TNS (ns):| -7.754  |   N/A   | -7.754  |
|    Violating Paths:|   32    |   N/A   |   32    |
|          All Paths:|   32    |   N/A   |   32    |
+--------------------+---------+---------+---------+

+----------------+-------------------------------+------------------+
|                |              Real             |       Total      |
|    DRVs        +------------------+------------+------------------|
|                |  Nr nets(terms)  | Worst Vio  |  Nr nets(terms)  |
+----------------+------------------+------------+------------------+
|   max_cap      |      0 (0)       |   0.000    |      0 (0)       |
|   max_tran     |      0 (0)       |   0.000    |      0 (0)       |
|   max_fanout   |      0 (0)       |     0      |      0 (0)       |
|   max_length   |      0 (0)       |     0      |      0 (0)       |
+----------------+------------------+------------+------------------+

Density: 95.146%
------------------------------------------------------------------
*** BuildHoldData #1 [finish] (optDesign #2) : cpu/real = 0:00:01.9/0:00:04.2 (0.4), totSession cpu/real = 0:13:55.0/0:28:25.9 (0.5), mem = 3192.5M
**optDesign ... cpu = 0:01:08, real = 0:03:01, mem = 2857.2M, totSessionCpu=0:13:55 **
OPTC: m4 20.0 20.0 [ 0.5 20.0 50.0 ]
OPTC: view 20.0:0.5 [ 0.0500 ]
Setting latch borrow mode to budget during optimization.
Info: Done creating the CCOpt slew target map.
**INFO: flowCheckPoint #2 OptimizationPass1
Glitch fixing enabled
#InfoCS: Num dontuse cells 2, Num usable cells 847
optDesignOneStep: Power Flow
#InfoCS: Num dontuse cells 2, Num usable cells 847
*** ClockDrv #1 [begin] (optDesign #2) : totSession cpu/real = 0:13:55.0/0:28:26.1 (0.5), mem = 3119.5M
Running CCOpt-PRO on entire clock network
Leaving CCOpt scope - Initializing power interface...
Leaving CCOpt scope - Initializing power interface done. (took cpu=0:00:00.1 real=0:00:00.2)
Leaving CCOpt scope - Initializing activity data...
Leaving CCOpt scope - Initializing activity data done. (took cpu=0:00:00.0 real=0:00:00.0)
Net route status summary:
  Clock:         1 (unrouted=0, trialRouted=0, noStatus=0, routed=1, fixed=0, [crossesIlmBoundary=0, tooFewTerms=0, (crossesIlmBoundary AND tooFewTerms=0)])
  Non-clock:   285 (unrouted=26, trialRouted=0, noStatus=0, routed=259, fixed=0, [crossesIlmBoundary=0, tooFewTerms=26, (crossesIlmBoundary AND tooFewTerms=0)])
-effortLevel low                           # enums={low medium high signoff}, default=undefined
Clock tree cells fixed by user: 0 out of 0
PRO...
Relaxing adjacent_rows_legal and cell_density for the duration of PRO. To stop this set pro_respect_cell_density_and_adjacent_row_legal to true.
Initializing clock structures...
  Creating own balancer
  Permitting the movement of (non-FIXED) datapath insts as required for sized/new clock tree insts
  Initializing legalizer
  Using cell based legalization.
  Leaving CCOpt scope - Initializing placement interface...
  Leaving CCOpt scope - Initializing placement interface done. (took cpu=0:00:00.0 real=0:00:00.1)
Max route layer is changed from 127 to 10 because there is no routing track above this layer
  Reconstructing clock tree datastructures, skew aware...
    Validating CTS configuration...
    Checking module port directions...
    Checking module port directions done. (took cpu=0:00:00.0 real=0:00:00.0)
    Non-default CCOpt properties:
      Public non-default CCOpt properties:
        adjacent_rows_legal: true (default: false)
        buffer_cells is set for at least one object
        cell_density is set for at least one object
        cell_halo_rows: 0 (default: 1)
        cell_halo_sites: 0 (default: 4)
        inverter_cells is set for at least one object
        route_type is set for at least one object
        routing_top_min_fanout is set for at least one object
        target_insertion_delay is set for at least one object
        target_max_trans is set for at least one object
        target_max_trans_sdc is set for at least one object
        target_skew is set for at least one object
      Private non-default CCOpt properties:
        allow_non_fterm_identical_swaps: 0 (default: true)
        clock_nets_detailed_routed: 1 (default: false)
        cloning_copy_activity: 1 (default: false)
        force_design_routing_status: 1 (default: auto)
        pro_enable_post_commit_delay_update: 1 (default: false)
    Route type trimming info:
      No route type modifications were made.
    Library trimming buffers in power domain auto-default and half-corner delay_corner_typical:both.late removed 0 of 2 cells
    Original list had 2 cells:
    BUFx4_ASAP7_75t_R BUFx2_ASAP7_75t_R 
    Library trimming was not able to trim any cells:
    BUFx4_ASAP7_75t_R BUFx2_ASAP7_75t_R 
    Library trimming inverters in power domain auto-default and half-corner delay_corner_typical:both.late removed 0 of 2 cells
    Original list had 2 cells:
    INVx4_ASAP7_75t_R INVx2_ASAP7_75t_R 
    Library trimming was not able to trim any cells:
    INVx4_ASAP7_75t_R INVx2_ASAP7_75t_R 
    Clock tree balancer configuration for clock_tree CLK:
    Non-default CCOpt properties:
      Public non-default CCOpt properties:
        cell_density: 1 (default: 0.75)
        route_type (leaf): leaf_rule (default: default)
        route_type (top): top_rule (default: default)
        route_type (trunk): trunk_rule_ccopt_autotrimmed (default: default)
        routing_top_min_fanout: 10000 (default: unset)
      No private non-default CCOpt properties
    For power domain auto-default:
      Buffers:     BUFx4_ASAP7_75t_R BUFx2_ASAP7_75t_R 
      Inverters:   INVx4_ASAP7_75t_R INVx2_ASAP7_75t_R 
      Clock gates: ICGx8DC_ASAP7_75t_SL ICGx8DC_ASAP7_75t_L ICGx6p67DC_ASAP7_75t_SL ICGx8DC_ASAP7_75t_R ICGx6p67DC_ASAP7_75t_L ICGx5p33DC_ASAP7_75t_SL ICGx6p67DC_ASAP7_75t_R ICGx8DC_ASAP7_75t_SRAM ICGx5p33DC_ASAP7_75t_L ICGx5_ASAP7_75t_SL ICGx6p67DC_ASAP7_75t_SRAM ICGx5p33DC_ASAP7_75t_R ICGx5_ASAP7_75t_L ICGx4DC_ASAP7_75t_SL ICGx4_ASAP7_75t_SL ICGx4DC_ASAP7_75t_L ICGx5_ASAP7_75t_R ICGx5p33DC_ASAP7_75t_SRAM ICGx4_ASAP7_75t_L ICGx4DC_ASAP7_75t_R ICGx5_ASAP7_75t_SRAM ICGx4_ASAP7_75t_R ICGx3_ASAP7_75t_SL ICGx4DC_ASAP7_75t_SRAM ICGx2p67DC_ASAP7_75t_SL ICGx3_ASAP7_75t_L ICGx4_ASAP7_75t_SRAM ICGx2p67DC_ASAP7_75t_L ICGx3_ASAP7_75t_R ICGx2p67DC_ASAP7_75t_R ICGx3_ASAP7_75t_SRAM ICGx2_ASAP7_75t_SL ICGx2_ASAP7_75t_L ICGx2p67DC_ASAP7_75t_SRAM ICGx2_ASAP7_75t_R ICGx2_ASAP7_75t_SRAM ICGx1_ASAP7_75t_SL ICGx1_ASAP7_75t_L ICGx1_ASAP7_75t_R ICGx1_ASAP7_75t_SRAM 
      Unblocked area available for placement of any clock cells in power_domain auto-default: 480.557um^2
    Top Routing info:
      Route-type name: top_rule; Top/bottom preferred layer name: M8/M7; 
      Shielded - shield side: Two Side; Mask Constraint: 0; Source: route_type.
    Trunk Routing info:
      Route-type name: trunk_rule_ccopt_autotrimmed; Top/bottom preferred layer name: M6/M5; 
      Shielded - shield side: Two Side; Mask Constraint: 0; Source: route_type.
    Leaf Routing info:
      Route-type name: leaf_rule; Top/bottom preferred layer name: M3/M2; 
      Unshielded; Mask Constraint: 0; Source: route_type.
    For timing_corner delay_corner_typical:both, late and power domain auto-default:
      Slew time target (leaf):    50.0ps
      Slew time target (trunk):   50.0ps
      Slew time target (top):     50.0ps
      Buffer unit delay: 25.8ps
      Buffer max distance: 63.296um
    Fastest wire driving cells and distances:
      For nets routed with trunk routing rules:
        Buffer    : {lib_cell:BUFx4_ASAP7_75t_R, fastest_considered_half_corner=delay_corner_typical:both.late, optimalDrivingDistance=63.296um, saturatedSlew=49.9ps, speed=1245.994um per ns, cellArea=25.799um^2 per 1000um}
        Inverter  : {lib_cell:INVx4_ASAP7_75t_R, fastest_considered_half_corner=delay_corner_typical:both.late, optimalDrivingDistance=53.123um, saturatedSlew=48.0ps, speed=1567.035um per ns, cellArea=26.348um^2 per 1000um}
        Clock gate: {lib_cell:ICGx8DC_ASAP7_75t_SL, fastest_considered_half_corner=delay_corner_typical:both.late, optimalDrivingDistance=141.706um, saturatedSlew=50.0ps, speed=4346.794um per ns, cellArea=79.019um^2 per 1000um}
      For nets routed with top routing rules:
        Buffer    : {lib_cell:BUFx4_ASAP7_75t_R, fastest_considered_half_corner=delay_corner_typical:both.late, optimalDrivingDistance=79.263um, saturatedSlew=49.9ps, speed=1554.167um per ns, cellArea=20.602um^2 per 1000um}
        Inverter  : {lib_cell:INVx4_ASAP7_75t_R, fastest_considered_half_corner=delay_corner_typical:both.late, optimalDrivingDistance=66.465um, saturatedSlew=48.0ps, speed=1949.105um per ns, cellArea=21.059um^2 per 1000um}
        Clock gate: {lib_cell:ICGx8DC_ASAP7_75t_SL, fastest_considered_half_corner=delay_corner_typical:both.late, optimalDrivingDistance=176.226um, saturatedSlew=49.9ps, speed=5372.759um per ns, cellArea=63.540um^2 per 1000um}
    
    
    Logic Sizing Table:
    
    ----------------------------------------------------------
    Cell    Instance count    Source    Eligible library cells
    ----------------------------------------------------------
      (empty table)
    ----------------------------------------------------------
    
    
    Clock tree balancer configuration for skew_group CLK/constraint_typical:
     Created from constraint modes: {[constraint_typical]}
      Sources:                     pin iClk
      Total number of sinks:       32
      Delay constrained sinks:     32
      Constrains:                  default
      Non-leaf sinks:              0
      Ignore pins:                 0
     Timing corner delay_corner_typical:both.late:
      Skew target:                 25.8ps
    Primary reporting skew groups are:
    skew_group CLK/constraint_typical with 32 clock sinks
    
    
    Constraint summary
    ==================
    
    Transition constraints are active in the following delay corners:
    
    delay_corner_typical:both.late
    
    Cap constraints are active in the following delay corners:
    
    delay_corner_typical:both.late
    
    Transition constraint summary:
    
    -----------------------------------------------------------------------------------------------------
    Delay corner                                Target (ps)    Num pins    Target source    Clock tree(s)
    -----------------------------------------------------------------------------------------------------
    delay_corner_typical:both.late (primary)         -            -              -                -
                       -                           50.0           34       explicit         all
    -----------------------------------------------------------------------------------------------------
    
    Capacitance constraint summary:
    
    ----------------------------------------------------------------------------------------------------------------
    Delay corner                                Limit (fF)    Num nets    Target source                Clock tree(s)
    ----------------------------------------------------------------------------------------------------------------
    delay_corner_typical:both.late (primary)        -            -                    -                      -
                       -                          46.080         1        library_or_sdc_constraint    all
    ----------------------------------------------------------------------------------------------------------------
    
    
    Clock DAG stats initial state:
      cell counts      : b=0, i=0, icg=0, dcg=0, l=0, total=0
      sink counts      : regular=32, enable_latch=0, load_capacitance=0, antenna=0, node_sink=0, total=32
      misc counts      : r=1, pp=0, mci=0
      cell areas       : b=0.000um^2, i=0.000um^2, icg=0.000um^2, dcg=0.000um^2, l=0.000um^2, total=0.000um^2
      hp wire lengths  : top=0.000um, trunk=0.000um, leaf=0.000um, total=0.000um
    No ideal or dont_touch nets found in the clock tree
    No dont_touch hnets found in the clock tree
    No dont_touch hpins found in the clock network.
    Checking for illegal sizes of clock logic instances...
    Checking for illegal sizes of clock logic instances done. (took cpu=0:00:00.0 real=0:00:00.0)
    Validating CTS configuration done. (took cpu=0:00:02.0 real=0:00:04.3)
    CCOpt configuration status: all checks passed.
  Reconstructing clock tree datastructures, skew aware done.
Initializing clock structures done.
PRO...
  PRO active optimizations:
   - DRV fixing with sizing
  
  Detected clock skew data from CTS
  ProEngine running partially connected to DB
  Clock tree timing engine global stage delay update for delay_corner_typical:both.late...
  Clock tree timing engine global stage delay update for delay_corner_typical:both.late done. (took cpu=0:00:00.0 real=0:00:00.0)
  Clock DAG stats PRO initial state:
    cell counts      : b=0, i=0, icg=0, dcg=0, l=0, total=0
    sink counts      : regular=32, enable_latch=0, load_capacitance=0, antenna=0, node_sink=0, total=32
    misc counts      : r=1, pp=0, mci=0
    cell areas       : b=0.000um^2, i=0.000um^2, icg=0.000um^2, dcg=0.000um^2, l=0.000um^2, total=0.000um^2
    cell capacitance : b=0.000fF, i=0.000fF, icg=0.000fF, dcg=0.000fF, l=0.000fF, total=0.000fF
    sink capacitance : total=17.251fF, avg=0.539fF, sd=0.004fF, min=0.523fF, max=0.557fF
    wire capacitance : top=0.000fF, trunk=0.000fF, leaf=25.354fF, total=25.354fF
    wire lengths     : top=0.000um, trunk=0.000um, leaf=96.456um, total=96.456um
    hp wire lengths  : top=0.000um, trunk=0.000um, leaf=0.000um, total=0.000um
  Clock DAG net violations PRO initial state: none
  Clock DAG primary half-corner transition distribution PRO initial state:
    Leaf : target=50.0ps count=1 avg=7.3ps sd=0.0ps min=7.3ps max=7.3ps {1 <= 30.0ps, 0 <= 40.0ps, 0 <= 45.0ps, 0 <= 47.5ps, 0 <= 50.0ps}
  Primary reporting skew groups PRO initial state:
  Skew group summary PRO initial state:
    skew_group CLK/constraint_typical: insertion delay [min=1.7, max=2.7, avg=2.5, sd=0.3, skn=-2.147, kur=3.879], skew [1.0 vs 25.8], 100% {1.7, 2.7} (wid=2.7 ws=1.0) (gid=0.0 gs=0.0)
  Recomputing CTS skew targets...
  Resolving skew group constraints...
    Solving LP: 1 skew groups; 2 fragments, 2 fraglets and 3 vertices; 12 variables and 27 constraints; tolerance 1
  Resolving skew group constraints done.
  Recomputing CTS skew targets done. (took cpu=0:00:00.0 real=0:00:00.0)
  PRO Fixing DRVs...
    Fixing clock tree DRVs: ...20% ...40% ...60% ...80% ...100% 
    CCOpt-PRO: considered: 1, tested: 1, violation detected: 0, violation ignored (due to small violation): 0, cannot run: 0, attempted: 0, unsuccessful: 0, sized: 0
    
    Statistics: Fix DRVs (cell sizing):
    ===================================
    
    Cell changes by Net Type:
    
    -------------------------------------------------------------------------------------------------
    Net Type    Attempted    Upsized     Downsized    Swapped Same Size    Total Changed    Not Sized
    -------------------------------------------------------------------------------------------------
    top                0            0           0            0                    0                0
    trunk              0            0           0            0                    0                0
    leaf               0            0           0            0                    0                0
    -------------------------------------------------------------------------------------------------
    Total              0            0           0            0                    0                0
    -------------------------------------------------------------------------------------------------
    
    Upsized: 0, Downsized: 0, Sized but same area: 0, Unchanged: 0, Area change: 0.000um^2
    Max. move: 0.000um, Min. move: 0.000um, Avg. move: N/A
    
    Clock DAG stats after 'PRO Fixing DRVs':
      cell counts      : b=0, i=0, icg=0, dcg=0, l=0, total=0
      sink counts      : regular=32, enable_latch=0, load_capacitance=0, antenna=0, node_sink=0, total=32
      misc counts      : r=1, pp=0, mci=0
      cell areas       : b=0.000um^2, i=0.000um^2, icg=0.000um^2, dcg=0.000um^2, l=0.000um^2, total=0.000um^2
      cell capacitance : b=0.000fF, i=0.000fF, icg=0.000fF, dcg=0.000fF, l=0.000fF, total=0.000fF
      sink capacitance : total=17.251fF, avg=0.539fF, sd=0.004fF, min=0.523fF, max=0.557fF
      wire capacitance : top=0.000fF, trunk=0.000fF, leaf=25.354fF, total=25.354fF
      wire lengths     : top=0.000um, trunk=0.000um, leaf=96.456um, total=96.456um
      hp wire lengths  : top=0.000um, trunk=0.000um, leaf=0.000um, total=0.000um
    Clock DAG net violations after 'PRO Fixing DRVs': none
    Clock DAG primary half-corner transition distribution after 'PRO Fixing DRVs':
      Leaf : target=50.0ps count=1 avg=7.3ps sd=0.0ps min=7.3ps max=7.3ps {1 <= 30.0ps, 0 <= 40.0ps, 0 <= 45.0ps, 0 <= 47.5ps, 0 <= 50.0ps}
    Primary reporting skew groups after 'PRO Fixing DRVs':
    Skew group summary after 'PRO Fixing DRVs':
      skew_group CLK/constraint_typical: insertion delay [min=1.7, max=2.7], skew [1.0 vs 25.8]
    Legalizer API calls during this step: 0 succeeded with high effort: 0 succeeded with medium effort: 0 succeeded with low effort: 0 succeeded with basic effort: 0 succeeded with basic unbounded effort: 0
  PRO Fixing DRVs done. (took cpu=0:00:00.0 real=0:00:00.0)
  Reconnecting optimized routes...
  Reconnecting optimized routes done. (took cpu=0:00:00.0 real=0:00:00.0)
  Clock tree timing engine global stage delay update for delay_corner_typical:both.late...
  Clock tree timing engine global stage delay update for delay_corner_typical:both.late done. (took cpu=0:00:00.0 real=0:00:00.0)
  Clock DAG stats PRO final:
    cell counts      : b=0, i=0, icg=0, dcg=0, l=0, total=0
    sink counts      : regular=32, enable_latch=0, load_capacitance=0, antenna=0, node_sink=0, total=32
    misc counts      : r=1, pp=0, mci=0
    cell areas       : b=0.000um^2, i=0.000um^2, icg=0.000um^2, dcg=0.000um^2, l=0.000um^2, total=0.000um^2
    cell capacitance : b=0.000fF, i=0.000fF, icg=0.000fF, dcg=0.000fF, l=0.000fF, total=0.000fF
    sink capacitance : total=17.251fF, avg=0.539fF, sd=0.004fF, min=0.523fF, max=0.557fF
    wire capacitance : top=0.000fF, trunk=0.000fF, leaf=25.354fF, total=25.354fF
    wire lengths     : top=0.000um, trunk=0.000um, leaf=96.456um, total=96.456um
    hp wire lengths  : top=0.000um, trunk=0.000um, leaf=0.000um, total=0.000um
  Clock DAG net violations PRO final: none
  Clock DAG primary half-corner transition distribution PRO final:
    Leaf : target=50.0ps count=1 avg=7.3ps sd=0.0ps min=7.3ps max=7.3ps {1 <= 30.0ps, 0 <= 40.0ps, 0 <= 45.0ps, 0 <= 47.5ps, 0 <= 50.0ps}
  Primary reporting skew groups PRO final:
  Skew group summary PRO final:
    skew_group CLK/constraint_typical: insertion delay [min=1.7, max=2.7, avg=2.5, sd=0.3, skn=-2.147, kur=3.879], skew [1.0 vs 25.8], 100% {1.7, 2.7} (wid=2.7 ws=1.0) (gid=0.0 gs=0.0)
PRO done.
Net route status summary:
  Clock:         1 (unrouted=0, trialRouted=0, noStatus=0, routed=1, fixed=0, [crossesIlmBoundary=0, tooFewTerms=0, (crossesIlmBoundary AND tooFewTerms=0)])
  Non-clock:   285 (unrouted=26, trialRouted=0, noStatus=0, routed=259, fixed=0, [crossesIlmBoundary=0, tooFewTerms=26, (crossesIlmBoundary AND tooFewTerms=0)])
Updating delays...
Updating delays done.
PRO done. (took cpu=0:00:02.1 real=0:00:04.5)
Leaving CCOpt scope - Cleaning up placement interface...
Leaving CCOpt scope - Cleaning up placement interface done. (took cpu=0:00:00.0 real=0:00:00.0)
*** ClockDrv #1 [finish] (optDesign #2) : cpu/real = 0:00:02.1/0:00:04.7 (0.5), totSession cpu/real = 0:13:57.1/0:28:30.8 (0.5), mem = 3120.5M
skipped the cell partition in DRV
<optDesign CMD> fixdrv  all VT Cells
Leakage Power Opt: re-selecting buf/inv list 
#InfoCS: Num dontuse cells 2, Num usable cells 847
optDesignOneStep: Power Flow
#InfoCS: Num dontuse cells 2, Num usable cells 847
**INFO: Start fixing DRV (Mem = 3120.46M) ...
Begin: GigaOpt DRV Optimization
Glitch fixing enabled
*** DrvOpt #1 [begin] (optDesign #2) : totSession cpu/real = 0:13:57.2/0:28:30.9 (0.5), mem = 3120.5M
Info: 1 clock net  excluded from IPO operation.
(I,S,L,T): view_typical: 10.5875, 5.28688, 0.00113955, 15.8755
(I,S,L) ClockInsts: view_typical: 0, 0, 0
**INFO: Extra DRV scale -- maxTran 0.97 maxCap 0.97 (high fanout net > 10: maxTran 0.97 maxCap 0.97) for over fixing
DRV pessimism of 2.00% is used for tran, 2.00% for cap, 2.00% for fanout, on top of margin 0.00%
**INFO: Disabling fanout fix in postRoute stage.
** INFO: Initializing Glitch Interface
+---------------------------------------------------------------------------------------------------------------------------------------------------------------------+
|        max-tran       |        max-cap        |  max-fanout |  max-length |    glitch   |       setup       |        |        |        |       |          |         |
+---------------------------------------------------------------------------------------------------------------------------------------------------------------------+
| nets | terms|  wViol  | nets | terms|  wViol  | nets | terms| nets | terms| nets | terms|   WNS   |   TNS   |  #Buf  |  #Inv  | #Resize|Density|   Real   |   Mem   |
+---------------------------------------------------------------------------------------------------------------------------------------------------------------------+
|     0|     0|     0.00|     0|     0|     0.00|     0|     0|     0|     0|     0|     0|    -0.37|    -7.75|       0|       0|       0| 95.15%|          |         |
|     0|     0|     0.00|     0|     0|     0.00|     0|     0|     0|     0|     0|     0|    -0.37|    -7.75|       0|       0|       0| 95.15%| 0:00:00.0|  3279.6M|
+---------------------------------------------------------------------------------------------------------------------------------------------------------------------+
Bottom Preferred Layer:
+-----------+------------+------------+----------+
|   Layer   |   OPT_LA   |    CLK     |   Rule   |
+-----------+------------+------------+----------+
| M2 (z=2)  |          0 |          1 | default  |
| M5 (z=5)  |          2 |          0 | default  |
| M8 (z=8)  |          1 |          0 | default  |
+-----------+------------+------------+----------+
Via Pillar Rule:
    None

*** Finish DRV Fixing (cpu=0:00:00.0 real=0:00:00.0 mem=3279.6M) ***

(I,S,L,T): view_typical: 10.5875, 5.28688, 0.00113955, 15.8755
(I,S,L) ClockInsts: view_typical: 0, 0, 0
*** DrvOpt #1 [finish] (optDesign #2) : cpu/real = 0:00:07.7/0:00:16.0 (0.5), totSession cpu/real = 0:14:04.9/0:28:46.9 (0.5), mem = 3199.6M
drv optimizer changes nothing and skips refinePlace
End: GigaOpt DRV Optimization
**optDesign ... cpu = 0:01:18, real = 0:03:22, mem = 2970.7M, totSessionCpu=0:14:05 **
*info:
**INFO: Completed fixing DRV (CPU Time = 0:00:08, Mem = 3199.61M).
Leakage Power Opt: resetting the buf/inv selection
** INFO: Initializing Glitch Interface

------------------------------------------------------------------
     SI Timing Summary (cpu=0.13min real=0.27min mem=3199.6M)
------------------------------------------------------------------

Setup views included:
 view_typical 

+--------------------+---------+---------+---------+
|     Setup mode     |   all   | reg2reg | default |
+--------------------+---------+---------+---------+
|           WNS (ns):| -0.372  |   N/A   | -0.372  |
|           TNS (ns):| -7.753  |   N/A   | -7.753  |
|    Violating Paths:|   32    |   N/A   |   32    |
|          All Paths:|   32    |   N/A   |   32    |
+--------------------+---------+---------+---------+

+----------------+-------------------------------+------------------+
|                |              Real             |       Total      |
|    DRVs        +------------------+------------+------------------|
|                |  Nr nets(terms)  | Worst Vio  |  Nr nets(terms)  |
+----------------+------------------+------------+------------------+
|   max_cap      |      0 (0)       |   0.000    |      0 (0)       |
|   max_tran     |      0 (0)       |   0.000    |      0 (0)       |
|   max_fanout   |      0 (0)       |     0      |      0 (0)       |
|   max_length   |      0 (0)       |     0      |      0 (0)       |
+----------------+------------------+------------+------------------+

Density: 95.146%
------------------------------------------------------------------
**optDesign ... cpu = 0:01:18, real = 0:03:22, mem = 2970.8M, totSessionCpu=0:14:05 **
** INFO: Initializing Glitch Interface
*** Timing NOT met, worst failing slack is -0.372
*** Check timing (0:00:00.0)
#InfoCS: Num dontuse cells 2, Num usable cells 847
optDesignOneStep: Power Flow
#InfoCS: Num dontuse cells 2, Num usable cells 847
Begin: GigaOpt Optimization in WNS mode
Info: 1 clock net  excluded from IPO operation.
*** WnsOpt #1 [begin] (optDesign #2) : totSession cpu/real = 0:14:05.0/0:28:47.2 (0.5), mem = 3257.9M
(I,S,L,T): view_typical: 10.5875, 5.28688, 0.00113955, 15.8755
(I,S,L) ClockInsts: view_typical: 0, 0, 0
*info: 1 clock net excluded
Info: total 24 nets with RC integrity issues will be excluded from IPO operation.
** GigaOpt Optimizer WNS Slack -0.372 TNS Slack -7.753 Density 95.15
OptDebug: Start of Optimizer WNS Pass 0:
+----------+------+------+
|Path Group|   WNS|   TNS|
+----------+------+------+
|default   |-0.372|-7.753|
|reg2reg   | 0.000| 0.000|
|HEPG      | 0.000| 0.000|
|All Paths |-0.372|-7.753|
+----------+------+------+

Active Path Group: default 
+--------+---------+--------+---------+---------+------------+--------+------------+---------+--------------+
|  WNS   | All WNS |  TNS   | All TNS | Density |    Real    |  Mem   | Worst View |Pathgroup|  End Point   |
+--------+---------+--------+---------+---------+------------+--------+------------+---------+--------------+
|  -0.372|   -0.372|  -7.753|   -7.753|   95.15%|   0:00:00.0| 3287.0M|view_typical|  default| oS_reg[31]/D |
|  -0.372|   -0.372|  -7.753|   -7.753|   95.15%|   0:00:01.0| 3318.6M|view_typical|  default| oS_reg[31]/D |
+--------+---------+--------+---------+---------+------------+--------+------------+---------+--------------+

*** Finish Core Optimize Step (cpu=0:00:00.2 real=0:00:01.0 mem=3318.6M) ***

*** Finished Optimize Step Cumulative (cpu=0:00:00.2 real=0:00:01.0 mem=3318.6M) ***
OptDebug: End of Optimizer WNS Pass 0:
+----------+------+------+
|Path Group|   WNS|   TNS|
+----------+------+------+
|default   |-0.372|-7.753|
|reg2reg   | 0.000| 0.000|
|HEPG      | 0.000| 0.000|
|All Paths |-0.372|-7.753|
+----------+------+------+

** GigaOpt Optimizer WNS Slack -0.372 TNS Slack -7.753 Density 95.15
Update Timing Windows (Threshold 0.010) ...
Re Calculate Delays on 0 Nets
OptDebug: End of Setup Fixing:
+----------+------+------+
|Path Group|   WNS|   TNS|
+----------+------+------+
|default   |-0.372|-7.753|
|reg2reg   | 0.000| 0.000|
|HEPG      | 0.000| 0.000|
|All Paths |-0.372|-7.753|
+----------+------+------+

Bottom Preferred Layer:
+-----------+------------+------------+----------+
|   Layer   |   OPT_LA   |    CLK     |   Rule   |
+-----------+------------+------------+----------+
| M2 (z=2)  |          0 |          1 | default  |
| M5 (z=5)  |          2 |          0 | default  |
| M8 (z=8)  |          1 |          0 | default  |
+-----------+------------+------------+----------+
Via Pillar Rule:
    None

*** Finish Post Route Setup Fixing (cpu=0:00:01.6 real=0:00:04.0 mem=3318.6M) ***
(I,S,L,T): view_typical: 10.5875, 5.28688, 0.00113955, 15.8755
(I,S,L) ClockInsts: view_typical: 0, 0, 0
*** WnsOpt #1 [finish] (optDesign #2) : cpu/real = 0:00:17.2/0:00:36.6 (0.5), totSession cpu/real = 0:14:22.2/0:29:23.9 (0.5), mem = 3227.6M
**INFO: Skipping refine place as no non-legal commits were detected
End: GigaOpt Optimization in WNS mode
Skipping post route harden opt
#InfoCS: Num dontuse cells 2, Num usable cells 847
optDesignOneStep: Power Flow
#InfoCS: Num dontuse cells 2, Num usable cells 847
Begin: GigaOpt Optimization in TNS mode
Info: 1 clock net  excluded from IPO operation.
*** TnsOpt #1 [begin] (optDesign #2) : totSession cpu/real = 0:14:22.2/0:29:23.9 (0.5), mem = 3227.6M
(I,S,L,T): view_typical: 10.5875, 5.28688, 0.00113955, 15.8755
(I,S,L) ClockInsts: view_typical: 0, 0, 0
*info: 1 clock net excluded
** GigaOpt Optimizer WNS Slack -0.372 TNS Slack -7.753 Density 95.15
OptDebug: Start of Optimizer TNS Pass:
+----------+------+------+
|Path Group|   WNS|   TNS|
+----------+------+------+
|default   |-0.372|-7.753|
|reg2reg   | 0.000| 0.000|
|HEPG      | 0.000| 0.000|
|All Paths |-0.372|-7.753|
+----------+------+------+

Active Path Group: default 
+--------+---------+--------+---------+---------+------------+--------+------------+---------+--------------+
|  WNS   | All WNS |  TNS   | All TNS | Density |    Real    |  Mem   | Worst View |Pathgroup|  End Point   |
+--------+---------+--------+---------+---------+------------+--------+------------+---------+--------------+
|  -0.372|   -0.372|  -7.753|   -7.753|   95.15%|   0:00:00.0| 3287.8M|view_typical|  default| oS_reg[31]/D |
|  -0.372|   -0.372|  -7.753|   -7.753|   95.15%|   0:00:01.0| 3315.9M|view_typical|  default| oS_reg[22]/D |
|  -0.372|   -0.372|  -7.753|   -7.753|   95.15%|   0:00:00.0| 3320.4M|view_typical|  default| oS_reg[15]/D |
|  -0.372|   -0.372|  -7.753|   -7.753|   95.15%|   0:00:00.0| 3320.4M|view_typical|  default| oS_reg[9]/D  |
|  -0.372|   -0.372|  -7.753|   -7.753|   95.15%|   0:00:00.0| 3320.4M|view_typical|  default| oS_reg[3]/D  |
|  -0.372|   -0.372|  -7.753|   -7.753|   95.15%|   0:00:00.0| 3320.4M|view_typical|  default| oS_reg[31]/D |
+--------+---------+--------+---------+---------+------------+--------+------------+---------+--------------+

*** Finish Core Optimize Step (cpu=0:00:00.4 real=0:00:01.0 mem=3320.4M) ***

*** Finished Optimize Step Cumulative (cpu=0:00:00.4 real=0:00:01.0 mem=3320.4M) ***
OptDebug: End of Optimizer TNS Pass:
+----------+------+------+
|Path Group|   WNS|   TNS|
+----------+------+------+
|default   |-0.372|-7.753|
|reg2reg   | 0.000| 0.000|
|HEPG      | 0.000| 0.000|
|All Paths |-0.372|-7.753|
+----------+------+------+

Update Timing Windows (Threshold 0.010) ...
Re Calculate Delays on 0 Nets
OptDebug: End of Setup Fixing:
+----------+------+------+
|Path Group|   WNS|   TNS|
+----------+------+------+
|default   |-0.372|-7.753|
|reg2reg   | 0.000| 0.000|
|HEPG      | 0.000| 0.000|
|All Paths |-0.372|-7.753|
+----------+------+------+

Bottom Preferred Layer:
+-----------+------------+------------+----------+
|   Layer   |   OPT_LA   |    CLK     |   Rule   |
+-----------+------------+------------+----------+
| M2 (z=2)  |          0 |          1 | default  |
| M5 (z=5)  |          2 |          0 | default  |
| M8 (z=8)  |          1 |          0 | default  |
+-----------+------------+------------+----------+
Via Pillar Rule:
    None

*** Finish Post Route Setup Fixing (cpu=0:00:01.7 real=0:00:04.0 mem=3320.4M) ***
(I,S,L,T): view_typical: 10.5875, 5.28688, 0.00113955, 15.8755
(I,S,L) ClockInsts: view_typical: 0, 0, 0
*** TnsOpt #1 [finish] (optDesign #2) : cpu/real = 0:00:17.3/0:00:21.2 (0.8), totSession cpu/real = 0:14:39.5/0:29:45.1 (0.5), mem = 3227.4M
**INFO: Skipping refine place as no non-legal commits were detected
End: GigaOpt Optimization in TNS mode
**INFO: flowCheckPoint #3 OptimizationPower
**optDesign ... cpu = 0:01:52, real = 0:04:20, mem = 2988.6M, totSessionCpu=0:14:40 **
** INFO: Initializing Glitch Interface

------------------------------------------------------------------
        Before Power Reclaim
------------------------------------------------------------------

Setup views included:
 view_typical 

+--------------------+---------+---------+---------+
|     Setup mode     |   all   | reg2reg | default |
+--------------------+---------+---------+---------+
|           WNS (ns):| -0.372  |   N/A   | -0.372  |
|           TNS (ns):| -7.753  |   N/A   | -7.753  |
|    Violating Paths:|   32    |   N/A   |   32    |
|          All Paths:|   32    |   N/A   |   32    |
+--------------------+---------+---------+---------+

+----------------+-------------------------------+------------------+
|                |              Real             |       Total      |
|    DRVs        +------------------+------------+------------------|
|                |  Nr nets(terms)  | Worst Vio  |  Nr nets(terms)  |
+----------------+------------------+------------+------------------+
|   max_cap      |      0 (0)       |   0.000    |      0 (0)       |
|   max_tran     |      0 (0)       |   0.000    |      0 (0)       |
|   max_fanout   |      0 (0)       |     0      |      0 (0)       |
|   max_length   |      0 (0)       |     0      |      0 (0)       |
+----------------+------------------+------------+------------------+

Density: 95.146%
------------------------------------------------------------------
Info: 1 clock net  excluded from IPO operation.

Begin: Power Optimization
env CDS_WORKAREA is set to /data/tkvm2/Asap7design/asap7_design
Using Power View: view_typical.

Begin Power Analysis

             0V	    VSS
          0.77V	    VDD
Begin Processing Timing Library for Power Calculation

Ended Processing Timing Library for Power Calculation: (cpu=0:00:00, real=0:00:00, mem(process/total/peak)=2988.81MB/5341.07MB/2991.68MB)



Begin Processing Power Net/Grid for Power Calculation

Ended Processing Power Net/Grid for Power Calculation: (cpu=0:00:00, real=0:00:00, mem(process/total/peak)=2988.81MB/5341.07MB/2991.68MB)

Begin Processing Timing Window Data for Power Calculation

Ended Processing Timing Window Data for Power Calculation: (cpu=0:00:00, real=0:00:00, mem(process/total/peak)=2988.81MB/5341.07MB/2991.68MB)

Begin Processing User Attributes

Ended Processing User Attributes: (cpu=0:00:00, real=0:00:00, mem(process/total/peak)=2988.81MB/5341.07MB/2991.68MB)

Begin Processing Signal Activity


Starting Levelizing
2026-Apr-04 15:42:52 (2026-Apr-04 08:42:52 GMT)
2026-Apr-04 15:42:52 (2026-Apr-04 08:42:52 GMT): 10%
2026-Apr-04 15:42:52 (2026-Apr-04 08:42:52 GMT): 20%
2026-Apr-04 15:42:52 (2026-Apr-04 08:42:52 GMT): 30%
2026-Apr-04 15:42:52 (2026-Apr-04 08:42:52 GMT): 40%
2026-Apr-04 15:42:52 (2026-Apr-04 08:42:52 GMT): 50%
2026-Apr-04 15:42:52 (2026-Apr-04 08:42:52 GMT): 60%
2026-Apr-04 15:42:52 (2026-Apr-04 08:42:52 GMT): 70%
2026-Apr-04 15:42:52 (2026-Apr-04 08:42:52 GMT): 80%
2026-Apr-04 15:42:52 (2026-Apr-04 08:42:52 GMT): 90%

Finished Levelizing
2026-Apr-04 15:42:52 (2026-Apr-04 08:42:52 GMT)

Starting Activity Propagation
2026-Apr-04 15:42:52 (2026-Apr-04 08:42:52 GMT)
2026-Apr-04 15:42:52 (2026-Apr-04 08:42:52 GMT): 10%
2026-Apr-04 15:42:52 (2026-Apr-04 08:42:52 GMT): 20%
2026-Apr-04 15:42:52 (2026-Apr-04 08:42:52 GMT): 30%

Finished Activity Propagation
2026-Apr-04 15:42:52 (2026-Apr-04 08:42:52 GMT)
Ended Processing Signal Activity: (cpu=0:00:00, real=0:00:00, mem(process/total/peak)=2988.81MB/5341.07MB/2991.68MB)

Begin Power Computation

      ----------------------------------------------------------
      # of cell(s) missing both power/leakage table: 0
      # of cell(s) missing power table: 0
      # of cell(s) missing leakage table: 0
      ----------------------------------------------------------



Starting Calculating power
2026-Apr-04 15:42:52 (2026-Apr-04 08:42:52 GMT)
 ... Calculating switching power
2026-Apr-04 15:42:52 (2026-Apr-04 08:42:52 GMT): 10%
2026-Apr-04 15:42:52 (2026-Apr-04 08:42:52 GMT): 20%
2026-Apr-04 15:42:52 (2026-Apr-04 08:42:52 GMT): 30%
2026-Apr-04 15:42:52 (2026-Apr-04 08:42:52 GMT): 40%
2026-Apr-04 15:42:52 (2026-Apr-04 08:42:52 GMT): 50%
 ... Calculating internal and leakage power
2026-Apr-04 15:42:52 (2026-Apr-04 08:42:52 GMT): 60%
2026-Apr-04 15:42:53 (2026-Apr-04 08:42:53 GMT): 70%
2026-Apr-04 15:42:53 (2026-Apr-04 08:42:53 GMT): 80%
2026-Apr-04 15:42:53 (2026-Apr-04 08:42:53 GMT): 90%

Finished Calculating power
2026-Apr-04 15:42:53 (2026-Apr-04 08:42:53 GMT)
      # of MSMV cell(s) missing power_level: 0
Ended Power Computation: (cpu=0:00:00, real=0:00:00, mem(process/total/peak)=2989.33MB/5341.07MB/2991.68MB)

Begin Processing User Attributes

Begin Processing set_power
Ended Processing set_power: (cpu=0:00:00, real=0:00:00,
mem(process/total/peak)=2989.33MB/5341.07MB/2991.68MB)
Ended Processing User Attributes: (cpu=0:00:00, real=0:00:00, mem(process/total/peak)=2989.33MB/5341.07MB/2991.68MB)

Ended Power Analysis: (cpu=0:00:00, real=0:00:00, mem(process/total/peak)=2989.33MB/5341.07MB/2991.68MB)

Begin Boundary Leakage Calculation
Ended Boundary Leakage Calculation: (cpu=0:00:00, real=0:00:00,
mem(process/total/peak)=2989.33MB/5341.07MB/2991.68MB)
Begin Static Power Report Generation
*----------------------------------------------------------------------------------------
*	Innovus 22.17-s086_1 (64bit) 09/24/2024 10:51 (Linux 3.10.0-693.el7.x86_64)
*	
*
* 	Date & Time:	2026-Apr-04 15:42:53 (2026-Apr-04 08:42:53 GMT)
*
*----------------------------------------------------------------------------------------
*
*	Design: Adder32
*
*	Parasitic Files used:
*
*	Power Units = 1mW
*
*	Time Units = 1e-12 secs
*
*       report_power
*
-----------------------------------------------------------------------------------------
*



Total Power
-----------------------------------------------------------------------------------------
Total Internal Power:       10.36328546 	   66.2134%
Total Switching Power:       5.28688174 	   33.7791%
Total Leakage Power:         0.00116792 	    0.0075%
Total Power:                15.65133512
-----------------------------------------------------------------------------------------


Group                           Internal   Switching     Leakage       Total  Percentage 
                                Power      Power         Power         Power  (%)        
-----------------------------------------------------------------------------------------
Sequential                         7.127      0.9659   0.0001087       8.092        51.7
Macro                                  0           0           0           0           0
IO                                     0           0           0           0           0
Combinational                      3.237       4.321    0.001059       7.559        48.3
Clock (Combinational)                  0           0           0           0           0
Clock (Sequential)                     0           0           0           0           0
-----------------------------------------------------------------------------------------
Total                              10.36       5.287    0.001168       15.65         100
-----------------------------------------------------------------------------------------


Rail                  Voltage   Internal   Switching     Leakage       Total  Percentage 
                                Power      Power         Power         Power  (%)        
-----------------------------------------------------------------------------------------
VDD                      0.77      10.36       5.287    0.001168       15.65         100
 
 
-----------------------------------------------------------------------------------------
*	Power Distribution Summary: 
*              Highest Average Power:                oS_reg[30] (DFFHQx4_ASAP7_75t_SL):           0.3106
*              Highest Leakage Power:                oS_reg[30] (DFFHQx4_ASAP7_75t_SL):        3.094e-05
*                Total Cap:      5.61569e-13 F
*                Total instances in design:   195
*                Total instances in design with no power:     0
*                Total instances in design with no activty:     0

*                Total Fillers and Decap:     0
-----------------------------------------------------------------------------------------
 
** INFO:  (VOLTUS_POWR-3465): There are 0 decaps and 0 fillers in the design

Ended Static Power Report Generation: (cpu=0:00:00, real=0:00:00,
mem(process/total/peak)=2989.33MB/5341.07MB/2991.68MB)

OptDebug: Start of Power Reclaim:
+----------+------+------+
|Path Group|   WNS|   TNS|
+----------+------+------+
|default   |-0.372|-7.753|
|reg2reg   | 0.000| 0.000|
|HEPG      | 0.000| 0.000|
|All Paths |-0.372|-7.753|
+----------+------+------+

Begin: Core Power Optimization
*** PowerOpt #1 [begin] (optDesign #2) : totSession cpu/real = 0:14:39.7/0:29:45.9 (0.5), mem = 3295.6M
(I,S,L,T): view_typical: 10.5875, 5.28688, 0.00113955, 15.8755
(I,S,L) ClockInsts: view_typical: 0, 0, 0
** INFO: Initializing Glitch Interface
Reclaim Optimization WNS Slack -0.372  TNS Slack -7.753 Density 95.15
+---------+---------+--------+--------+------------+--------+
| Density | Commits |  WNS   |  TNS   |    Real    |  Mem   |
+---------+---------+--------+--------+------------+--------+
|   95.15%|        -|  -0.372|  -7.753|   0:00:00.0| 3295.6M|
|   95.15%|       12|  -0.372|  -7.754|   0:00:03.0| 3314.7M|
|   95.15%|       12|  -0.372|  -7.754|   0:00:01.0| 3314.7M|
+---------+---------+--------+--------+------------+--------+
Reclaim Optimization End WNS Slack -0.372  TNS Slack -7.754 Density 95.15
Bottom Preferred Layer:
+-----------+------------+------------+----------+
|   Layer   |   OPT_LA   |    CLK     |   Rule   |
+-----------+------------+------------+----------+
| M2 (z=2)  |          0 |          1 | default  |
| M5 (z=5)  |          2 |          0 | default  |
| M8 (z=8)  |          1 |          0 | default  |
+-----------+------------+------------+----------+
Via Pillar Rule:
    None

Number of insts committed for which the initial cell was dont use = 0

Number of times islegalLocAvaiable called = 24 skipped = 0, called in commitmove = 24, skipped in commitmove = 0
Info : Out of 132 seq cells, 0 cells are internal dont use, and 0 cells are db dont use.
End: Core Power Optimization (cpu = 0:00:02.6) (real = 0:00:06.0) **
(I,S,L,T): view_typical: 10.5875, 5.28688, 0.00113955, 15.8755
(I,S,L) ClockInsts: view_typical: 0, 0, 0
*** PowerOpt #1 [finish] (optDesign #2) : cpu/real = 0:00:02.6/0:00:05.7 (0.5), totSession cpu/real = 0:14:42.3/0:29:51.6 (0.5), mem = 3314.7M
**INFO: Skipping refine place as no non-legal commits were detected
Running postRoute recovery in powerReclaim mode
**optDesign ... cpu = 0:01:55, real = 0:04:27, mem = 2999.1M, totSessionCpu=0:14:42 **
** INFO: Initializing Glitch Interface
Checking setup slack degradation ...
Checking DRV degradation...
**INFO: Skipping DRV recovery as drv did not degrade beyond margin
Finish postRoute recovery in powerReclaim mode (cpu=0:00:00, real=0:00:00, mem=3314.67M, totSessionCpu=0:14:42).
**optDesign ... cpu = 0:01:55, real = 0:04:27, mem = 2999.1M, totSessionCpu=0:14:42 **

env CDS_WORKAREA is set to /data/tkvm2/Asap7design/asap7_design
Using Power View: view_typical.

Begin Power Analysis

             0V	    VSS
          0.77V	    VDD
Begin Processing Timing Library for Power Calculation

Ended Processing Timing Library for Power Calculation: (cpu=0:00:00, real=0:00:00, mem(process/total/peak)=2999.14MB/5360.15MB/2999.14MB)



Begin Processing Power Net/Grid for Power Calculation

Ended Processing Power Net/Grid for Power Calculation: (cpu=0:00:00, real=0:00:00, mem(process/total/peak)=2999.14MB/5360.15MB/2999.14MB)

Begin Processing Timing Window Data for Power Calculation

Ended Processing Timing Window Data for Power Calculation: (cpu=0:00:00, real=0:00:00, mem(process/total/peak)=2999.14MB/5360.15MB/2999.14MB)

Begin Processing User Attributes

Ended Processing User Attributes: (cpu=0:00:00, real=0:00:00, mem(process/total/peak)=2999.14MB/5360.15MB/2999.14MB)

Begin Processing Signal Activity


Starting Levelizing
2026-Apr-04 15:42:59 (2026-Apr-04 08:42:59 GMT)
2026-Apr-04 15:42:59 (2026-Apr-04 08:42:59 GMT): 10%
2026-Apr-04 15:42:59 (2026-Apr-04 08:42:59 GMT): 20%
2026-Apr-04 15:42:59 (2026-Apr-04 08:42:59 GMT): 30%
2026-Apr-04 15:42:59 (2026-Apr-04 08:42:59 GMT): 40%
2026-Apr-04 15:42:59 (2026-Apr-04 08:42:59 GMT): 50%
2026-Apr-04 15:42:59 (2026-Apr-04 08:42:59 GMT): 60%
2026-Apr-04 15:42:59 (2026-Apr-04 08:42:59 GMT): 70%
2026-Apr-04 15:42:59 (2026-Apr-04 08:42:59 GMT): 80%
2026-Apr-04 15:42:59 (2026-Apr-04 08:42:59 GMT): 90%

Finished Levelizing
2026-Apr-04 15:42:59 (2026-Apr-04 08:42:59 GMT)

Starting Activity Propagation
2026-Apr-04 15:42:59 (2026-Apr-04 08:42:59 GMT)
2026-Apr-04 15:42:59 (2026-Apr-04 08:42:59 GMT): 10%
2026-Apr-04 15:42:59 (2026-Apr-04 08:42:59 GMT): 20%
2026-Apr-04 15:42:59 (2026-Apr-04 08:42:59 GMT): 30%

Finished Activity Propagation
2026-Apr-04 15:42:59 (2026-Apr-04 08:42:59 GMT)
Ended Processing Signal Activity: (cpu=0:00:00, real=0:00:00, mem(process/total/peak)=2999.14MB/5360.15MB/2999.14MB)

Begin Power Computation

      ----------------------------------------------------------
      # of cell(s) missing both power/leakage table: 0
      # of cell(s) missing power table: 0
      # of cell(s) missing leakage table: 0
      ----------------------------------------------------------



Starting Calculating power
2026-Apr-04 15:42:59 (2026-Apr-04 08:42:59 GMT)
 ... Calculating switching power
2026-Apr-04 15:42:59 (2026-Apr-04 08:42:59 GMT): 10%
2026-Apr-04 15:42:59 (2026-Apr-04 08:42:59 GMT): 20%
2026-Apr-04 15:42:59 (2026-Apr-04 08:42:59 GMT): 30%
2026-Apr-04 15:42:59 (2026-Apr-04 08:42:59 GMT): 40%
2026-Apr-04 15:42:59 (2026-Apr-04 08:42:59 GMT): 50%
 ... Calculating internal and leakage power
2026-Apr-04 15:42:59 (2026-Apr-04 08:42:59 GMT): 60%
2026-Apr-04 15:42:59 (2026-Apr-04 08:42:59 GMT): 70%
2026-Apr-04 15:42:59 (2026-Apr-04 08:42:59 GMT): 80%
2026-Apr-04 15:42:59 (2026-Apr-04 08:42:59 GMT): 90%

Finished Calculating power
2026-Apr-04 15:42:59 (2026-Apr-04 08:42:59 GMT)
      # of MSMV cell(s) missing power_level: 0
Ended Power Computation: (cpu=0:00:00, real=0:00:00, mem(process/total/peak)=2999.14MB/5360.15MB/2999.14MB)

Begin Processing User Attributes

Begin Processing set_power
Ended Processing set_power: (cpu=0:00:00, real=0:00:00,
mem(process/total/peak)=2999.14MB/5360.15MB/2999.14MB)
Ended Processing User Attributes: (cpu=0:00:00, real=0:00:00, mem(process/total/peak)=2999.14MB/5360.15MB/2999.14MB)

Ended Power Analysis: (cpu=0:00:00, real=0:00:00, mem(process/total/peak)=2999.14MB/5360.15MB/2999.14MB)

Begin Boundary Leakage Calculation
Ended Boundary Leakage Calculation: (cpu=0:00:00, real=0:00:00,
mem(process/total/peak)=2999.14MB/5360.15MB/2999.14MB)
Begin Static Power Report Generation
*----------------------------------------------------------------------------------------
*	Innovus 22.17-s086_1 (64bit) 09/24/2024 10:51 (Linux 3.10.0-693.el7.x86_64)
*	
*
* 	Date & Time:	2026-Apr-04 15:42:59 (2026-Apr-04 08:42:59 GMT)
*
*----------------------------------------------------------------------------------------
*
*	Design: Adder32
*
*	Parasitic Files used:
*
*	Power Units = 1mW
*
*	Time Units = 1e-12 secs
*
*       report_power
*
-----------------------------------------------------------------------------------------
*



Total Power
-----------------------------------------------------------------------------------------
Total Internal Power:       10.36328546 	   66.2134%
Total Switching Power:       5.28688174 	   33.7791%
Total Leakage Power:         0.00116792 	    0.0075%
Total Power:                15.65133512
-----------------------------------------------------------------------------------------


Group                           Internal   Switching     Leakage       Total  Percentage 
                                Power      Power         Power         Power  (%)        
-----------------------------------------------------------------------------------------
Sequential                         7.127      0.9659   0.0001087       8.092        51.7
Macro                                  0           0           0           0           0
IO                                     0           0           0           0           0
Combinational                      3.237       4.321    0.001059       7.559        48.3
Clock (Combinational)                  0           0           0           0           0
Clock (Sequential)                     0           0           0           0           0
-----------------------------------------------------------------------------------------
Total                              10.36       5.287    0.001168       15.65         100
-----------------------------------------------------------------------------------------


Rail                  Voltage   Internal   Switching     Leakage       Total  Percentage 
                                Power      Power         Power         Power  (%)        
-----------------------------------------------------------------------------------------
VDD                      0.77      10.36       5.287    0.001168       15.65         100
 
 
-----------------------------------------------------------------------------------------
*	Power Distribution Summary: 
*              Highest Average Power:                oS_reg[30] (DFFHQx4_ASAP7_75t_SL):           0.3106
*              Highest Leakage Power:                oS_reg[30] (DFFHQx4_ASAP7_75t_SL):        3.094e-05
*                Total Cap:      5.61569e-13 F
*                Total instances in design:   195
*                Total instances in design with no power:     0
*                Total instances in design with no activty:     0

*                Total Fillers and Decap:     0
-----------------------------------------------------------------------------------------
 
** INFO:  (VOLTUS_POWR-3465): There are 0 decaps and 0 fillers in the design

Ended Static Power Report Generation: (cpu=0:00:00, real=0:00:00,
mem(process/total/peak)=2999.14MB/5360.15MB/2999.14MB)

OptDebug: End of Power Reclaim:
+----------+------+------+
|Path Group|   WNS|   TNS|
+----------+------+------+
|default   |-0.372|-7.754|
|reg2reg   | 0.000| 0.000|
|HEPG      | 0.000| 0.000|
|All Paths |-0.372|-7.754|
+----------+------+------+

End: Power Optimization (cpu=0:00:03, real=0:00:06, mem=3231.67M, totSessionCpu=0:14:42).
**optDesign ... cpu = 0:01:55, real = 0:04:27, mem = 2994.5M, totSessionCpu=0:14:42 **
** INFO: Initializing Glitch Interface
**INFO: flowCheckPoint #4 OptimizationHold
**ERROR: (IMPOPT-310):	Design density (95.15%) exceeds/equals limit (95.00%).
GigaOpt Hold Optimizer is used
<optDesign CMD> fixhold  no -lvt -mvt Cells
#InfoCS: Num dontuse cells 353, Num usable cells 496
optDesignOneStep: Power Flow
#InfoCS: Num dontuse cells 353, Num usable cells 496
Starting initialization (fixHold) cpu=0:00:00.0 real=0:00:00.0 totSessionCpu=0:14:44 mem=3289.8M ***
*** BuildHoldData #2 [begin] (optDesign #2) : totSession cpu/real = 0:14:43.8/0:29:54.9 (0.5), mem = 3289.8M
Saving timing graph ...
Done save timing graph
Latch borrow mode reset to max_borrow
OPTC: user 20.0
Starting delay calculation for Hold views
AAE_INFO: opIsDesignInPostRouteState() is 1
AAE_INFO: resetNetProps viewIdx 0 
Starting SI iteration 1 using Infinite Timing Windows
#################################################################################
# Design Stage: PostRoute
# Design Name: Adder32
# Design Mode: 90nm
# Analysis Mode: MMMC OCV 
# Parasitics Mode: SPEF/RCDB 
# Signoff Settings: SI On 
#################################################################################
AAE_INFO: 1 threads acquired from CTE.
Start delay calculation (fullDC) (1 T). (MEM=3292.62)
Total number of fetched objects 284
AAE_INFO-618: Total number of nets in the design is 286,  100.0 percent of the nets selected for SI analysis
End delay calculation. (MEM=3288.23 CPU=0:00:00.1 REAL=0:00:00.0)
End delay calculation (fullDC). (MEM=3288.23 CPU=0:00:00.1 REAL=0:00:00.0)
Loading CTE timing window with TwFlowType 0...(CPU = 0:00:00.0, REAL = 0:00:00.0, MEM = 3288.2M)
Add other clocks and setupCteToAAEClockMapping during iter 1
Loading CTE timing window is completed (CPU = 0:00:00.0, REAL = 0:00:00.0, MEM = 3288.2M)

Executing IPO callback for view pruning ..

Active hold views:
 view_typical
  Dominating endpoints: 0
  Dominating TNS: -0.000

Starting SI iteration 2
Start delay calculation (fullDC) (1 T). (MEM=3220.35)
Glitch Analysis: View view_typical -- Total Number of Nets Skipped = 10. 
Glitch Analysis: View view_typical -- Total Number of Nets Analyzed = 284. 
Total number of fetched objects 284
AAE_INFO-618: Total number of nets in the design is 286,  37.4 percent of the nets selected for SI analysis
End delay calculation. (MEM=3259.02 CPU=0:00:00.1 REAL=0:00:00.0)
End delay calculation (fullDC). (MEM=3259.02 CPU=0:00:00.1 REAL=0:00:00.0)
*** Done Building Timing Graph (cpu=0:00:00.9 real=0:00:02.0 totSessionCpu=0:14:45 mem=3259.0M)
Done building cte hold timing graph (fixHold) cpu=0:00:01.2 real=0:00:02.0 totSessionCpu=0:14:45 mem=3259.0M ***
OPTC: user 20.0
Done building hold timer [701 node(s), 1082 edge(s), 1 view(s)] (fixHold) cpu=0:00:01.2 real=0:00:03.0 totSessionCpu=0:14:45 mem=3294.1M ***
Restoring timing graph ...
AAE_INFO: Resetting and re-constructing cache for AAE clocks ...
Done restore timing graph
Done building cte setup timing graph (fixHold) cpu=0:00:01.8 real=0:00:04.0 totSessionCpu=0:14:46 mem=3287.3M ***
OPTC: m4 20.0 20.0 [ 0.5 20.0 50.0 ]
OPTC: view 20.0:0.5 [ 0.0500 ]
Setting latch borrow mode to budget during optimization.

Starting Levelizing
2026-Apr-04 15:43:06 (2026-Apr-04 08:43:06 GMT)
2026-Apr-04 15:43:06 (2026-Apr-04 08:43:06 GMT): 10%
2026-Apr-04 15:43:06 (2026-Apr-04 08:43:06 GMT): 20%
2026-Apr-04 15:43:06 (2026-Apr-04 08:43:06 GMT): 30%
2026-Apr-04 15:43:06 (2026-Apr-04 08:43:06 GMT): 40%
2026-Apr-04 15:43:06 (2026-Apr-04 08:43:06 GMT): 50%
2026-Apr-04 15:43:06 (2026-Apr-04 08:43:06 GMT): 60%
2026-Apr-04 15:43:06 (2026-Apr-04 08:43:06 GMT): 70%
2026-Apr-04 15:43:06 (2026-Apr-04 08:43:06 GMT): 80%
2026-Apr-04 15:43:06 (2026-Apr-04 08:43:06 GMT): 90%

Finished Levelizing
2026-Apr-04 15:43:06 (2026-Apr-04 08:43:06 GMT)

Starting Activity Propagation
2026-Apr-04 15:43:06 (2026-Apr-04 08:43:06 GMT)
2026-Apr-04 15:43:06 (2026-Apr-04 08:43:06 GMT): 10%
2026-Apr-04 15:43:06 (2026-Apr-04 08:43:06 GMT): 20%
2026-Apr-04 15:43:06 (2026-Apr-04 08:43:06 GMT): 30%

Finished Activity Propagation
2026-Apr-04 15:43:06 (2026-Apr-04 08:43:06 GMT)

*Info: minBufDelay = 11.4 ps, libStdDelay = 6.1 ps, minBufSize = 14929920 (4.0)
*Info: worst delay setup view: view_typical
** INFO: Initializing Glitch Interface

------------------------------------------------------------------
     Hold Opt Initial Summary
------------------------------------------------------------------

Setup views included:
 view_typical
Hold views included:
 view_typical

+--------------------+---------+---------+---------+
|     Setup mode     |   all   | reg2reg | default |
+--------------------+---------+---------+---------+
|           WNS (ns):| -0.372  |   N/A   | -0.372  |
|           TNS (ns):| -7.754  |   N/A   | -7.754  |
|    Violating Paths:|   32    |   N/A   |   32    |
|          All Paths:|   32    |   N/A   |   32    |
+--------------------+---------+---------+---------+

+--------------------+---------+---------+---------+
|     Hold mode      |   all   | reg2reg | default |
+--------------------+---------+---------+---------+
|           WNS (ns):| -0.006  |   N/A   | -0.006  |
|           TNS (ns):| -0.065  |   N/A   | -0.065  |
|    Violating Paths:|   17    |   N/A   |   17    |
|          All Paths:|   32    |   N/A   |   32    |
+--------------------+---------+---------+---------+

+----------------+-------------------------------+------------------+
|                |              Real             |       Total      |
|    DRVs        +------------------+------------+------------------|
|                |  Nr nets(terms)  | Worst Vio  |  Nr nets(terms)  |
+----------------+------------------+------------+------------------+
|   max_cap      |      0 (0)       |   0.000    |      0 (0)       |
|   max_tran     |      0 (0)       |   0.000    |      0 (0)       |
|   max_fanout   |      0 (0)       |     0      |      0 (0)       |
|   max_length   |      0 (0)       |     0      |      0 (0)       |
+----------------+------------------+------------+------------------+

Density: 95.146%
------------------------------------------------------------------
**optDesign ... cpu = 0:02:02, real = 0:04:39, mem = 3028.1M, totSessionCpu=0:14:49 **
*** BuildHoldData #2 [finish] (optDesign #2) : cpu/real = 0:00:05.2/0:00:09.3 (0.6), totSession cpu/real = 0:14:49.0/0:30:04.2 (0.5), mem = 3222.1M
*** HoldOpt #1 [begin] (optDesign #2) : totSession cpu/real = 0:14:49.0/0:30:04.2 (0.5), mem = 3222.1M
(I,S,L,T): view_typical: 10.5875, 5.28688, 0.00113955, 15.8755
(I,S,L) ClockInsts: view_typical: 0, 0, 0
*info: Run optDesign holdfix with 1 thread.
Info: 1 clock net  excluded from IPO operation.
Info: Do not create the CCOpt slew target map as it already exists.

*** Starting Core Fixing (fixHold) cpu=0:00:05.8 real=0:00:10.0 totSessionCpu=0:14:50 mem=3280.3M density=95.146% ***

Phase I ......
Executing transform: ECO Safe Resize
+----+----------+----------+--------+-----------+----------------+---------+------------+---------+
|Iter| Hold WNS | Hold TNS |  #VP   |  #Buffer  |  #Resize(F/F)  | Density |    Real    |   Mem   |
+----+----------+----------+--------+-----------+----------------+---------+------------+---------+
**Info: Stopping hold fixing due to density exceeding max design density 95.000%
|   0|    -0.006|     -0.07|      17|          0|       0(     0)|   95.15%|   0:00:00.0|  3290.3M|
+----+----------+----------+--------+-----------+----------------+---------+------------+---------+
Executing transform: AddBuffer + LegalResize
+----+----------+----------+--------+-----------+----------------+---------+------------+---------+
|Iter| Hold WNS | Hold TNS |  #VP   |  #Buffer  |  #Resize(F/F)  | Density |    Real    |   Mem   |
+----+----------+----------+--------+-----------+----------------+---------+------------+---------+
**Info: Stopping hold fixing due to density exceeding max design density 95.000%
|   0|    -0.006|     -0.07|      17|          0|       0(     0)|   95.15%|   0:00:00.0|  3290.3M|
+----+----------+----------+--------+-----------+----------------+---------+------------+---------+
Bottom Preferred Layer:
+-----------+------------+------------+----------+
|   Layer   |   OPT_LA   |    CLK     |   Rule   |
+-----------+------------+------------+----------+
| M2 (z=2)  |          0 |          1 | default  |
| M5 (z=5)  |          2 |          0 | default  |
| M8 (z=8)  |          1 |          0 | default  |
+-----------+------------+------------+----------+
Via Pillar Rule:
    None


=======================================================================
                Reasons for remaining hold violations
=======================================================================
*info: Total 50 net(s) have violated hold timing slacks.

Buffering failure reasons
------------------------------------------------

Resizing failure reasons
------------------------------------------------


*** Finished Core Fixing (fixHold) cpu=0:00:05.9 real=0:00:10.0 totSessionCpu=0:14:50 mem=3290.3M density=95.146% ***


Capturing unweighted ref hold timing for Post Route hold recovery....
*** Finish Post Route Hold Fixing (cpu=0:00:05.9 real=0:00:10.0 totSessionCpu=0:14:50 mem=3290.3M density=95.146%) ***
(I,S,L,T): view_typical: 10.5875, 5.28688, 0.00113955, 15.8755
(I,S,L) ClockInsts: view_typical: 0, 0, 0
**INFO: total 0 insts, 0 nets marked don't touch
**INFO: total 0 insts, 0 nets marked don't touch DB property
**INFO: total 0 insts, 0 nets unmarked don't touch
*** HoldOpt #1 [finish] (optDesign #2) : cpu/real = 0:00:00.7/0:00:01.1 (0.6), totSession cpu/real = 0:14:49.6/0:30:05.3 (0.5), mem = 3222.3M
**INFO: flowCheckPoint #5 OptimizationPreEco
Running postRoute recovery in preEcoRoute mode
**optDesign ... cpu = 0:02:02, real = 0:04:40, mem = 3025.2M, totSessionCpu=0:14:50 **
** INFO: Initializing Glitch Interface
Checking DRV degradation...
**INFO: Skipping DRV recovery as drv did not degrade beyond margin
Finish postRoute recovery in preEcoRoute mode (cpu=0:00:02, real=0:00:04, mem=3222.45M, totSessionCpu=0:14:51).
**optDesign ... cpu = 0:02:04, real = 0:04:44, mem = 3031.2M, totSessionCpu=0:14:51 **

** INFO: Initializing Glitch Interface
Skipping pre eco harden opt
Running refinePlace -preserveRouting true -hardFence false
*** Starting refinePlace (0:14:51 mem=3280.6M) ***
Max route layer is changed from 127 to 10 because there is no routing track above this layer
Max route layer is changed from 127 to 10 because there is no routing track above this layer
Max route layer is changed from 127 to 10 because there is no routing track above this layer
Max route layer is changed from 127 to 10 because there is no routing track above this layer
Move report: Detail placement moves 0 insts, mean move: 0.00 um, max move: 0.00 um 
	Runtime: CPU: 0:00:00.0 REAL: 0:00:00.0 MEM: 3264.6MB
Summary Report:
Instances move: 0 (out of 195 movable)
Instances flipped: 0
Mean displacement: 0.00 um
Max displacement: 0.00 um 
Runtime: CPU: 0:00:00.0 REAL: 0:00:00.0 MEM: 3264.6MB
*** Finished refinePlace (0:14:51 mem=3264.6M) ***
Default Rule : ""
Non Default Rules :
Worst Slack : 214748.365 ns

Start Layer Assignment ...
WNS(214748.365ns) Target(0.000ns) MaxAssign(0%) MaxCong(20%) MinLen(100um) MinCap(0.050pf) layerBucket(3)

Select 0 cadidates out of 286.
No critical nets selected. Skipped !
GigaOpt: setting up router preferences
GigaOpt: 0 nets assigned router directives

Start Assign Priority Nets ...
TargetSlk(0.200ns) MaxAssign(3%) minLen(50um)
Existing Priority Nets 0 (0.0%)
Assigned Priority Nets 0 (0.0%)

Set Prefer Layer Routing Effort ...
Total Net(284) IPOed(0) PreferLayer(0) -> MediumEffort(0)

Default Rule : ""
Non Default Rules :
Worst Slack : -0.372 ns

Start Layer Assignment ...
WNS(-0.372ns) Target(0.000ns) MaxAssign(0%) MaxCong(20%) MinLen(100um) MinCap(0.050pf) layerBucket(3)

Select 0 cadidates out of 286.
No critical nets selected. Skipped !
GigaOpt: setting up router preferences
GigaOpt: 0 nets assigned router directives

Start Assign Priority Nets ...
TargetSlk(0.200ns) MaxAssign(3%) minLen(50um)
Existing Priority Nets 0 (0.0%)
Total Assign Priority Nets 3 (1.1%)
** INFO: Initializing Glitch Interface

------------------------------------------------------------------
        Pre-ecoRoute Summary
------------------------------------------------------------------

Setup views included:
 view_typical 

+--------------------+---------+---------+---------+
|     Setup mode     |   all   | reg2reg | default |
+--------------------+---------+---------+---------+
|           WNS (ns):| -0.372  |   N/A   | -0.372  |
|           TNS (ns):| -7.754  |   N/A   | -7.754  |
|    Violating Paths:|   32    |   N/A   |   32    |
|          All Paths:|   32    |   N/A   |   32    |
+--------------------+---------+---------+---------+

+----------------+-------------------------------+------------------+
|                |              Real             |       Total      |
|    DRVs        +------------------+------------+------------------|
|                |  Nr nets(terms)  | Worst Vio  |  Nr nets(terms)  |
+----------------+------------------+------------+------------------+
|   max_cap      |      0 (0)       |   0.000    |      0 (0)       |
|   max_tran     |      0 (0)       |   0.000    |      0 (0)       |
|   max_fanout   |      0 (0)       |     0      |      0 (0)       |
|   max_length   |      0 (0)       |     0      |      0 (0)       |
+----------------+------------------+------------+------------------+

Density: 95.146%
------------------------------------------------------------------
**optDesign ... cpu = 0:02:04, real = 0:04:44, mem = 3031.4M, totSessionCpu=0:14:51 **
**INFO: flowCheckPoint #6 GlobalDetailRoute
** INFO Cleaning up Glitch Interface
-route_with_eco false                     # bool, default=false
-route_selected_net_only false            # bool, default=false
-route_with_timing_driven true            # bool, default=false, user setting
-route_with_si_driven true                # bool, default=false, user setting
Existing Dirty Nets : 0
New Signature Flow (saveAndSetNanoRouteOptions) ....
Reset Dirty Nets : 0
*** EcoRoute #1 [begin] (optDesign #2) : totSession cpu/real = 0:14:51.4/0:30:09.0 (0.5), mem = 3222.8M

globalDetailRoute

#Start globalDetailRoute on Sat Apr  4 15:43:16 2026
#
#NanoRoute Version 22.17-s086_1 NR240905-1647/22_17-UB
#Skip comparing routing design signature in db-snapshot flow
#Total number of trivial nets (e.g. < 2 pins) = 26 (skipped).
#Total number of routable nets = 260.
#Total number of nets in the design = 286.
#260 routable nets have routed wires.
#1 detail routed (routable) net has been constrained (e.g. have preferred extra spacing, require shielding etc.)
#No nets have been global routed.
#Start routing data preparation on Sat Apr  4 15:43:16 2026
#
#Initial pin access analysis.
#Detail pin access analysis.
# M1           V   Track-Pitch = 0.14400    Line-2-Via Pitch = 0.14400
# M2           H   Track-Pitch = 0.14400    Line-2-Via Pitch = 0.14400
# M3           V   Track-Pitch = 0.14400    Line-2-Via Pitch = 0.14400
# M4           H   Track-Pitch = 0.19200    Line-2-Via Pitch = 0.19200
# M5           V   Track-Pitch = 0.21600    Line-2-Via Pitch = 0.19200
# M6           H   Track-Pitch = 0.28800    Line-2-Via Pitch = 0.25600
# M7           V   Track-Pitch = 0.28800    Line-2-Via Pitch = 0.25600
# M8           H   Track-Pitch = 0.38400    Line-2-Via Pitch = 0.32000
# M9           V   Track-Pitch = 0.36000    Line-2-Via Pitch = 0.32000
# Pad          H   Track-Pitch = 0.38400    Line-2-Via Pitch = 8.28000
#WARNING (NRAG-44) Track pitch is too small compared with line-2-via pitch.
#Bottom routing layer index=1(M1), bottom routing layer for shielding=1(M1), bottom shield layer=1(M1)
#shield_bottom_stripe_layer=1(M1), shield_top_stripe_layer=10(Pad)
#pin_access_rlayer=2(M2)
#shield_top_dpt_rlayer=-1 top_rlayer=10 top_trim_metal_rlayer=-1 rlayer_lowest=1 bottom_rlayer=1
#enable_trim_layer_shield=F enable_dpt_layer_shield=F has_line_end_grid=F
#enable_dpt_layer_shield=F
#has_line_end_grid=F
#Processed 0/0 dirty instances, 0/0 dirty terms, 0/0 dirty fterms, 0/0 dirty pgterms, 0/0 misc dirty regions(0 insts marked dirty, reset pre-exisiting dirty flag on 12 insts, 0 nets marked need extraction)
#cpu time = 00:00:00, elapsed time = 00:00:00, memory = 3035.45 (MB), peak = 3113.90 (MB)
#Regenerating Ggrids automatically.
#Auto generating G-grids with size=15 tracks, using layer M3's pitch = 0.14400.
#Using automatically generated G-grids.
#Done routing data preparation.
#cpu time = 00:00:00, elapsed time = 00:00:00, memory = 3047.16 (MB), peak = 3113.90 (MB)
#Found 0 nets for post-route si or timing fixing.
#
#Finished routing data preparation on Sat Apr  4 15:43:16 2026
#
#Cpu time = 00:00:00
#Elapsed time = 00:00:00
#Increased memory = 15.56 (MB)
#Total memory = 3047.16 (MB)
#Peak memory = 3113.90 (MB)
#
#
#Start global routing on Sat Apr  4 15:43:16 2026
#
#
#Start global routing initialization on Sat Apr  4 15:43:16 2026
#
#WARNING (NRGR-22) Design is already detail routed.
#Routing data preparation, pin analysis, global routing and track assignment statistics:
#Cpu time = 00:00:00
#Elapsed time = 00:00:00
#Increased memory = 15.56 (MB)
#Total memory = 3047.16 (MB)
#Peak memory = 3113.90 (MB)
#
#Start Detail Routing..
#start initial detail routing ...
#   number of violations = 459
#
#    By Layer and Type :
#	         MetSpc   WidTbl      Enc     Rect   OffGrd   Totals
#	M1            0        0        0        0        0        0
#	M2            0        0        0        0        0        0
#	M3            0      130       72        0      114      316
#	M4           12       68        0        2       61      143
#	Totals       12      198       72        2      175      459
#0.0% of the total area was checked
#   number of violations = 459
#
#    By Layer and Type :
#	         MetSpc   WidTbl      Enc     Rect   OffGrd   Totals
#	M1            0        0        0        0        0        0
#	M2            0        0        0        0        0        0
#	M3            0      130       72        0      114      316
#	M4           12       68        0        2       61      143
#	Totals       12      198       72        2      175      459
#cpu time = 00:00:00, elapsed time = 00:00:00, memory = 3047.18 (MB), peak = 3113.90 (MB)
#start 1st optimization iteration ...
#   number of violations = 230
#
#    By Layer and Type :
#	         MetSpc   WidTbl      Enc     Rect   OffGrd   Totals
#	M1            0        0        0        0        0        0
#	M2            0        0        0        0        0        0
#	M3            1       64       51        0       55      171
#	M4            7       33        0        1       18       59
#	Totals        8       97       51        1       73      230
#cpu time = 00:00:01, elapsed time = 00:00:03, memory = 3052.41 (MB), peak = 3113.90 (MB)
#start 2nd optimization iteration ...
#   number of violations = 220
#
#    By Layer and Type :
#	         MetSpc    EolKO   WidTbl      Enc     Rect   OffGrd   Totals
#	M1            0        0        0        0        0        0        0
#	M2            0        0        0        0        0        0        0
#	M3            1        1       64       34        0       56      156
#	M4            7        0       33        0        1       23       64
#	Totals        8        1       97       34        1       79      220
#cpu time = 00:00:02, elapsed time = 00:00:03, memory = 3051.65 (MB), peak = 3113.90 (MB)
#start 3rd optimization iteration ...
#   number of violations = 233
#
#    By Layer and Type :
#	         MetSpc   WidTbl      Enc   OffGrd   Totals
#	M1            0        0        0        0        0
#	M2            0        0        0        0        0
#	M3            0       64       55       57      176
#	M4            8       33        0       16       57
#	Totals        8       97       55       73      233
#cpu time = 00:00:01, elapsed time = 00:00:03, memory = 3051.59 (MB), peak = 3122.21 (MB)
#start 4th optimization iteration ...
#   number of violations = 217
#
#    By Layer and Type :
#	         MetSpc   WidTbl      Enc   OffGrd   Totals
#	M1            0        0        0        0        0
#	M2            0        0        0        0        0
#	M3            0       64       31       57      152
#	M4            5       33        0       27       65
#	Totals        5       97       31       84      217
#cpu time = 00:00:01, elapsed time = 00:00:03, memory = 3052.24 (MB), peak = 3122.21 (MB)
#start 5th optimization iteration ...
#   number of violations = 232
#
#    By Layer and Type :
#	         MetSpc    EolKO   WidTbl      Enc   OffGrd   Totals
#	M1            0        0        0        0        0        0
#	M2            0        0        0        0        0        0
#	M3            1        1       64       50       55      171
#	M4           15        0       33        0       13       61
#	Totals       16        1       97       50       68      232
#cpu time = 00:00:01, elapsed time = 00:00:03, memory = 3052.20 (MB), peak = 3122.21 (MB)
#start 6th optimization iteration ...
#   number of violations = 214
#
#    By Layer and Type :
#	         MetSpc   WidTbl      Enc   OffGrd   Totals
#	M1            0        0        0        0        0
#	M2            0        0        0        0        0
#	M3            0       64       34       54      152
#	M4            3       33        0       26       62
#	Totals        3       97       34       80      214
#cpu time = 00:00:02, elapsed time = 00:00:04, memory = 3052.45 (MB), peak = 3122.21 (MB)
#start 7th optimization iteration ...
#   number of violations = 243
#
#    By Layer and Type :
#	         MetSpc   CutSpc   WidTbl      Enc   OffGrd   Totals
#	M1            0        0        0        0        0        0
#	M2            0        0        0        0        0        0
#	M3            1        0       64       51       56      172
#	M4           17        3       35        0       16       71
#	Totals       18        3       99       51       72      243
#cpu time = 00:00:02, elapsed time = 00:00:05, memory = 3054.03 (MB), peak = 3125.39 (MB)
#start 8th optimization iteration ...
#   number of violations = 232
#
#    By Layer and Type :
#	         MetSpc   WidTbl      Enc     Rect   OffGrd   Totals
#	M1            0        0        0        0        0        0
#	M2            0        0        0        0        0        0
#	M3            2       64       32        0       58      156
#	M4           13       33        0        1       29       76
#	Totals       15       97       32        1       87      232
#cpu time = 00:00:04, elapsed time = 00:00:05, memory = 3054.08 (MB), peak = 3140.33 (MB)
#start 9th optimization iteration ...
#   number of violations = 235
#
#    By Layer and Type :
#	         MetSpc   WidTbl      Enc   OffGrd   Totals
#	M1            0        0        0        0        0
#	M2            0        0        0        0        0
#	M3            2       64       50       58      174
#	M4           10       33        0       18       61
#	Totals       12       97       50       76      235
#cpu time = 00:00:04, elapsed time = 00:00:05, memory = 3056.14 (MB), peak = 3165.79 (MB)
#start 10th optimization iteration ...
#   number of violations = 236
#
#    By Layer and Type :
#	         MetSpc   WidTbl      Enc   OffGrd   Totals
#	M1            0        0        0        0        0
#	M2            0        0        0        0        0
#	M3            2       64       52       59      177
#	M4            8       33        0       18       59
#	Totals       10       97       52       77      236
#cpu time = 00:00:01, elapsed time = 00:00:01, memory = 3056.21 (MB), peak = 3165.79 (MB)
#start 11th optimization iteration ...
#   number of violations = 223
#
#    By Layer and Type :
#	         MetSpc   WidTbl      Enc   OffGrd   Totals
#	M1            0        0        0        0        0
#	M2            0        0        0        0        0
#	M3            0       64       32       59      155
#	M4            8       33        0       27       68
#	Totals        8       97       32       86      223
#cpu time = 00:00:02, elapsed time = 00:00:02, memory = 3056.22 (MB), peak = 3165.79 (MB)
#start 12th optimization iteration ...
#   number of violations = 232
#
#    By Layer and Type :
#	         MetSpc   WidTbl      Enc     Rect   OffGrd   Totals
#	M1            0        0        0        0        0        0
#	M2            0        0        0        0        0        0
#	M3            0       64       52        0       54      170
#	M4           14       33        0        1       14       62
#	Totals       14       97       52        1       68      232
#cpu time = 00:00:02, elapsed time = 00:00:02, memory = 3055.92 (MB), peak = 3165.79 (MB)
#start 13th optimization iteration ...
#   number of violations = 220
#
#    By Layer and Type :
#	         MetSpc   WidTbl      Enc   OffGrd   Totals
#	M1            0        0        0        0        0
#	M2            0        0        0        0        0
#	M3            1       64       32       57      154
#	M4            6       33        0       27       66
#	Totals        7       97       32       84      220
#cpu time = 00:00:03, elapsed time = 00:00:03, memory = 3055.98 (MB), peak = 3165.79 (MB)
#start 14th optimization iteration ...
#   number of violations = 239
#
#    By Layer and Type :
#	         MetSpc   CutSpc    EolKO   WidTbl      Enc   OffGrd   Totals
#	M1            0        0        0        0        0        0        0
#	M2            0        0        0        0        0        0        0
#	M3            0        0        0       64       51       55      170
#	M4           13        1        1       34        0       20       69
#	Totals       13        1        1       98       51       75      239
#cpu time = 00:00:03, elapsed time = 00:00:03, memory = 3056.20 (MB), peak = 3165.79 (MB)
#start 15th optimization iteration ...
#   number of violations = 228
#
#    By Layer and Type :
#	         MetSpc    EolKO   WidTbl      Enc   OffGrd   Totals
#	M1            0        0        0        0        0        0
#	M2            0        0        0        0        0        0
#	M3            1        1       64       49       56      171
#	M4           10        0       33        0       14       57
#	Totals       11        1       97       49       70      228
#cpu time = 00:00:04, elapsed time = 00:00:04, memory = 3056.24 (MB), peak = 3165.79 (MB)
#start 16th optimization iteration ...
#   number of violations = 222
#
#    By Layer and Type :
#	         MetSpc   WidTbl      Enc   OffGrd   Totals
#	M1            0        0        0        0        0
#	M2            0        0        0        0        0
#	M3            0       64       30       58      152
#	M4            8       33        0       29       70
#	Totals        8       97       30       87      222
#cpu time = 00:00:02, elapsed time = 00:00:02, memory = 3056.24 (MB), peak = 3165.79 (MB)
#Complete Detail Routing.
#Total wire length = 3555 um.
#Total half perimeter of net bounding box = 3743 um.
#Total wire length on LAYER M1 = 310 um.
#Total wire length on LAYER M2 = 1961 um.
#Total wire length on LAYER M3 = 909 um.
#Total wire length on LAYER M4 = 189 um.
#Total wire length on LAYER M5 = 186 um.
#Total wire length on LAYER M6 = 0 um.
#Total wire length on LAYER M7 = 0 um.
#Total wire length on LAYER M8 = 0 um.
#Total wire length on LAYER M9 = 0 um.
#Total wire length on LAYER Pad = 0 um.
#Total number of vias = 1930
#Up-Via Summary (total 1930):
#           
#-----------------------
# M1                781
# M2               1006
# M3                 57
# M4                 86
#-----------------------
#                  1930 
#
#Total number of DRC violations = 222
#Total number of violations on LAYER M1 = 0
#Total number of violations on LAYER M2 = 0
#Total number of violations on LAYER M3 = 152
#Total number of violations on LAYER M4 = 70
#Total number of violations on LAYER M5 = 0
#Total number of violations on LAYER M6 = 0
#Total number of violations on LAYER M7 = 0
#Total number of violations on LAYER M8 = 0
#Total number of violations on LAYER M9 = 0
#Total number of violations on LAYER Pad = 0
#Cpu time = 00:00:35
#Elapsed time = 00:00:51
#Increased memory = 9.11 (MB)
#Total memory = 3056.27 (MB)
#Peak memory = 3165.79 (MB)
#
#Start Post Route wire spreading..
#
#Start data preparation for wire spreading...
#
#Data preparation is done on Sat Apr  4 15:44:07 2026
#
#
#Start Post Route Wire Spread.
#Done with 0 horizontal wires in 1 hboxes and 0 vertical wires in 2 hboxes.
#Complete Post Route Wire Spread.
#
#Total wire length = 3555 um.
#Total half perimeter of net bounding box = 3743 um.
#Total wire length on LAYER M1 = 310 um.
#Total wire length on LAYER M2 = 1961 um.
#Total wire length on LAYER M3 = 909 um.
#Total wire length on LAYER M4 = 189 um.
#Total wire length on LAYER M5 = 186 um.
#Total wire length on LAYER M6 = 0 um.
#Total wire length on LAYER M7 = 0 um.
#Total wire length on LAYER M8 = 0 um.
#Total wire length on LAYER M9 = 0 um.
#Total wire length on LAYER Pad = 0 um.
#Total number of vias = 1930
#Up-Via Summary (total 1930):
#           
#-----------------------
# M1                781
# M2               1006
# M3                 57
# M4                 86
#-----------------------
#                  1930 
#
#   number of violations = 222
#
#    By Layer and Type :
#	         MetSpc   WidTbl      Enc   OffGrd   Totals
#	M1            0        0        0        0        0
#	M2            0        0        0        0        0
#	M3            0       64       30       58      152
#	M4            8       33        0       29       70
#	Totals        8       97       30       87      222
#cpu time = 00:00:00, elapsed time = 00:00:00, memory = 3057.27 (MB), peak = 3165.79 (MB)
#CELL_VIEW Adder32,init has 222 DRC violations
#Total number of DRC violations = 222
#Total number of violations on LAYER M1 = 0
#Total number of violations on LAYER M2 = 0
#Total number of violations on LAYER M3 = 152
#Total number of violations on LAYER M4 = 70
#Total number of violations on LAYER M5 = 0
#Total number of violations on LAYER M6 = 0
#Total number of violations on LAYER M7 = 0
#Total number of violations on LAYER M8 = 0
#Total number of violations on LAYER M9 = 0
#Total number of violations on LAYER Pad = 0
#Post Route wire spread is done.
#Total wire length = 3555 um.
#Total half perimeter of net bounding box = 3743 um.
#Total wire length on LAYER M1 = 310 um.
#Total wire length on LAYER M2 = 1961 um.
#Total wire length on LAYER M3 = 909 um.
#Total wire length on LAYER M4 = 189 um.
#Total wire length on LAYER M5 = 186 um.
#Total wire length on LAYER M6 = 0 um.
#Total wire length on LAYER M7 = 0 um.
#Total wire length on LAYER M8 = 0 um.
#Total wire length on LAYER M9 = 0 um.
#Total wire length on LAYER Pad = 0 um.
#Total number of vias = 1930
#Up-Via Summary (total 1930):
#           
#-----------------------
# M1                781
# M2               1006
# M3                 57
# M4                 86
#-----------------------
#                  1930 
#
#detailRoute Statistics:
#Cpu time = 00:00:35
#Elapsed time = 00:00:51
#Increased memory = 10.10 (MB)
#Total memory = 3057.27 (MB)
#Peak memory = 3165.79 (MB)
#
#globalDetailRoute statistics:
#Cpu time = 00:00:35
#Elapsed time = 00:00:51
#Increased memory = -36.32 (MB)
#Total memory = 2995.07 (MB)
#Peak memory = 3165.79 (MB)
#Number of warnings = 2
#Total number of warnings = 21
#Number of fails = 0
#Total number of fails = 0
#Complete globalDetailRoute on Sat Apr  4 15:44:07 2026
#
*** EcoRoute #1 [finish] (optDesign #2) : cpu/real = 0:00:35.1/0:00:51.3 (0.7), totSession cpu/real = 0:15:26.4/0:31:00.4 (0.5), mem = 3184.8M
**optDesign ... cpu = 0:02:39, real = 0:05:35, mem = 2994.8M, totSessionCpu=0:15:26 **
New Signature Flow (restoreNanoRouteOptions) ....
**INFO: flowCheckPoint #7 PostEcoSummary
Extraction called for design 'Adder32' of instances=195 and nets=286 using extraction engine 'postRoute' at effort level 'low' .
**WARN: (IMPEXT-3530):	The process node is not set. Use the command setDesignMode -process <process node> prior to extraction for maximum accuracy and optimal automatic threshold setting.
Type 'man IMPEXT-3530' for more detail.
PostRoute (effortLevel low) RC Extraction called for design Adder32.
RC Extraction called in multi-corner(1) mode.
**WARN: (IMPEXT-6197):	The Cap table file is not specified. This will result in lower parasitic accuracy when using preRoute extraction or postRoute extraction with effort level 'low'. It is recommended to generate the Cap table file using the 'generateCapTbl' command and specify it before extraction using 'create_rc_corner/update_rc_corner -cap_table'.
Type 'man IMPEXT-6197' for more detail.
**WARN: (IMPEXT-3032):	Because the cap table file was not provided, it will be created internally with the following process info:
* Layer Id             : 1 - M1
      Thickness        : 0.6
      Min Width        : 0.072
      Layer Dielectric : 4.1
* Layer Id             : 2 - M2
      Thickness        : 0.6
      Min Width        : 0.072
      Layer Dielectric : 4.1
* Layer Id             : 3 - M3
      Thickness        : 0.6
      Min Width        : 0.072
      Layer Dielectric : 4.1
* Layer Id             : 4 - M4
      Thickness        : 0.6
      Min Width        : 0.096
      Layer Dielectric : 4.1
* Layer Id             : 5 - M5
      Thickness        : 0.6
      Min Width        : 0.096
      Layer Dielectric : 4.1
* Layer Id             : 6 - M6
      Thickness        : 0.6
      Min Width        : 0.128
      Layer Dielectric : 4.1
* Layer Id             : 7 - M7
      Thickness        : 0.6
      Min Width        : 0.128
      Layer Dielectric : 4.1
* Layer Id             : 8 - M8
      Thickness        : 0.6
      Min Width        : 0.16
      Layer Dielectric : 4.1
* Layer Id             : 9 - M9
      Thickness        : 0.6
      Min Width        : 0.16
      Layer Dielectric : 4.1
* Layer Id             : 10 - M10
      Thickness        : 1
      Min Width        : 0.16
      Layer Dielectric : 4.1
extractDetailRC Option : -outfile /data/tkvm2/Asap7design/asap7_design/innovus_temp_1502_69e8b9db-6902-4033-a802-65a587f1b44b_vlsiktmt_tkvm2_Fdk0ow/Adder32_1502_Dj4mCn.rcdb.d -maxResLength 200  -basic
RC Mode: PostRoute -effortLevel low [Basic CapTable, LEF Resistances]
      RC Corner Indexes            0   
Capacitance Scaling Factor   : 1.00000 
Coupling Cap. Scaling Factor : 1.00000 
Resistance Scaling Factor    : 1.00000 
Clock Cap. Scaling Factor    : 1.00000 
Clock Res. Scaling Factor    : 1.00000 
Shrink Factor                : 1.00000
Initializing multi-corner resistance tables ...
Checking LVS Completed (CPU Time= 0:00:00.0  MEM= 3184.8M)
Extracted 10.0987% (CPU Time= 0:00:00.0  MEM= 3236.8M)
Extracted 20.0813% (CPU Time= 0:00:00.0  MEM= 3236.8M)
Extracted 30.0638% (CPU Time= 0:00:00.0  MEM= 3236.8M)
Extracted 40.1045% (CPU Time= 0:00:00.0  MEM= 3236.8M)
Extracted 50.0871% (CPU Time= 0:00:00.0  MEM= 3236.8M)
Extracted 60.0696% (CPU Time= 0:00:00.0  MEM= 3236.8M)
Extracted 70.1103% (CPU Time= 0:00:00.0  MEM= 3236.8M)
Extracted 80.0929% (CPU Time= 0:00:00.0  MEM= 3236.8M)
Extracted 90.0754% (CPU Time= 0:00:00.1  MEM= 3236.8M)
Extracted 100% (CPU Time= 0:00:00.1  MEM= 3236.8M)
Number of Extracted Resistors     : 4016
Number of Extracted Ground Cap.   : 3865
Number of Extracted Coupling Cap. : 7352
Filtering XCap in 'relativeOnly' mode using values relative_c_threshold=0.03 and total_c_threshold=5fF.
Checking LVS Completed (CPU Time= 0:00:00.0  MEM= 3212.8M)
PostRoute (effortLevel low) RC Extraction DONE (CPU Time: 0:00:00.2  Real Time: 0:00:02.0  MEM: 3220.766M)
**optDesign ... cpu = 0:02:39, real = 0:05:37, mem = 2996.5M, totSessionCpu=0:15:27 **
Starting delay calculation for Setup views
AAE_INFO: opIsDesignInPostRouteState() is 1
AAE_INFO: resetNetProps viewIdx 0 
Starting SI iteration 1 using Infinite Timing Windows
#################################################################################
# Design Stage: PostRoute
# Design Name: Adder32
# Design Mode: 90nm
# Analysis Mode: MMMC OCV 
# Parasitics Mode: SPEF/RCDB 
# Signoff Settings: SI On 
#################################################################################
AAE_INFO: 1 threads acquired from CTE.
Start delay calculation (fullDC) (1 T). (MEM=3211.3)
Initializing multi-corner resistance tables ...
Total number of fetched objects 284
AAE_INFO-618: Total number of nets in the design is 286,  100.0 percent of the nets selected for SI analysis
End delay calculation. (MEM=3248.59 CPU=0:00:00.1 REAL=0:00:00.0)
End delay calculation (fullDC). (MEM=3248.59 CPU=0:00:00.1 REAL=0:00:00.0)
Loading CTE timing window with TwFlowType 0...(CPU = 0:00:00.0, REAL = 0:00:00.0, MEM = 3248.6M)
Add other clocks and setupCteToAAEClockMapping during iter 1
Loading CTE timing window is completed (CPU = 0:00:00.0, REAL = 0:00:00.0, MEM = 3248.6M)
Starting SI iteration 2
Start delay calculation (fullDC) (1 T). (MEM=3198.7)
Glitch Analysis: View view_typical -- Total Number of Nets Skipped = 8. 
Glitch Analysis: View view_typical -- Total Number of Nets Analyzed = 284. 
Total number of fetched objects 284
AAE_INFO-618: Total number of nets in the design is 286,  30.1 percent of the nets selected for SI analysis
End delay calculation. (MEM=3253.38 CPU=0:00:00.0 REAL=0:00:00.0)
End delay calculation (fullDC). (MEM=3253.38 CPU=0:00:00.1 REAL=0:00:00.0)
*** Done Building Timing Graph (cpu=0:00:00.8 real=0:00:02.0 totSessionCpu=0:15:27 mem=3253.4M)
** INFO: Initializing Glitch Interface
** INFO: Initializing Glitch Interface

------------------------------------------------------------------
       Post-ecoRoute Summary
------------------------------------------------------------------

Setup views included:
 view_typical 

+--------------------+---------+---------+---------+
|     Setup mode     |   all   | reg2reg | default |
+--------------------+---------+---------+---------+
|           WNS (ns):| -0.372  |   N/A   | -0.372  |
|           TNS (ns):| -7.763  |   N/A   | -7.763  |
|    Violating Paths:|   32    |   N/A   |   32    |
|          All Paths:|   32    |   N/A   |   32    |
+--------------------+---------+---------+---------+

+----------------+-------------------------------+------------------+
|                |              Real             |       Total      |
|    DRVs        +------------------+------------+------------------|
|                |  Nr nets(terms)  | Worst Vio  |  Nr nets(terms)  |
+----------------+------------------+------------+------------------+
|   max_cap      |      0 (0)       |   0.000    |      0 (0)       |
|   max_tran     |      0 (0)       |   0.000    |      0 (0)       |
|   max_fanout   |      0 (0)       |     0      |      0 (0)       |
|   max_length   |      0 (0)       |     0      |      0 (0)       |
+----------------+------------------+------------+------------------+

Density: 95.146%
------------------------------------------------------------------
**optDesign ... cpu = 0:02:40, real = 0:05:39, mem = 2764.8M, totSessionCpu=0:15:28 **
Executing marking Critical Nets1
** INFO: Initializing Glitch Interface
** INFO: Initializing Glitch Cache
**INFO: flowCheckPoint #8 OptimizationRecovery
*** Timing NOT met, worst failing slack is -0.372
*** Check timing (0:00:00.0)
Begin: GigaOpt Optimization in post-eco TNS mode (Recovery)
Info: 1 clock net  excluded from IPO operation.
*** TnsOpt #2 [begin] (optDesign #2) : totSession cpu/real = 0:15:27.5/0:31:04.2 (0.5), mem = 3243.6M
(I,S,L,T): view_typical: 10.5891, 5.29207, 0.00113955, 15.8823
(I,S,L) ClockInsts: view_typical: 0, 0, 0
*info: 1 clock net excluded
** GigaOpt Optimizer WNS Slack -0.372 TNS Slack -7.763 Density 95.15
OptDebug: Start of Optimizer TNS Pass:
+----------+------+------+
|Path Group|   WNS|   TNS|
+----------+------+------+
|default   |-0.372|-7.763|
|reg2reg   | 0.000| 0.000|
|HEPG      | 0.000| 0.000|
|All Paths |-0.372|-7.763|
+----------+------+------+

Checking setup slack degradation ...

*** Finished Optimize Step Cumulative (cpu=0:00:00.0 real=0:00:00.0 mem=3301.8M) ***
OptDebug: End of Optimizer TNS Pass:
+----------+------+------+
|Path Group|   WNS|   TNS|
+----------+------+------+
|default   |-0.372|-7.763|
|reg2reg   | 0.000| 0.000|
|HEPG      | 0.000| 0.000|
|All Paths |-0.372|-7.763|
+----------+------+------+

OptDebug: End of Setup Fixing:
+----------+------+------+
|Path Group|   WNS|   TNS|
+----------+------+------+
|default   |-0.372|-7.763|
|reg2reg   | 0.000| 0.000|
|HEPG      | 0.000| 0.000|
|All Paths |-0.372|-7.763|
+----------+------+------+

Bottom Preferred Layer:
+-----------+------------+----------+
|   Layer   |    CLK     |   Rule   |
+-----------+------------+----------+
| M2 (z=2)  |          1 | default  |
+-----------+------------+----------+
Via Pillar Rule:
    None

*** Finish Post Route Setup Fixing (cpu=0:00:01.4 real=0:00:03.0 mem=3301.8M) ***
(I,S,L,T): view_typical: 10.5891, 5.29207, 0.00113955, 15.8823
(I,S,L) ClockInsts: view_typical: 0, 0, 0
*** TnsOpt #2 [finish] (optDesign #2) : cpu/real = 0:00:16.1/0:00:33.1 (0.5), totSession cpu/real = 0:15:43.6/0:31:37.3 (0.5), mem = 3241.8M
End: GigaOpt Optimization in post-eco TNS mode
Running postRoute recovery in postEcoRoute mode
**optDesign ... cpu = 0:02:56, real = 0:06:12, mem = 2788.8M, totSessionCpu=0:15:44 **
** INFO: Initializing Glitch Interface
Checking setup slack degradation ...
Checking DRV degradation...
**INFO: Skipping DRV recovery as drv did not degrade beyond margin
** INFO Cleaning up Glitch Interface
Finish postRoute recovery in postEcoRoute mode (cpu=0:00:00, real=0:00:00, mem=3212.93M, totSessionCpu=0:15:44).
**optDesign ... cpu = 0:02:56, real = 0:06:12, mem = 2788.7M, totSessionCpu=0:15:44 **

Latch borrow mode reset to max_borrow
**INFO: flowCheckPoint #9 FinalSummary
<optDesign CMD> Restore Using all VT Cells
OPTC: user 20.0
Reported timing to dir ./timingReports
**optDesign ... cpu = 0:02:56, real = 0:06:12, mem = 2787.8M, totSessionCpu=0:15:44 **
Saving timing graph ...
Done save timing graph
Starting delay calculation for Hold views
AAE_INFO: opIsDesignInPostRouteState() is 1
AAE_INFO: resetNetProps viewIdx 0 
Starting SI iteration 1 using Infinite Timing Windows
#################################################################################
# Design Stage: PostRoute
# Design Name: Adder32
# Design Mode: 90nm
# Analysis Mode: MMMC OCV 
# Parasitics Mode: SPEF/RCDB 
# Signoff Settings: SI On 
#################################################################################
AAE_INFO: 1 threads acquired from CTE.
Start delay calculation (fullDC) (1 T). (MEM=3223.74)
Total number of fetched objects 284
AAE_INFO-618: Total number of nets in the design is 286,  100.0 percent of the nets selected for SI analysis
End delay calculation. (MEM=3262.02 CPU=0:00:00.1 REAL=0:00:01.0)
End delay calculation (fullDC). (MEM=3262.02 CPU=0:00:00.1 REAL=0:00:01.0)
Loading CTE timing window with TwFlowType 0...(CPU = 0:00:00.0, REAL = 0:00:00.0, MEM = 3262.0M)
Add other clocks and setupCteToAAEClockMapping during iter 1
Loading CTE timing window is completed (CPU = 0:00:00.0, REAL = 0:00:00.0, MEM = 3262.0M)
Starting SI iteration 2
Start delay calculation (fullDC) (1 T). (MEM=3192.14)
Glitch Analysis: View view_typical -- Total Number of Nets Skipped = 8. 
Glitch Analysis: View view_typical -- Total Number of Nets Analyzed = 284. 
Total number of fetched objects 284
AAE_INFO-618: Total number of nets in the design is 286,  37.4 percent of the nets selected for SI analysis
End delay calculation. (MEM=3247.83 CPU=0:00:00.0 REAL=0:00:00.0)
End delay calculation (fullDC). (MEM=3247.83 CPU=0:00:00.1 REAL=0:00:00.0)
*** Done Building Timing Graph (cpu=0:00:00.8 real=0:00:02.0 totSessionCpu=0:15:45 mem=3247.8M)
Restoring timing graph ...
AAE_INFO: Resetting and re-constructing cache for AAE clocks ...
Done restore timing graph
env CDS_WORKAREA is set to /data/tkvm2/Asap7design/asap7_design
Using Power View: view_typical.

Begin Power Analysis

             0V	    VSS
          0.77V	    VDD

Begin Processing Timing Library for Power Calculation

Ended Processing Timing Library for Power Calculation: (cpu=0:00:00, real=0:00:00, mem(process/total/peak)=2979.58MB/5243.39MB/3123.19MB)



Begin Processing Power Net/Grid for Power Calculation

Ended Processing Power Net/Grid for Power Calculation: (cpu=0:00:00, real=0:00:00, mem(process/total/peak)=2979.58MB/5243.39MB/3123.19MB)

Begin Processing Timing Window Data for Power Calculation

Ended Processing Timing Window Data for Power Calculation: (cpu=0:00:00, real=0:00:00, mem(process/total/peak)=2979.58MB/5243.39MB/3123.19MB)

Begin Processing User Attributes

Ended Processing User Attributes: (cpu=0:00:00, real=0:00:00, mem(process/total/peak)=2979.58MB/5243.39MB/3123.19MB)

Begin Processing Signal Activity


Starting Levelizing
2026-Apr-04 15:44:50 (2026-Apr-04 08:44:50 GMT)
2026-Apr-04 15:44:50 (2026-Apr-04 08:44:50 GMT): 10%
2026-Apr-04 15:44:50 (2026-Apr-04 08:44:50 GMT): 20%
2026-Apr-04 15:44:50 (2026-Apr-04 08:44:50 GMT): 30%
2026-Apr-04 15:44:50 (2026-Apr-04 08:44:50 GMT): 40%
2026-Apr-04 15:44:50 (2026-Apr-04 08:44:50 GMT): 50%
2026-Apr-04 15:44:50 (2026-Apr-04 08:44:50 GMT): 60%
2026-Apr-04 15:44:50 (2026-Apr-04 08:44:50 GMT): 70%
2026-Apr-04 15:44:50 (2026-Apr-04 08:44:50 GMT): 80%
2026-Apr-04 15:44:50 (2026-Apr-04 08:44:50 GMT): 90%

Finished Levelizing
2026-Apr-04 15:44:50 (2026-Apr-04 08:44:50 GMT)

Starting Activity Propagation
2026-Apr-04 15:44:50 (2026-Apr-04 08:44:50 GMT)
2026-Apr-04 15:44:50 (2026-Apr-04 08:44:50 GMT): 10%
2026-Apr-04 15:44:50 (2026-Apr-04 08:44:50 GMT): 20%
2026-Apr-04 15:44:50 (2026-Apr-04 08:44:50 GMT): 30%

Finished Activity Propagation
2026-Apr-04 15:44:50 (2026-Apr-04 08:44:50 GMT)
Ended Processing Signal Activity: (cpu=0:00:00, real=0:00:00, mem(process/total/peak)=2979.58MB/5243.39MB/3123.19MB)

Begin Power Computation

      ----------------------------------------------------------
      # of cell(s) missing both power/leakage table: 0
      # of cell(s) missing power table: 0
      # of cell(s) missing leakage table: 0
      ----------------------------------------------------------



Starting Calculating power
2026-Apr-04 15:44:50 (2026-Apr-04 08:44:50 GMT)
 ... Calculating switching power
2026-Apr-04 15:44:50 (2026-Apr-04 08:44:50 GMT): 10%
2026-Apr-04 15:44:50 (2026-Apr-04 08:44:50 GMT): 20%
2026-Apr-04 15:44:50 (2026-Apr-04 08:44:50 GMT): 30%
2026-Apr-04 15:44:50 (2026-Apr-04 08:44:50 GMT): 40%
2026-Apr-04 15:44:50 (2026-Apr-04 08:44:50 GMT): 50%
 ... Calculating internal and leakage power
2026-Apr-04 15:44:50 (2026-Apr-04 08:44:50 GMT): 60%
2026-Apr-04 15:44:50 (2026-Apr-04 08:44:50 GMT): 70%
2026-Apr-04 15:44:50 (2026-Apr-04 08:44:50 GMT): 80%
2026-Apr-04 15:44:50 (2026-Apr-04 08:44:50 GMT): 90%

Finished Calculating power
2026-Apr-04 15:44:50 (2026-Apr-04 08:44:50 GMT)
      # of MSMV cell(s) missing power_level: 0
Ended Power Computation: (cpu=0:00:00, real=0:00:00, mem(process/total/peak)=2980.16MB/5243.39MB/3123.19MB)

Begin Processing User Attributes

Begin Processing set_power
Ended Processing set_power: (cpu=0:00:00, real=0:00:00,
mem(process/total/peak)=2980.16MB/5243.39MB/3123.19MB)
Ended Processing User Attributes: (cpu=0:00:00, real=0:00:00, mem(process/total/peak)=2980.16MB/5243.39MB/3123.19MB)

Ended Power Analysis: (cpu=0:00:00, real=0:00:00, mem(process/total/peak)=2980.16MB/5243.39MB/3123.19MB)

Begin Boundary Leakage Calculation
Ended Boundary Leakage Calculation: (cpu=0:00:00, real=0:00:00,
mem(process/total/peak)=2980.16MB/5243.39MB/3123.19MB)
Begin Static Power Report Generation
*----------------------------------------------------------------------------------------
*	Innovus 22.17-s086_1 (64bit) 09/24/2024 10:51 (Linux 3.10.0-693.el7.x86_64)
*	
*
* 	Date & Time:	2026-Apr-04 15:44:50 (2026-Apr-04 08:44:50 GMT)
*
*----------------------------------------------------------------------------------------

*

*	Design: Adder32

*

*	Power Domain used: 

*              Rail:        VDD      Voltage:       0.77 

*

*	Power Units = 1mW

*

*	Time Units = 1e-12 secs 

*

*       report_power -outfile ./timingReports/postRoute.power

*

-----------------------------------------------------------------------------------------

*



Total Power
-----------------------------------------------------------------------------------------
Total Internal Power:       10.36427635 	   66.1936%
Total Switching Power:       5.29206656 	   33.7989%
Total Leakage Power:         0.00116792 	    0.0075%
Total Power:                15.65751083
-----------------------------------------------------------------------------------------


Group                           Internal   Switching     Leakage       Total  Percentage 
                                Power      Power         Power         Power  (%)        
-----------------------------------------------------------------------------------------
Sequential                          7.13      0.9752   0.0001087       8.105       51.76
Macro                                  0           0           0           0           0
IO                                     0           0           0           0           0
Combinational                      3.235       4.317    0.001059       7.553       48.24
Clock (Combinational)                  0           0           0           0           0
Clock (Sequential)                     0           0           0           0           0
-----------------------------------------------------------------------------------------
Total                              10.36       5.292    0.001168       15.66         100
-----------------------------------------------------------------------------------------


Rail                  Voltage   Internal   Switching     Leakage       Total  Percentage 
                                Power      Power         Power         Power  (%)        
-----------------------------------------------------------------------------------------
VDD                      0.77      10.36       5.292    0.001168       15.66         100
** INFO:  (VOLTUS_POWR-3465): There are 0 decaps and 0 fillers in the design

Ended Static Power Report Generation: (cpu=0:00:00, real=0:00:00,
mem(process/total/peak)=2980.16MB/5243.39MB/3123.19MB)


Output file is ./timingReports/postRoute.power.
** INFO: Initializing Glitch Interface
** INFO: Initializing Glitch Interface

------------------------------------------------------------------
     optDesign Final SI Timing Summary
------------------------------------------------------------------

Setup views included:
 view_typical 
Hold views included:
 view_typical

+--------------------+---------+---------+---------+
|     Setup mode     |   all   | reg2reg | default |
+--------------------+---------+---------+---------+
|           WNS (ns):| -0.372  |   N/A   | -0.372  |
|           TNS (ns):| -7.763  |   N/A   | -7.763  |
|    Violating Paths:|   32    |   N/A   |   32    |
|          All Paths:|   32    |   N/A   |   32    |
+--------------------+---------+---------+---------+

+--------------------+---------+---------+---------+
|     Hold mode      |   all   | reg2reg | default |
+--------------------+---------+---------+---------+
|           WNS (ns):| -0.006  |   N/A   | -0.006  |
|           TNS (ns):| -0.052  |   N/A   | -0.052  |
|    Violating Paths:|   16    |   N/A   |   16    |
|          All Paths:|   32    |   N/A   |   32    |
+--------------------+---------+---------+---------+

+----------------+-------------------------------+------------------+
|                |              Real             |       Total      |
|    DRVs        +------------------+------------+------------------|
|                |  Nr nets(terms)  | Worst Vio  |  Nr nets(terms)  |
+----------------+------------------+------------+------------------+
|   max_cap      |      0 (0)       |   0.000    |      0 (0)       |
|   max_tran     |      0 (0)       |   0.000    |      0 (0)       |
|   max_fanout   |      0 (0)       |     0      |      0 (0)       |
|   max_length   |      0 (0)       |     0      |      0 (0)       |
+----------------+------------------+------------+------------------+

Density: 95.146%
------------------------------------------------------------------
**optDesign ... cpu = 0:02:58, real = 0:06:21, mem = 2981.0M, totSessionCpu=0:15:46 **
 ReSet Options after AAE Based Opt flow 
Opt: RC extraction mode changed to 'detail'
*** Finished optDesign ***
Info: final physical memory for 2 CRR processes is 1304.71MB.
Info: Summary of CRR changes:
      - Timing transform commits:       0
Info: Destroy the CCOpt slew target map.
*** optDesign #2 [finish] () : cpu/real = 0:02:58.5/0:06:35.7 (0.5), totSession cpu/real = 0:15:45.9/0:32:01.2 (0.5), mem = 3210.2M
**ERROR: (IMPSYT-6692):	Invalid return code while executing 'tcl/innovus.tcl' was returned and script processing was stopped. Review the following error in 'tcl/innovus.tcl' then restart.
**ERROR: (IMPSYT-6693):	Error message: tcl/innovus.tcl: invalid command name "add_fillers".
<CMD> win
<CMD> set enc_check_rename_command_name 1
<CMD> selectVia 5.5600 11.8600 5.6720 11.9720 3 {iA[24]}
<CMD> fit
<CMD> zoomBox -0.85475 1.67250 46.39900 44.48800
<CMD> zoomBox 7.20450 10.33600 36.22425 36.63025
<CMD> zoomBox 13.33475 16.92650 28.48375 30.65275
<CMD> zoomBox 15.19275 18.92400 26.13800 28.84125
<CMD> zoomBox 17.50500 21.40950 23.21875 26.58650
<CMD> zoomBox 16.83725 19.75000 26.14100 28.18000
<CMD> zoomBox 16.17225 18.09800 29.04975 29.76600
<CMD> zoomBox 14.66700 14.35750 35.63600 33.35700
<CMD> zoomBox 12.21600 8.26675 46.36100 39.20475
<CMD> zoomBox 16.87525 11.70425 41.54500 34.05700
<CMD> zoomBox 22.67325 15.98225 35.55125 27.65075
<CMD> zoomBox 26.19550 18.58100 31.91000 23.75875
<CMD> zoomBox 27.54325 19.44050 30.52675 22.14375
<CMD> zoomBox 28.24675 19.88925 29.80425 21.30050
<CMD> zoomBox 28.52675 20.15250 29.48325 21.01925
<CMD> deselectAll
<CMD> selectMarker 28.9080 20.5080 28.9800 20.6040 36 1 41
<CMD> zoomBox 28.29300 20.06375 29.61725 21.26350
<CMD> zoomBox 27.46725 19.58675 30.45175 22.29100
<CMD> zoomBox 26.10800 18.80150 31.82575 23.98225
<CMD> zoomBox 22.54325 16.74175 35.42975 28.41800
<CMD> zoomBox 16.67575 13.35175 41.36225 35.71975
<CMD> zoomBox 5.43500 6.85700 52.72725 49.70750
<CMD> zoomBox 1.28500 4.45925 56.92325 54.87175
<CMD> zoomBox 8.36250 10.31075 42.53150 41.27050
<CMD> zoomBox 11.48800 12.89500 36.17525 35.26350
<CMD> zoomBox 14.62825 15.49125 29.78950 29.22850
<CMD> zoomBox 15.37775 16.11100 28.26500 27.78775
<CMD> zoomBox 13.74600 14.76175 31.58300 30.92350
<CMD> zoomBox 10.05125 11.70675 39.09600 38.02350
<CMD> zoomBox 4.03525 6.73250 51.32975 49.58500
<CMD> zoomBox 4.03525 -1.83800 51.32975 41.01450
<CMD> zoomBox 4.03525 -6.12325 51.32975 36.72925
<CMD> zoomBox 19.69725 9.13525 48.74200 35.45200
<CMD> zoomBox 31.61175 20.74275 46.77350 34.48050
<CMD> zoomBox 35.22250 24.26050 46.17700 34.18600
<CMD> zoomBox 39.68675 28.33900 45.40550 33.52075
<CMD> zoomBox 42.01750 30.46850 45.00275 33.17325
<CMD> zoomBox 43.23400 31.57975 44.79275 32.99200
<CMD> pan 0.20075 -11.02275
<CMD> panCenter 43.43475 33.62350
<CMD> zoomBox 42.83125 33.03100 44.15625 34.23150
<CMD> zoomBox 42.65550 32.91725 44.21450 34.32975
<CMD> zoomBox 42.20550 32.62600 44.36350 34.58125
<CMD> zoomBox 41.58250 32.22275 44.56975 34.92950
<CMD> zoomBox 40.72050 31.66500 44.85500 35.41125
<CMD> zoomBox 41.77900 32.08525 44.76625 34.79200
<CMD> zoomBox 43.04625 32.65825 44.60600 34.07150
<CMD> zoomBox 43.72725 32.93700 44.54150 33.67475
<CMD> zoomBox 44.02150 33.04575 44.52175 33.49900
<CMD> zoomBox 44.09175 33.07175 44.51700 33.45700
<CMD> deselectAll
<CMD> fit
<CMD> zoomBox 2.29425 7.94200 36.43525 38.87650
<CMD> zoomBox 6.49100 14.22550 27.45825 33.22350
<CMD> zoomBox 9.68375 19.00575 20.62925 28.92325
<CMD> zoomBox 11.77600 20.64675 18.49800 26.73750
<CMD> selectInst {oS_reg[30]}

--------------------------------------------------------------------------------
Exiting Innovus on Sat Apr  4 16:28:35 2026
  Total CPU time:     0:20:19
  Total real time:    1:15:34
  Peak memory (main): 3123.19MB


*** Memory Usage v#1 (Current mem = 3218.219M, initial mem = 646.375M) ***
*** Message Summary: 219 warning(s), 4 error(s)

--- Ending "Innovus" (totcpu=0:16:05, real=1:15:32, mem=3218.2M) ---
